:020000040800F2
:1000000000000420157900084D1700084F1700085C
:1000100051170008531700085517000865790008A4
:10002000000000000000000000000000571700085A
:1000300059170008000000005B1700085D17000852
:100040006579000865790008657900086579000818
:100050006579000865790008657900086579000808
:1000600065790008657900086579000865790008F8
:1000700065790008657900086579000865790008E8
:1000800065790008657900086579000865790008D8
:1000900065790008657900086579000865790008C8
:1000A000651700086579000865790008657900081A
:1000B00065790008657900086579000865790008A8
:1000C0006579000865790008657900086579000898
:1000D0006579000865790008657900086579000888
:1000E0006579000865790008657900086579000878
:1000F0006579000865790008657900086579000868
:100100006579000865790008657900086579000857
:100110006579000865790008657900086579000847
:100120006579000865790008657900086579000837
:10013000657900086579000800000000657900080D
:100140006579000865790008657900086579000817
:100150006579000865790008657900086579000807
:1001600065790008657900086579000800000000DD
:1001700065790008657900086579000800000000CD
:1001800065790008657900086579000865790008D7
:1001900065790008657900086579000865790008C7
:1001A000657900086579000865790008000000009D
:1001B00065790008657900086579000865790008A7
:1001C0006579000865790008657900086579000897
:1001D0006579000865790008657900086579000887
:1001E0000000000000000000000000006579000829
:1001F000657900080000000065790008657900084D
:100200006579000865790008657900086579000856
:10021000657900086579000800000000657900082C
:1002200000000000000000000000000065790008E8
:080230006579000865790008FA
:1002380010B5054C237833B9044B13B10448AFF318
:1002480000800123237010BDFC1500200000000071
:10025800ECE6000808B5034B1BB103490348AFF3AC
:10026800008008BD0000000000160020ECE6000831
:10027800034613F8012B002AFBD1181A01387047DE
:1002880081F0004102E000BF83F0004330B54FEA3F
:1002980041044FEA430594EA050F08BF90EA020FAC
:1002A8001FBF54EA000C55EA020C7FEA645C7FEA3F
:1002B800655C00F0E2804FEA5454D4EB5555B8BF62
:1002C8006D420CDD2C4480EA020281EA030382EAD3
:1002D800000083EA010180EA020281EA0303362D65
:1002E80088BF30BD11F0004F4FEA01314FF4801C38
:1002F8004CEA113102D0404261EB410113F0004F4A
:100308004FEA03334CEA133302D0524263EB430300
:1003180094EA050F00F0A780A4F10104D5F1200E9E
:100328000DDB02FA0EFC22FA05F2801841F10001F9
:1003380003FA0EF2801843FA05F359410EE0A5F1CD
:1003480020050EF1200E012A03FA0EFC28BF4CF0FE
:10035800020C43FA05F3C01851EBE37101F00045B4
:1003680007D54FF0000EDCF1000C7EEB00006EEBC1
:100378000101B1F5801F1BD3B1F5001F0CD349084B
:100388005FEA30004FEA3C0C04F101044FEA4452A2
:1003980012F5800F80F09A80BCF1004F08BF5FEA29
:1003A800500C50F1000041EB045141EA050130BD09
:1003B8005FEA4C0C404141EB0101013C28BFB1F51B
:1003C800801FE9D291F0000F04BF01460020B1FA66
:1003D80081F308BF2033A3F10B03B3F120020CDA39
:1003E8000C3208DD02F1140CC2F10C0201FA0CF017
:1003F80021FA02F10CE002F11402D8BFC2F1200C7C
:1004080001FA02F120FA0CFCDCBF41EA0C01904031
:10041800E41AA2BF01EB0451294330BD6FEA04047A
:100428001F3C1CDA0C340EDC04F11404C4F1200265
:1004380020FA04F001FA02F340EA030021FA04F377
:1004480045EA030130BDC4F10C04C4F1200220FACE
:1004580002F001FA04F340EA0300294630BD21FA0C
:1004680004F0294630BD94F0000F83F4801306BFD2
:1004780081F480110134013D4EE77FEA645C18BFC6
:100488007FEA655C29D094EA050F08BF90EA020F5D
:1004980005D054EA000C04BF1946104630BD91EA55
:1004A800030F1EBF0021002030BD5FEA545C05D158
:1004B8004000494128BF41F0004130BD14F5800497
:1004C8003CBF01F5801130BD01F0004545F0FE410B
:1004D80041F470014FF0000030BD7FEA645C1ABF40
:1004E800194610467FEA655C1CBF0B46024650EA77
:1004F800013406BF52EA033591EA030F41F40021A3
:1005080030BD00BF90F0000F04BF0021704730B528
:100518004FF4806404F132044FF000054FF00001FD
:1005280050E700BF90F0000F04BF0021704730B5BE
:100538004FF4806404F1320410F0004548BF404293
:100548004FF000013EE700BF42004FEAE2014FEAE8
:1005580031014FEA02701FBF12F07F4393F07F4FC3
:1005680081F06051704732F07F4208BF704793F0C6
:100578007F4F04BF41F40021704730B54FF46074D9
:1005880001F0004521F000411CE700BF50EA0102DC
:1005980008BF704730B54FF000050AE050EA010285
:1005A80008BF704730B511F0004502D5404261EBF5
:1005B80041014FF4806404F132045FEA915C3FF436
:1005C800D8AE4FF003025FEADC0C18BF03325FEAD3
:1005D800DC0C18BF033202EBDC02C2F1200300FA84
:1005E80003FC20FA02F001FA03FE40EA0E0021FAA9
:1005F80002F11444BDE600BF70B54FF0FF0C4CF497
:10060800E06C1CEA11541DBF1CEA135594EA0C0F48
:1006180095EA0C0F00F0DEF82C4481EA030621EA83
:100628004C5123EA4C5350EA013518BF52EA0335BE
:1006380041F4801143F4801338D0A0FB02CE4FF070
:100648000005E1FB02E506F00042E0FB03E54FF0A0
:100658000006E1FB03569CF0000F18BF4EF0010E98
:10066800A4F1FF04B6F5007F64F5407404D25FEA94
:100678004E0E6D4146EB060642EAC62141EA555147
:100688004FEAC52040EA5E504FEACE2EB4F1FD0C89
:1006980088BFBCF5E06F1ED8BEF1004F08BF5FEA07
:1006A800500E50F1000041EB045170BD06F00046B9
:1006B80046EA010140EA020081EA0301B4EB5C0466
:1006C800C2BFD4EB0C0541EA045170BD41F480115E
:1006D8004FF0000E013C00F3AB8014F1360FDEBF83
:1006E800002001F0004170BDC4F10004203C35DA5F
:1006F8000C341BDC04F11404C4F1200500FA05F3E2
:1007080020FA04F001FA05F240EA020001F0004282
:1007180021F0004110EBD37021FA04F642EB0601F8
:100728005EEA430E08BF20EAD37070BDC4F10C0422
:10073800C4F1200500FA04F320FA05F001FA04F2E6
:1007480040EA020001F0004110EBD37041F10001D2
:100758005EEA430E08BF20EAD37070BDC4F12005DD
:1007680000FA05F24EEA020E20FA04F301FA05F245
:1007780043EA020321FA04F001F0004121FA04F2ED
:1007880020EA020000EBD3705EEA430E08BF20EABD
:10079800D37070BD94F0000F0FD101F000464000F7
:1007A80041EB010111F4801F08BF013CF7D041EA79
:1007B800060195F0000F18BF704703F0004652007D
:1007C80043EB030313F4801F08BF013DF7D043EA4E
:1007D8000603704794EA0C0F0CEA135518BF95EA04
:1007E8000C0F0CD050EA410618BF52EA4306D1D18B
:1007F80081EA030101F000414FF0000070BD50EAAA
:10080800410606BF1046194652EA430619D094EA33
:100818000C0F02D150EA013613D195EA0C0F05D11D
:1008280052EA03361CBF104619460AD181EA030171
:1008380001F0004141F0FE4141F470014FF0000029
:1008480070BD41F0FE4141F4780170BD70B54FF0C4
:10085800FF0C4CF4E06C1CEA11541DBF1CEA135544
:1008680094EA0C0F95EA0C0F00F0A7F8A4EB050426
:1008780081EA030E52EA03354FEA013100F088801D
:100888004FEA03334FF0805545EA131343EA1263E6
:100898004FEA022245EA111545EA10654FEA00269B
:1008A8000EF000419D4208BF964244F1FD0404F554
:1008B800407402D25B084FEA3202B61A65EB0305B0
:1008C8005B084FEA32024FF480104FF4002CB6EB6D
:1008D800020E75EB030E22BFB61A754640EA0C00ED
:1008E8005B084FEA3202B6EB020E75EB030E22BF2D
:1008F800B61A754640EA5C005B084FEA3202B6EB6E
:10090800020E75EB030E22BFB61A754640EA9C002C
:100918005B084FEA3202B6EB020E75EB030E22BFFC
:10092800B61A754640EADC0055EA060E18D04FEABA
:10093800051545EA16754FEA06164FEAC30343EA5A
:1009480052734FEAC2025FEA1C1CC0D111F4801F27
:100958000BD141EA00014FF000004FF0004CB6E720
:1009680011F4801F04BF01430020B4F1FD0C88BFBF
:10097800BCF5E06F3FF6AFAEB5EB030C04BFB6EBCA
:10098800020C5FEA500C50F1000041EB045170BDBD
:100998000EF0004E4EEA113114EB5C04C2BFD4EBEA
:1009A8000C0541EA045170BD41F480114FF0000E6E
:1009B800013C90E645EA060E8DE60CEA135594EAEA
:1009C8000C0F08BF95EA0C0F3FF43BAF94EA0C0FED
:1009D8000AD150EA01347FF434AF95EA0C0F7FF462
:1009E80025AF104619462CE795EA0C0F06D152EAB6
:1009F80003353FF4FDAE1046194622E750EA41069A
:100A080018BF52EA43067FF4C5AE50EA41047FF4AA
:100A18000DAF52EA43057FF4EBAE12E74FF0FF3C0F
:100A280006E000BF4FF0010C02E000BF4FF0010CE0
:100A38004DF804CD4FEA410C7FEA6C5C4FEA430C59
:100A480018BF7FEA6C5C1BD001B050EA410C0CBFA8
:100A580052EA430C91EA030F02BF90EA020F00200A
:100A6800704710F1000F91EA030F58BF994208BF71
:100A780090422CBFD8176FEAE37040F0010070472E
:100A88004FEA410C7FEA6C5C02D150EA013C07D185
:100A98004FEA430C7FEA6C5CD6D152EA033CD3D0D0
:100AA8005DF8040B704700BF8446104662468C46CA
:100AB8001946634600E000BF01B5FFF7B7FF0028FD
:100AC80048BF10F1000F01BD4DF808EDFFF7F4FF26
:100AD8000CBF012000205DF808FB00BF4DF808EDB1
:100AE800FFF7EAFF34BF012000205DF808FB00BFD4
:100AF8004DF808EDFFF7E0FF94BF012000205DF8F6
:100B080008FB00BF4DF808EDFFF7CEFF94BF0120AA
:100B180000205DF808FB00BF4DF808EDFFF7C4FFA3
:100B280034BF012000205DF808FB00BF4FEA410CEC
:100B38007FEA6C5C02D150EA013C0AD14FEA430CCF
:100B48007FEA6C5C02D152EA033C02D14FF000000C
:100B580070474FF0010070474FEA410212F500124A
:100B680015D211D56FF47873B3EB625212D94FEAEC
:100B7800C12343F0004343EA505311F0004F23FAD6
:100B880002F018BF404270474FF00000704750EA2B
:100B9800013005D111F0004008BF6FF000407047E8
:100BA8004FF00000704700BF4FEA4102B2F1E04346
:100BB80024BFB3F5001CDCF1FE5C0DD901F0004C3C
:100BC8004FEAC0024CEA5070B2F1004F40EB83008C
:100BD80008BF20F00100704711F0804F21D113F1B8
:100BE8003872BCBF01F00040704741F480114FEAF1
:100BF8005252C2F11802C2F1200C10FA0CF320FA7A
:100C080002F018BF40F001004FEAC1234FEAD32396
:100C180003FA0CFC40EA0C0023FA02F34FEA430300
:100C2800CCE77FEA625307D150EA01331EBF4FF089
:100C3800FE4040F44000704701F0004040F0FE40A4
:100C480040F40000704700BF53B94AB9002908BFF3
:100C580000281CBF4FF0FF314FF0FF3000F0B0B953
:100C6800ADF1080C6DE904CE00F006F8DDF804E0FB
:100C7800DDE9022304B070472DE9F04F099D88464D
:100C880004468E46002B4AD18A4217465FD9B2FAEB
:100C980082F64EB1C6F1200301FA06FEB740B44011
:100CA80020FA03F343EA0E0E4FEA17481FFA87FCAF
:100CB800230CBEFBF8F108FB11EE01FB0CF243EA32
:100CC8000E439A4207D9FB1801F1FF3002D29A422B
:100CD80000F2548101469B1AA2B2B3FBF8F008FB5C
:100CE800103300FB0CFC42EA034294450BD9BA18B6
:100CF80000F1FF332CBF01240024944502D9002CB5
:100D080000F03F81184640EA0140A2EB0C020021A6
:100D18001DB1F2400023C5E90023BDE8F08F8B42E6
:100D280005D90DB1C5E9000100210846F5E7B3FA78
:100D380083F100294ED14345C0F01281824240F22E
:100D48000F810846002DE8D0C5E9004EE5E7002AE6
:100D580000F0AC80B2FA82F6002E40F0BB808B1A0D
:100D68004FEA124EBCB20121020C80B2B3FBFEFC6A
:100D78000EFB1C3342EA034304FB0CF29A420ED9E1
:100D8800FB180CF1FF382CBF4FF001094FF0000998
:100D98009A4203D9B9F1000F00F0EC80C4469B1ABF
:100DA800B3FBFEF80EFB183304FB08F440EA0342D9
:100DB80094420BD9BA1808F1FF332CBF0120002048
:100DC800944202D9002800F0D1809846121B48EAC4
:100DD8000C409DE7C1F120068B4008FA01F400FAA7
:100DE80001F922FA06F728FA06F88A401F4320FA82
:100DF80006F3380C23431FFA87FC1C0CB8FBF0FEE3
:100E080000FB1E8844EA08440EFB0CF8A0450ED9E6
:100E18003C190EF1FF3A2CBF4FF0010B4FF0000BBD
:100E2800A04503D9BBF1000F00F0B880D646A4EB6B
:100E380008041FFA83F8B4FBF0F300FB134403FB28
:100E48000CFC48EA0444A4450ED93C1903F1FF30D0
:100E58002CBF4FF001084FF00008A44503D9B8F1A2
:100E6800000F00F09F80034643EA0E40A4EB0C04F9
:100E7800A0FB02EC64457346E04602D307D1F14576
:100E880005D2BEEB02036CEB070C0138E0465DB1FE
:100E9800B9EB030264EB080404FA06F622FA01F33C
:100EA800CC401E43C5E90064002136E7B1FBF2FCE3
:100EB800010C144680B2964641EA08412026904625
:100EC80040EA01431046B1FBF2F1A3EB080341EA03
:100ED8000C414BE7B740C6F1200301FA06F221FAAC
:100EE80003F84FEA174E20FA03F3BCB2B04013439D
:100EF800020C190C80B2B8FBFEF90EFB198841EA06
:100F0800084109FB04F8884551D9791809F1FF3CD3
:100F18002CBF4FF0010A4FF0000A884502D9BAF1F8
:100F2800000F31D0A1EB0801B1FBFEF909FB04F871
:100F38000EFB19119BB243EA0143434535D2FB1816
:100F480009F1FF312CBF4FF0010A4FF0000A434569
:100F5800BBD2BAF1000FB8D1A9F102013B44B4E702
:100F6800841A68EB030201209646EBE63A44A8F19E
:100F780002082BE7ACF1020C3B4410E702393B4472
:100F8800A9E63A440238BEE6A7EB0808A9F1020C24
:100F98004144B1FBFEF909FB04F8C9E7AEF1020EC2
:100FA8003C4444E7023B3C445EE749468DE7A1EBFD
:100FB8000801CC46B1FBFEF909FB04F8B8E700BF0D
:100FC800704700BF0023112B2EDC10B407E0DFEDC3
:100FD800177A0A44C2ED007A0133112B21DC9A00FA
:100FE80000EB830494ED007A114C04EB8304D4EDF8
:100FF800007A37EE677A0F4C04EB830CDCED006A5D
:10100800C7EE267AF5EEC07AF1EE10FADFD4B7EE25
:10101800007AF4EEC77AF1EE10FADADDF7EE007A2C
:10102800D7E75DF8044B7047704700BF0000000029
:1010380090ED000848ED000800220CE0DFED167A7C
:10104800B6EE007A77EE877AFDEEE77A17EE903AF9
:1010580001F80C300132112A1DDC944600EB8203A2
:10106800D3ED006A9FED0D7AC6EE877A9FED0C7A74
:1010780077EEC77A9FED087AF4EEC77AF1EE10FAA8
:10108800DCDC9FED087AF4EEC77AF1EE10FAD7D5DA
:10109800DFED047AD4E770470000FE428380803B8E
:1010A80000000043000000C3B4EEE00AF1EE10FABD
:1010B80005D4B4EEC10AF1EE10FA03DC7047B0EEC5
:1010C800600A7047B0EE410A7047000030B5054627
:1010D8000D4C04F1200E04F1100C9CE80F008EE872
:1010E8000F0094E80F008CE80F0084ED000AC4EDAF
:1010F800010A84ED021AE560044B1B78022B02D822
:101108000133024A137030BD241600202016002037
:10111800064B1B7833B1064B1B68C01A002803DB4B
:1011280001207047012070470020704718160020E2
:101138001C16002010B592B00C466946FFF742FF16
:1011480021466846FFF778FF12B010BD82B00D4BFC
:10115800D3F88C2042F00102C3F88C20D3F88C20FD
:1011680002F001020092009AD3F88C2042F00202A9
:10117800C3F88C20D3F88C3003F002030193019B51
:1011880002B07047000C024670B52DED048B044682
:10119800384DD5ED008A95ED028ADFED377A77EE86
:1011A800C87AB1EE047A87EE879A38EEC99AEA6867
:1011B800324BA3FB0232520D314BA3FB02131B0926
:1011C80003EB4303A2EBC30307EE903AF8EE677A0A
:1011D8009FED2C7A67EE877AB3EE087AC7EE879A86
:1011E800B0EE690A09F026FB10EE106AB0EE690A43
:1011F80009F0DCFAC4ED008AD5ED017AC4ED017A74
:1012080084ED028A95ED046A84ED036AD5ED056ADA
:10121800C4ED046A95ED067A84ED057AD5ED084AA1
:10122800C4ED064A95ED095A84ED075AD5ED0A5AD8
:10123800C4ED085A38EEC66A84ED096A77EEE66AA4
:10124800C4ED0A6A38EE477A84ED0B7A78EEE48AC0
:10125800C4ED0C8A77EEC57AC4ED0D7A38EE658A4E
:1012680084ED0E8A84ED0F9A266484ED110ABDEC94
:10127800048B70BD241600200000C842B17C219563
:10128800ABAAAAAADB0FC94070B50E46154690F95D
:1012980000E00123002401E00133DBB2082B06D86B
:1012A80010F903C0F445F7DDE6461C46F4E707EEFF
:1012B80090EAF8EEE77A9FED0B7A77EE877AB7EE49
:1012C800001ADFED090A9FED090A27EE800AFFF7E9
:1012D800EBFE3470DFED067A20EE270A09F0F0FA0B
:1012E800287070BD00000043000000000000803B33
:1012F8000000C84210B9024B01221A60704700BFB3
:10130800D017002072B6FEE708B5022005F0FAFBF8
:1013180000B908BDFFF7F6FF08B5002001F0D8FCBA
:1013280018B901F0E7FC10B908BDFFF7EBFFFFF7AC
:10133800E9FF000008B51148114B036040F614633B
:101348004360002383600122C260036143618361BB
:10135800C361036201F0A4FF50B90021074802F0FD
:101368002BFB38B90021054802F054FB20B908BD11
:10137800FFF7C8FFFFF7C6FFFFF7C4FF7C17002081
:101388000054004008B51548154B03604FF4165338
:10139800436000238360C36003610C224261836160
:1013A800036243628362436605F08EFF70B90021D1
:1013B8000A4805F022FC58B90021084805F042FC0B
:1013C80040B9064805F0FAFB30B908BDFFF79AFFA7
:1013D800FFF798FFFFF796FFFFF794FFE816002046
:1013E8000024004608B51548154B03604FF4E13357
:1013F800436000238360C36003610C224261836100
:10140800C36103624362836205F05EFF70B9002125
:101418000A4805F0F2FB58B90021084805F012FC0B
:1014280040B9064805F0CAFB30B908BDFFF76AFFA6
:10143800FFF768FFFFF766FFFFF764FF5416002009
:101448000038014000B59FB06022002106A807F0CF
:101458005BF90020009001900290039004900590A1
:1014680005F0F8FAE0B91023069301220D920E93C5
:101478004FF080430F930023149306A802F0B4FDA5
:1014880080B91F23009300210191029103910491D7
:101498000591684602F00EFC30B91FB05DF804FBF8
:1014A800FFF730FFFFF72EFFFFF72CFF30B5BDB079
:1014B80001F080FCFFF728FFFFF7C4FFFFF746FEA7
:1014C800FFF72AFFFFF736FFFFF75CFFFFF78AFFFA
:1014D80006F0C0F9002000F029FA0121002000F0F0
:1014E80067FA834806F0BEFF002000F045FA8148FD
:1014F80006F0B8FF01F0C0FA7F4806F0B3FF0124F8
:1015080001E00134A4B27F2C0FD8610089B26423B2
:10151800009301233BAA794801F0E4FF0028F0D1A9
:101528002146774806F036FFEBE73C2200212CA83D
:1015380007F0EAF82CA800F025FD00242894299447
:101548002A942B9401F08CF92394249425942694BE
:101558002794204600F036FD18B16A4806F082FF4D
:101568003BE0694806F07EFF37E000248DF80E4026
:101578008DF80F404822214611A807F0C5F80C94B1
:101588000D940E940F94ADF8404009940A948DF888
:101598002C4011A8FFF7F8FD0CA911A8FFF7CAFD08
:1015A800214608E0594B1B6801F1F0026A4412F920
:1015B800C02C5A5401311129F4D906F08BF90028AE
:1015C80067D1534806F04EFF01F0D0F9002000F033
:1015D800E1F941F2883001F029FC01F021FC0446D0
:1015E800FFF796FD0028F4D0002000F0C5F901F0BF
:1015F800C5F9642001F01AFC04A92CA800F0D6FC57
:1016080006AB019305AB009328AB0FCB01F03CF977
:1016180008AA07A923A800F063FD3E4D284606F056
:1016280021FF0498FEF790FF02460B463A4806F061
:10163800B1FE0598FEF788FF02460B46374806F0CC
:10164800A9FE0898FEF780FF02460B46344806F0CC
:10165800A1FE284606F006FF324806F003FF2046A2
:101668009DED081ADDED050A9DED040AFFF72EFD34
:101678002D4B01221A7004F5EA34C0342B4B1C6040
:101688002B4B197802293FF670AF2A4806F082FEE4
:101698009AE70023082B09D8274A1268D15603F184
:1016A800F0026A4402F8CC1C0133F3E70DF10F0293
:1016B8000DF10E0109A8FFF7E7FD9DF80E109DF842
:1016C8000F301E4A52F821201D4806F063FE9DF88F
:1016D8000F109DF80E009DED081ADDED050A9DED31
:1016E800040A01F065F94FF47A7001F09FFB6BE78B
:1016F80050E7000870E700088CE700087C17002016
:10170800B0E70008D4E70008F8E700082C14002028
:10171800E8E8000820E8000860E8000880E8000819
:10172800A0E8000868E70008181600201C1600202A
:101738002016002000E900082814002024ED0008E5
:10174800BCE80008FEE7FEE7FEE7FEE7FEE77047B5
:101758007047704708B501F057FB08BD08B5002071
:1017680000F070F908BD000082B0074BD3F8942050
:1017780042F00402C3F89420D3F8943003F0040331
:101788000193019B02B07047000C024610B5B8B037
:101798000446002133913491359136913791C02216
:1017A80002A806F0B1FF22681B4B9A4201D038B05C
:1017B80010BD40220023CDE9022302A803F074FAE9
:1017C80030BB164CD4F88C3043F00203C4F88C308C
:1017D800D4F88C3003F002030093009BC0233393AA
:1017E800122334930023359336930423379333A974
:1017F8000B4804F0DFFFD4F89C3043F40013C4F81E
:101808009C30D4F89C3003F400130193019BCEE77D
:10181800FFF778FDD5E700BF00540040000C0246F2
:101828000004024210B5BAB0044600213591369141
:10183800379138913991C02204A806F065FF2368D2
:10184800364A934204D0364A934233D03AB010BD58
:1018580020220023CDE9042304A803F025FA30BB95
:10186800304BD3F8A82042F04002C3F8A820D3F8A0
:10187800A82002F040020092009AD3F88C2042F08F
:101888000102C3F88C20D3F88C3003F001030193D4
:10189800019B0C2335930223369300233793389307
:1018A8000823399335A9204804F084FFCEE7FFF7D1
:1018B80029FDD5E701220023CDE9042304A803F07C
:1018C800F3F938BB174BD3F8A42042F48042C3F88D
:1018D800A420D3F8A42002F480420292029AD3F8FA
:1018E8008C2042F00102C3F88C20D3F88C3003F02E
:1018F80001030393039B4FF4C0633593022336938C
:101908000023379338930723399335A9064804F001
:1019180051FF9BE7FFF7F6FCD4E700BF0024004621
:1019280000380140000C024600000242E8B910B538
:1019380086B00F4BD3F88C2042F00102C3F88C20FC
:10194800D3F88C3003F001030093009B202301930C
:1019580001230293002403940323049301A9054857
:1019680004F028FF204606B010BD6FF00100704754
:10197800000C02460000024238B908B501222021B5
:10198800034805F02BF8002008BD6FF001007047F0
:101998000000024238B908B500222021034805F0AA
:1019A8001DF8002008BD6FF00100704700000242DA
:1019B80010B586B01D4BD3F88C2042F00402C3F852
:1019C8008C20D3F88C3003F004030093009B4FF471
:1019D8000053019302230393049341B90023029314
:1019E80001A9134804F0E6FE002006B010BD044625
:1019F800104B029301A90E4804F0DCFE04EB4404EA
:101A08000D4B03EB84040D49204604F0FDFF0C4AFE
:101A18000021204604F0E7FF00220F21182001F0E2
:101A2800DBF8182001F0E8F8DEE700BF000C0246FA
:101A38000008024200001110D41700200D00000613
:101A4800651A000808B500EB4000034B03EB800063
:101A580004F0E0FF08BD00BFD417002008B500203F
:101A6800FFF748FC08BD2DE9F8431E468368B3B16B
:101A780000231846BDE8F8830134A4B2B442F8D272
:101A880009EB0401012308EB040289B2287B6F6982
:101A9800B84703460028EFD04FF0FF33E9E7054683
:101AA8008946904600231C46E8E72DE9F8431E4680
:101AB8008368B3B100231846BDE8F8830134A4B2A3
:101AC800B442F8D209EB0401012308EB040289B2FD
:101AD800287B2F69B84703460028EFD04FF0FF3323
:101AE800E9E705468946904600231C46E8E738B5ED
:101AF800044690F8303023B1012384F830300020B8
:101B080038BD4FF07E53436300F12005012128467C
:101B180000F062F968B90121284600F088F958B93F
:101B28000021284600F0A4F80028E5D04FF0FF3047
:101B3800E6E74FF0FF30E3E74FF0FF30E0E7000063
:101B480008B5F7EE007AB4EEE70AF1EE10FA16D906
:101B5800F3EE097AB4EEE70AF1EE10FA15D9DFEDE3
:101B68000F7AB4EEE70AF1EE10FA10D9DFED0C7A2D
:101B7800B4EEE70AF1EE10FA0BD8222100E00421B6
:101B8800203000F075F830B908BD0221F8E71221BD
:101B9800F6E73221F4E74FF0FF30F5E7000048425E
:101BA8000000C84290F83130012B0AD010B5044625
:101BB80090ED0D0AFFF7C4FF28B9012384F83130EE
:101BC80010BD002070474FF0FF30F9E730B583B003
:101BD8000C460DF10601203000F017F948B905460A
:101BE800BDF9060000F038F884ED000A284603B075
:101BF80030BD4FF0FF35F9E7C8B108B503460A68AC
:101C080002604868586088689860087B187308699B
:101C18001861486958618869986108485862084895
:101C28001862C9699962DB6222B1904708BD4FF01A
:101C3800FF3070474FF0FF30F8E700BF6F1A000819
:101C4800B31A000810B54468C068A04710BD10B5A5
:101C58000468C068A04710BD07EE900AF8EEE77A5E
:101C68009FED020A87EE800A704700BF0000C84255
:101C780030B583B005460C4601236A460421FFF7B8
:101C8800E1FF034678B1012C15D0222C34D031D88D
:101C9800022C31D0122C2FD0042C51D0002B78D00C
:101CA800184603B030BD012301AA0C212846FFF7CE
:101CB800C9FF0346E7E7002BE7D19DF8043043F05E
:101CC80002038DF80430012301AA0C212846FFF7EE
:101CD800BEFF03460028D8D19DF8043023F0020344
:101CE8008DF80430012301AA0C212846FFF7AFFF25
:101CF8000346CAE7322CCFD19DF8002012F0040F1A
:101D0800CAD1002BC8D19DF8043043F002038DF8E6
:101D18000430012301AA0C212846FFF798FF034647
:101D28000028B9D19DF8043023F002038DF804305F
:101D3800012301AA0C212846FFF789FF0346ABE7D8
:101D4800002BADD19DF8043043F002038DF8043028
:101D5800DBB243F040038DF80430012301AA0C21C3
:101D68002846FFF774FF0346002899D19DF80430F0
:101D780023F002038DF80430DBB243F040038DF802
:101D88000430012301AA0C212846FFF760FF03460F
:101D980084E79DF8003064F300038DF80030C4F345
:101DA8004002DBB262F382038DF80030C4F3800294
:101DB800DBB262F3C7138DF80030C4F30114DBB251
:101DC80064F305138DF8003001236A460421284680
:101DD800FFF73DFF034663E730B583B004460D4681
:101DE800012301AA0421FFF72DFF08B103B030BD7C
:101DF8009DF8043065F386138DF80430012301AA99
:101E080004212046FFF723FFF0E710B582B00C4607
:101E1800022301AA0621FFF715FF9DF8052022805D
:101E28009DF8043003EB0223238002B010BD30B5C7
:101E380083B004460D46012301AA0421FFF702FFDF
:101E480008B103B030BD9DF8043065F3C3038DF8C5
:101E58000430012301AA04212046FFF7F8FEF0E729
:101E6800002070470020704708B500F0DFFF08BD6C
:101E780008B500F0D5FF08BD10B584B04FF0FF34A9
:101E880002940193009201230A460146044800681F
:101E980001F0BAFC08B904B010BD4FF0FF30FAE702
:101EA800E017002010B584B04FF0FF34029401937E
:101EB800009201230A4601460448006801F0D0FB5D
:101EC80008B904B010BD4FF0FF30FAE7E017002062
:101ED80030B589B004460D4620220021684606F038
:101EE80013FC74B385B31A4B1D601A4B00931A4B3D
:101EF800019370238DF80C30184B0493184B0593FD
:101F0800184B0693184B079369462046FFF774FE53
:101F1800A0B92046FFF7EBFD80B92046FFF742FE47
:101F280060B9B3EE090A2046FFF70AFE044628B94D
:101F3800642000F07BFF204609B030BD4FF0FF342D
:101F4800F9E74FF0FF34F6E74FF0FF34F3E700BF4F
:101F5800E0170020691E00086D1E0008AD1E00086D
:101F6800811E0008791E0008711E000820B108B5FE
:101F780029B1FFF72BFE08BD4FF0FF3070474FF037
:101F8800FF30F8E708B50649FFF7A2FF18B1054882
:101F980006F068FA08BD044806F064FAFAE700BFDC
:101FA8007C170020B0E90008D8E9000808B5FFF759
:101FB800DDFF00B908BD024806F054FAFAE700BF91
:101FC80004EA000838B50446154800230360436056
:101FD8008360C360036143618361124B0360124BEA
:101FE8004360124BC360124B8360124B0361124B68
:101FF800436100F0AFF8054608B1284638BD2146D0
:10200800074800F0F1F805460028F6D1044800F02A
:10201800DFF805460028F0D10A2000F045F8ECE783
:10202800E4170020592000085D20000889200008D6
:1020380061200008B1200008B920000808B50A4648
:102048000146024800F0F4F808BD00BFE41700207C
:10205800002070470020704700B583B013464FF04A
:10206800FF3200920A464100044801F03BFA10B9D9
:1020780003B05DF804FB0120FAE700BF7C170020DD
:1020880000B583B013464FF0FF3200920A46410074
:10209800044801F069F910B903B05DF804FB0120A8
:1020A800FAE700BF7C17002008B500F0BFFE08BDA6
:1020B8000FB400B5C3B044AB53F8042B01934FF4ED
:1020C800807102A806F07EFA02A9044806F062F9B7
:1020D80043B05DF804EB04B0704700BF34EA000871
:1020E80098B170B50C461546064649B142B101464D
:1020F8000020FFF7A3FF20B933682360B3682B6083
:1021080070BD024806F0AEF9F6E7704738EA0008F5
:1021180000B583B08DF80710C36801220DF10701DF
:10212800007E984710B903B05DF804FB0120FAE778
:1021380010B5114684681A46007EA04700B910BD44
:102148000120FCE708B543690148984708BD00BF6E
:1021580074EA000860B310B50446436953B30269D2
:1021680062B1026872B1416881B1816891B1C16898
:10217800A1B19047B0B90123A37610BD0E48984786
:102188000320FAE70D4898470320F6E70C489847DC
:102198000320F2E70B4898470320EEE70A489847E0
:1021A8000320EAE709492046FFF7CCFF0120E4E7CE
:1021B800022070470320E0E78CEA0008A8EA00083C
:1021C800C4EA0008E4EA000800EB00081CEB000879
:1021D80030B1827E012A05D1C27E02760020704786
:1021E8000220704703207047C8B1827E012A18D1A7
:1021F8004176032917D8DFE801F002060A0E4422C7
:10220800C276084670474522C276002070474422AD
:10221800C276002070474422C27600207047022010
:10222800704703207047002070470000000000003E
:1022380070B582B0002800F0978014460546837E6A
:10224800012B03D00326304602B070BD00231A4686
:102258004B48415C2846FFF75BFF0646002876D1CD
:102268002B690A20984706236A4600212846FFF76B
:102278005FFF064600286FD19DF800209DF80130C9
:1022880043EA022307EE903AF8EEE77AC4ED007AC3
:1022980017EE900AFEF758F935A3D3E90023FEF7A5
:1022A800D5FA35A3D3E90023FEF7A6F90022354B6A
:1022B800FDF7EAFFFEF778FC07EE900A2060B2EE21
:1022C800027A67EE877AF1EE046A87EEA67ADFED86
:1022D8002E7A77EE277AC4ED017A9DF803209DF8CF
:1022E800043043EA022307EE903AF8EEE77AC4EDA9
:1022F800027A17EE900AFEF727F91DA3D3E9002307
:10230800FEF7A4FA0022214BFEF776F90022204BB3
:10231800FDF7BAFFFEF748FC07EE900AA0609FEDB4
:102328001D7AF4EEC77AF1EE10FA01DDF0EE477A85
:10233800C4ED027AF5EEC07AF1EE10FA11D4C4EDCC
:10234800027A0098E060BDF8043023827BE71249E6
:102358002846FFF7F7FE76E710492846FFF7F2FE12
:1023680071E7DFED0F7AEAE702266CE7AFF300804A
:1023780000000000E0FFEF400000000000E06540C2
:10238800D8ED0008008046400000004200405F4051
:10239800000018400000C8422CEB000848EB000879
:1023A8000000000010B109B10A780270704720B12E
:1023B80010B54468C068A04710BD4FF0FF307047A3
:1023C80020B110B50468C068A04710BD4FF0FF30B9
:1023D8007047000007EE900AF8EEE77A9FED020AD0
:1023E80027EE800A704700BF0000803507EE900A8C
:1023F800F8EEE77A9FED020A87EE800A704700BF81
:102408000000C84210B582B00C4600238DF8073092
:1024180001230DF107020F21FFF7C9FF9DF80730CF
:10242800237002B010BD30B585B005460C460023B8
:102438008DF80C308DF808308DF804308DF80030A8
:10244800012301AA1121FFF7B2FF034618B19BB17E
:10245800184605B030BD012302AA24212846FFF7FB
:10246800A6FF03460028F3D101236A462721284600
:10247800FFF79DFF0346EAE7012303AA0B2128463D
:10248800FFF795FF03460028E2D19DF80420C2F328
:102498008000217860F3000121709DF80810C909B7
:1024A800207861F3410020709DF80010C0B261F3FC
:1024B80082002070C1F34005C0B265F3C3002070EC
:1024C800C1F30015C0B265F304102070C1F34011C8
:1024D800C0B261F34510207002F0010282F00102DF
:1024E800C1B262F3861121709DF80C20C2F340122C
:1024F80082F00102C9B262F3C7112170A8E770B572
:1025080086B004460D4600238DF814308DF810303F
:102518008DF80C308DF80830ADF80430022301AA8C
:102528001121FFF744FF064610B1304606B070BDD2
:1025380001A905A8FFF736FF0DF1050104A8FFF76B
:1025480031FF012D11D0022D3FD0002D6CD09DF808
:10255800143043F004038DF81430012305AA112127
:102568002046FFF72DFF0646DFE79DF8143043F0BD
:1025780080038DF81430012305AA11212046FFF7A6
:102588001FFF06460028D0D1002504E06B1CDBB2F3
:10259800042D13D81D46012303AA24212046FFF742
:1025A80006FF064648B99DF90C30002B0BDAA368E4
:1025B800002BEBD00A209847E8E72B46042BB4D928
:1025C8004FF0FF36B1E72B46F8E79DF8143043F09B
:1025D80004038DF81430012305AA11212046FFF7C2
:1025E800EFFE06460028A0D1002504E06B1CDBB2F4
:1025F800042D12D81D4602A92046FFF714FF0646EF
:1026080050B99DF8083013F0010F0BD0A368002BC8
:10261800ECD001209847E9E72B46042B85D94FF0E9
:10262800FF3682E72B46F8E79DF8143043F008039D
:102638008DF814309DF8103043F001038DF81030F8
:1026480005A901A8FFF7AEFE04A90DF10500FFF7E3
:10265800A9FE022301AA11212046FFF7B1FE064672
:1026680063E730B585B005460C4600238DF80C307D
:102678008DF80830ADF80430022301AA1021FFF7C5
:1026880096FE08B105B030BD01A903A8FFF78AFE80
:102698000DF1050102A8FFF785FE22789DF80C30A0
:1026A80062F3C6038DF80C306278DBB262F3020382
:1026B8008DF80C30A2789DF8083062F304138DF879
:1026C8000830DBB223F020038DF8083003A901A8F5
:1026D800FFF768FE02A90DF10500FFF763FE02236C
:1026E80001AA10212846FFF76BFECBE730B583B06F
:1026F8000C46002300938DF8043005236A462821F0
:10270800FFF755FE0546F0B99DF8022062609DF876
:10271800013003EB022363609DF8000000EB032007
:10272800606000026060FFF755FE84ED000A9DF8C6
:1027380003009DF8043040EA032000B2A081FFF7AF
:1027480055FE84ED020A284603B030BD08B500F0F6
:102758006DFB08BD10B584B04FF0FF3402940193AF
:10276800009201230A46BB2100F07AFF08B904B0A1
:1027780010BD4FF0FF30FAE710B584B04FF0FF34CA
:1027880002940193009201230A46BB2101F03CF810
:1027980008B904B010BD4FF0FF30FAE700B583B0B8
:1027A80000238DF80430ADF800308DF8023048B3BE
:1027B80003461C4A10601C48C3601C4B43601C4BFA
:1027C80003601C4B83600023036101A9FFF71AFE15
:1027D800D8B99DF80430B42B1AD100211248FFF75C
:1027E8008EFEC0B904238DF8003000238DF8013027
:1027F8008DF8023069460C48FFF733FF70B903B013
:102808005DF804FB4FF0FF30F9E74FF0FF30F6E7D3
:102818004FF0FF30F3E74FF0FF30F0E74FF0FF30B5
:10282800EDE700BF141800200018002081270008D9
:102838005D2700085527000840B108B50146064B3A
:102848001B6833B10548FFF751FF08BD4FF0FF3053
:1028580070474FF0FF30F8E71418002000180020E8
:1028680008B50648FFF79AFF18B1054805F0FAFDC4
:1028780008BD044805F0F6FDFAE700BF7C17002004
:1028880060EB000888EB000800B585B0EC468CE8E2
:102898000F006046FFF7D0FF40B9009A069B1A6008
:1028A800029A079B1A6005B05DF804FB014805F021
:1028B800D9FDF8E7B4EB000882B0114B1A68D36968
:1028C80013F0080F0BD1D36913F0040F07D1D369A4
:1028D80013F0020F03D1D36913F0010F09D0D369A4
:1028E8000193536A0193019B03E0536ADBB201939E
:1028F800019BD36913F0200FF7D102B0704700BFD6
:10290800E816002010B59AB064242246002101A8D8
:1029180005F0FAFE4FF47A73224601A9074804F03D
:10292800E2FB01A8FDF7A4FC4FF0FF3382B201A936
:10293800034804F06FFB1AB010BD00BFE816002072
:102948005416002010B50446FFF7B6FF2046FDF7E1
:102958008FFC4FF0FF3382B22146034804F05AFB44
:10296800FFF7D0FF10BD00BFE816002008B50248E9
:10297800FFF7E8FF08BD00BFE0EB000800B583B033
:10298800FF238DF807304FF0FF3301220DF10701C7
:10299800054804F03FFB052000F048FA0348FFF71C
:1029A800D1FF03B05DF804FBE8160020F0EB000847
:1029B80000B591B0FDEEC07ACDED047AF2EE047A5E
:1029C80060EEA70AFDEEE00AFCEEC17ACDED057ACD
:1029D8009DF8142010EE903A9BB203910290019258
:1029E80000939DF81030054A282106A805F042FDFD
:1029F80006A8FFF7A7FF11B05DF804FBF8EB000885
:102A08002DE9F04106460D4614461F46FFF754FFD0
:102A18003046FDF72DFCDFF858804FF0FF3382B2C7
:102A28003146404604F0F6FA22460021284605F0D1
:102A38006BFE013CA4B23B4622462946404604F0C0
:102A480052FB18B1032801D0002406E0084BB3F864
:102A58005E309BB2E41AA4B214B92046BDE8F081F6
:102A68004FF0FF3322462946024804F0D3FAF4E730
:102A7800E81600205416002010B5B2B02348FFF71E
:102A880061FF4FF47A7000F0D1F92148FFF75AFF3F
:102A98004FF47A7000F0CAF91E48FFF753FF4FF45D
:102AA8007A7000F0C3F91C48FFF74CFF4FF47A70B6
:102AB80000F0BCF91948FFF745FF4FF47A7000F0B1
:102AC800B5F91748FFF73EFF4FF47A7000F0AEF9FA
:102AD8001448FFF737FF4FF47A7000F0A7F912484F
:102AE800FFF730FF4FF47A7000F0A0F9C8242246AF
:102AF8000021684605F008FE43F6982322466946F9
:102B08000A48FFF77DFF32B010BD00BFF0EB0008A8
:102B18001CEC000828EC00083CEC00084CEC000811
:102B28005CEC00087CEC0008B0EC0008D0EC000875
:102B3800002807DB00F01F02400901239340024AE6
:102B480042F82030704700BF00E100E0002808DBB1
:102B58000901C9B200F1604000F5614080F8001336
:102B6800704700F00F000901C9B2014B19547047B2
:102B780014ED00E000B500F00700C0F1070CBCF14F
:102B8800040F28BF4FF0040C031D062B0FD9C31EDA
:102B98004FF0FF3E0EFA0CF021EA000199400EFAC0
:102BA80003FE22EA0E0241EA02005DF804FB00235C
:102BB800EEE70000074AD36823F4E0631B041B0C0C
:102BC800000200F4E060034343F0BF6343F40033C2
:102BD800D360704700ED00E010B50446054BD86897
:102BE800C0F30220FFF7C6FF01462046FFF7AEFFFD
:102BF80010BD00BF00ED00E008B5FFF799FF08BD64
:102C08000138B0F1807F09D24FF0E02358610020ED
:102C180098611A6942F003021A61704701207047EF
:102C2800042838D8DFE800F00A18283703004FF0E6
:102C3800E022136943F00403136170474FF0E02268
:102C4800136923F004031361134AD2F8E03023F424
:102C58004003C2F8E03070474FF0E022136923F0D8
:102C6800040313610C4AD2F8E03023F4400343F420
:102C78008003C2F8E03070474FF0E022136923F078
:102C880004031361044AD2F8E03023F4400343F408
:102C98000003C2F8E0307047000C02464FF0E02312
:102CA800186910F004000CD1084BD3F8E03003F495
:102CB8004003B3F5800F06D0B3F5000F04D102200E
:102CC8007047042070470120704700BF000C02467F
:102CD800074B1B6813F0010F07D1054A136823F04F
:102CE800040303431360002070470120704700BFAE
:102CF80000040340034A136843F0010313600020F3
:102D0800704700BF0004034038B5274B1A78002AE3
:102D180047D005464FF0E0231C6914F004040DD099
:102D2800224B1C684FF47A71B1FBF2F2B4FBF2F457
:102D38002046FFF765FF50B3012033E0FFF7AEFFF1
:102D480001280ED0022817D00028F1D1174B1C6893
:102D5800154A11784FF4FA52B2FBF1F2B4FBF2F4CF
:102D6800E6E7114B1B784FF47A72B2FBF3F24FF49B
:102D7800FA43B3FBF2F4DBE70B4B1B784FF47A72A0
:102D8800B2FBF3F24FF40043B3FBF2F4D0E70022B6
:102D980029464FF0FF30FFF71FFF054B1D6000204D
:102DA80000E0012038BD00BF00000020080000201E
:102DB8000400002010B5104A136843F480731360B0
:102DC8000320FFF7F7FE00F0B3FE0C4B1B6A03F07D
:102DD8000F030B4AD35CD8400A4B18600420FFF756
:102DE8001FFF0F20FFF790FF10B10124204610BDF0
:102DF8000446FEF7B9FCF9E700200240000C024641
:102E0800CCEE000808000020034B1B78034A116829
:102E18000B441360704700BF000000201818002002
:102E2800014B1868704700BF1818002038B50446D1
:102E3800FFF7F6FF0546B4F1FF3F02D0044B1B78BD
:102E48001C44FFF7EDFF401BA042FAD338BD00BF7A
:102E58000000002003689A6912F0020F01D00022D6
:102E68009A6203689A6912F0010F03D19A6942F0D5
:102E780001029A61704710B4019CC1F3090141EA4B
:102E880002411943214321F0004102685368640D4F
:102E980004F4806444F07F7444F4583444F47F7438
:102EA80044F0030423EA04030B4353605DF8044B26
:102EB80070472DE9F041044603689E6916F0100634
:102EC8007CD00D4690461022DA61002637462368EA
:102ED800986910F0200F30D17FBBB5F1FF3FF6D0D5
:102EE800FFF79EFFA0EB0800A84201D8002DEED105
:102EF80021684B6803F4804394F84220D2B2886971
:102F080010F4004F02D00BB9202A0ED123689B6918
:102F180013F0200FDBD1FFF783FFA0EB080019287F
:102F2800F4D946F020060127D1E74B6843F48043E3
:102F38004B60FFF775FF8046E8E70FB92022DA619A
:102F480046F0040601252268936913F4807F05D0B2
:102F580046F001064FF48071D161012513F4806FAA
:102F680006D046F0080622684FF48061D161012539
:102F780013F4007F24D046F0020623684FF4007251
:102F8800DA6101252046FFF765FF2268536823F0C0
:102F9800FF7323F48B3323F4FF7323F0010353608F
:102FA800636C33436364202384F84130002384F83E
:102FB800423084F840302846BDE8F0810025C2E759
:102FC800002DF8D0DEE770B504460D461646236896
:102FD8009B6913F0020F22D1324629462046FFF79B
:102FE80068FFF0B9B5F1FF3FF1D0FFF719FF801B7B
:102FF800A84201D8002DEAD123689B6913F0020F7B
:10300800E5D1636C43F020036364202384F84130E6
:10301800002384F8423084F84030012000E000208A
:1030280070BD0120FCE72DE9F843054688461746A0
:103038001E46DDF820902B689C6938EA04040CBF12
:1030480001230023BB4227D14A4631462846FFF7D1
:1030580030FF20BBB6F1FF3FEDD0FFF7E1FEA0EB5C
:103068000900B04201D8002EE5D12B689B6938EAE7
:1030780003030CBF01230023BB42DCD16B6C43F07C
:1030880020036B64202385F84130002385F8423003
:1030980085F84030012000E00020BDE8F8830120D9
:1030A800FBE700002DE9F04182B0044690461D463A
:1030B800089E099F194B00934FF08073EAB2FFF7FF
:1030C800DAFE3A4631462046FFF77DFFF8B9012D72
:1030D8000ED123685FFA88F29A620097334600227D
:1030E80080212046FFF79FFFA8B902B0BDE8F08114
:1030F80023684FEA18229A623A4631462046FFF77B
:1031080062FF30B923685FFA88F29A62E5E7012026
:10311800EBE70120E9E70120E7E700BF0020008096
:103128002DE9F04182B0044690461D46089E099F4D
:10313800184B00930023EAB2FFF79DFE3A4631464A
:103148002046FFF740FFF8B9012D0ED123685FFA3A
:1031580088F29A6200973346002240212046FFF702
:1031680062FFA8B902B0BDE8F08123684FEA1822CF
:103178009A623A4631462046FFF725FF30B9236860
:103188005FFA88F29A62E5E70120EBE70120E9E7B8
:103198000120E7E70020008070B504460D4616467A
:1031A80004E023689B6913F0200F12D023689B6901
:1031B80013F0200F1BD1324629462046FFF779FE2F
:1031C800B8B9FFF72DFE801BA842EAD8002DEDD133
:1031D800E7E7636C43F020036364202384F84130FD
:1031E800002384F8423084F84030012000E00020B9
:1031F80070BD0120FCE7F8B504460E4617460025C9
:1032080018E000236364FFF70BFEC01BB04200D830
:1032180086B97DB923689B6913F0040F0AD1636CE2
:1032280043F020036364202384F84130002384F8AA
:103238004030012523689B6913F0040F2ED16DBB24
:103248003A4631462046FFF734FE00B1012523688F
:103258009A6912F0200FD6D0002DD4D19A699A69B4
:1032680012F0100FCDD01022DA61042363642368B2
:103278002022DA6121684B6823F0FF7323F48B3333
:1032880023F4FF7323F001034B6084F841200023EB
:1032980084F8423084F840300125B4E72846F8BD68
:1032A80000285FD010B5044690F84130002B48D074
:1032B800242384F841302268136823F00103136043
:1032C8006368226823F0706313612268936823F4AB
:1032D80000439360E368012B38D0A368226843F465
:1032E80004439360E368022B36D02268536823F4C2
:1032F800006353602268536843F0007343F400434B
:1033080053602268D36823F40043D3602369626959
:103318001343A169226843EA0123D360E369216A60
:1033280022680B4313602268136843F0010313609B
:1033380000206064202384F84130206384F8420030
:1033480010BD80F84030FEF721FAB1E7A368226883
:1033580043F400439360C5E72268536843F400636D
:103368005360C7E7012070472DE9F04782B00F4648
:103378000A9E90F84110C9B2202940F0A380044663
:103388009046994690F84030012B00F09F804FF00E
:10339800010A80F840A0FFF743FD05460090192375
:1033A80052464FF400412046FFF73DFE002840F00A
:1033B8008F80212384F84130102384F84230002381
:1033C8006364C4F82480A4F82A906363638D9BB275
:1033D800FF2B0AD9FF222285414B00934FF08073BF
:1033E80039462046FFF747FD18E0628D92B22285E4
:1033F8003B4B00934FF00073D2B239462046FFF79B
:103408003AFD0BE0628D92B22285002300934FF0C3
:103418000073D2B239462046FFF72DFD638D9BB26B
:10342800002B33D02A4631462046FFF7CCFD002832
:1034380050D1626A236812789A62636A01336362C0
:10344800638D9BB2013B9BB26385238D013B9BB28D
:103458002385628D92B2002AE0D0002BDED1009540
:103468003346002280212046FFF7DDFDA0BB638D97
:103478009BB2FF2BC6D9FF222285002300934FF071
:10348800807339462046FFF7F6FCC7E72A463146DF
:103498002046FFF781FE08BB23682022DA612168F5
:1034A8004B6823F0FF7323F48B3323F4FF7323F06B
:1034B80001034B6084F84120002384F8423084F8EB
:1034C800403000E0022002B0BDE8F0870220FAE7B1
:1034D8000120F8E70120F6E70120F4E70120F2E7F0
:1034E800002000802DE9F04782B00F460A9E90F830
:1034F8004110C9B2202940F0A2800446904699465E
:1035080090F84030012B00F09E804FF0010A80F8BF
:1035180040A0FFF785FC05460090192352464FF45A
:1035280000412046FFF77FFD002840F08E802223CF
:1035380084F84130102384F8423000236364C4F8CF
:103548002480A4F82A906363638D9BB2FF2B0AD969
:10355800FF222285414B00934FF080733946204665
:10356800FFF789FC18E0628D92B222853B4B0093ED
:103578004FF00073D2B239462046FFF77CFC0BE0CF
:10358800628D92B22285002300934FF00073D2B26D
:1035980039462046FFF76FFC638D9BB2002B32D073
:1035A8002A4631462046FFF726FE00284FD12368D9
:1035B8005A6A636A1A70636A01336362228D013A38
:1035C80092B22285638D9BB2013B9BB26385638D6A
:1035D8009BB2002BE0D0002ADED100953346802133
:1035E8002046FFF720FDA0BB638D9BB2FF2BC7D9F8
:1035F800FF222285002300934FF08073394620462E
:10360800FFF739FCC8E72A4631462046FFF7C4FDD4
:1036180008BB23682022DA6121684B6823F0FF7316
:1036280023F48B3323F4FF7323F001034B6084F8F6
:103638004120002384F8423084F8403000E0022022
:1036480002B0BDE8F0870220FAE70120F8E7012080
:10365800F6E70120F4E70120F2E700BF002400802C
:103668002DE9F04F83B00E46BDF834A00E9D90F8BA
:103678004110C9B2202940F0BB80044690469946C3
:103688000C9BCBB1BAF1000F16D090F84030012B4B
:1036980000F0B2804FF0010B80F840B0FFF7C0FB9C
:1036A8000746009019235A464FF400412046FFF779
:1036B800BAFC30B101209CE04FF400736364012030
:1036C80097E0212384F84130402384F842300023D6
:1036D80063640C9A6262A4F82AA063630197009558
:1036E8004B46424631462046FFF7DCFC70B9638DF5
:1036F8009BB2FF2B0FD9FF222285002300934FF0A6
:10370800807331462046FFF7B6FB21E0002384F89A
:10371800403058466DE0628D92B2228500230093B6
:103728004FF00073D2B231462046FFF7A4FB0FE0FA
:10373800628D92B22285002300934FF00073D2B2BB
:1037480031462046FFF797FB638D9BB2002B33D0A1
:103758003A4629462046FFF736FC00284ED1626AD1
:10376800236812789A62636A01336362638D9BB23D
:10377800013B9BB26385238D013B9BB22385628D00
:1037880092B2002AE0D0002BDED100972B4600220F
:1037980080212046FFF747FC90BB638D9BB2FF2B2F
:1037A800C6D9FF222285002300934FF0807331464B
:1037B8002046FFF760FBC7E73A4629462046FFF751
:1037C800EBFCF8B923682022DA6121684B6823F002
:1037D800FF7323F48B3323F4FF7323F001034B604F
:1037E80084F84120002384F8423084F8403000E017
:1037F800022003B0BDE8F08F0220FAE70120F8E7C5
:103808000120F6E70120F4E72DE9F04F83B00E46DA
:10381800BDF834A00E9D90F84110C9B2202940F09F
:10382800BC800446904699460C9BCBB1BAF1000F78
:1038380016D090F84030012B00F0B3804FF0010B08
:1038480080F840B0FFF7ECFA0746009019235A4673
:103858004FF400412046FFF7E6FB30B101209DE020
:103868004FF400736364012098E0222384F8413008
:10387800402384F84230002363640C9A6262A4F8FF
:103888002AA06363019700954B464246314620467D
:10389800FFF746FC70B9638D9BB2FF2B0FD9FF224F
:1038A8002285444B00934FF0807331462046FFF742
:1038B800E2FA21E0002384F8403058466EE0628D39
:1038C80092B222853B4B00934FF00073D2B231463F
:1038D8002046FFF7D0FA0FE0628D92B222850023CE
:1038E80000934FF00073D2B231462046FFF7C3FA77
:1038F800638D9BB2002B34D000972B460022042105
:103908002046FFF790FB00284DD123685A6A636A66
:103918001A70636A01336362228D013A92B222857A
:10392800638D9BB2013B9BB26385638D9BB2002B79
:10393800DED0002ADCD100972B4680212046FFF7F5
:1039480072FB90BB638D9BB2FF2BC5D9FF222285EA
:10395800002300934FF0807331462046FFF78BFA1F
:10396800C6E73A4629462046FFF716FCF8B9236809
:103978002022DA6121684B6823F0FF7323F48B332C
:1039880023F4FF7323F001034B6084F841200023E4
:1039980084F8423084F8403000E0022003B0BDE8EB
:1039A800F08F0220FAE70120F8E70120F6E701206E
:1039B800F4E700BF00240080034690F84120D2B20B
:1039C800202A23D190F84020012A21D0012280F812
:1039D8004020242280F841200068026822F0010279
:1039E80002601868026822F480520260186802684F
:1039F8001143016019680A6842F001020A60202236
:103A080083F84120002083F8400070470220704767
:103A180002207047034690F84120D2B2202A21D1D3
:103A280090F84020012A1FD0012280F8402024224B
:103A380080F841200068026822F0010202601868DC
:103A4800026822F4706242EA0122026019680A6878
:103A580042F001020A60202283F84120002083F806
:103A680040007047022070470220704730B583B08D
:103A780004462D4BD3F8943013F0040F0FD003F005
:103A880039F8B0F5403F20D0B0F5003F1DD0B4F173
:103A9800805F2CD2B0F5803F40D0012025E0224D38
:103AA800D5F8943043F00403C5F89430D5F8943031
:103AB80003F004030193019B03F01CF8D5F894303C
:103AC80023F00403C5F89430DBE7B4F1805F23D218
:103AD8000120164A136823F00F0303431360136889
:103AE80003F00F0383421DD1002003B030BDB4F1B1
:103AF800005F05D9A0B9B4F1405FEAD80120E8E732
:103B0800B4F1805F01D00120E3E7B0F5803F01D038
:103B18000220DEE70120DCE70020DAE70320D8E70F
:103B28000020D6E70120E0E7000C02460020024012
:103B38005B4AD369926A13F00C0311D002F00302B6
:103B48000C2B0BD0564AD26902F00C02042A1FD063
:103B5800082B00F0A2800020014612E0012AF1D1D2
:103B68004F4A926812F4000F0ED14D4AD2F8F42051
:103B7800C2F303324B4951F82210002B00F08B801E
:103B880000200C2B07D07047454A9268120FF1E7C6
:103B980045480021F5E700B54148836A03F0030C66
:103BA800836AC3F30323013307EE103A836AC3F32E
:103BB800001E836BC3F3CC030EFB03F307EE903AAE
:103BC800F8EE677ABCF1020F1FD0BCF1030F47D0A3
:103BD80006EE901AF8EE666AB8EE477A86EE876ABD
:103BE8002F4B5B6BC3F3080307EE103AB8EE477A26
:103BF800DFED2E6A67EEA67A77EE277AB7EE007ABF
:103C080077EE877A66EE276A19E0B8EE477A9FED75
:103C1800286AC6EE076A224B5B6BC3F3080307EEFC
:103C2800103AB8EE477A9FED216A67EE867A77EE0A
:103C3800277AB7EE007A77EE877A66EEA76A184B8E
:103C48005B6BC3F30663013307EE903AB8EE677A0D
:103C5800C6EE877AFCEEE77A17EE900A5DF804FB69
:103C6800B8EE477A9FED126AC6EE076A0C4B5B6B9B
:103C7800C3F3080307EE103AB8EE477A9FED0B6AD4
:103C880067EE867A77EE277AB7EE007A77EE877A4C
:103C980066EEA76AD3E7084670470348704700BF37
:103CA800000C024684EE00080024F40000000039ED
:103CB8000024744B002800F07181F0B583B00D46E4
:103CC80004467F4B1B6803F00F038B420BD27C4AE0
:103CD800136823F00F030B431360136803F00F03FB
:103CE8008B4240F05D81236813F0100F0CD062699D
:103CF800744B5B6A03F070039A4205D971494B6AA9
:103D080023F070031A434A62236813F0080F0ED099
:103D180022696C4B1B6A1B0903F070039A4206D98F
:103D280068490B6A23F4E06343EA02130B622368D1
:103D380013F0040F0CD0E268624B1B6A03F07003A7
:103D48009A4205D95F490B6A23F070031A430A6245
:103D5800236813F0020F0CD0A2685A4B1B6A03F0B9
:103D68000F039A4205D957490B6A23F00F031A43E8
:103D78000A62236813F0010F00F0A8806368032B20
:103D88000AD0022B61D0002B66D14E4B1B6813F072
:103D9800040F26D10120FFE04A4BD3F8943013F0EA
:103DA800040F0ED1474BD3F8942042F00402C3F815
:103DB8009420D3F8943003F004030193019B012766
:103DC80000E00027FFF72CF806463F4BDB6813F4AA
:103DD800802F26D18FBB3B4B1B6813F0007F00F070
:103DE800E180384AD36923F0030361680B43D36148
:103DF800FFF716F806466368032B34D0022B41D030
:103E0800002B4ED02F4BDB6903F00C03042B5DD045
:103E1800FFF706F8801B41F288339842F2D9032055
:103E2800BAE0294BDB6813F4804FD3D1FEF7F8FFD3
:103E3800801B0228F5D90320AEE0224AD2F894303C
:103E480023F00403C2F89430C5E71E4B1B6813F433
:103E5800003FC6D101209FE01A4B1B6813F4806F06
:103E6800BFD1012098E0174BDB6903F00C030C2B42
:103E78002CD0FEF7D5FF831B41F288329342F2D94A
:103E8800032089E00F4BDB6903F00C03082B1DD0DE
:103E9800FEF7C6FF801B41F288339842F2D903200F
:103EA8007AE0084BDB6913F00C0F0FD0FEF7B8FF70
:103EB800801B41F288339842F3D903206CE000BF9D
:103EC80000200240000C024600080246236813F056
:103ED800020F0CD0A268354B1B6A03F00F039A42FD
:103EE80005D232490B6A23F00F031A430A62304B9A
:103EF8001B6803F00F03AB420AD92D4A136823F05D
:103F08000F032B431360136803F00F03AB424BD12D
:103F1800236813F0040F0CD0E268244B1B6A03F0EB
:103F280070039A4205D221490B6A23F070031A43A1
:103F38000A62236813F0080F0ED022691B4B1B6A14
:103F48001B0903F070039A4206D218490B6A23F43E
:103F5800E06343EA02130B62236813F0100F0CD0DE
:103F68006269124B5B6A03F070039A4205D20F49EB
:103F78004B6A23F070031A434A62FFF7D9FD0B4BD3
:103F88001B6A03F00F030B4AD35CD8400A4B186036
:103F98000A4B1868FEF7B8FE03B0F0BD0120704761
:103FA8000120F9E70120F7E70120F5E7000C0246B8
:103FB80000200240CCEE0008080000200400002089
:103FC80008B5FFF7B5FD054B1B6A03F00F03044A5C
:103FD800D35CD840034B186008BD00BF000C0246F4
:103FE800CCEE000808000020002800F02A85F0B573
:103FF80085B004469C4BDD6905F00C059E6A06F009
:104008000306036813F0100F00F09480EDB10C2D37
:1040180019D0E369002B00F01181934A136843F02B
:1040280001031360FEF7FCFE07468F4B1B6813F075
:10403800040F40F0CD80FEF7F3FEC01B0228F4D930
:10404800032000F001BD012EE3D1E369002B00F04D
:10405800FA84606A844B9B6813F4000F1CD0824B6F
:104068009B6803F07043984244D9E5B17E4A93684F
:1040780043F400039360936823F07043616A0B4331
:104088009360636AB3F1404F14D3D36823F01F03DE
:10409800216A0B43D36044E0734BD3F8F4301B041C
:1040A80003F07043DFE7FFF7E1FC0028DED00120D2
:1040B80000F0CABC002B0BDBB3F1804F11D36A4A66
:1040C800D36823F4F843216A43EA8123D36028E0C4
:1040D800654AD36823F47873216A43EA4113D360AD
:1040E8001FE0614AD36823F47823216A43EAC13385
:1040F800D36016E05C4A936843F4000393609368C6
:1041080023F07043616A0B439360636AB3F1404FD5
:1041180036D3D36823F01F03216A0B43D360002DE5
:104128004ED0FFF74DFF514B1868FEF7EDFD002804
:1041380040F08A84236813F0010F00F0A080082D56
:1041480000F099800C2D00F093806368B3F5803FF0
:1041580000F0B680B3F5A02F00F0C880B3F5A81F13
:1041680000F0D280404B1A6822F480321A601A6834
:1041780022F480221A601A6822F480121A60A4E0DD
:10418800002B0BDBB3F1804F11D3374AD36823F4EC
:10419800F843216A43EA8123D360C0E7324AD368EF
:1041A80023F47873216A43EA4113D360B7E72E4AB0
:1041B800D36823F47823216A43EAC133D360AEE796
:1041C800606AFFF753FC0028ABD0012000F03CBC2C
:1041D800254A936843F400039360936823F070437F
:1041E800616A0B439360636AB3F1404F06D3D368A7
:1041F80023F01F03216A0B43D3609BE7002B0BDBE3
:10420800B3F1804F11D3184AD36823F4F843216AD5
:1042180043EA8123D3608DE7134AD36823F4787384
:10422800216A43EA4113D36084E70F4AD36823F431
:104238007823216A43EAC133D3607BE70A4A1368CB
:1042480023F001031360FEF7EBFD0746064B1B68DE
:1042580013F0040F3FF46EAFFEF7E2FDC01B022817
:10426800F4D90320F0E300BF000C0246040000204C
:10427800032E7FF46AAF6368002B00F0E78323689E
:1042880013F0020F6BD0042D5DD00C2D59D0E368CC
:10429800002B00F0BF80AA4A136843F480731360B0
:1042A800FEF7BEFD0546A64B1B6813F4806F40F071
:1042B800A880FEF7B5FD401B0228F4D90320C3E30C
:1042C8009F4A136843F480331360636853B3FEF75F
:1042D800A7FD07469A4B1B6813F4003FCFD1FEF7A2
:1042E8009FFDC01B6428F5D90320ADE3944B1A68E1
:1042F80042F480221A601A6822F480121A601A683E
:1043080042F480321A60E0E78D4B1A6842F480224A
:104318001A601A6842F480121A601A6842F48032ED
:104328001A60D2E7FEF77CFD0746854B1B6813F43D
:10433800003FA4D0FEF774FDC01B6428F5D9032004
:1043480082E3022EA3D1E368002B00F081837C4A2C
:10435800136923F4F813216943EA014313612368BD
:1043680013F0080F00F0AF80754BD3F8943013F0BA
:10437800040F63D1724BD3F8942042F00402C3F8BF
:104388009420D3F8943003F004030193019B012592
:104398006C4B9B6A13F0010F52D06369002B7AD0E3
:1043A800674BD3F8F030A16903F08052914211D0E5
:1043B80003F04062B2F1006F00F04C8313F0806F9D
:1043C80052D15F4AD2F8F03023F08053A1690B43F1
:1043D800C2F8F0305A4AD2F8F03043F08063C2F89D
:1043E800F030FEF71DFD0646554BD3F8F03013F0BC
:1043F800006F67D1FEF714FD801B0528F4D9032050
:1044080022E34F4A136923F4F813216943EA01436D
:104418001361A4E74A4A136823F480731360FEF714
:10442800FFFC0546464B1B6813F4806F97D0FEF7D8
:10443800F7FC401B0228F5D9032005E30025A7E770
:10444800404A936A43F001039362FEF7E9FC06468B
:104458003C4B9B6A13F0010F9FD1FEF7E1FC801BD8
:104468000228F5D90320EFE2354AD2F8F03023F0DC
:10447800A053C2F8F030FEF7D3FC0646304BD3F811
:10448800F03013F0006F9CD0FEF7CAFC801B0528A3
:10449800F4D90320D8E22A4AD2F8F03023F0A05306
:1044A800C2F8F030FEF7BCFC0646254BD3F8F030D6
:1044B80013F0006F06D0FEF7B3FC801B0528F4D973
:1044C8000320C1E295BB236813F0040F00F0D980E4
:1044D8001B4BD3F8943013F0040F2FD1184BD3F89B
:1044E800942042F00402C3F89420D3F8943003F0E7
:1044F80004030293029B0125124B9B6A13F0010FE0
:1045080022D0A36813F0010F3AD013F0040F2FD074
:104518000B4BD3F8F02042F00402C3F8F020D3F894
:10452800F02042F00102C3F8F02036E0044AD2F845
:10453800943023F00403C2F89430C4E70025DBE785
:10454800000C024600080246A84A936A43F0010399
:104558009362FEF765FC0646A44B9B6A13F0010FB5
:10456800CFD1FEF75DFC801B0228F5D903206BE252
:104578009F4AD2F8F03043F00103C2F8F0300CE063
:104588009B4BD3F8F02022F00102C3F8F020D3F8B7
:10459800F02022F00402C3F8F020A368002B41D0D9
:1045A800FEF73EFC0646924BD3F8F03013F0020FAC
:1045B80008D1FEF735FC801B41F288339842F2D9C6
:1045C800032041E2A36813F0800F15D0884AD2F87F
:1045D800F03043F08003C2F8F030854BD3F8F03068
:1045E80013F4006F4CD1FEF71BFC801B41F288339B
:1045F8009842F2D9032027E27D4AD2F8F03023F01E
:104608008003C2F8F0307A4BD3F8F03013F4006F1F
:1046180036D0FEF705FC801B41F288339842F2D968
:10462800032011E2FEF7FCFB0646714BD3F8F0308D
:1046380013F0020F08D0FEF7F3FB801B41F288331A
:104648009842F2D90320FFE1694BD3F8F03013F018
:10465800800F15D0664AD2F8F03023F08003C2F8F4
:10466800F030634BD3F8F03013F4006F08D0FEF746
:10467800D7FB801B41F288339842F2D90320E3E14B
:10468800CDB9236813F0200F31D0E36ADBB1584A63
:10469800136843F480531360FEF7C2FB0546544B7E
:1046A8001B6813F4005F22D1FEF7BAFB401B0228F7
:1046B800F5D90320C8E14E4AD2F8943023F0040318
:1046C800C2F89430DDE74A4A136823F48053136034
:1046D800FEF7A6FB0546464B1B6813F4005F06D0A1
:1046E800FEF79EFB401B0228F5D90320ACE12368A6
:1046F80013F0800F29D0236B9BB13D4A136843F414
:1047080080431360FEF78CFB0546394B1B6813F496
:10471800004F1AD1FEF784FB401B0228F5D903206D
:1047280092E1334A136823F480431360FEF778FB61
:1047380005462F4B1B6813F4004F06D0FEF770FB9D
:10474800401B0228F5D903207EE1236813F0400FAF
:1047580064D0636B002B4DD0254A936843F4000363
:104768009360936823F07063A16A0B439360636A54
:10477800B3F1404F19D3D36823F01F03216A0B43C9
:10478800D3601B4A136843F010031360FEF748FB1D
:104798000546174B1B6813F0200F3FD1FEF740FB6F
:1047A800401B0228F5D903204EE1002B0BDBB3F1A7
:1047B800804F11D30E4AD36823F4F843216A43EAA1
:1047C8008123D360DDE70A4AD36823F47873216A2A
:1047D80043EA4113D360D4E7054AD36823F4782326
:1047E800216A43EAC133D360CBE700BF0008024621
:1047F800000C0246A14A136823F010031360FEF769
:104808000FFB05469D4B1B6813F0200F06D0FEF7E3
:1048180007FB401B0228F5D9032015E1A36B002BE9
:1048280000F01A81954AD26902F00C020C2A00F0B5
:10483800BC80022B14D0914A136823F08073136054
:10484800FEF7EEFA04468D4B1B6813F0007F00F06C
:10485800A380FEF7E5FA001B0228F4D90320F3E051
:10486800864A136823F080731360FEF7D9FA054669
:10487800824B1B6813F0007F06D0FEF7D1FA401B6D
:104888000228F5D90320DFE07C4BD3F8943013F0ED
:10489800040F68D1794BD3F8942042F00402C3F88E
:1048A8009420D3F8943003F004030393039B012569
:1048B800734BDB6813F4802F57D10026704AD368F6
:1048C80023F48023D3606D4B9A6A22F47F4222F04E
:1048D8000302E16B206C013841EA0021606C01435E
:1048E8000A439A625A6B67481040A26C013AC2F3B5
:1048F8000802E16C0139490289B20A43216D013984
:10490800090401F4FE010A43616D0139090601F049
:10491800FE410A43104358639A6A22F010029A62D1
:10492800E26DD2009A639A6A42F010029A629A6A19
:1049380022F00C02A16D0A439A62C6B9EDB94F4A3A
:10494800136843F080731360FEF76AFA04464B4B12
:104958001B6813F0007F18D1FEF762FA001B0228CB
:10496800F5D9032070E00025A2E70126A6E7444A0E
:10497800D36843F48023D360E0E7404AD2F8943008
:1049880023F00403C2F89430D9E73C4A936A43F40D
:1049980080239362002057E0384A936A23F4E02387
:1049A80023F00303936200204EE0344A916A506B6F
:1049B800012B53D001F00303E26B934250D1C1F3B2
:1049C8000322236C013B9A424CD101F47041636C81
:1049D800994249D1C0F30802A36C013B9A4245D1E0
:1049E800C0F34622E36C013B9A4241D1C0F3064230
:1049F800236D013B9A423DD1C0F30660636D013BD4
:104A0800984239D11D4B9B6BC3F3CC03E26D9342A3
:104A180001D1002018E0194A936A23F01003936229
:104A2800FEF7FEF90546FEF7FBF9A842FBD0E26D5A
:104A3800D200124B9A639A6A42F010029A620020DE
:104A480002E001207047012005B0F0BD0120FBE71E
:104A58000120F9E70120F7E70020F5E70120F3E757
:104A68000120F1E70120EFE70120EDE70120EBE766
:104A78000120E9E70120E7E70120E5E7000C02460D
:104A8800000802460000808008B5FFF799FA044B39
:104A98001B6AC3F30213034AD35CD84008BD00BFA6
:104AA800000C0246C4EE000808B5FFF789FA044B6B
:104AB8001B6AC3F30223034AD35CD84008BD00BF76
:104AC800000C0246C4EE000808B5FFF779FA044B5B
:104AD8005B6AC3F30213034AD35CD84008BD00BF26
:104AE800000C0246C4EE000838B50546344A13687F
:104AF80023F080531360FEF793F90446304B1B688C
:104B080013F0005F06D0FEF78BF9001B0228F5D9D9
:104B1800032038BD2A4B1A6B22F4706222F003027C
:104B280029686868013841EA00210A431A635A6C07
:104B380024481040AA68013AC2F30802E96801391A
:104B4800490289B20A4329690139090401F4FE01BD
:104B58000A4369690139090601F0FE410A43104315
:104B680058641A6B22F00C02A9690A431A631A6B7B
:104B7800296A0A431A631A6B22F010021A639A6CA4
:104B88006FF3CF02E96942EAC1029A641A6B42F0F4
:104B980010021A631A6842F080521A60FEF740F950
:104BA8000446074B1B6813F0005F06D1FEF738F97F
:104BB800001B0228F5D90320ABE70020A9E700BFB6
:104BC800000C02460000808038B50546344A136858
:104BD80023F080631360FEF723F90446304B1B680B
:104BE80013F0006F06D0FEF71BF9001B0228F5D959
:104BF800032038BD2A4BDA6A22F4706222F00302DD
:104C080029686868013841EA00210A43DA62DA6BE8
:104C180024481040AA68013AC2F30802E968013939
:104C2800490289B20A4329690139090401F4FE01DC
:104C38000A4369690139090601F0FE410A43104334
:104C4800D863DA6A22F00C02A9690A43DA62DA6ADE
:104C5800296A0A43DA62DA6A22F01002DA621A6C06
:104C68006FF3CF02E96942EAC1021A64DA6A42F0D4
:104C78001002DA621A6842F080621A60FEF7D0F811
:104C88000446074B1B6813F0006F06D1FEF7C8F8FF
:104C9800001B0228F5D90320ABE70020A9E700BFD5
:104CA800000C0246000080802DE9F04182B00446E5
:104CB800036813F0010F08D0884AD2F8E03023F0D7
:104CC8000303016D0B43C2F8E030236813F0040FAF
:104CD80008D0824AD2F8E03023F03003616D0B43EC
:104CE800C2F8E030236813F0080F08D07B4AD2F8E6
:104CF800E03023F0C003A16D0B43C2F8E030236815
:104D080013F0100F08D0754AD2F8E03023F440733E
:104D1800E16D0B43C2F8E030236813F0200F08D090
:104D28006E4AD2F8E83023F00703216E0B43C2F82D
:104D3800E830236813F0400F08D0684AD2F8E03012
:104D480023F44063616E0B43C2F8E030236813F02C
:104D5800800F08D0614AD2F8E03023F44053A16EA6
:104D68000B43C2F8E030236813F4807F08D05B4A15
:104D7800D2F8E83023F0C003E16E0B43C2F8E83004
:104D8800236813F4800F08D0544AD2F8E03023F493
:104D98004043216F0B43C2F8E030236813F4007FCF
:104DA80008D04E4AD2F8E83023F44063616F0B43D1
:104DB800C2F8E830236813F4806F08D0474AD2F865
:104DC800E03023F44023A16F0B43C2F8E03023689E
:104DD80013F4006F08D0414AD2F8E83023F4407346
:104DE800E16F0B43C2F8E830236813F4005F36D054
:104DF800D4F88C30402B13D00BD81BB3202B05D103
:104E080004F12C00FFF770FE054620E001273D461F
:104E180027E0602B1FD0802B1FD001273D4620E0C4
:104E28002E4A936A43F48033936200252B4AD2F8C2
:104E3800E43023F0E003D4F88C100B43C2F8E430DC
:104E480000270EE004F10800FFF7BEFE0546002D1E
:104E5800ECD02F4605E00025E8E70025E6E7002727
:104E68003D46236813F4004F2AD0D4F8A030B3F598
:104E7800005F13D00BD9B3F5804F14D0B3F5A04F12
:104E880011D0B3F5405F0ED001273D4618E053B16D
:104E9800B3F5805F07D001273D4611E004F1080013
:104EA800FFF792FE054655B90C4AD2F8E83023F4CC
:104EB800E043D4F8A0100B43C2F8E83000E02F46D6
:104EC800236813F4803F1DD0D4F88430042B00F2FB
:104ED8009E80DFE803F00A05960A0A00000C0246E5
:104EE800BB4A936A43F480339362002D40F092806A
:104EF800B74AD2F8E43023F00703D4F884100B4300
:104F0800C2F8E430236813F4003F1DD0D4F8883089
:104F1800B3F5003F00F08C8000F281803BB1B3F51F
:104F2800803F79D1AA4A936A43F480339362002D73
:104F380040F08480A64AD2F8E83023F4E023D4F87D
:104F480088100B43C2F8E830236813F4802F00F070
:104F580091809F4BD3F8943013F0040F70D19C4B81
:104F6800D3F8942042F00402C3F89420D3F8943084
:104F780003F004030193019B4FF00108954A936ADB
:104F880043F001039362FDF74BFF0646914B9B6A82
:104F980013F0010F05D1FDF743FF831B022BF5D951
:104FA8000325002D61D18A4BD3F8F03013F44073F8
:104FB80019D0D4F8B8209A4212D0854AD2F8F030E5
:104FC80023F44073D2F8F01041F48031C2F8F010A5
:104FD800D2F8F01021F48031C2F8F010C2F8F030A5
:104FE80013F0010F2FD1002D40F0F080784AD2F84D
:104FF800F03023F44073D4F8B8100B43C2F8F03003
:1050080034E004F12C00FFF76FFD05466DE701273A
:105018003D4677E72F4675E701273D4694E7B3F508
:10502800403F84D0B3F5802F81D001273D468BE7E0
:1050380004F12C00FFF758FD054678E72F4683E773
:105048004FF000089AE7FDF7EBFE0646604BD3F8F1
:10505800F03013F0020FC6D1FDF7E2FE801B41F2DB
:1050680088339842F2D90325BDE72F46B8F1000FDF
:1050780040F0B280236813F4801F1ED0D4F8983013
:10508800B3F1006F00F0BA8000F2B18043B1B3F120
:10509800806F40F0A98004F10800FFF795FD0546F0
:1050A800002D40F0B1804A4AD2F8E03023F0406346
:1050B800D4F898100B43C2F8E030236813F4002F9B
:1050C8000ED0D4F89030B3F5805F00F09F80B3F530
:1050D800005F00F09B80002B00F0988001273D4680
:1050E800236813F4805F09D0394AD2F8E43023F4F6
:1050F8000063D4F894100B43C2F8E430236813F427
:10510800001F0FD0D4F89C30B3F5804F00F08A8090
:105118002F4AD2F8E43023F48043D4F89C100B4390
:10512800C2F8E430236813F4000F09D0284AD2F8F3
:10513800E03023F44013D4F8AC100B43C2F8E0304D
:10514800236813F0807F09D0214AD2F8E03023F495
:105158004033D4F8B0100B43C2F8E030236813F0A2
:10516800007F09D01A4AD2F8E83023F01803D4F89F
:10517800B4100B43C2F8E830236813F0806F15D0E1
:10518800D4F8A830B3F5001F52D0D4F8A830B3F53E
:10519800401F53D0002D57D10D4AD2F8E43023F4E4
:1051A8004013D4F8A8100B43C2F8E430236813F076
:1051B800006F5BD0D4F88030B3F1807F46D0B3F174
:1051C800007F65D0002B46D001274FE02F464DE7E2
:1051D800000C024600080246314AD2F8943023F007
:1051E8000403C2F8943045E701273D4665E7B3F16B
:1051F800406F3FF455AF01273D465EE7284A936A62
:1052080043F4003393624BE72F4656E745B92449E8
:10521800D1F8E42022F440521343C1F8E4305FE7A8
:105228002F465DE71E4A936A43F4803393626FE723
:105238001B4A936A43F400339362A6E704F108001B
:10524800FFF7C2FC0546A5E72F46AFE7144A936A65
:1052580043F4003393620DBB114AD2F8E03023F0D7
:105268004073D4F880100B43C2F8E030236813F081
:10527800805F09D00A4AD2F8E83023F40043D4F812
:10528800A4100B43C2F8E830384602B0BDE8F081FC
:1052980004F10800FFF798FC0546DCE72F46E5E730
:1052A800000C024610B5824C616BC1F30801A36A79
:1052B80003F0030CA36AC3F303235A1CA36AC3F3C2
:1052C800001EA36BC3F3CC030EFB03F307EE903A67
:1052D800F8EE677ABCF1020F2ED0BCF1030F00F094
:1052E800BA80BCF1010F00F08A80714B9B6813F4FF
:1052F800000F00F0CD806E4B9B681B0F6D4C04EBCC
:10530800830393ED006AB8EE466A07EE102AB8EEFA
:10531800477AC6EE076A07EE101AB8EE477A9FED8D
:10532800666A67EE867A77EE277AB7EE007A77EEC6
:10533800877A66EEA77A1BE007EE102AB8EE477A5E
:105348009FED5E6AC6EE076A594B5B6BC3F30803B1
:1053580007EE103AB8EE477A9FED576A67EE867AFD
:1053680077EE277AB7EE007A77EE877A66EEA77A35
:105378004F4B9B6A13F4803F00F090804C4B5B6B63
:10538800C3F3462307EE103AB8EE477AF7EE006A01
:1053980037EE267AC7EE876AFCEEE66AC0ED006A49
:1053A800434B9B6A13F4003F7BD0414B5B6BC3F3C9
:1053B800064307EE103AB8EE477AF7EE006A37EE82
:1053C800267AC7EE876AFCEEE66AC0ED016A384BBA
:1053D8009B6A13F4802F67D0354B5B6BC3F306636E
:1053E80007EE103AB8EE477AF7EE006A37EE267AFB
:1053F800C7EE876AFCEEE66AC0ED026A10BD2C4B68
:105408009B6813F4000F20D0294B9B681B0F294C75
:1054180004EB830393ED006AB8EE466A07EE102AA0
:10542800B8EE477AC6EE076A07EE101AB8EE477A62
:105438009FED216A67EE867A77EE277AB7EE007AD3
:1054480077EE877A66EEA77A92E7194BD3F8F430AD
:10545800C3F30333DBE707EE102AB8EE477A9FED74
:10546800176AC6EE076A124B5B6BC3F3080307EEB5
:10547800103AB8EE477A9FED106A67EE867A77EEB3
:10548800277AB7EE007A77EE877A66EEA77A6FE723
:10549800074BD3F8F430C3F303332FE7002303603B
:1054A8007EE70023436092E700238360A6E700BFFE
:1054B800000C024684EE0008000000390024744BFA
:1054C80010B5824CE16BC1F30801E36A03F0030CE9
:1054D800E36AC3F303235A1CE36AC3F3001E236C75
:1054E800C3F3CC030EFB03F307EE903AF8EE677AAA
:1054F800BCF1020F2ED0BCF1030F00F0BA80BCF152
:10550800010F00F08A80714B9B6813F4000F00F0C4
:10551800CD806E4B9B681B0F6D4C04EB830393EDA2
:10552800006AB8EE466A07EE102AB8EE477AC6EE69
:10553800076A07EE101AB8EE477A9FED666A67EEBB
:10554800867A77EE277AB7EE007A77EE877A66EE74
:10555800A77A1BE007EE102AB8EE477A9FED5E6A3D
:10556800C6EE076A594BDB6BC3F3080307EE103A24
:10557800B8EE477A9FED576A67EE867A77EE277A14
:10558800B7EE007A77EE877A66EEA77A4F4BDB6A3A
:1055980013F4803F00F090804C4BDB6BC3F3462341
:1055A80007EE103AB8EE477AF7EE006A37EE267A39
:1055B800C7EE876AFCEEE66AC0ED006A434BDB6A19
:1055C80013F4003F7BD0414BDB6BC3F3064307EE7C
:1055D800103AB8EE477AF7EE006A37EE267AC7EE49
:1055E800876AFCEEE66AC0ED016A384BDB6A13F4A1
:1055F800802F67D0354BDB6BC3F3066307EE103A99
:10560800B8EE477AF7EE006A37EE267AC7EE876A71
:10561800FCEEE66AC0ED026A10BD2C4B9B6813F4E1
:10562800000F20D0294B9B681B0F294C04EB8303E8
:1056380093ED006AB8EE466A07EE102AB8EE477A8C
:10564800C6EE076A07EE101AB8EE477A9FED216A90
:1056580067EE867A77EE277AB7EE007A77EE877A62
:1056680066EEA77A92E7194BD3F8F430C3F3033305
:10567800DBE707EE102AB8EE477A9FED176AC6EE09
:10568800076A124BDB6BC3F3080307EE103AB8EE58
:10569800477A9FED106A67EE867A77EE277AB7EE3B
:1056A800007A77EE877A66EEA77A6FE7074BD3F82A
:1056B800F430C3F303332FE7002303607EE70023AE
:1056C800436092E700238360A6E700BF000C024610
:1056D80084EE0008000000390024744B10B5824C99
:1056E800616CC1F30801236B03F0030C236BC3F354
:1056F80003235A1C236BC3F3001EA36CC3F3CC0310
:105708000EFB03F307EE903AF8EE677ABCF1020F4E
:105718002ED0BCF1030F00F0BA80BCF1010F00F0ED
:105728008A80714B9B6813F4000F00F0CD806E4B9C
:105738009B681B0F6D4C04EB830393ED006AB8EE76
:10574800466A07EE102AB8EE477AC6EE076A07EEF1
:10575800101AB8EE477A9FED666A67EE867A77EE9A
:10576800277AB7EE007A77EE877A66EEA77A1BE09B
:1057780007EE102AB8EE477A9FED5E6AC6EE076A12
:10578800594B5B6CC3F3080307EE103AB8EE477A3F
:105798009FED576A67EE867A77EE277AB7EE007A3A
:1057A80077EE877A66EEA77A4F4B1B6B13F4803F30
:1057B80000F090804C4B5B6CC3F3462307EE103A25
:1057C800B8EE477AF7EE006A37EE267AC7EE876AB0
:1057D800FCEEE66AC0ED006A434B1B6B13F4003F16
:1057E8007BD0414B5B6CC3F3064307EE103AB8EE2F
:1057F800477AF7EE006A37EE267AC7EE876AFCEE3C
:10580800E66AC0ED016A384B1B6B13F4802F67D032
:10581800354B5B6CC3F3066307EE103AB8EE477A74
:10582800F7EE006A37EE267AC7EE876AFCEEE66A7C
:10583800C0ED026A10BD2C4B9B6813F4000F20D0FA
:10584800294B9B681B0F294C04EB830393ED006ADB
:10585800B8EE466A07EE102AB8EE477AC6EE076A2F
:1058680007EE101AB8EE477A9FED216A67EE867A3E
:1058780077EE277AB7EE007A77EE877A66EEA77A20
:1058880092E7194BD3F8F430C3F30333DBE707EEA1
:10589800102AB8EE477A9FED176AC6EE076A124BD0
:1058A8005B6CC3F3080307EE103AB8EE477A9FED36
:1058B800106A67EE867A77EE277AB7EE007A77EE87
:1058C800877A66EEA77A6FE7074BD3F8F430C3F30D
:1058D80003332FE7002303607EE70023436092E74A
:1058E80000238360A6E700BF000C024684EE000890
:1058F800000000390024744B00B58BB0A0F50043BC
:105908000B4300F0308348F20103984271F1000321
:1059180080F0D680A0F180030B4300F0E783812854
:1059280071F100032DD3A0F500630B4300F07984D7
:1059380040F60103984271F1000380F0A180A0F5C0
:1059480000730B4300F0B684A0F580630B4300F0AE
:10595800FA84A0F58070084340F09080B24BD3F8E9
:10596800E83003F0C003802B00F0148400F2F483C5
:10597800002B00F00784402B40F0EC83FEF7D8F8AA
:105988000FE0212871F1000354D250EA010300F01E
:105998005186013841F1FF31202871F1000103D30C
:1059A80000200BB05DF804FB1F28F9D801A353F8B9
:1059B80020F000BFD55D0008A9590008A9590008C2
:1059C800195E0008A9590008A9590008A959000832
:1059D8005D5E0008A9590008A9590008A9590008DE
:1059E800A9590008A9590008A9590008A959000887
:1059F800A15E0008A9590008A9590008A95900087A
:105A0800A9590008A9590008A9590008A959000866
:105A1800A9590008A9590008A9590008A959000856
:105A2800A9590008A9590008A9590008A959000846
:105A3800FB5E0008403808431ED17B4BD3F8E030AA
:105A480013F4406300F03B83B3F5806F00F03A83B2
:105A5800754A126812F4806F03D0B3F5006F00F036
:105A68004686714A106810F020009AD0B3F5406F4E
:105A780000F02B83002094E7002092E7002090E7B5
:105A8800A0F580530B4300F01E81A0F50050084399
:105A980014D1654BD3F8E43003F0E003402B00F059
:105AA800088100F2F780002B00F00881202B40F0DD
:105AB800EF8001A8FFF712FE019872E7002070E757
:105AC800A0F580030B4300F07483584B984271F1A2
:105AD80000032CD300F17C430B4300F04C85544B5E
:105AE800984271F1000374D200F17F430B4300F038
:105AF800B58400F17E430B4300F0F084A0F500006C
:105B0800084364D1484BD3F8E03003F44013B3F5AD
:105B1800001F00F08D8400F26E84002B00F0848456
:105B2800B3F5801F40F06484FEF702F839E7A0F56A
:105B380000230B4300F05C853E4B984271F1000353
:105B48001DD2A0F500330B4300F07C82A0F5802322
:105B58000B4371D0A0F5803008430ED1324BD3F8F7
:105B6800E43003F00703042B00F2BA85DFE813F0F2
:105B78004F0245024A0242025202002011E7A0F5F4
:105B880080130B4300F0B680A0F5001008431CD129
:105B9800254BD3F8E40010F4804040F01281D3F88C
:105BA800E03003F04063B3F1006F00F0F78000F2DB
:105BB800DF80002B00F0F780B3F1806F7FF4F1AE47
:105BC80004A8FFF77DFC0598EBE60020E9E6002035
:105BD800E7E600F178430B4300F0E98300F17040F9
:105BE80008431ED1104AD2F8E83003F40043D2F833
:105BF800F02012F0020F02D0002B00F0BE850A4AF6
:105C0800D2F8F00010F000603FF4CBAE002B00F0AB
:105C1800B885D2F8F03013F0805F00F0B585FA202F
:105C2800BFE60020BDE600BF000C024601004000B0
:105C38000100000401000800A84AD2F8F03003F47B
:105C48004073D2F8F02012F0020F03D0B3F5807F32
:105C580000F0F384A14AD2F8F02012F0006F02D0CD
:105C6800B3F5007F0BD09D4A126812F4003F00F094
:105C7800EC84B3F5407F00F0EB84002091E6974B6D
:105C8800D3F8F03013F0805F00F0DB84FA2088E668
:105C9800002086E6602B00F0DE84802B07D18F4B36
:105CA800186810F480603FF47CAE8D4879E60020D7
:105CB80077E607A8FFF7F6FA079872E604A8FFF751
:105CC800FFFB04986DE6854AD2F8E43003F40063DC
:105CD800126812F4806F02D0002B00F0C0847F4A53
:105CE800126812F4806F00F0BD84002B40F0BD8470
:105CF800002056E6794BD3F8E03003F04063B3F167
:105D0800006F22D00AD82BB3B3F1806F04D104A856
:105D1800FFF7D6FB059844E6002042E6B3F1406F52
:105D280011D16E4B186810F020003FF43AAE9B6812
:105D380013F4000F16D0694B9B68C3F30363694AD9
:105D480052F823002DE600202BE607A8FFF7AAFA51
:105D5800089826E6614B186810F400503FF421AE0D
:105D680061481EE65D4BD3F8F430C3F30323E6E73E
:105D7800B3F1406F7FF415AE584B186810F020004F
:105D88003FF40FAE9B6813F4000F14D0534B9B687D
:105D9800C3F30363534A52F8230002E607A8FFF748
:105DA80081FA0898FDE54D4B186810F400503FF44F
:105DB800F8AD4D48F5E5494BD3F8F430C3F3032368
:105DC800E8E707A8FFF76EFA0798EAE5434BD3F828
:105DD800E03013F0030315D0012B16D03F4A1268A8
:105DE80012F4806F02D0022B00F042843B4AD2F8B2
:105DF800F02012F0020F00F03E84032B00F03E84E6
:105E08000020CEE5FEF750FECBE5FDF791FEC8E594
:105E1800324BD3F8E03013F0300315D0102B16D0E6
:105E28002E4A126812F4806F02D0202B00F02A84C8
:105E38002A4AD2F8F02012F0020F00F02684302B04
:105E480000F026840020ACE5FEF71EFEA9E5FDF76C
:105E58006FFEA6E5214BD3F8E03013F0C00315D050
:105E6800402B16D01D4A126812F4806F02D0802B86
:105E780000F01284194AD2F8F02012F0020F00F054
:105E88000E84C02B00F00E8400208AE5FEF7FCFD8E
:105E980087E5FDF74DFE84E5104BD3F8E03013F4A9
:105EA800407318D0B3F5807F20D00C4A126812F4E2
:105EB800806F03D0B3F5007F00F0F883074AD2F86B
:105EC800F02012F0020F00F0F483B3F5407F00F0E9
:105ED800F383002065E5FEF7D7FD62E5000C024676
:105EE8000024F40084EE0008006CDC02FDF720FEBC
:105EF80057E5A64BD3F8E83013F007031CD0012B65
:105F08001DD0A24A126812F4806F02D0022B00F052
:105F1800D7839E4AD2F8F02012F0020F02D0032B4A
:105F280000F0D183994A106810F020003FF439AD91
:105F3800042B07D0002034E5FEF7C6FD31E5FDF758
:105F4800F7FD2EE5936813F4000F06D09368C3F3AA
:105F580003638F4A52F8230023E58C4BD3F8F430BF
:105F6800C3F30323F5E7894BD3F8E83003F4E043A0
:105F7800B3F5805F1BD0B3F5005F1BD0FBB1B3F561
:105F8800A04F1FD0814A126812F4003F03D0B3F526
:105F9800405F00F09C837D4A126812F4806F00F025
:105FA8009983B3F5804F00F098830020F9E4FDF75A
:105FB800BFFDF6E404A8FFF783FA0698F1E4FDF7BD
:105FC800FFFFEEE4714B186810F020003FF4E9ACD5
:105FD8009B6813F4000F07D06C4B9B68C3F30363F3
:105FE8006B4A52F82300DCE4684BD3F8F430C3F36F
:105FF8000323F5E74BF68030D3E407A8FFF752F9FF
:106008000798CEE401A8FFF769FB0298C9E4FDF7F9
:10601800D7FFC6E45D4B186810F020003FF4C1AC10
:106028009B6813F4000F07D0584B9B68C3F30363B6
:10603800574A52F82300B4E4544BD3F8F430C3F36E
:106048000323F5E7514BD3F8E83003F4E023B3F525
:10605800003F26D00AD84BB3B3F5803F04D107A838
:10606800FFF720F907989CE400209AE4B3F5403F35
:1060780000F03983B3F5802F11D1444B186810F024
:1060880020003FF48EAC9B6813F4000F11D03F4BF7
:106098009B68C3F303633E4A52F8230081E400205F
:1060A8007FE401A8FFF71AFB02987AE4FDF788FF5E
:1060B80077E4364BD3F8F430C3F30323EBE7FEF76A
:1060C800E3FC6EE4FDF734FD6BE4936813F4000F12
:1060D80006D09368C3F303632D4A52F8230060E4A3
:1060E8002A4BD3F8F430C3F30323F5E7274BD3F84F
:1060F800E03013F4405316D0B3F5805F16D0234A2E
:10610800126812F4806F03D0B3F5005F00F0F282DA
:106118001E4A106810F020003FF443ACB3F5405F0E
:1061280007D000203DE4FEF7AFFC3AE4FDF700FDA0
:1061380037E4936813F4000F06D09368C3F303633E
:10614800134A52F823002CE4104BD3F8F430C3F36D
:106158000323F5E7002024E4C02B11D10B4B18686A
:1061680010F020003FF41DAC9B6813F4000F1AD008
:10617800064B9B68C3F30363054A52F8230010E4F7
:1061880000200EE4FEF7A0FC0BE400BF000C024662
:1061980084EE0008AE4B186810F480603FF401AC40
:1061A800AC48FFF7FEBBAA4BD3F8F430C3F3032384
:1061B800E2E7A74BD3F8E03013F4404317D0B3F528
:1061C800804F18D0A24A126812F4806F03D0B3F53A
:1061D800004F00F092829E4A106810F020003FF4B1
:1061E800E0ABB3F5404F0AD00020FFF7DABBFEF76B
:1061F8004BFCFFF7D6BBFDF79BFCFFF7D2BB9368C0
:1062080013F4000F07D09368C3F30363924A52F85C
:106218002300FFF7C6BB8E4BD3F8F430C3F3032338
:10622800F4E78B4BD3F8E83013F4407318D1884B5C
:10623800186810F020003FF4B4AB9B6813F4000F0B
:1062480008D0834B9B68C3F30363834A52F8230047
:10625800FFF7A7BB7E4BD3F8F430C3F30323F4E76F
:106268007B4AD2F8F02012F0006F02D0B3F5807F9D
:1062780016D0774A126812F4806F03D0B3F5007F06
:1062880000F04282724AD2F8F02012F0020F00F0B9
:106298003E82B3F5407F00F03D820020FFF781BBCE
:1062A8006B4BD3F8F03013F0805F00F02982FA20AE
:1062B800FFF777BB664BD3F8E83013F4406318D187
:1062C800634B186810F020003FF46BAB9B6813F425
:1062D800000F08D05E4B9B68C3F303635E4A52F815
:1062E8002300FFF75EBB5A4BD3F8F430C3F3032304
:1062F800F4E7574AD2F8F02012F0006F02D0B3F555
:10630800806F16D0524A126812F4806F03D0B3F52A
:10631800006F00F007824E4AD2F8F02012F0020F08
:1063280000F00382B3F5406F00F002820020FFF70F
:1063380038BB474BD3F8F03013F0805F00F0EE81A4
:10634800FA20FFF72EBB424BD3F8E03013F440237A
:106358001FD03F4AD2F8F02012F0006F02D0B3F5F8
:10636800802F1AD03A4A126812F4806F03D0B3F51E
:10637800002F00F0E581364AD2F8F02012F0020F23
:1063880000F0E181B3F5402F00F0E0810020FFF735
:1063980008BBFEF779FBFFF704BB2D4BD3F8F030B1
:1063A80013F0805F00F0C881FA20FFF7FABA284A94
:1063B800D2F8E03003F04073126812F4003F02D0C4
:1063C800002B00F0D181B3F1807F05D0B3F1007FBD
:1063D80008D00020FFF7E5BA07A8FEF763FF089882
:1063E800FFF7DFBA04A8FFF76BF80498FFF7D9BAEC
:1063F8000020FFF7D6BAB3F5401F12D1144B186826
:1064080010F020003FF4CDAA9B6813F4000F18D0B9
:106418000F4B9B68C3F303630F4A52F82300FFF73F
:10642800C0BA0020FFF7BDBAFEF73EFBFFF7B9BAC6
:10643800074B186810F480603FF4B3AA0548FFF7CB
:10644800B0BA034BD3F8F430C3F30323E4E700BF37
:10645800000C02460024F40084EE0008BD4BD3F87B
:10646800E03003F44033B3F5003F28D00AD813B323
:10647800B3F5803F03D1FDF75BFBFFF792BA00202D
:10648800FFF78FBAB3F5403F12D1B24B186810F03E
:1064980020003FF486AA9B6813F4000F18D0AD4B78
:1064A8009B68C3F30363AC4A52F82300FFF779BA39
:1064B8000020FFF776BAFEF7E7FAFFF772BAA54BA6
:1064C800186810F480603FF46CAAA448FFF769BA12
:1064D800A04BD3F8F430C3F30323E4E79D4BD3F880
:1064E800E83003F01803182B00F24181DFE813F0BD
:1064F80019003F013F013F013F013F013F013F01BB
:106508001D003F013F013F013F013F013F013F01A6
:1065180021003F013F013F013F013F013F013F0192
:106528002A00FEF7D1FAFFF73CBAFDF701FBFFF7A7
:1065380038BA884B186810F480603FF432AA87484C
:10654800FFF72FBA834B186810F020003FF429AAF0
:106558009B6813F4000F08D07E4B9B68C3F303635A
:106568007D4A52F82300FFF71CBA7A4BD3F8F4306F
:10657800C3F30323F4E7774BD3F8E43003F4401371
:10658800B3F5001F24D019D843B3B3F5801F12D137
:10659800704B186810F020003FF403AA9B6813F4AE
:1065A800000F1FD06B4B9B68C3F303636A4A52F812
:1065B8002300FFF7F6B90020FFF7F3B9B3F5401F42
:1065C80040F0D88004A8FEF77BFF0598FFF7E9B9EB
:1065D80007A8FEF767FE0898FFF7E3B9FDF7A8FAE2
:1065E800FFF7DFB95B4BD3F8F430C3F30323DDE7E0
:1065F800584AD2F8E43003F44053126812F4005FAA
:1066080002D0002B00F0C480524A126812F4005FD6
:1066180003D0B3F5805F00F0BE804E4A126812F4D2
:10662800806F00F0BB80B3F5005F00F0BA800020F7
:10663800FFF7B7B90020FFF7B4B94FF40040FFF7F0
:10664800B0B94FF4FA40FFF7ACB90020FFF7A9B989
:106658004348FFF7A6B94BF68030FFF7A2B93F4889
:10666800FFF79FB90020FFF79CB93E48FFF799B99B
:106678003A48FFF796B90020FFF793B94FF4004066
:10668800FFF78FB93548FFF78CB90020FFF789B9B4
:106698004FF40040FFF785B93048FFF782B9002072
:1066A800FFF77FB94FF40040FFF77BB92B48FFF79E
:1066B80078B90020FFF775B94FF40040FFF771B9BA
:1066C8002648FFF76EB94FF40040FFF76AB9234830
:1066D800FFF767B90020FFF764B92048FFF761B9F1
:1066E8000020FFF75EB94BF68030FFF75AB91B4818
:1066F800FFF757B91948FFF754B91848FFF751B9C8
:106708004FF4FA40FFF74DB91448FFF74AB9002093
:10671800FFF747B94FF40040FFF743B94FF4FA4089
:10672800FFF73FB90D48FFF73CB90020FFF739B92B
:106738004FF40040FFF735B94FF4FA40FFF731B98D
:106748000648FFF72EB90020FFF72BB94FF4004099
:10675800FFF727B9000C024684EE00080024F40075
:1067680020A1070000127A000F48FFF71AB900208D
:10677800FFF717B90020FFF714B94FF40040FFF7EF
:1067880010B91846FFF70DB94FF4FA40FFF709B9E9
:106798000648FFF706B90648FFF703B90020FFF7D8
:1067A80000B90148FFF7FDB80024F400006CDC02D2
:1067B80000366E01F0B504460023DAE0056825EAE4
:1067C8000C054C6804F001049C402C4304607F4D88
:1067D80055F8334005EBC3056D68EF08083754F8E2
:1067E800276005F0070C4FEA8C0C4FF00F0E0EFADD
:1067F8000CFE26EA0E0E0B2606FA0CF646EA0E06E4
:1068080044F8276027684FEA450C032606FA0CF679
:1068180027EA0607022606FA0CF63E43266021E020
:10682800DE08083650F8265003F00707BF004FF07F
:106838000F0C0CFA07FC25EA0C0C0D6905F00F0586
:10684800BD4045EA0C0540F8265026685F00032540
:10685800BD4026EA05064D6805F00305BD403543F1
:1068680025601D464E6806F1FF3CBCF1010F03D9B7
:10687800112E01D0122E1CD1A6684FEA450E4FF0FA
:10688800030C0CFA0EFC26EA0C0CCE6806FA0EF67F
:1068980046EA0C06A66066684FF0010C0CFA05FC87
:1068A80026EA0C0C4E68C6F30016AE4046EA0C0603
:1068B80066604E68032E00F08280E6686D004FF037
:1068C800030C0CFA05FC26EA0C0C8E68AE4046EA6E
:1068D8000C06E6604D6815F0805F49D09E083C4F75
:1068E800183657F8265003F0030C4FEACC0C4FF03B
:1068F8000F0E0EFA0CFE25EA0E0E364D05EA90250F
:1069080005FA0CF545EA0E0547F826503E686FEA89
:10691800020C26EA02074D6815F4801F01D042EAEE
:1069280006072B4E376076680CEA06074D6815F4A3
:10693800001F01D042EA0607254E7760D6F884602A
:106948000CEA06074D6815F4003F01D042EA060735
:106958001F4EC6F88470D6F880600CEA06054F68AA
:1069680017F4803F01D042EA0605194AC2F8805060
:1069780001330A6832FA03F526D04FF0010C0CFAFD
:1069880003FC1CEA0202F3D0134DA8423FF416AFF1
:106998004D68022D3FF444AF122D3FF441AF2668F5
:1069A8004FEA430C032707FA0CF726EA070605F017
:1069B800030505FA0CF5354325601D4652E78E6838
:1069C800012E7FF47AAF85E7F0BD00BFDCED00084B
:1069D800002002467F7F2F00000002460AB1816135
:1069E800704781627047012906D0022907D049B94A
:1069F80042608260084670474260002070478260AB
:106A0800002070470120704710B1016000207047D6
:106A18000120704770B506460368C3F3004403F0CD
:106A28001F0301259D406401084BE2582A4203D008
:106A3800E550436803B19847054BE2582A4203D012
:106A4800E550B36803B1984770BD00BF0C200246FB
:106A580010200246244BDB6B03F44033834219D0E9
:106A6800B0F5803F20D9204AD36823F4E0230343BC
:106A780043F48023D3601D4B1B681D4AA2FB0313FC
:106A88009B09322101FB03F3A2FB03239B0901337A
:106A98001A4611E0B0F5803F04D9134AD36843F48D
:106AA8008023D360002070470F4AD36823F4E02383
:106AB8000343D360DFE7013A0B49C96811F4004F7B
:106AC80001D1002AF7D112B903207047013B064AC9
:106AD800D26B12F4004F01D1002BF7D10BB100207B
:106AE80070470320704700BF0008024608000020D6
:106AF800D34D6210024BD86B00F44030704700BF92
:106B080000080246174B1B68174AA2FB03139B0990
:106B1800322101FB03F3A2FB03239B09013380B954
:106B280012498A6822F002028A6000E0013B0F4A9B
:106B3800D26B12F0020F01D0002BF7D183B10020E5
:106B480070470A498A6842F002028A6000E0013B05
:106B5800064AD26B12F0020FF0D1002BF7D1EDE705
:106B68000320704708000020D34D62100008024639
:106B7800436E2BB90123A0F86A30A0F8683070473B
:106B880030B403689A68C2F342629968490F094DA4
:106B98006B5CDB00084C615C93FBF1F3A0F86A3096
:106BA800AB5CDB00A25C93FBF2F3A0F8683030BC6E
:106BB800704700BF64EE00085CEE000890F884306F
:106BC800012B18D0012380F884302423C0F88830A2
:106BD80003681A68196821F00101196022F000524F
:106BE8000023436601680A602022C0F8882080F8E4
:106BF8008430184670470220704738B590F88430C2
:106C0800012B1DD00446012380F884302423C0F8CA
:106C1800883003681D681A6822F001021A60026849
:106C2800936823F0604319439160FFF7A1FF23683D
:106C38001D602023C4F88830002084F8840038BD03
:106C48000220FCE738B590F88430012B1DD00446AB
:106C5800012380F884302423C0F8883003681D6835
:106C68001A6822F001021A600268936823F06063D0
:106C780019439160FFF77CFF23681D602023C4F847
:106C88008830002084F8840038BD0220FCE70268C0
:106C980052E8003F23F4907342E800310029F6D10E
:106CA800026802F1080353E8003F23F0805323F001
:106CB8000103083242E800310029F1D1C36E012BEB
:106CC80006D02023C0F88C300023C3664367704782
:106CD800026852E8003F23F0100342E8003100291F
:106CE800F6D1EEE770B5044601688368026913437C
:106CF80042691343C26913430868674A02401A434A
:106D08000A602268536823F44053E1680B435360D8
:106D1800A1692268614B9A4205D003F180539A42D7
:106D280001D0236A1943936823F06E4323F4306338
:106D38000B4393602268D36A23F00F03616A0B4305
:106D4800D3622368564A934212D0A2F57042934206
:106D580035D002F58062934233D002F580629342C7
:106D680031D04E4A934201D0002002E0202000E0BA
:106D780001204A4A934228D002F18052934224D0FB
:106D8800E369B3F5004F4FD00021FEF7B5FD0028A9
:106D98007ED0616A434A32F81120B0FBF2F3626890
:106DA80003EB5203B3FBF2F3A3F110014FF6EF72BA
:106DB80091426FD822689BB2D360002055E004202E
:106DC800D7E70820D5E71020D3E70021FEF794FD88
:106DD8000146002848D0626A324B33F81220B0FBD3
:106DE800F2F3656805EB4500984247D8B3EB053FD9
:106DF80046D80026334608463146F9F725FF0902EA
:106E080041EA106100026B08C0182A46334641F176
:106E18000001F9F719FFA0F54072234B9A4231D8C7
:106E28002368D860304620E00021FEF765FD58B39E
:106E3800616A1C4A32F81120B0FBF2F261684B0813
:106E480003EB4203B3FBF1F3A3F110014FF6EF722A
:106E580091421BD89AB222F00F02C3F342031343A4
:106E68002268D360002000E000200123A4F86A30E3
:106E7800A4F8683000236367A36770BD0120F4E7B6
:106E88000120F2E70120F0E70020EEE70120ECE71F
:106E98000020EAE70120E8E7F369FFCF0024004675
:106EA800003801406CEE0008FFFC0F00836A13F005
:106EB800080F06D00268536823F40043816B0B4324
:106EC8005360836A13F0010F06D00268536823F4F5
:106ED8000033C16A0B435360836A13F0020F06D074
:106EE8000268536823F48033016B0B435360836A51
:106EF80013F0040F06D00268536823F48023416B13
:106F08000B435360836A13F0100F06D0026893682E
:106F180023F48053C16B0B439360836A13F0200FF3
:106F280006D00268936823F40053016C0B43936006
:106F3800836A13F0400F0AD00268536823F4801361
:106F4800416C0B435360436CB3F5801F0BD0836ACD
:106F580013F0800F06D00268536823F40023C16C35
:106F68000B43536070470268536823F4C003816C75
:106F78000B435360EBE72DE9F84305460E461746E9
:106F88009946DDF820802B68DC6936EA04040CBFDA
:106F980001240024BC4236D1B8F1FF3FF3D0FBF7FF
:106FA8003FFFA0EB0900404530D8B8F1000F2FD0C3
:106FB8002B681A6812F0040FE5D0802EE3D0402E1B
:106FC800E1D0DA6912F0080F11D1DA6912F4006F12
:106FD800D9D04FF400621A622846FFF758FE2023E2
:106FE800C5F89030002385F8843003200CE008248D
:106FF8001C622846FFF74BFEC5F89040002385F831
:107008008430012000E00020BDE8F8830320FBE77E
:107018000320F9E72DE9F04182B01E46D0F8883008
:10702800202B5AD104460D469046002959D00AB95A
:10703800012053E00023C0F890302123C0F88830A5
:10704800FBF7EEFE0746A4F85480A4F85680A36820
:10705800B3F5805F02D04FF0000816E0236943B310
:107068004FF0000811E02023C4F88830032035E0F1
:1070780038F8023B2268C3F308039362B4F8562039
:1070880092B2013A92B2A4F85620B4F856309BB2A4
:1070980093B100963B46002280212046FFF76BFF04
:1070A8000028E0D1002DE3D015F8012B23689A625F
:1070B800E4E7A8460025E8E700963B460022402181
:1070C8002046FFF758FF18B92023C4F8883005E098
:1070D8002023C4F88830032000E0022002B0BDE875
:1070E800F0810120FAE72DE9F04383B01E46D0F87D
:1070F8008C30202B7DD104460D46904600297CD04B
:107108000AB9012076E00023C0F890302222C0F8A6
:107118008C20C366FBF784FE0746A4F85C80A4F8BD
:107128005E80A368B3F5805F06D0A3B9226972B9FF
:10713800FF22A4F8602014E0226922B940F2FF126D
:10714800A4F860200DE0FF22A4F8602009E07F2267
:10715800A4F8602005E0B3F1805F0AD00022A4F80B
:107168006020B4F86080B3F5805F0CD04FF0000960
:1071780023E022691AB97F22A4F86020F1E73F22B0
:10718800A4F86020EDE7236913B14FF0000914E07B
:10719800A946002511E02023C4F88C30032029E0FB
:1071A80023685B6A08EA030329F8023BB4F85E2007
:1071B80092B2013A92B2A4F85E20B4F85E309BB263
:1071C80093B100963B46002220212046FFF7D3FECC
:1071D8000028E0D1002DE3D023685A6A5FFA88F3CB
:1071E800134005F8013BE1E72023C4F88C30002068
:1071F80000E0022003B0BDE8F0830120FAE730B5D3
:1072080083B004460023C0F89030FBF709FE05461A
:107218002268126812F0080F10D123681B6813F057
:10722800040F28D12023C4F88830C4F88C300020FB
:10723800E066206784F8840003B030BD6FF07E43B9
:107248000093034600224FF400112046FFF793FEF7
:107258000028E2D0226852E8003F23F0800342E889
:1072680000310029F6D12023C4F88830002384F89F
:1072780084300320E0E76FF07E4300932B46002222
:107288004FF480012046FFF776FE0028CAD0226816
:1072980052E8003F23F4907342E800310029F6D108
:1072A800226802F1080353E8003F23F00103083283
:1072B80042E800310029F3D12023C4F88C300023A0
:1072C80084F884300320B7E778B310B50446D0F8C3
:1072D80088300BB32423C4F888302268136823F05D
:1072E80001031360A36AE3B92046FFF7FBFC0128FA
:1072F80011D02268536823F490435360226893683E
:1073080023F02A0393602268136843F00103136093
:107318002046FFF774FF10BD80F88430FAF782FA30
:10732800D8E72046FFF7C2FDDEE7012070470000DE
:107338000E48D0F8883043F47003C0F888300C4BFE
:1073480001221A600022DA611A625A62196821F071
:10735800A85121F4102119609A62196821F480213A
:1073680019601A654FF000638360704700ED00E014
:10737800000C0246B0B100B585B086460A4B02AA99
:1073880003F1200103C982E80300EC46283393E89F
:1073980003008CE803006146704604F0A1F805B0CC
:1073A8005DF804FB0020704720E7000838B5044664
:1073B8000A460121654803F0F1FF0546002800F060
:1073C800BF80634A136843F0804313605F4B1B68B8
:1073D8009360D3605F4A116841F08041116003F502
:1073E80090619160D1605C4A116841F08041116000
:1073F80003F5B0619160D160584A116841F080414D
:10740800116003F5AC519160D160554A116841F0A3
:107418008041116003F5B4519160D160514A1168FF
:1074280041F08041116003F51A519160D1604E4AD4
:10743800116841F08041116003F51E519160D160DF
:107448004A4A116841F08041116003F54E5191603C
:10745800D160474A116841F08041116003F55151EC
:107468009160D160434A116841F08041116003F591
:10747800804140319160D1603F4A116841F08041BC
:10748800116003F582419160D1603C4A116841F076
:107498008041116003F594419160D160384A1168C8
:1074A80041F08041116003F5954140319160D16010
:1074B800344A116841F08041116003F5A14140311F
:1074C8009160D160304A116841F08041116003F544
:1074D800A24140319160D1602C4A116841F080414D
:1074E800116003F5AE4140319160D160284A1168BE
:1074F80041F08041116003F5AF4140319160D160A6
:10750800244A116841F08041116003F5B7414031C8
:107518009160D160204A116841F08041116003F503
:10752800B84140319160D1601C4A116841F08041F6
:10753800116003F5BA4360339360D360284638BDC1
:1075480012223021204603F0F9FFF7E7A0180020A7
:10755800281300201813002008130020F812002018
:10756800E8120020D8120020C8120020B81200200B
:10757800A8120020981200208812002078120020FB
:1075880068120020581200204812002038120020EB
:10759800281200201812002008120020F8110020DC
:1075A80038B504460A4601213D4803F047FF054621
:1075B80000286FD03A4B1B6803F54171394A916036
:1075C800D16003F1600238498A60CA6003F1200182
:1075D80036488160C16036488260C26003F55874DD
:1075E80034488460C46034488260C26003F56874BB
:1075F80032488460C46032488260C26003F1A002ED
:1076080030488260C26030488160C1602F48826023
:10761800C26003F540702E4A9060D06003F15002BA
:107628002C488260C26003F524742B488460C460CF
:107638002A488260C26003F1800229488260C260E1
:1076480028488160C16028498A60CA6003F50871CA
:10765800264A9160D16003F1400225498A60CA60D8
:1076680003F5E07023498860C86023498A60CA60CE
:1076780003F55171214A9160D16003F57872204970
:107688008A60CA601F498B60CB601F4B9A60DA60C2
:10769800284638BD13223021204603F04FFFF7E774
:1076A800A418002018140020E81100200814002055
:1076B800D8110020F8130020C8110020E81300207A
:1076C800D8130020B8110020C8130020A8110020EA
:1076D800B813002098110020A81300209813002048
:1076E80088110020881300207811002078130020CA
:1076F800681100206813002058130020581100203A
:1077080048130020481100203813002008B503F062
:1077180009FF08BD00B583B000230193052300933A
:107728000123034A03F0F8FF03B05DF804FB00BF30
:107738006400002008B510B103F006FF08BD024838
:10774800024B0360F8E700BF640000200001C0A1FD
:1077580008B510B103F06EFF08BD0248024B036084
:10776800F8E700BF640000200001C0A1F8B5064694
:107778000D4604F013F878B107462946FFF716FEC0
:10778800044629463846FFF70BFF0440E4B230466A
:1077980004F09CF82040F8BD0020FCE72DE9F041FA
:1077A8008EB080460E4615460021FFF7B3FF074608
:1077B80010F0FF0F02D00EB0BDE8F0816846FFF769
:1077C800D9FD08B100240CE0D8F80000FFF79EFFAF
:1077D800F1E756F82420214603A803F0D1FD01342F
:1077E800A4B2D6B1BDF80E30A342F2D8002407E007
:1077F80055F82420214601A803F0C2FD0134A4B2A3
:107808001DB1BDF80630A342F2D86946D8F8000089
:10781800FFF7ACFF18B13846CDE70024F0E7D8F8F9
:107828000000FFF773FF0746F5E708B504F07AF89C
:1078380008BD000008B5054B1868FFF767FF020A86
:10784800C1B2034800F0A6FD08BD00BFC01C00205F
:10785800DCEC000838B5002215491648FFF79EFFF2
:1078680010F0FF0F19D1134D00212868FFF762FFB0
:10787800114C206000212868FFF76AFF0F4B186041
:10788800236883B178B10E4A12685A600D4B1B68A1
:1078980043600D4B01221A7038BD0C4800F0E2FD20
:1078A800FFF7C8FFF8E70A4800F0DCFDF4E700BF7F
:1078B80030140020C01C0020B0180020AC18002094
:1078C8002C14002028140020A8180020F8EC000828
:1078D80008ED000808B5094B1B780BB9002008BD56
:1078E800074B1A68074B1968074B1868FFF79DFF85
:1078F8000128F4D0FFF79EFF0020F0E7A818002029
:10790800AC180020B0180020C01C00200D48854687
:10791800FFF70EFD0C480D490D4A002302E0D4582C
:10792800C4500433C4188C42F9D30A4A0A4C0023C1
:1079380001E013600432A242FBD300F037FFF9F7ED
:10794800B5FDFEE70000042000000020FC15002023
:10795800F45E0108FC150020141E0020FEE72DE946
:10796800FF4757EC106B002F0C4619463B46B4BF37
:1079780007F1004300239146BFBF32461F462D231F
:107988001646DDF830A00B700D9B23F02008B8F1E7
:10799800460F05D0B8F1450F00D10134022100E0AF
:1079A800032103AB2246019302AB47EC106B009313
:1079B800534600F0CDFFB8F1470F054619D119F02D
:1079C800010F0ED000EB040900220023304639468F
:1079D800F9F77AF808B1CDF80C903022039B4B45A3
:1079E8001ED3039B28460E9A5B1B136004B0BDE8A8
:1079F800F087B8F1460F00EB0409E5D10378302B86
:107A08000AD10022002330463946F9F75DF818B943
:107A1800C4F10104CAF80040DAF800309944D3E709
:107A2800591C03911A70D9E7F7B500290270BABF3B
:107A380049422D232B230929437028DD0DF1070323
:107A48000A271D461A46013BB1FBF7F607FB161439
:107A5800303402F8014C0C463146632CF2DC3031EC
:107A6800941E03F8011C411C2346AB420AD30DF1B6
:107A780009039B1AAC4288BF002302330344181A37
:107A880003B0F0BD13F8016B01F8016FEDE7302387
:107A980030318370031DC170F1E700002DE9F04F0C
:107AA8008DB00C4616461F46DDF85880054600F096
:107AB80033FE036818460493F8F7DAFB00230590B1
:107AC8000A93D8F8003094F818A00733D4F800B017
:107AD80023F0070303F10802C8F800204FF0FF3233
:107AE800D3E9008929F00043CDF8188007939D4B0E
:107AF800DDE90601C4E91289F9F718F870BB4FF0FF
:107B0800FF32984BDDE90601F8F7F2FF30BB00229F
:107B1800002340464946F8F7E1FF10B12D2384F8C9
:107B28004330914A914BBAF1470F8CBF9046984623
:107B380003234FF0000923612BF00403236033462D
:107B48000BAA21462846009700F0D2F9013040F0F0
:107B58008D804FF0FF300DB0BDE8F08F42464B46A8
:107B680040464946F8F7E2FF40B14B46804A002BB1
:107B7800BCBF2D2384F843307E4BD4E70AF0DF02E4
:107B8800636806925A1C3BD1062363604BF48062FB
:107B980000232846226003930AABCDE901A309AB71
:107BA80049EC108B00930DF123036168FFF7D7FEB2
:107BB800069B80460999472B29D1C81C02DB6368BC
:107BC800994241DDAAF1020A5FFA8AFA013952465E
:107BD80004F150000991FFF727FF0A9A814613180C
:107BE800012A236102DC2268D20701D5013323610F
:107BF8009DF82330002BA2D02D2384F843309EE734
:107C0800069A472AC2D1002BC0D10123BDE7BAF199
:107C1800650FDBD9BAF1660F18D1002963680BDD4F
:107C2800216113B92268D00702D501330B442361BF
:107C38004FF00009A165DBE713B92268D20701D527
:107C48000233F4E70123F2E74FF0670A0A9B9942EF
:107C580005DB23682161D807EAD54B1CE7E7002933
:107C6800D4BFC1F1020201221344E0E723685A0598
:107C780007D42369424631462846B84701302BD1FC
:107C880067E7BAF1650F40F2DD8000220023D4E9EE
:107C98001201F8F719FF002833D00123364A31467C
:107CA8002846B84701303FF454AFDDE90938434569
:107CB80002DB2368D8070FD531462846DDE90423BF
:107CC800B84701303FF445AF4FF0000908F1FF38DD
:107CD80004F11A0AC84509DC23689B0700F10381EF
:107CE800E0680B9B9842B8BF184634E70123524618
:107CF80031462846B84701303FF42BAF09F1010956
:107D0800E8E7099B002B39DC01231B4A314628464A
:107D1800B84701303FF41DAFDDE9093959EA0303DB
:107D280002D12368D907D7D531462846DDE904238F
:107D3800B84701303FF40DAF4FF0000A04F11A0BB9
:107D4800099B5B42534501DC4B4693E701235A46A6
:107D580031462846B84701303FF4FBAE0AF1010A24
:107D6800EEE700BFFFFFEF7FA05701089C5701080F
:107D7800A8570108A4570108AC570108A36DDDF8FE
:107D880028A05345A8BF5346002B994636DC4FF030
:107D9800000B29EAE97904F11A02A36D0693A3EB13
:107DA80009035B4531DC099B9A453ADC2368DA070D
:107DB80037D4099BAAEB0309069BAAEB0303994551
:107DC800A8BF9946B9F1000F33DC4FF0000829EA43
:107DD800E97904F11A0B099BAAEB0303A3EB090346
:107DE80043457FF779AF01235A4631462846B847BD
:107DF80001303FF4AEAE08F10108ECE742463146E7
:107E08002846B8470130C2D1A3E6012331462846A7
:107E18000692B84701303FF49CAE0BF1010B069A6D
:107E2800BBE7DDE9042331462846B8470130C0D115
:107E38008FE6069A4B46314628464244B8470130F9
:107E4800C3D186E6DDF828A0BAF1010F01DCDB0713
:107E580036D50123424631462846B84701303FF41B
:107E680078AE31462846DDE90423B84701303FF4AF
:107E780070AE002200230AF1FF3AD4E91201F8F7A4
:107E880023FEC0B9534608F1010231462846B847D7
:107E980001300CD15DE601235A4631462846B847E1
:107EA80001303FF456AE08F10108D045F3DB4B46EC
:107EB80004F15002DFE64FF0000804F11A0BF4E772
:107EC80001234246E1E701234A4631462846B8479E
:107ED80001303FF43EAE08F10108E3680B995B1AE4
:107EE8004345F0DCFCE64FF0000804F11909F4E71B
:107EF8002DE9F047164698468A6807460B690C46EE
:107F0800DDF820909342B8BF1346336091F84320C0
:107F18000AB1013333602368990642BF33680233DC
:107F28003360256815F0060506D104F1190AE368DF
:107F380032689B1AAB422BDC94F843302268003B32
:107F480018BF0123920630D404F143024146384653
:107F5800C847013023D023681A3454F80A2C03F098
:107F68000603042B0ABF54F80E5C002533684FF053
:107F7800000608BFED1A54F8123C08BF25EAE5755B
:107F88009342C4BF9B1AED18B5421AD1002008E0ED
:107F98000123524641463846C847013003D14FF0C5
:107FA800FF30BDE8F0870135C1E7E1185A1C3020E1
:107FB8000233224481F8430094F8451082F84310B4
:107FC800C2E70123224641463846C8470130E6D079
:107FD8000136D9E72DE9FF470F7E914680460C46CA
:107FE800782F9A460C9E01F1430207D8622F0AD8CF
:107FF800002F00F0D180582F00F0B88004F142061D
:1080080084F842703AE0A7F16303152BF6D801A172
:1080180051F823F075800008898000080580000861
:108028000580000805800008058000088980000890
:108038000580000805800008058000080580000804
:1080480087810008B3800008418100080580000886
:1080580005800008A981000805800008B380000891
:1080680005800008058000084981000833681A1D4A
:108078001B68326004F1420684F8423001239CE018
:1080880033682068191D3160060601D51D6803E0B4
:108098004506FBD5B3F90050002D03DA2D236D42B8
:1080A80084F8433058480A2311E0216833680806E9
:1080B80053F8045B02D4490648BFADB26F2F336052
:1080C800514814BF0A230823002184F84310666826
:1080D800002EA66005DB21682E4321F004012160F3
:1080E8004BD01646B5FBF3F103FB1157C75D06F8F5
:1080F800017D2F460D46BB42F4D9082B0BD12368CE
:10810800DF0708D5236961689942DEBF302306F886
:10811800013C06F1FF36921B22614B4603AA214619
:108128004046CDF800A0FFF7E3FE01304AD14FF0FA
:10813800FF3004B0BDE8F087236843F020032360D4
:1081480078273248236884F845701F06316851F84B
:10815800045B02D45F0648BFADB23160D90744BFA3
:1081680043F0200323601DB11023ADE72648E9E75B
:10817800236823F020032360F6E71646BDE733683B
:108188002568181D616930602E061B6801D51960C5
:1081980002E06806FBD51980002316462361BCE778
:1081A800336800211A1D32601E686268304600F08C
:1081B80024FB08B1801B606063682361002384F896
:1081C8004330AAE72369324649464046D047013042
:1081D800ADD023689B0713D4E068039B9842B8BFCF
:1081E8001846A6E70123324649464046D0470130A3
:1081F8009DD00135E36803995B1AAB42F2DCEBE7EB
:10820800002504F11906F5E7AE570108BF57010824
:10821800002310B504468360818119464366C281F4
:1082280008228361C0E90033C0E904335C3000F000
:108238006BFA0D4B246263620C4BA3620C4BE36236
:108248000C4B23630C4B9C4206D003F1680294420A
:1082580002D0D0339C4205D104F15800BDE810404B
:1082680000F0C8BA10BD00BFE98400080B850008FB
:108278004385000867850008C41C0020024A03499A
:10828800034800F069B800BF341400203DA400087A
:108298004414002041680C4B994210B5044601D0A3
:1082A80002F0C8F8A168094B994202D0204602F0B2
:1082B800C1F8E168064B994204D02046BDE8104059
:1082C80002F0B8B810BD00BFC41C00202C1D00204F
:1082D800941D002010B50B4B04210B4C0B4A204673
:1082E8001A600022FFF794FF04F1680001220921B7
:1082F800FFF78EFF04F1D00002221221BDE81040E2
:10830800FFF786BFFC1D0020C41C002085820008E2
:10831800014800F070BA00BF051E0020014800F0B7
:108328006BBA00BF051E002010B50446FFF7F0FF2A
:10833800236A1BB1BDE81040FFF7F0BF044B23626E
:10834800044B1B68002BF5D1FFF7C4FFF2E700BF11
:108358009D820008FC1D00202DE9F8430746884649
:1083680014460026D4E90195B9F1010905D5246818
:10837800002CF7D13046BDE8F883AB89012B07D92B
:10838800B5F90E30013303D029463846C0470643B5
:108398006835E9E70FB407B5064904AB086853F830
:1083A800042B8168019301F0A9FE03B05DF804EB8A
:1083B80004B0704740140020036A70B505460E46A5
:1083C80084680BB9FFF7B0FF636EDB0705D4A38998
:1083D800980502D4A06D00F00EFAA389190702D5FA
:1083E8002369002B35D12146284600F037F980B3A0
:1083F8004FF0FF35636EDA0705D4A3899B0502D4D5
:10840800A06D00F0F9F9284670BD002B04DAA269C6
:108418009A4217DC0A2915D023685A1C2260197061
:10842800A36816F8011F013BA3600029EDD1002BBA
:1084380011DA22460A21284600F0D2F80130D7D0B6
:108448000A25D7E72246284600F0CAF80130E7D1C6
:10845800CEE7013EE4E723685A1C22600A221A701C
:10846800EEE70000024B01461868FFF7A5BF00BF02
:10847800401400200CB4194B30B50C1E9DB01D687B
:1084880008DA8B234FF0FF302B601DB0BDE8304079
:1084980002B070474FF402730290069002A9ADF83B
:1084A80014304FF00003209A28461B9314BF04F1A0
:1084B800FF332346049307934FF6FF73ADF8163046
:1084C80021AB019301F0F4FC431CBCBF8B232B6050
:1084D800002CDAD0029B00221A70D6E74014002044
:1084E80010B50C46B1F90E1000F03CF90028ABBFEE
:1084F800636DA3891B1823F48053ACBF6365A38104
:1085080010BD2DE9F0411F468B8905460C46DB0559
:10851800164605D502230022B1F90E1000F010F915
:10852800A3893246B4F90E10284623F48053A38158
:108538003B46BDE8F04100F027B910B50C46B1F94B
:108548000E1000F0FDF8431CA38915BF606523F4E5
:10855800805343F48053A38118BFA38110BDB1F9A0
:108568000E1000F0DDB830B514469BB005461A462B
:10857800002C05DA8B2303604FF0FF301BB030BDB1
:108588004FF40273009104916946ADF80C304FF036
:108598000003199314BF04F1FF3323460293059394
:1085A8004FF6FF73ADF80E301E9B01F081FC431CA3
:1085B800BCBF8B232B60002CE0D0009B00221A70DC
:1085C800DCE7000007B5009313460A460146034856
:1085D8000068FFF7C8FF03B05DF804FB40140020F3
:1085E800F8B50E461446054618B1036A0BB9FFF7ED
:1085F8009BFEA369A360A3891A0701D5236943B920
:108608002146284600F02AF818B14FF0FF373846BF
:10861800F8BD2368F6B222693746981A636983421F
:1086280005DC2146284601F005FF0028EDD1A368A6
:10863800013BA36023685A1C22601E70431C6269B8
:108648009A4204D0A389DB07E1D50A2EDFD121465F
:10865800284601F0EFFE0028D9D0D6E738B5294BD7
:1086680005460C46186818B1036A0BB9FFF75CFE9B
:10867800B4F90C30190722D4DA0607D409222A6083
:1086880043F040034FF0FF30A38133E0580712D581
:10869800616B41B104F14403994202D0284600F0CD
:1086A80029FF00236363A38923F02403A381002304
:1086B800636023692360A38943F00803A3812369C6
:1086C8004BB9A38903F42073B3F5007F03D0214687
:1086D800284601F0FCFEB4F90C3013F001020AD070
:1086E8000022A26062695242A261226942B913F073
:1086F8008000C5D138BD990758BF6269A260F4E708
:108708000020F7E74014002002440346934200D1BA
:10871800704703F8011BF9E70048704780150020EF
:1087280038B50023054D044608462B6002F09CFD31
:10873800431C02D12B6803B1236038BD001E002002
:1087480038B50446064D0846114600222A601A46E6
:1087580002F0B2FD431C02D12B6803B1236038BD7F
:10876800001E002038B50446064D08461146002272
:108778002A601A4602F0A8FD431C02D12B6803B1F7
:10878800236038BD001E002038B50446064D084653
:10879800114600222A601A4602F0ACFD431C02D1A1
:1087A8002B6803B1236038BD001E002070B50D4D45
:1087B80000260D4C641BA410A64209D10B4D0026BF
:1087C8000B4C05F08FFF641BA410A64205D170BDA9
:1087D80055F8043B01369847EEE755F8043B013657
:1087E8009847F2E7EC5E0108EC5E0108EC5E0108D0
:1087F800F05E0108704770477047C9B203460244EB
:1088080010B59342184601D1002003E004780133E3
:108818008C42F6D110BD0A44431E914200D17047E4
:1088280010B511F8014B914203F8014FF9D110BD71
:108838002DE9F74F036907460C69A342C0F283800C
:10884800013C00F1140501F11408A30055F8242097
:1088580008EB8409009305EB8403019358F824304E
:1088680001339A42B2FBF3F631D34FF0000AC44603
:10887800AE46D3465CF8043B98B2E1454FEA134351
:1088880006FB00A04FEA104280B206FB0323DEF885
:10889800002092B24FEA134AA2EB00029BB2DEF824
:1088A80000005A44C3EB224392B203EB104342EA5E
:1088B80003424FEA234B4EF8042BDBD2009BEB58C4
:1088C8002BB9019B043B9D421A4630D33C61384684
:1088D80001F086F9002826DB2946002058F8042BE9
:1088E800D1F800C01FFA82FEC1451FFA8CF34FEA87
:1088F8001242A3EB0E030344C2EB23429BB202EBEA
:108908001C4243EA02434FEA224041F8043BE5D2C5
:1089180055F8242005EB840322B9043B9D421A46EE
:108928000BD33C610136304603B0BDE8F08F1268C6
:10893800043B002ACAD1013CC5E71268043B002A5F
:10894800EFD1013CEAE70020EEE70000000000005C
:108958002DE9F04FC76997B08146209E07910C9288
:10896800119355EC104B8DED040B7FB9102000F0DE
:108978000BFE0246C9F81C0020B9A94BEF21A948F3
:1089880001F02EFEC0E901770760C760D9F81C30F6
:10899800196859B15A680123484693404A608B6068
:1089A80000F0E8FED9F81C3000221A602B1EB7BF71
:1089B80023F00043002301220593A8BF3360059FDD
:1089C800994BB8BF3260BB4312D142F20F73119A70
:1089D8001360C7F31303234300F05A85219BDFF884
:1089E8005CA2002B00F05C850AF1030300F056BD81
:1089F8009DED047B0022002351EC170B8DED0A7BC3
:108A0800F8F762F8804658B10123119A1360219B48
:108A180013B1864B219A1360DFF824A200F040BD01
:108A2800C7F30A5614AA15A948469DED0A0B01F08A
:108A38008BF90290002E76D00B9BA6F2FF36CDF86C
:108A48004880C3F3130343F07F53DDE90A0143F47D
:108A5800401319460022764BF7F716FC6AA3D3E9B0
:108A68000023F7F7C9FD6AA3D3E90023F7F70EFC43
:108A780004460D463046F7F755FD67A3D3E90023B2
:108A8800F7F7BAFD02460B4620462946F7F7FEFBE4
:108A980004460D46F8F760F80022074600232046F2
:108AA8002946F8F71BF840B13846F7F73BFD224650
:108AB8002B46F8F709F800B9013F162F52D85D4B3D
:108AC80003EBC703DDE90A01D3E90023F8F706F849
:108AD800002849D0013F00231093149B9B1B5A1E6A
:108AE8004CBFC3F101030023069245BF0093002346
:108AF80000930693002F39DB069B0D973B440693A2
:108B080000230893079B092B63D8052BC5BF043B9B
:108B1800002401240793079B023B032B65D8DFE859
:108B280003F05456392DDDE914631E4406F232432E
:108B3800202BC9BFC3F14003C3F120039F4006F2B5
:108B48001243D8BF04FA03F006F1FF36C4BF24FA73
:108B580003F347EA0300F7F7D5FC0122A1F1F87304
:108B6800129276E70123B7E71090B6E7009BDB1B6C
:108B780000937B42089300230D93C3E701230993D5
:108B88000C9B07EB030B0BF10103012B0393B8BFFD
:108B9800012306E0012309930C9B002B28DD9B464B
:108BA8000393D9F81C000021042202F114059D4208
:108BB80026D94160484600F09DFD8246002841D1F3
:108BC8001D4B024640F2AF11D9E60023E3E700232C
:108BD800D5E701240023099407934FF0FF3B0022B7
:108BE8001223CDF80CB00C92DBE701230993F4E7CC
:108BF8004FF0010B5B46CDF80CB0CDF830B0D0E7A4
:108C080001315200D1E700BF61436F63A787D23FAC
:108C1800B3C8608B288AC63FFB799F501344D33F63
:108C2800DD570108F45701080000F07FAD5701082F
:108C38000000F83F485901084C580108D957010865
:108C4800AC570108D9F81C301860039B0E2B00F2B2
:108C5800A180002C00F09E80002F33DD07F00F026A
:108C68009B4BF8054FEA271403EBC20393ED007BF7
:108C78008DED0E7B16D5974B04F00F040326D3E930
:108C88000823DDE90A01F7F7E1FDCDE90401914D7B
:108C980054B9DDE90E23DDE90401F7F7D7FDCDE985
:108CA800040128E00226F2E7E10708D50136DDE9EC
:108CB8000E01D5E90023F7F79FFCCDE90E016410FA
:108CC8000835E5E700F0AF807C42814B814D0226F4
:108CD80004F00F02241103EBC203DDE90A01D3E912
:108CE8000023F7F789FC0023CDE90401002C40F0AC
:108CF8008F80002BD3D1109BDDE90445002B00F0B9
:108D080094800022744B20462946F7F7E7FE002896
:108D180000F08B80039B002B00F08780BBF1000FD5
:108D280034DD204607F1FF3801365C4600226B4BE4
:108D38002946F7F761FCCDE904013046F7F7F2FB65
:108D4800DDE90423F7F758FC0022654BF7F79EFA94
:108D58000546A1F15076002C6AD10022614BDDE96D
:108D68000401F7F791FA02460B46CDE904232A4697
:108D78003346F7F7D1FE002840F098822A4606F1DC
:108D88000043DDE90401F7F7A9FE38BBDDE90A3441
:108D9800CDE90434159B002BC0F257810E2F00F348
:108DA80054814B4B03EBC70393ED007B0C9B002BCB
:108DB8008DED007B80F2E580039B002B00F3E180C2
:108DC8000CD10022474B51EC170BF7F715FCDDE9E6
:108DD8000423F7F797FE002800F066820024254652
:108DE8000C9B56466FEA030800272146484600F0C8
:108DF800C1FC002D00F0BD802FB1AF4203D0394631
:108E0800484600F0B7FC2946484600F0B3FCB0E0FD
:108E1800E20705D50136D5E90023F7F7EDFB012375
:108E28006410083562E7022665E7B846039C84E7C4
:108E3800274B099903EBC403544453E9022300293F
:108E480054D000202849F7F701FD334656462A46F4
:108E5800F7F71AFACDE90E01DDE90401F7F77CFE10
:108E68000546F7F75FFB02460B463035DDE904019E
:108E7800F7F70AFA02460B4606F8015BCDE9042328
:108E8800DDE90E23F7F72AFE002872D100201249E7
:108E9800DDE90423F7F7F8F9DDE90E23F7F71EFEFD
:108EA800002840F0B480A6423FF470AF00220B4B7C
:108EB800DDE90E01F7F7A0FB0022084BCDE90E0112
:108EC800DDE90401F7F798FBCDE90401C4E700BF29
:108ED80048590108205901080000F03F00002440CB
:108EE80000001C40000014400000E03F3146564698
:108EF8002846F7F781FB1394CDE90E01DDE904015B
:108F0800F7F72AFE0546F7F70DFB024630350B4604
:108F1800DDE90401F7F7B8F906F8015B02460B46EC
:108F2800A642CDE904234FF0000224D1AF4BDDE97E
:108F38000E01F7F7ABF902460B46DDE90401F7F736
:108F4800EBFD002863D10020A849DDE90E23F7F7DF
:108F58009BF902460B46DDE90401F7F7BFFD00283F
:108F68003FF414AF139E731E139316F8013C302B75
:108F7800F8D047463BE09E4BF7F73EFBCDE90401AE
:108F8800BCE7DDE90445564620462946DDE90023CD
:108F9800F7F75CFCF7F7E0FD8046F7F7C3FADDE981
:108FA8000023F7F729FB0246204608F130040B4658
:108FB8002946F7F769F9039D06F8014BA6EB0A0461
:108FC80002460B46A54233D1F7F760F904460D4631
:108FD800DDE90023F7F7A0FDC0B920462946DDE901
:108FE8000023F7F771FD10B118F0010F0ED10299A7
:108FF800484600F0BFFB002301373370119B1F6008
:10900800219B002B00F04C821E6049E2B846334693
:109018001E4613F8012D392A06D19A45F8D1302277
:1090280008F101088AF800201A7801321A70A0E7BE
:1090380000226F4BF7F7E0FA0022002304460D46A2
:10904800F7F742FD00289FD0D1E7099A002A00F0DF
:10905800EA80079A012A00F3CD80129A002A00F0CC
:10906800C18003F23343089C009E009A01214846C0
:109078001A440092069A1A44069200F031FC0546FA
:1090880066B1069B002B09DDB342009AA8BF3346A0
:10909800D21AF61A0092069AD31A0693089B0BB3B3
:1090A800099B002B00F0C680002C00F0C0802946E8
:1090B8002246484600F0CEFC029A0146054648463C
:1090C80000F024FC02998046484600F053FB089BB8
:1090D8001B1B089300F0B180089A4146484600F0EF
:1090E800B9FC02900121484600F0FAFB0D9B0446AA
:1090F800002B00F0D9811A460146484600F0AAFC28
:10910800079B0446012B00F39F80049B002B40F033
:109118009780059BC3F31303002B40F09380059BB6
:1091280023F000431B0D1B0533B1009B0133009353
:10913800069B01330693012308930D9B002B00F037
:10914800B981236904EB8303186900F07DFBC0F142
:109158002000069B184410F01F0000F08280C0F128
:109168002003042B73DDC0F11C00009B034406445C
:109178000093069B03440693009B002B05DD1A46CB
:109188000299484600F0C0FC0290069B002B05DDC2
:1091980021461A46484600F0B7FC0446109B002BAF
:1091A80061D02146029800F01BFD00285BDA0023FD
:1091B8000A220299484600F0FFFA099B07F1FF3896
:1091C8000290002B00F07881294600230A224846A5
:1091D80000F0F2FABBF1000F05466FDC079B022B8B
:1091E80049DC6BE0149BC3F136033CE70000E03F29
:1091F80000002440039B5C1E089BA34209DB1C1B48
:10920800039B002BBFF630AF009B039A9E1A0023E6
:109218002BE7089B0D9AE31A0894009E00241A4431
:10922800039B0D9221E7089C009E099D28E7DDF825
:10923800088051E7089A029950E7CDF8088051E76D
:10924800002379E7049B77E70023089379E793D015
:109258001C33009A1A441E440092069A1A44069235
:109268008AE70346F4E7039BB846002B20DC9B46BD
:10927800079B022B1EDDBBF1000F7FF4B1AD214629
:109288005B460522484600F097FA014604460298D4
:1092980000F0A6FC00287FF7A3AD5646312308F15D
:1092A800010806F8013B9FE5B846039C2546F4E70C
:1092B800DDF80CB0099B002B00F00281002E05DDC3
:1092C80029463246484600F01FFC0546089B002BFD
:1092D8005CD06968484600F00DFA064628B9834B09
:1092E800024640F2EF21FFF74ABB2A6905F10C015B
:1092F8000C3002329200FFF78EFA012231464846BE
:1093080000F002FC0AF101032F46054600930AEB20
:109318000B030893049B03F001030693009B21466B
:10932800029803F1FF3BFFF783FA0346394603909F
:1093380030330298099300F053FC2A4604902146E2
:10934800484600F069FCC2680646099B02BB014614
:10935800029800F045FC099B0246314648460C92AB
:10936800099300F007FA079B0C9A009E42EA030152
:10937800069B1943099B0DD1392B27D0049A002A43
:1093880001DD039B31338BF800302EE52846B9E721
:109398000122E2E70499002904DB079801430698B3
:1093A800014320D1002AEEDD0122029948460093AC
:1093B80000F0AAFB2146029000F012FC0028009B56
:1093C80002DCE0D1DA07DED5392BDAD139238BF884
:1093D800003033461E46013B16F8012C392A4FD07F
:1093E80001321A7001E5002A03DD392BEED0013372
:1093F800C9E7009A089902F8013C8A4229D000235B
:109408000A220299484600F0D7F9AF4202904FF07D
:1094180000034FF00A023946484607D100F0CCF95C
:1094280007460546009B0133009377E700F0C4F92F
:109438002946074600230A22484600F0BDF905469A
:10944800F0E7BBF1000F4FF00007CCBF5E460126E6
:109458005644012202994846009300F055FB2146E4
:10946800029000F0BDFB0028B3DC02D1009BDB07B3
:10947800AFD433461E4613F8012D302AFAD0B4E48F
:109488009A45A7D1312308F101088AF80030ACE4E5
:10949800219BDFF85CA01BB10AF10803219A136035
:1094A800504617B0BDE8F08F079B012B7FF72DAE14
:1094B8000D9B089301204CE6BBF1000F7FF7D8AE57
:1094C800564621460298FFF7B3F900F1300306F833
:1094D800013BA6EB0A029345B3DD00230A22029959
:1094E800484600F069F90290EBE700BF4C580108C4
:1094F800D057010838B50546002941D051F8043C39
:109508000C1F002BB8BFE41800F0E8F81D4A1368D8
:1095180033B9636014602846BDE8384000F0E4B809
:10952800A34208D9206821188B4201BF19685B68DB
:1095380009182160EDE71A465B680BB1A342FAD916
:1095480011685018A0420BD12068014450181160CE
:109558008342E0D118685B68084453601060DAE71A
:1095680002D90C232B60D6E7206821188B4202BF52
:1095780019685B680918636008BF21605460CAE70E
:1095880038BD00BF0C1E0020024B0146186800F0D1
:1095980025B800BF4014002070B50F4E0C46054694
:1095A800316811B901F00CF830602146284601F005
:1095B80007F8431C03D14FF0FF34204670BDC41C8C
:1095C80024F00304A042F8D0211A284600F0F8FF3E
:1095D8000130F2D1EFE700BF081E00202DE9F84363
:1095E800CD1C064625F0030508350C2D38BF0C2583
:1095F800002D01DBA94204D90C2333600020BDE80B
:10960800F883DFF8D48000F069F8D8F800301C46F9
:1096180044BB29463046FFF7BFFF431C044658D1D8
:10962800D8F800402746002F43D1002C4BD02368A0
:109638003946304604EB030900F0C2FF814542D1A8
:10964800216830466D1A2946FFF7A6FF01303AD047
:1096580023682B442360D8F800305A6862BBC8F8E6
:1096680000700FE02268521B20D40B2A17D9611909
:10967800A342256018BF5960636808BFC8F8001086
:1096880062514B60304600F02FF804F10B00231DA7
:1096980020F00700C21A1CBF1B1AA350AFE762686C
:1096A800A3420CBFC8F800205A60EBE72346646861
:1096B800AEE73C467F68B6E71A465B68A342FBD133
:1096C80000235360DEE70C233046336000F00CF8CB
:1096D80094E70560D6E700BF0C1E00200148FFF79D
:1096E8008AB800BF041E00200148FFF785B800BFF4
:1096F800041E002070B5C66904460D4676B91020D0
:10970800FFF742FF0246E06120B9184B6B21184869
:1097180000F066FFC0E901660660C660E669F368A6
:1097280083B1E369DB6853F82500B8B90121204605
:1097380001FA05F6721D920000F070FF60B1C0E9F1
:1097480001560EE021220421204600F067FFE3695C
:10975800F060DB68002BE4D1002070BD026843F89C
:1097680025200023C0E90333F7E700BFDD570108D0
:109778005D58010870B5C66905460C4676B91020D3
:10978800FFF702FF0246E86120B9094B8F2109481B
:1097980000F026FFC0E901660660C6603CB1EB69CF
:1097A8006268DB6853F82210216043F8224070BDDC
:1097B800DD5701085D5801082DE9F04101F1140C4D
:1097C80007460C461E460D690020DCF800300130C3
:1097D80099B2854202FB01614FEA13464FEA1143F1
:1097E80089B202FB063301EB03414FEA13464CF8FA
:1097F800041BEADC0EB3A368AB4219DC6168384687
:109808000131FFF777FF804628B902460C4BBA2191
:109818000C4800F0E5FE226904F10C010C3002321C
:109828009200FEF7F8FF214644463846FFF7A2FFAC
:1098380004EB850301355E6125612046BDE8F081B2
:109848004C5801085D580108B0F5803F034636BF03
:10985800030400201020B3F1807F3CBF1B020830B6
:10986800B3F1805F3CBF1B010430B3F1804F3CBFB4
:109878009B000230002B05DB13F0804F00F1010044
:1098880008BF202070470368024613F007000BD07A
:10989800D90721D4980747BF5B0801209B080220FD
:1098A8004CBF13601360704799B209B91B0C1020A4
:1098B800D9B209B908301B0A190704BF1B090430BB
:1098C800990704BF9B080230D90703D45B0800F14D
:1098D800010003D0136070470020704720207047B4
:1098E80010B50C460121FFF705FF024628B9054BC4
:1098F80040F24511044800F073FE012344610361FE
:1099080010BD00BF4C5801085D5801082DE9F04F03
:1099180017460A69894685B03B699A42A2BF3B4609
:109928000F4699463D69BB68D9F810A0796805EBE0
:109938000A06B342B8BF0131FFF7DCFE30B9024670
:10994800424B4FF4B171424800F04AFE00F1140452
:10995800002204EB860E2346734520D307F1140832
:1099680009F1140108EB850501EB8A030293EB1B4F
:109978001537153B23F003030433BD4238BF0423D6
:109988000193029B03918B420CD8002E03DD5EF8F5
:10999800043D002B57D0066105B0BDE8F08F43F8B1
:1099A800042BD9E7B1F800A0BAF1000F21D0C446C2
:1099B800A14600275CF8042BD9F800301FFA82FB77
:1099C80065459BB24FEA12420AFB0B333B44D9F878
:1099D80000704FEA17470AFB027202EB13429BB270
:1099E8004FEA124743EA024349F8043BE2D8019B95
:1099F800E750039B0431B3F80290B9F1000F20D06F
:109A080023684746A4464FF0000AB7F800B09BB257
:109A1800BCF8022009FB0B22524443EA02434CF8EB
:109A2800043B57F8043B4FEA134ABCF80030BD42E8
:109A380009FB0A3303EB12434FEA134AE5D8019AAC
:109A4800A35004349DE7013E9FE700BF4C5801082E
:109A58005D5801082DE9F843154612F00302074640
:109A68000E4607D0013A254C002354F82220FFF770
:109A7800A3FE0646AD103DD0FC697CB91020FFF767
:109A880083FD0246F86128B91D4B40F2B3111D4809
:109A980000F0A6FDC0E901440460C460D7F81C804A
:109AA800D8F808404CB940F271213846FFF718FF42
:109AB80000230446C8F8080003604FF00009EB07CC
:109AC8000AD5314622463846FFF720FF8046314600
:109AD80038464646FFF74EFE6D100BD0206838B961
:109AE800224621463846FFF711FF2060C0F8009053
:109AF8000446E4E73046BDE8F88300BF1059010882
:109B0800DD5701085D5801082DE9F0470C46074666
:109B180091464FEA621A2369496803EB6218A36801
:109B280008F10106B3420BDB3846FFF7E3FD0546B3
:109B380048B90246284B4FF4EF71284800F050FD11
:109B480001315B00EEE7002300F1140100F110027F
:109B58001846534533DB2AEAEA7A04F114032069EC
:109B680019F01F0901EB8A0103EB800C2BD0C9F116
:109B7800200E8A460022186800FA09F010434AF8B5
:109B8800040B53F8042B9C4522FA0EF2F3D8ACEBE5
:109B9800040304F11500153B23F003030433604567
:109BA80088BF0423CA500AB108F10206013E3846AC
:109BB80021462E61FFF7DEFD2846BDE8F087013318
:109BC80042F8040FC5E7043953F8042B9C4541F8C3
:109BD800042FF9D8EAE700BF4C5801085D5801087E
:109BE80003460A690069801A30B50ED1143314315E
:109BF80003EB820401EB820154F8045D51F8042D53
:109C0800954203D005D24FF0FF3030BDA342F3D3C5
:109C1800FBE70120F9E700002DE9F74F89460646E2
:109C2800114614464846FFF7DBFF051E12D12946A8
:109C38003046FFF75FFD024628B9414B40F2372115
:109C4800404800F0CDFC0123C0E90435104603B0BC
:109C5800BDE8F08FBCBF4B46A1463046B8BF0125D2
:109C6800D9F80410B4BF1C460025FFF743FD02468F
:109C780018B9334B40F24521E2E7D9F8107004F1E6
:109C8800140E266900F1140BC56009F1140509F1D9
:109C980010030EEB860605EB8708D9464FF0000C3B
:109CA8000193019B5EF8040B53F804AF76450193CA
:109CB8001FFA8AF3194683B24FEA1040A1EB030357
:109CC800C0EB1A40634400EB23409BB24FEA204CA0
:109CD80043EA004349F8043BE3D8331B1534153BEA
:109CE80023F003030433A64238BF04231D445B4416
:109CF8002C461E4644450ED308F10301491B033D7B
:109D080021F00301A84538BF00210B4453F8041D76
:109D180099B117619AE754F8041BE6461FFA81FCCB
:109D2800080C7144F44489B200EB2C4041EA00412C
:109D38004FEA204C46F8041BDCE7013FE6E700BF8A
:109D48004C5801085D5801082DE9F7430F460121D9
:109D5800164659EC108BFFF7CDFC044630B9024685
:109D6800234B40F20F31234800F03AFCC9F30A555F
:109D7800C9F313030DB143F480130193B8F1000341
:109D880023D068460093FFF77EFDDDE90012D0B1CD
:109D9800C0F1200302FA03F3C2400B43019263614E
:109DA800019B002BA3610CBF012202222261A5B1F5
:109DB800A5F233450544C0F135003D6030602046CA
:109DC80003B0BDE8F0836161EAE701A8FFF75BFD36
:109DD800019B203001226361E8E7A0F2324004EBE6
:109DE800820338601869FFF72FFDC0EB4210E5E7E2
:109DF8004C5801085D5801082DE9F0471F468E6848
:109E080082460C46BE4290460B682DD8B1F90C200C
:109E180012F4906F26D06569096905EB4505A3EB37
:109E280001097B1C05EBD5754B446D109D4238BF6D
:109E38001D46530527D52946FFF7D0FB064660B3D4
:109E48004A462169FEF7E7FCA38923F4906343F0AF
:109E58008003A38126614E446561A5EB0905266050
:109E68003E46A560BE4200D93E463246414620687D
:109E780000F069FBA36800209B1BA36023683344A0
:109E88002360BDE8F0872A4600F0EEFB064600286E
:109E9800E0D121695046FFF72DFB0C234FF0FF302E
:109EA800CAF80030A38943F04003A381E9E7000022
:109EB8002DE9F04F98468B899DB007461B060D4645
:109EC800144610D50B6973B94021FFF787FB28604A
:109ED800286130B90C233B604FF0FF301DB0BDE85E
:109EE800F08F40236B610023CDF80C804FF00109FF
:109EF800DFF8A081099320238DF8293030238DF8CD
:109F08002A3023469A4613F8012B0AB1252AF9D19B
:109F1800BAEB040B0BD05B46224629463846FFF7BE
:109F28006BFF013000F0A780099A5A4409929AF809
:109F38000030002B00F09F8000234FF0FF320AF121
:109F4800010A049307938DF853301A93CDE905233A
:109F5800544605224F4814F8011BFEF74EFC049A9C
:109F6800D8B9D00644BF20238DF85330110744BF19
:109F78002B238DF853309AF800302A2B15D0079AE6
:109F8800544600204FF00A0C214611F8013B303BA3
:109F9800092B4BD9B0B1079214E0A0EB0803A246F5
:109FA80009FA03F313430493D2E7039B191D1B68B3
:109FB800002B0391BBBF5B4242F002020793079359
:109FC800B8BF049223782E2B0AD163782A2B32D17A
:109FD800039B02341A1D1B6843EAE373039205933B
:109FE800DFF8C0A0032221785046FEF706FC38B1FE
:109FF800A0EB0A004022049B0134824013430493DF
:10A0080014F8011B062224488DF82810FEF7F5FBEA
:10A01800002836D0214B1BBB039B073323F00703D3
:10A0280008330393099B334409936AE70CFB023214
:10A038000C460120A8E7002301344FF00A0C19460A
:10A048000593204610F8012B303A092A03D9002B32
:10A05800C6D00591C4E70CFB012104460123F0E7B3
:10A0680003AB2A4604A9384600930D4BFDF716FDAD
:10A07800421C0646D6D1AB895B063FF52DAF099841
:10A088002CE703AB2A4604A938460093044BFDF796
:10A09800A1FFEDE7B6580108C0580108A57A0008E5
:10A0A800019E0008BC5801089368013B002B10B4BE
:10A0B800936008DA9469A34201DB0A2903D15DF8A9
:10A0C800044BFEF78DBA1368581C106008461970C7
:10A0D8005DF8044B7047F8B506460F461446D51888
:10A0E800AC4201D1002007E03A4614F8011B304683
:10A0F800FFF7DAFF431CF3D1F8BD00002DE9F04F5C
:10A108000D469DB014469846064618B1036A0BB929
:10A11800FEF70AF96B6ED90705D4AB899A0502D404
:10A12800A86DFEF768FBAB891B0701D52B699BB9A6
:10A1380029463046FEF792FA70B16B6EDC0704D5FB
:10A148004FF0FF301DB0BDE8F08FAB899805F7D40C
:10A15800A86DFEF751FBF3E70023CDF80C804FF014
:10A168000109DFF8B481099320238DF829303023C1
:10A178008DF82A3023469A4613F8012B0AB1252A6E
:10A18800F9D1BAEB040B0BD05B4622462946304680
:10A19800FFF7A1FF013000F0A780099A5A440992FD
:10A1A8009AF80030002B00F09F8000234FF0FF3218
:10A1B8000AF1010A049307938DF853301A93CDE9F5
:10A1C800052354460522544814F8011BFEF715FBD5
:10A1D800049AD8B9D10644BF20238DF85330130709
:10A1E80044BF2B238DF853309AF800302A2B15D012
:10A1F800079A544600204FF00A0C214611F8013BFB
:10A20800303B092B4BD9B0B1079214E0A0EB0803FF
:10A21800A24609FA03F313430493D2E7039B191DDB
:10A228001B68002B0391BBBF5B4242F002020793FD
:10A238000793B8BF049223782E2B0AD163782A2B70
:10A2480032D1039B02341A1D1B6843EAE37303925D
:10A258000593DFF8D4A0032221785046FEF7CDFA03
:10A2680038B1A0EB0A004022049B0134824013431A
:10A27800049314F8011B062228488DF82810FEF7CD
:10A28800BCFA00283FD0264B1BBB039B073323F0A7
:10A29800070308330393099B3B4409936AE70CFBC4
:10A2A80002320C460120A8E7002301344FF00A0CC3
:10A2B80019460593204610F8012B303A092A03D98C
:10A2C800002BC6D00591C4E70CFB012104460123ED
:10A2D800F0E703AB2A4604A930460093114BFDF77B
:10A2E800DDFB0746781CD6D16B6ED90705D4AB8940
:10A2F8009A0502D4A86DFEF77FFAAB895B063FF595
:10A308001FAF09981EE703AB2A4604A930460093FD
:10A31800044BFDF75FFEE4E7B6580108C058010892
:10A32800A57A0008DFA00008BC580108B1F90C2084
:10A338002DE9F041160705460C4654D44B68002B0E
:10A3480002DC0B6C002B48DDE66A002E45D00023AA
:10A3580012F480522F68216A2B6030D0626DA38975
:10A36800590705D56368D21A636B0BB1236CD21AEF
:10A378000023E66A216A2846B047431CA38906D110
:10A3880029681D292BD82A4ACA40D60727D5002272
:10A39800D90462602269226004D5421C01D12B686D
:10A3A80003B96065616B2F60B9B104F14403994248
:10A3B80002D02846FFF79EF8002363630DE00123CF
:10A3C8002846B0470246501CC9D12B68002BC6D07E
:10A3D8001D2B01D0162B1DD12F60002021E043F04A
:10A3E80040031BB21AE00F69002FF6D093070E68DE
:10A3F8000F600CBF4B690023A6EB07088B60B8F110
:10A40800000FEADD43463A46216A2846A66AB04765
:10A41800002808DCB4F90C3043F040034FF0FF305B
:10A42800A381BDE8F0810744A8EB0008E7E700BF77
:10A438000100402038B50B6905460C4613B90025C4
:10A44800284638BD18B1036A0BB9FDF76DFFB4F99A
:10A458000C30002BF3D0626ED00704D4990502D4D7
:10A46800A06DFEF7C8F928462146FFF75FFF636E27
:10A478000546DA07E4D4A3899B05E1D4A06DFEF76D
:10A48800BBF9DDE770B50C46B1F90E1096B015466C
:10A4980000291E460CDAA389002113F0800F14BF8F
:10A4A80040234FF48063002031602B6016B070BDEC
:10A4B8006A4600F063F80028EDDB019901F4704169
:10A4C800A1F50053594259414FF48063EBE78B895A
:10A4D800F7B59D0706460C4607D504F147032360E8
:10A4E80023610123636103B0F0BD01AB6A46FFF746
:10A4F800C9FF009F054630463946FFF76FF848B94F
:10A50800B4F90C309A05EED423F0030343F00203A8
:10A51800A381E2E7A389206043F08003A381019B24
:10A52800C4E904075BB1B4F90E10304600F038F8FE
:10A5380028B1A38923F0030343F00103A381A3896E
:10A548001D43A581CFE7884210B501EB020402D96B
:10A558008442234607D8431EA14208D011F8012B94
:10A5680003F8012FF8E7024401468A4200D110BDE2
:10A5780013F8014D02F8014DF7E7000038B5002344
:10A58800064D0446084611462B6000F075FE431C34
:10A5980002D12B6803B1236038BD00BF001E002024
:10A5A80038B50023054D044608462B6000F074FEBC
:10A5B800431C02D12B6803B1236038BD001E002064
:10A5C80038B50023054D044608462B6000F084FE8C
:10A5D800431C02D12B6803B1236038BD001E002044
:10A5E8001FB514461A46094B05461B68D8684CB176
:10A5F800074B00910749CDE901342B4600F070F86C
:10A6080000F080F8044B1C46F3E700BF401400201C
:10A61800D1580108DE5801080C59010870B5A1FB92
:10A62800025434B92946FEF7D9FF064628B9304600
:10A6380070BD0C2200260260F9E72A462146FEF783
:10A6480063F8F4E782B001B901A942B14BB11378BC
:10A658000B601278101E18BF012002B07047104618
:10A66800FBE76FF00100F8E72DE9F04107461446D3
:10A678000D4621B91146BDE8F041FEF7AFBF2AB932
:10A688002546FEF737FF2846BDE8F08100F041F87F
:10A698008442064602D8B4EB500FF4D82146384617
:10A6A800FEF79CFF804608B94546ECE7B4422246CF
:10A6B800294628BF3246FEF7AEF829463846FEF747
:10A6C80019FFF1E70346084641B1FF2A04D98A2257
:10A6D8004FF0FF301A60704701200A707047000081
:10A6E8000EB403B503AB0146054853F8042B0068C4
:10A6F8000193FFF703FD02B05DF804EB03B0704768
:10A7080040140020062008B500F034F8012000F0BD
:10A71800F9FD51F8043C181F002BBCBF0B58C0189A
:10A7280070471F2938B505460C4604D9162303601F
:10A738004FF0FF3038BDC26B12B152F821304BB91F
:10A74800284600F031F8224601462846BDE8384040
:10A7580000F018B8012B0AD0591C03D11623036046
:10A768000120E7E70021204642F8241098470020FE
:10A77800E0E70000024B01461868FFF7D2BF00BFB0
:10A788004014002038B50023064D044608461146FB
:10A798002B6000F089FD431C02D12B6803B12360B4
:10A7A80038BD00BF001E002000F06EBD10EE103A4C
:10A7B80007B523F000431D4A934206D8DFED1C0A73
:10A7C80003B05DF804EB00F0A7B8B3F1FF4F04D372
:10A7D80030EE400A03B05DF804FB684600F03CF92F
:10A7E80000F00300012809D0022810D0B0B9DDED2F
:10A7F800010A9DED000A00F08FF8EBE7DDED010A94
:10A808009DED000A00F0E0F8B1EE400AE2E7DDED68
:10A81800010A9DED000A00F07FF8F5E70120DDED63
:10A82800010A9DED000A00F0CFF8D3E7D80F493FA1
:10A838000000000010EE103A07B523F000431E4A4E
:10A84800934207D80020DFED1D0A03B05DF804EB42
:10A8580000F0BAB8B3F1FF4F04D330EE400A03B0AA
:10A868005DF804FB684600F0F7F800F003000128E3
:10A878000AD002280FD0C0B90120DDED010A9DEDF4
:10A88800000A00F0A1F8EAE7DDED010A9DED000AF3
:10A8980000F042F8E3E70120DDED010A9DED000A32
:10A8A80000F092F8B1EE400AD9E7DDED010A9DED1E
:10A8B800000A00F031F8F5E7D80F493F0000000022
:10A8C80010EE101AC1F3C7530029A3F17F02ACBFE1
:10A8D80001204FF0FF301E2A19DC002A03DA01326A
:10A8E80018BF00207047162AC1F31601D8BF4FF4CD
:10A8F800800341F40001CDBF963B1341C2F117021A
:10A9080001FA03F3DCBF5B18D34058437047FDEEF0
:10A91800C07A17EE900A704710EE103AF0EE406ACF
:10A92800B7EE000A23F00043B3F1485F04D2FDEE0E
:10A93800E67A17EE902A42B326EEA67ADFED1A7A67
:10A948009FED1A6A60EEE60A194AA7EE276ADFED5C
:10A95800197A9342E6EE077A9FED176AA7EE876A9F
:10A96800DFED167AE6EE077A9FED156AA7EE876A9D
:10A97800F6EE007A67EE277A26EE076AE7EE060A11
:10A9880004D877EEE07A30EE670A70470D4A9342B2
:10A9980096BF03F17F43B5EE027A07EE103A30EE28
:10A9A800470A77EEC77AECE74ED747ADF6740F3112
:10A9B8009999993E7CF293B4010DD037610BB6BAE0
:10A9C800ABAA2A3D0000483F10EE103A23F000439E
:10A9D800B3F1485F04D2FDEEC07A17EE903A5BB34C
:10A9E80020EE007ADFED157A9FED156AA7EE276A4B
:10A9F800DFED147A60EE076AE6EE077A9FED126AD9
:10AA0800A7EE876ADFED117AE6EE077A30B99FED97
:10AA1800106AA7EE276AA6EE260A704767EEE67A5E
:10AA2800B6EE006AE0EE867AD7EE870ADFED097A9D
:10AA3800E6EEA70A30EE600A704700BFD3C92E2F92
:10AA4800342FD7B21BEF3836010D50B98988083C2E
:10AA5800ABAA2ABEABAA2A3EF0B510EE106A874B05
:10AA680087B0044626F000459D4205D8002380EDB6
:10AA7800000A4360002022E0814B9D423AD826F02C
:10AA88000043002E9FED7F7A23F00F037E4A18DDE6
:10AA9800934270EE477A09BF9FED7C7ADFED7C6ABE
:10AAA80077EEC77ADFED7B6A37EEE67A77EEC77A1C
:10AAB80080ED007A77EEE67AC0ED017A012007B0E2
:10AAC800F0BD934270EE077A09BF9FED707ADFED13
:10AAD800706A77EE877ADFED6F6A37EEA67A77EEDF
:10AAE800C77A80ED007A77EEA67AC0ED017A4FF04A
:10AAF800FF30E4E7684B9D4272D800F0DBF8F6EED1
:10AB0800007A9FED667AE0EE077AFDEEE77AB8EE16
:10AB1800E77A17EE900ADFED5B7A1F28A7EE670A3F
:10AB2800DFED5B7AB1EE476A67EE277A70EE676A07
:10AB380016EE901A09DC26F00043471E584A23F007
:10AB4800FF0352F82720934206D1C1F3C752EB15F1
:10AB5800C2EBD552082A14DC216094ED007A002E4D
:10AB680030EE470A30EE670A84ED010AA7DAB1EE43
:10AB7800477AB1EE400A84ED007A84ED010A40423A
:10AB88009DE7F0EE406ADFED415AE6EE256A70EE89
:10AB9800667AE6EE257ADFED3F5AD7EE257A76EE2D
:10ABA800E75A15EE902AC2F3C7515B1A192B04DC39
:10ABB800B0EE660AC4ED005ACFE7B0EE660ADFEDE4
:10ABC800395AA6EE250A76EEC07ADFED376AE6EE48
:10ABD800257AD7EE267A30EE677A84ED007ABCE7DC
:10ABE800B5F1FF4F06D370EE407AC0ED017AC0EDA3
:10ABF800007A3FE7EA15DFED2D6A863AA5EBC253E6
:10AC080007EE903ABDEEE77AB8EEC77A77EEC77AE4
:10AC18008DED037A67EEA67ABDEEE77AB8EEC77ACD
:10AC280077EEC77A8DED047A67EEA67AF5EE407A6C
:10AC3800CDED057AF1EE10FA1ED1B5EE407AF1EEBF
:10AC480010FA0CBF01230223194903A8019102211C
:10AC58000091214600F036F8002EBFF630AFD4ED53
:10AC6800007AF1EE677AC4ED007AD4ED017AF1EE5C
:10AC7800677AC4ED017A82E70323E5E7D80F493FF5
:10AC8800E3CB1640800FC93FD00FC93F004435378A
:10AC98004344353708A3852E800F494384F9223F62
:10ACA800145B010800A3852E32318D2400008043F7
:10ACB800945B010810EE103A23F0004300EE103ABE
:10ACC800704700002DE9F04F9046B94A0F4603F14E
:10ACD800FF3B18F1040F2DED048BD9B00190669855
:10ACE80052F820A026DBB8F1030248BF08F104029D
:10ACF800D210551CA2EB0B0667990AEB0B0CE80067
:10AD08001CACA8EBC5059FEDAE7A029001EB860E50
:10AD18000020604510DD1CA90DF58879002601EB9F
:10AD28008300564526DCDDF804E08446DFEDA47A8E
:10AD3800002418E00022DCE7C64254BF5EF8201069
:10AD4800F0EE477A00F101005CBF07EE901AF8EECA
:10AD5800E77AE4EC017ADCE7FEEC016A01343CEDC9
:10AD6800017AE6EE877A5C45F6DD01360430E9ECD7
:10AD7800017AD6E708A95446DFED908A01EB8A01EB
:10AD88009FED8D9A0491679901EB82020392A200CC
:10AD980044A92646059258AA01EB840002EB8402D6
:10ADA80012ED140A08AA9446002E4CDC2846CDE978
:10ADB800062300F0F1F9B0EE408AB4EE000A28EE5E
:10ADC800000A00F04DFAF2EE007A002DA0EE678A34
:10ADD800DDE90623FDEEC87A17EE909AF8EEE77AD9
:10ADE80038EE678A41DD04F1FF3C08A9C5F1080E79
:10ADF80051F82C6046FA0EF0814400FA0EF0361A2B
:10AE0800C5F1070041F82C600641002E3CDD4FF0EB
:10AE1800000E09F101097046744568DC002D03DD58
:10AE2800012D74D0022D7DD0022E2DD1B7EE000A4F
:10AE380030EE488A40B32846069300F0ADF9069BE9
:10AE480038EE408A20E060EE287A013EFDEEE77A8F
:10AE5800F8EEE77AA7EEC90ABDEEC00AACEC010A23
:10AE680030ED010A37EE800A9EE705D1601E08A979
:10AE780051F82060F611C8E7F6EE007AB4EEE78ADA
:10AE8800F1EE10FA31DA0026B5EE408AF1EE10FA4A
:10AE980040F09880601E002250454BDA002A65D0A9
:10AEA800013C08AB083D53F82430002BF8D0B7EE2E
:10AEB800000A284600F070F9631C44AA9FED3F7A07
:10AEC800990002EB83022346002B80F2A9802346D7
:10AED800002BC0F2C78044AADFF8D8C0DFED387A6B
:10AEE800002002EB8305E21AB1E002268FE752F850
:10AEF800041B48B921B1C1F5807142F8041C012135
:10AF08000EF1010E084687E7C1F1FF01F5E704F1EC
:10AF1800FF3C08AA52F82C2002F07F0208A941F849
:10AF28002C2081E704F1FF3C08AA52F82C2002F0FB
:10AF38003F02F3E708A951F8201001380A43ABE7AC
:10AF4800013250F8046D002EFAD00599E61804F184
:10AF5800010C224401F5B0710DEB01001CA94C381D
:10AF680001EB8606624504DA144610E704980122CC
:10AF7800E7E703990024DDF804E051F82C1007EE08
:10AF8800901A0591F8EEE77AE6EC017AB146DFED22
:10AF98000C7A5C4504DD0CF1010CE0EC017AE1E788
:10AFA800FEEC016A013439ED017AE6EE877AF0E7C2
:10AFB800D85E0108AC5E0108000080430000803BB9
:10AFC80000000000029BB0EE480AA3EB080000F066
:10AFD800E3F81FED077AB4EEC70AF1EE10FA19DBB1
:10AFE8005FED0A7A08AA083560EE277AFDEEE77A5F
:10AFF800F8EEE77AA7EEC70AFDEEE77ABDEEC00ADB
:10B0080010EE103A42F82430013417EE903A42F824
:10B0180024304CE7BDEEC00A08AA10EE103AF6E755
:10B0280008A850F82300013B07EE900A0190F8EEBB
:10B03800E77A67EE807A20EE070A62ED017A43E745
:10B04800FCEC016A0130B5EC017AE6EE877A5045EE
:10B0580001DC9042F4DD58A8013B00EB820242ED8E
:10B06800287A35E7669B022B09DC002B27DC40D0C9
:10B0780009F0070059B0BDEC048BBDE8F08F669B62
:10B08800032BF5D130AA0B1F204613441A4600287B
:10B0980050DC2246012A5DDC30AB5FED377A0B4489
:10B0A800012C67DCDDED306A9DED317A002E67D129
:10B0B800C7ED006A87ED017AC7ED027AD8E730ABB1
:10B0C80022461FED417A0B44002A24DA4EB3F1EEF2
:10B0D800477AC7ED007A31AADDED307A012377EEA1
:10B0E800C77A9C4220DA0EB1F1EE677AC7ED017A91
:10B0F800BEE730AB5FED4E7A0B44002C05DA0EB19B
:10B10800F1EE677AC7ED007AB2E733ED017A013CD8
:10B1180077EE877AF1E773ED017A013A37EE277A0D
:10B12800D2E7F0EE477AD4E7B2EC017A013377EE52
:10B13800877AD6E772ED017A0138D2ED016A37EEE7
:10B14800A67A77EEC77A82ED007A77EEA67AC2ED14
:10B15800017A9CE773ED017A013AD3ED016A37EE83
:10B16800A67A77EEC77A83ED007A77EEA67AC3EDF2
:10B17800017A8FE733ED017A013C77EE877A8FE722
:10B18800F1EE666AB1EE477AF1EE677AC7ED006ACA
:10B1980087ED017A90E700BF10EE103A33F00042D5
:10B1A8002AD0B2F1FF4F02D330EE000A704713F0F5
:10B1B800FF4F22D1234BDFED247A984220EE270A55
:10B1C80016DB10EE103AC3F3C752193A4CF250315D
:10B1D800884214DDDFED1D7A10EE103ADFED1C6AAF
:10B1E800B0EE677A002B67FEA67A27EE870A7047CB
:10B1F800DFED187A27EE800A7047D20DE6E7104493
:10B20800FE28E7DC002806DD23F0FF4343EAC053AD
:10B2180000EE103A704710F1160F09DADFED0D7ADB
:10B2280010EE103ADFED0C6AB0EE677A002BDAE721
:10B23800193023F0FF439FED090A43EAC05307EE94
:10B24800903AD7E7B03CFFFF0000004CCAF24971C2
:10B25800CAF249F16042A20D6042A28D000000339B
:10B26800BBFE400A70470000024B58224FF0FF30E7
:10B278001A607047001E0020024B58224FF0FF3022
:10B288001A607047001E0020024B58224FF0FF3012
:10B298001A607047001E0020024B582200201A60D6
:10B2A800704700BF001E0020024B58224FF0FF30AD
:10B2B8001A607047001E0020024B58224FF0FF30E2
:10B2C8001A607047001E0020024B58224FF0FF30D2
:10B2D8001A607047001E0020044A0346116809B925
:10B2E800034911601068034413607047101E002062
:10B2F800181E0020024B58224FF0FF301A6070478A
:10B30800001E0020FEE7000060B330B40368164D4D
:10B3180023F07E43846923F40003AB4262681BD0A8
:10B32800037D4169A3F10103B3FA83F35B09B3EB2E
:10B33800112FC1F317200BDA012B02D1022807D0F5
:10B34800022354F823100133984201FB02F2F3D18F
:10B3580030BC22EAE27070470029E1D01F3222F0A7
:10B368001F02DDE7704700BFC000040038B1436822
:10B3780023B14088003818BF01207047184670472D
:10B3880058B1436843B1408838B1C1EBC10103EB00
:10B39800810301205A60704718467047F2B1F8B52A
:10B3A8000646C8B10C46B9B11546234B12689A42F5
:10B3B8000BD06D6885B12F689F4211D0A1F10100B3
:10B3C800B0FA80F035604009F8BD281DFFF7CEFFC0
:10B3D80010B1EB889C421BD00020F8BD00207047BC
:10B3E80029460023043804E001339C4240F8042F26
:10B3F80005D051F8042FBA42F6D19C42ECD1013461
:10B4080055F824000C4BC01AB0FA80F04009F8BD7A
:10B418000022301F114604E001318C4240F8043FFD
:10B4280005D0AB6813445B681C32002BF4D1601A5A
:10B43800B0FA80F04009F8BDDECAFAA1FAB1F8B551
:10B448000646D0B10C46C1B11546244B12689A4243
:10B458000BD02D6A8DB12F689F4212D0A1F1010047
:10B46800B0FA80F035604009F8BD05F10C00FFF72F
:10B478007DFF10B1EB899C421BD00020F8BD002055
:10B48800704729460023043804E001339C4240F801
:10B49800042F05D051F8042FBA42F6D19C42ECD1C2
:10B4A800013455F824000D4BC01AB0FA80F0400959
:10B4B800F8BD0022301F114604E001318C4240F8EB
:10B4C800043F05D02B6913445B681C32002BF4D170
:10B4D800601AB0FA80F04009F8BD00BFDECAFAA1D0
:10B4E800034698B1A9B1BAB14FF0010C00B50C48A8
:10B4F80003F10C0E43F8040B03C983E8030092E838
:10B5080003008EE8030060465DF804FB844660464D
:10B5180070478C466046704794466046704700BF47
:10B52800DECAFAA1044B0268934302D10C3000F042
:10B5380017BC41F2100070470001C0A110B10C30D7
:10B5480000F014BC704700BF394B0268934363D1C5
:10B558002DE9F04F038E05460C4685B0002B4ED0E2
:10B56800476B002F4BD04FF0000BBA465E46CDE933
:10B57800020116E0012201997A50A1694FF00102F7
:10B588004C68AB6000232A7528606869C5E90334F4
:10B5980068F31F20C5E90509C5F804C001360BF199
:10B5A8001C0BBAF80030F200B342019236D9DAF82F
:10B5B8000430002B32D053F826407CB3DAF8083038
:10B5C800A269D3E90157A3681068C3F31728D4F810
:10B5D8000C9001F0DFFCA16907EBC603D1F808C0A5
:10B5E8005D44002BCAD0002147F836102168596005
:10B5F80011B149880029BDD10023A169BEE7002601
:10B608001822112105F10C0000F0B0FB304604B1FE
:10B61800268005B0BDE8F08F00207047B6B2DDE99E
:10B628000254002EEBD0DAF808305868EFE700BF74
:10B638000001C0A1374B0268934369D12DE9F04F4F
:10B64800038E0546012B0C4685B04BD94FF0000BF5
:10B65800476B5E46D846BA46CDE9020116E001229C
:10B6680001997A50A9694FF001024D68227520604E
:10B678006069C4E9023869F31F20C4E90450009BDB
:10B68800C4F804C0A36101360BF11C0BBAF80C30E6
:10B69800F200B342019232D9DAF810307BB353F892
:10B6A800265065B3DAF81430AA69D3E90147AB68C4
:10B6B8001068C3F31729EB685C44009301F06AFC37
:10B6C800A96907EBC603D1F808C0002BCBD047F80F
:10B6D80036802968596011B149880029BFD10023F3
:10B6E800A969C0E700261822112105F10C0000F015
:10B6F8003DFB304604B1268005B0BDE8F08FB6B2F8
:10B70800DDE90254002EEDD0DAF814305868F1E77C
:10B71800002070470001C0A12DE9F04383B09DF8D7
:10B7280028809DF82C9020B3026016461F460446D8
:10B7380000F014FB70B930250023236010244A461A
:10B748004146384601F0A6FCB06045EA042003B043
:10B75800BDE8F08300224146384601F09BFC0022F8
:10B7680005460521012001F095FC854208D00125F8
:10B77800E2E710252C4645EA042003B0BDE8F08333
:10B78800054B01A8019300F0FDFA10B100242546ED
:10B79800D5E70225D0E700BF038404842DE9F843E8
:10B7A800484A0B460168044601EA02008A433BD135
:10B7B800002B78D0444A1D6895420AD1D3E9032565
:10B7C800D3E9016381423DD0032320462361BDE8CC
:10B7D800F8831D4601211846D3F80480FFF794FD2D
:10B7E80005F11C07064601213846D5F82090FFF7D9
:10B7F8008BFD002E0ABF314601213546B0B1B9F1A3
:10B80800000F57D04FF0010EB8F1000F11D02D4B9B
:10B8180022689A42D8D1638C8B421BD212221621FD
:10B8280004F10C0000F0A2FA0020D0E70746864693
:10B83800EAE7002EEBD01222102104F10C0000F0F0
:10B8480095FAF1E7C4E90863E5622046A26200F0D0
:10B85800C1FAB9E7E1B1AC464FF48036BCE80F0055
:10B86800656A0FC59CE8070085E80700638D2662B6
:10B87800734511D3BEF1000F07D03E46E56A0FCEDF
:10B888000FC596E8070085E807004FEA0E42DCE797
:10B89800638D21627345EDD21322162104F10C0049
:10B8A80000F064FAC0E71122102104F10C0000F046
:10B8B8005DFAB9E71322102104F10C0000F056FAE2
:10B8C800B2E700BF0001C0A1DECAFAA138B5144B27
:10B8D800026802EA030193430CD1036904469B07FB
:10B8E80003D58A4208D0012038BD102211210C301E
:10B8F80000F03CFA002038BD00F07CFA236C002BE5
:10B90800F1D0A56B002DEED029460020626C984737
:10B918002B69AB42E7D0002BE5D01D46236CF3E73B
:10B928000001C0A12DE9F04FB74B9046026885B0E1
:10B93800934340F02D81038E0746002B00F01C81B5
:10B9480000260369D0F8349003F00303032B8661C3
:10B9580040F02881002900F01581B9F1000F00F0AE
:10B968001181B9F80030002B00F00C810C468B696E
:10B97800CDE90208D3F800B0D9F80430002B71D013
:10B9880053F82650002D6DD0D9F80830D3F800A010
:10B9980033011AEB0618019300F0B881AB69012155
:10B9A80020465F68FFF7B0FC8742C0F00281E86874
:10B9B800A169C268CB689A4240F0FB8082688B68B4
:10B9C8009A4240F0F68042684B689A4240F0F18013
:10B9D800AB69D3E9000101F04DFB0346284601930A
:10B9E80001F05EFB019B8342C0F0E380AB691868FD
:10B9F80001F0D0FA2368584030F07E4340F090813F
:10BA08006368002B00F08281A3691B68002B00F09B
:10BA18007F819B45284638BF9B4601F041FBC8F80B
:10BA28000800A36932011B68013600FB03F3C8F85C
:10BA38000C3061681C340B44C8F804104AF8023012
:10BA4800A86903689A0000F1A780D0E902329B1A1E
:10BA580019448160AB69D8F80420DA60B9F800307D
:10BA6800B34289D8DDE902783B8EB8F1000F00F0C7
:10BA7800B580012B40F2A580D7F83490B9F80C3086
:10BA8800002B00F09E8045460026D9F81030002B88
:10BA980000F0A38053F82640002C00F09E80D9F8CF
:10BAA8001430D3F800A033011AEB0618019300F004
:10BAB8003F81A36901215B6828460193FFF724FCB5
:10BAC800019B83427DD3E068A969C268CB689A422A
:10BAD80077D182688B689A4273D142684B689A42E0
:10BAE8006FD1A369D3E9000101F0C4FA03462046E7
:10BAF800019301F0D5FA019B834262D3A3691868C8
:10BB080001F048FA2B68434033F07E4340F0178138
:10BB18006B68002B00F00C81AB691B68002B00F0F0
:10BB280015819B45204638BF9B4601F0B9FA03466C
:10BB3800C8F80800AA691C35126802FB03F3C8F8A4
:10BB48000C3055F8181C32010B44C8F804104AF898
:10BB58000230A069013603689B0039D4D0E902326B
:10BB68009B1A19448160A369D8F80420DA60B9F8EF
:10BB78000C309E4289D330E00269836102F00302EF
:10BB8800032A0FD11722122107F10C0000F0EEF85A
:10BB9800002005B0BDE8F08FB9F800309E42FFF4F0
:10BBA800EBAE5FE73022112107F10C0000F0DEF860
:10BBB800EEE7029F1822122107F10C0000F0D6F8D8
:10BBC800E6E71822132107F10C0000F0CFF8DFE7B1
:10BBD800B9F80C309E42FFF458AF3B8E1FFA8BFB2E
:10BBE800A7F818B0002B00F08B80012B7E6B00F0BB
:10BBF8008A8006F10C08788B8345CAD94546BB462E
:10BC08004FF00008B6B92EE00001C0A1DF68C91BDB
:10BC18000844986093696268DA6059F80A20D4E9A0
:10BC280001310B44934228BFE36808F1010828BF9B
:10BC3800D31A636033884FEA081A434513D97368E7
:10BC48008BB153F8282072B1B1689369D1F800908C
:10BC58001F6809EB0814BF0060689968D6D5A26808
:10BC680000F058FFD9E7584600F0E0F80024ADB9D5
:10BC780039E059F80A301144994224BFD8F80C1019
:10BC8800591AC8F804108269D2E90237DB1B194433
:10BC980091608369D8F80420DA6001342B88A342C4
:10BCA80021D96B68FBB153F82400E0B1AA68836915
:10BCB800D2F800901F6809EB0418BF004FEA041A75
:10BCC800D8E90112D5D5986800F024FFD8E90131E8
:10BCD80059F80A200B44934224BFD8F80C30D31AE1
:10BCE800C8F80430D9E7BBF81A00BBF8183001309F
:10BCF80080B28342ABF81A0082D805B0BDE8F08F55
:10BD08001E46984677E74FF0000874E7029F39E728
:10BD1800029F2122122107F10C0000F027F837E7D3
:10BD2800029F1922122107F10C0000F01FF82FE7DB
:10BD38001722132107F10C0000F018F828E7192240
:10BD4800132107F10C0000F011F821E7212213213B
:10BD580007F10C0000F00AF81AE700BF012070474D
:10BD68000346002200681A60704700BF0346007847
:10BD780008B10020704719701968012062F31F216B
:10BD880019607047124B82B0019318B10378032BE6
:10BD980002D0002002B070479DF80420934204D0DE
:10BDA800012080F0010002B0704742789DF805300C
:10BDB80001309A42F4D110F8012F9DF806309A42CA
:10BDC800EED142789DF807309A42E9D10020E8E7A1
:10BDD80003840484836B01464BB100201A46D96062
:10BDE8001B690130934203D0002BF7D170471846E6
:10BDF800704700BF38B5846BACB163680025DB07BA
:10BE080004D5236A13B12046984701352369A34214
:10BE180007D033B11C466368DB07F2D42369A34219
:10BE2800F7D1284638BD2546284638BD2DE9F041CA
:10BE3800856BD0F840800446C563B8F1000F2BD05D
:10BE480035B329460120626CC047E66B06B300276C
:10BE58003146626C0220C047E56B28466B699847FB
:10BE68002E69B5420AD00320626CE16BC0470137E6
:10BE7800E663002EECD13846BDE8F081626CE16BD8
:10BE88000320C04700230137E3633846BDE8F0814B
:10BE980000273846BDE8F081002DF9D047466B6988
:10BEA800284698472B462D699D4204D0E563013703
:10BEB800002DF4D1DFE700230137E363DBE700BFA0
:10BEC80083691A880AB95368FFDE5868416801B166
:10BED8000968012A00F0E280036903B11B68022A9D
:10BEE80000F0D9802DE9F04FC4698BB0002C00F028
:10BEF800A480068B2568012E40F2BA806468032A64
:10BF080000F0C680A269876A9268DC680992CA68EC
:10BF1800B4F804B0B2F804A0D4E9020200FB02F9B4
:10BF280088699A691FB13F680FB1BC69A7680C6836
:10BF380081689068AA691B6892682D680892002C2D
:10BF480048D0D4F80480B8F1000F3AD0B4F802E031
:10BF5800BEF1000F53D1002B35D05E68B646002ED7
:10BF680000F08B80B3F802C0B7EE000ABCF1000FF6
:10BF780053D1B8F1000F00F08780B4F802E0BEF1A9
:10BF8800000F77D1F7EE000A0024002B78D0B646D0
:10BF98002EB1B3F802C0BCF1000F2BD1664615B123
:10BFA8006D6805B12D68CDE90557DDE90823CDE9B0
:10BFB80003B9CDE9016A009400F0A0FA0BB0BDE81E
:10BFC800F08F002B3BD1B7EE000A1C46F0EE400A7A
:10BFD8001E46E4E7002BF6D0D3F804E0BEF1000FCC
:10BFE8003FD05B88B7EE000A002BEED0DEF80030B9
:10BFF800D3ED000ADEF8043093F90060CFE7D8F8F3
:10C00800006096ED000A23B35E68B646002EB0D0F5
:10C01800B3F802C0BCF1000FABD03268D2ED000A11
:10C02800B8F1000F2ED06488002CB0D0D8F80440A6
:10C0380094F90040002BAAD122E025465FE75E680C
:10C04800B646002E8ED1B7EE000A3446F0EE400A0E
:10C05800A5E7D8F80440F7EE000A1E4694F9004018
:10C068009DE7B7EE000A7446F0EE400A764696E77A
:10C07800002444E7F7EE000AD8E7B7EE000A81E7A4
:10C088001E468CE7444686E74446F7EE000A7FE7FB
:10C0980000235B68FFDE00235B68FFDE00235B682C
:10C0A800FFDE00BF2DE9F041836986B01E880EB916
:10C0B8007368FFDE5F687D6805B12D68012E4AD080
:10C0C800D7F810C0BCF1000F01D0DCF800C0AB6895
:10C0D80001221B0A08D0EC6804EB830353F8041D03
:10C0E8009C4201FB02F2F9D1C369032ED3F808E0A0
:10C0F80031D9BB6A6BB31968B0F920308969DCF8AB
:10C1080018008F68E968DEE900C851F823602969DA
:10C11800DEF808E0B3EB112F36BF6969002351F848
:10C128002330A9690D4D0C68806824F07E44AC4228
:10C138008968CDE903E7CDE901C8009604D000F08D
:10C1480027FA06B0BDE8F08100F018FA06B0BDE89D
:10C15800F0819B69FFDE00235B68FFDE40048400FA
:10C16800826913880BB95B68FFDE2DE9F04F2DED6E
:10C17800028B5268A9B05468002C00F0F780D4E90B
:10C188000054012B00F0B481166906B13668D0E975
:10C198000783A9680B93A36805F10802089281EA4E
:10C1A800030204F10800FF2AC1F3172109900CD8F3
:10C1B8000846002800F0D780EF68E268013857F891
:10C1C800207052F820209742F3D04FF0000999B11F
:10C1D800EA68013952F82120012AF8D04FF0000A04
:10C1E800C3F3172373B1E268013B52F82320012AF5
:10C1F800F8D04FF0000B07E0C3F317234FF0010A04
:10C20800002BF0D14FF0010B40F2015100221391A5
:10C21800696913A84B6871690A934F68CDE91922B7
:10C22800CDE91B221D9219AA1492DDE9081200F02B
:10C238004FFF28683268AD692168E0B14368D3B11F
:10C24800B0F802E0BEF1000F15D01B68D3F800C0AB
:10C25800CDF834C0A9B94FF07E5CCDF838C0FAB13A
:10C268005368EBB1B2F802E0BEF1000F18D01B68BA
:10C27800D3F800C016E04FF07E5CCDF834C000293A
:10C28800E9D04B68002BE6D0B1F802E0BEF1000F10
:10C29800E1D01B68D3F800C0CDF838C0002ADFD140
:10C2A8004FF07E5CA469B669AD68A468B668CDF83D
:10C2B8003CC038B14368002B53D0408810B158684F
:10C2C80090F900008DF8310039B14868002846D04F
:10C2D800498811B1416891F900108DF832103AB1CE
:10C2E8005168002939D0528812B14A6892F9002061
:10C2F8008DF83320B9F1000F2BD1D34538D0CAF1CE
:10C308000207139B1A0A4FF0010308D0149800EB98
:10C31800820252F8041D904201FB03F3F9D1224630
:10C328000DF1330405940FAC04940DF13204039419
:10C338000EAC02940DF1310401940DAC0094294621
:10C3480030460B9C0697A04729B0BDEC028BBDE890
:10C35800F08FD345D3D10027D3E70A46C8E7014673
:10C36800BBE71846AEE74FF0010930E7254608E776
:10C3780040F2025CDDF828A01EAB169323AB0899A7
:10C38800189315A8534613AACDF854C0CDF85CC02D
:10C39800CDE91F99CDE92199CDE92499CDE92699CF
:10C3A800CDF87890CDF88C9000F0BAFE534613AAD9
:10C3B800099917A800F0B4FE149AD368002BC3D0CB
:10C3C800DFED4D8A9168CDF820900029BCD04FF060
:10C3D800000B1398C0F317204FF0000A042894BFED
:10C3E800012111698A4569D25168002955D04FF059
:10C3F8000009B6EE008A95F900209DF93110DDEDAF
:10C408000D6A531A07EE903AF8EEE77A67EEA67AC5
:10C41800CDED107A9DF932E094F900C09DED0E7AC9
:10C42800ACEB0E0307EE903AF8EEE77A67EE877A00
:10C4380011AACDED117A10A912A8C0479DF9333081
:10C448009DED126ADDED0F6A07EE103AC6EE267A08
:10C45800B8EEC77A77EE877AF5EEC07AF1EE10FA81
:10C4680038FE287A77EE877ABDEEE77ACDED127A34
:10C4780017EE102A02F307023270169A09F1010921
:10C4880052683E441544189A52681444149A5168E4
:10C498004945B0D81398C0F317201599B1F5A06F86
:10C4A80002D3169909690D441799B1F5A06F02D303
:10C4B800189909690C440AF1010A8FE7DDF858E078
:10C4C800189BDEF808100BF1010B0D4499680C4419
:10C4D8009168594580D8DEF80C000544D868089B57
:10C4E8000444D0680133984208933FF66EAF2BE7B7
:10C4F80000235B68FFDE00BFFCFFFFBE2DE9F04FA5
:10C5080094461E468DB0BDF86470DDF870809DF9C4
:10C518005830CDE908C6DDF868B09DF95C6008EBD5
:10C52800C70A04460D460A934246534639461B98A5
:10C53800BDF860900B9600F035F8BBF1000F1AD0EB
:10C548000026CDF87080C846B9461C9F099A28462F
:10C5580004920B9A059403920A9A4B46CDE901A2DC
:10C568000899424606970097013600F04BF8B34504
:10C578004C444544EAD10DB0BDE8F08FB2FBF3F26C
:10C5880010B4019CB2FBF4F25DF8044B00F048BF14
:10C59800B2FBF3F210B4019CB2FBF4F25DF8044B69
:10C5A80001F0B8BC61B370B580EE207A00269D1EFC
:10C5B800141F00EB8101F0EC017A67EE277A17EE81
:10C5C80090EACEF3C752CEF3160C0CF5000CBEF170
:10C5D800000FC2F17E02B8BFCCF1000C1F2A4FEA4F
:10C5E800CC1306DC814225F8022F44F8043FE2D13F
:10C5F80070BD814225F8026F44F8046FDBD170BD2D
:10C60800704700BF2DE9F04F994697B09DF98870A3
:10C61800269C0D4609EB89011FFA87FE04EB4101B0
:10C62800DDF884B09DF98C304EEA074E12920D91D8
:10C6380004EB890AB9F1000F00F0608284465C4679
:10C648004FF001084FEA49010BEB01020392AAF1EE
:10C65800040634F9022B511E89B208FA02F0142993
:10C6680003FA02F202EB500200F2E58146F8042FC9
:10C67800039AA242EDD1129EDDF834804FEA5904A4
:10C688007346604632464146009700F0E1FA002CB6
:10C6980000F084813046A6F11003249E621E06F144
:10C6A800100192B201EBC2020E92024603380F90BB
:10C6B8000BF104000490209806F1080E08300AF1E6
:10C6C8000806CDF818E0CDF850A0CDF884B0B246F1
:10C6D800964683461B090133259F4FEA031C08EB46
:10C6E800431302371093131F059711931394CDF832
:10C6F8001CC0CDF85490069A05EB0E07BEF10F0F3B
:10C70800039752E9023140F3D481079A0D98AE1885
:10C718002A68D7F800904FEA32284FEA392C046883
:10C728002FFA82F22FFA88F82FFA89F92FFA8CFC5F
:10C7380024FB023224FB0914D0F8049029FB0822B8
:10C7480029FB0C496B687C684FEA33284FEA342C84
:10C7580081682FFA83F32FFA88F82FFA84F42FFAD6
:10C768008CFC21FB032321FB0492D0F80C9029FBBD
:10C77800083329FB0C29AA68BC684FEA32284FEA1B
:10C78800342C01692FFA82F22FFA88F82FFA84F4F0
:10C798002FFA8CFC21FB023221FB0493D0F8149071
:10C7A80029FB082229FB0C39EB68FC684FEA33287F
:10C7B8004FEA342C8169103510372FFA83F32FFA9A
:10C7C80088F82FFA84F42FFA8CFC21FB032321FB31
:10C7D8000492C169203021FB083321FB0C21B542AA
:10C7E80096D10798039A81460244109D03920F9AA6
:10C7F800914580F25C812F46119ADDF80C80A2EBFE
:10C8080009024FEA920C0CF101029000CDE90802EE
:10C81800CDE90AC906EB82040C9556F8045B58F872
:10C82800040B4FEA35294FEA302C3A682FFA85F580
:10C838002FFA89F92FFA80F02FFA8CFC22FB0533A6
:10C8480022FB00127968083721FB093321FB0C21F0
:10C85800B442E2D1DDE90802DDE90AC9039E0C9D74
:10C86800064409F10409039605EBC20509EB8C0996
:10C87800CE4537DDB5F9000094F90060039A10FB46
:10C88800063392F9006010FB061109F101007045AA
:10C8980025DAB5F9020094F9016010FB063392F924
:10C8A800016010FB061109F10200704517DAB5F9AD
:10C8B800040094F9026010FB063392F9026010FB41
:10C8C800061109F10300704509DAB5F9060092F975
:10C8D800035010FB051194F9035010FB0533AEEB20
:10C8E80009094C44049A5BF8087C32F9045C5AF84C
:10C8F800086C152D40F3B4800122A81E013D02FAF0
:10C9080000F053FB07002841304400F307035BB2F3
:10C91800059A02F8023C049B33F9025C152D40F39A
:10C92800918001235AF8046CA81E013D03FA00F017
:10C938005BF8043C51FB030141FA05F3334403F36C
:10C9480007035BB202F8013C069B02320499059288
:10C958000E9A083304319A42069304EB0E050491AB
:10C968000BF1080B0AF1080A7FF4C5AEDDE9134A9A
:10C97800DDE9203B03EBC4032093249BDDF85490AE
:10C9880003EBC4032493259B19F0010F03EB440325
:10C998000BEB840B25930AEBC40A48D0129A249B0C
:10C9A80096081B6800F0B3800D9805EB860755F8CC
:10C9B800042BD0F800C044684FEA322108302FFA1F
:10C9C80082F22FFA81F12CFB023324FB0133BD42A2
:10C9D800EDD10D9A02EBC6020D92129A12F00302E3
:10C9E80013D00D9C97F900102088012A10FB013301
:10C9F8000BD097F901106088022A10FB013304D08C
:10CA080097F90220A18811FB0233BBF90020209975
:10CA1800152A0968DAF8000060DC002A4EDD5B00A0
:10CA280053FB0103134103F30703259A13700020F6
:10CA380017B0BDE8F08F039A46F8043FA2427FF48E
:10CA480008AE18E6002D15DD5BF8043C5AF8040C16
:10CA5800490051FB0301294101F307035BB271E768
:10CA6800002D17DD5B0053FB07632B4103F307031E
:10CA78005BB24DE7C5F10105A94001F31F015BF861
:10CA8800043C51FB13F15AF8043C0B4403F307032D
:10CA98005BB257E7C5F1010003FA00F000F31F008D
:10CAA80050FB17F0304400F307035BB230E734461D
:10CAB800DEE62E464FF000090D9D98E6C2F1010210
:10CAC800934003F31F0353FB11F3034403F30703DA
:10CAD8000020259A137017B0BDE8F08F0124951E29
:10CAE800013AAC4053FB01431341034403F30703EA
:10CAF8000020259A137017B0BDE8F08F73460D9982
:10CB0800009700F0A5F8002017B0BDE8F08F2F4679
:10CB180063E700BF884221D002B3884213D3032AB7
:10CB28001DD8013A10F8013B01F8013BB2B110F8E9
:10CB3800013B01F8013B012A00F0888010F8013B15
:10CB480001F8013B704783188B42E8D90A4413F96E
:10CB5800011D984202F8011DF9D1704770472DE96F
:10CB6800F04301F0030ECEF10403A2EB030C00F036
:10CB78000308CEF1030210F8013B01F8013B82B132
:10CB880010F8013B01F8013B012A0AD010F8013BDB
:10CB980001F8013BBEF1010F03D010F8013B01F889
:10CBA800013BC6452AD05FEA1C120AD050F8043B64
:10CBB80050F8044B50F8045B50F8046B78C1013A04
:10CBC800F4D11CF0080F04D050F8043B50F8044B83
:10CBD80018C11CF0040F03D050F8043B41F8043B83
:10CBE8001CF0020F03D030F8023B21F8023B1CF086
:10CBF800010F01D003780B70BDE8F0835FEA9C1940
:10CC08000ED088468646BEE8FF00A8E8FF00BEE8CA
:10CC1800FF00A8E8FF00B9F1010941467046F0D1CC
:10CC28001CF0200F07D088468646BEE8FF00A8E81B
:10CC3800FF00414670461CF0100F01D078C878C13B
:10CC48001CF0080FC5D018C818C1C2E7704700BF4C
:10CC5800F0B59708BDF914602CD08E4600EB870517
:10CC680050F804CB2FFA9CF4D4FA03F42FFA8CFC76
:10CC7800DCFA03FC8542CEF800C0CEF804400EF181
:10CC8800080EEDD101EBC70112F0030211D095F99E
:10CC9800000073B2C01A012A08800AD095F9010071
:10CCA800022AA0EB0300488003D095F90220D31A8A
:10CCB8008B80F0BD0546E7E7D1ED007A92ED007A6A
:10CCC80077EE877AC0ED007A704700BF2DE9F04310
:10CCD800079CDDF834E094ED000A089C94F90060A4
:10CCE800099CD4ED000A0A9C94F900C00B9C94EDB1
:10CCF800001A0C9C94F90040BEF1000F0ED1B4EE5E
:10CD0800410AF1EE10FA02D1A64200F02381CDE9E2
:10CD180008C40796BDE8F04300F098BAC0EE814A0F
:10CD280007EE904AC0EE015A14EE904AC4F3C75574
:10CD380015EE904AC5F17E05C4F3C75405EAE575BA
:10CD4800C4F17E04A542A8BF25464FF0010805F1AD
:10CD58001D0408FA04F407EE104A05F11604153507
:10CD680008FA05F508FA04F8B8EEC76A07EE108A5B
:10CD7800BEF1010FF8EEE77AB8EEC77A4FEA9307EB
:10CD880075D006EE906A92F90020F8EEE66AA2EBFA
:10CD98000C0205EE102AE6EEE57AB8EEC55AE5EE85
:10CDA800247A35EEA54A67EE877A64EE066AFDEEC8
:10CDB800E77AFDEEE66A17EE90EA16EE906AAE4460
:10CDC800002F00F0E2804FEA8708051D01EB870776
:10CDD80051F8042B02F0FF29120202F0FF2236FB61
:10CDE80002EC4CFA04FC0CF3070C05F804CC36FBF7
:10CDF80009EC4CFA04FC0CF3070C05F803CC36FBE1
:10CE080012EC4CFA04FC0CF3070C05F802CC36FBC8
:10CE180019E2224102F307028F4205F8012C05F1BD
:10CE28000405D5D1404413F003031ED097F9002020
:10CE3800120236FB02E2224102F30702012B0270C2
:10CE480013D097F90120120236FB02E2224102F3C5
:10CE58000702022B427008D097F902301B0236FBFA
:10CE680003E3234103F307038370BDE8F08306EE71
:10CE780090CA91F90010B8EEE64A891B06EE901A9E
:10CE8800E4EE647AF8EEE66AE6EEA57A34EEA45AA1
:10CE980067EE877A25EE066AFDEEE77AFDEEC66A4A
:10CEA80017EE906A16EE90EA2E44002F6FD04FEAE4
:10CEB800870800F1040C02EB870752F8041B0D02E7
:10CEC80005F0FF2501F0FF213EFB056949FA04F949
:10CED80009F307090CF8049C3EFB016949FA04F9B7
:10CEE80009F307090CF8039C3EFB1565254105F37A
:10CEF80007050CF8025C3EFB1161214101F30701B3
:10CF0800BA420CF8011C0CF1040CD6D1404413F0C1
:10CF18000303AAD097F9002012023EFB02622241C5
:10CF280002F30702012B02709FD097F90120120229
:10CF38003EFB0262224102F30702022B427094D0A8
:10CF480097F902301B023EFB0363234103F30703F7
:10CF580083708AE7F4EE410AF1EE10FA7FF4D7AE57
:10CF6800B4457FF4D4AE002B3FF47FAF034411F9EE
:10CF7800014B12F9015B2C44A4EB0C0404F30704E5
:10CF880000F8014B8342F2D16FE70F464BE7174693
:10CF9800BDE700BFC0F34343022B55D02D4A20F014
:10CFA8007E43934210D021DC2B4A93420CD00FDDF4
:10CFB8002A4A934208D002F5FA32934204D0284A0A
:10CFC80093420CBF1346402300F0D04018437047EB
:10CFD800A2F580629342F7D02CDD224A00F0D040BF
:10CFE80093420CBF13464023184370471E4A93428E
:10CFF800EAD010DD1D4A9342E6D002F2F172934264
:10D00800E2D0A2F5006293420CBF1346402300F021
:10D01800D04018437047A2F287329342D4D002F529
:10D0280060729342D0D0A2F5806293420CBF13463F
:10D038004023C9E7A2F580629342C5D0803293426B
:10D048000CBF13464023BFE7094B034043F480233A
:10D05800BAE700BF401082004008040040100400F6
:10D068004F08040047040400470484004F08840064
:10D07800FF3F800061B1C0F3C61303FB01F1C0F3A9
:10D088004153C81D20F00700D8400730C00870473A
:10D0980008467047120242EA014242EA00607047BD
:10D0A80010B4C46841698369C968E0681B6801FBFA
:10D0B80000F0064A23F07E4323F40003934204BFA2
:10D0C8000730C0085DF8044B704700BFC00004007B
:10D0D80030B40468C4F3172404B32346013B9C42CC
:10D0E8004FEA830C15D914680D68B3EB142F36BFBB
:10D0F8005468012454F82340B3EB152F2EBF0125A3
:10D108004D6855F80C50AC4238BF2C46456845F878
:10D118000C401BB10468C4F31724DFE730BC704728
:10D128002DE9F04FD1E90054B5F5A06F5768616853
:10D1380028BF256912683ABF8E46012505FB01FE06
:10D14800B2F5A06F28BF3E69D4E9024238BF012674
:10D15800D7F80480D7E9027C624504BFA2F1010C2C
:10D16800BCFA8CFC026818BF4FF0010C83B008BFF2
:10D178004FEA5C1CB2F5007F01974ED3AA1B18BF7B
:10D188000122414501FB02F9D0F804A048D0002251
:10D19800CAF80420A5EB060ABAFA8AFA02684FEA26
:10D1A8005A1AC2F31722042A06D903FB0AF247685F
:10D1B8003A610268C2F31722019FBC423CD04FF08B
:10D1C800000BB4EB070A18BF4FF0010A022A0EFB46
:10D1D8000AFA22D9ABEB0A0BCB4403FB0BF24768E4
:10D1E800BA600268C2F31722BCF1000F09D1019F8F
:10D1F800BC4206D0B54227D0B1EB080118BF0121C7
:10D2080000E00021032A08D90EFB04F40CFB1411DA
:10D21800514403FB01F14268D16003B0BDE8F08FCF
:10D22800CAF804300268B542C2F3172214BFC1F12C
:10D23800000AC9F1000AB6E7B542C0D0B1EB080B45
:10D2480018BF4FF0010BBCE76146DBE72DE9F04F53
:10D2580085B09DF9384080EE817A644207EE904AA5
:10D26800C0EE015A9DF93C40B8EEE76A06EE904AD6
:10D278001C469DF94030864607EE903A17EE103A64
:10D2880015EE900AF8EEE66AC3F3C753C3F17E03BE
:10D29800C0F3C75003EAE373C0F17E008342A8BF1E
:10D2A8000346012567EE666A03F1160905FA09F0D7
:10D2B800E6EE256A35EEA55AF8EEE77A05EE900A0D
:10D2C80003F11D0077EEA67A05FA00F0F8EEE55AAC
:10D2D80006EE100A67EEA57AB8EEC66A37EE077A48
:10D2E800FDEEE77A65EE066A27EE067A17EE906A93
:10D2F800FDEEE66ABDEEC77A15339D402E445FEA1F
:10D30800940B16EE908A17EE107A06F1FF3600F0AD
:10D31800848092464FEA8B03CDE9013E0EF1040565
:10D3280001EB8B0B039251F8040B5AF8043B4FEABC
:10D33800002E0EF0FF2E00F0FF2003F0FF2238FB36
:10D348000E6C1B0203F0FF2337FB03CC4CFA09FCDD
:10D358000CF3070C05F804CC38FB006C37FB02CC47
:10D368004CFA09FC0CF3070C05F803CC38FB1E6ECD
:10D3780037FB13E343FA09F303F3070305F8023C09
:10D3880038FB106037FB120242FA09F202F3070277
:10D398008B4505F8012C05F10405C4D1DDE9013EF2
:10D3A800039A9E441A4414F0030133D09BF90000F9
:10D3B800000238FB006092F900301B0237FB0303C0
:10D3C80043FA09F303F3070301298EF8003021D04B
:10D3D8009BF90100000238FB006092F901301B0242
:10D3E80037FB030343FA09F303F3070302298EF813
:10D3F80001300FD09BF902301B0238FB036892F909
:10D4080002301B0237FB038343FA09F303F30703D4
:10D418008EF8023005B0BDE8F08F8B46C3E700BF39
:10D428002DE9F04F8BB0179C884614F5807F17467E
:10D43800844603FB02F1059380F2C98301294FF466
:10D44800807B40F2CD8300234FF080499A46189A9A
:10D45800CDE903C8043A0092CDF808B00697169BA8
:10D4680015980AFA03F2159B52425340DB0F002B22
:10D4780014BF4FF0FF310021D84B08BF4FF0804355
:10D48800C0FB0231002904DA6FF000429B1841F119
:10D498000001DB0F43EA41030027494643F07F427E
:10D4A800540104F18054C4FB0417002FA2EB0302BB
:10D4B8004FEAE47505DA6FF000400818014647F1B5
:10D4C8000007C90F41EA4701A1FB0106FF1701FB4D
:10D4D80007FC10F1804046EB4C06002E06DA6FF090
:10D4E800004C10EB0C0C604646F10006C00F40EAF9
:10D4F8004600861054BF4FF0010C4FF0020C00F0AC
:10D508000300844501FB05F581EA04004FEAD07069
:10D51800B8BF01360028B14804FB075515BF0746B8
:10D528004FF080474FF0FF3C4FF0000CA1FB040E7A
:10D53800C019754445EB0C05002D05DA6FF000475E
:10D54800C719384645F10005C00F40EA4500304488
:10D55800C50F002D14BF4FF0FF3600269F4D08BFA2
:10D568004FF080459E4FC0FB0756002E05DA6FF03E
:10D5780000402818054646F10006ED0F45EA460525
:10D588002944481002D4CE0748BF01300444E10FB3
:10D59800002914BF4FF0FF300020904908BF4FF01A
:10D5A8008041904DC4FB0510002805DA6FF0004457
:10D5B8000C19214640F10000C90F41EA4001002042
:10D5C800C846834642F3806401F1E2410194A1F523
:10D5D8002521854CA1F26C71C1FB048BC2F3006E4E
:10D5E8004FEAD87842F300660EF1FF3E48EA4B084E
:10D5F8000EEA010E06EA08018EEA01014E46864649
:10D608007A4CC2F3406CC1FB046EF60F42F34065DE
:10D6180046EA4E060CF1FF3C0CEA010C05EA06014D
:10D6280006464D46724C8CEA0101C1FB0456ED0FCB
:10D6380045EA46054C460646C2F38067013F0F405F
:10D648000199B3FA83F3294079406A4FC2F3C06560
:10D65800C1FB0746013DE40F0D4044EA460442F38E
:10D66800C061214085EA010406464D46624FC2F377
:10D678000071C4FB07560139ED0F45EA4605214004
:10D6880042F300742C4007464D465C4E6140C1FB96
:10D698000657C2F34074013CED0F0C4045EA4705BC
:10D6A80042F3407129406140F2254C46C1FB0540D8
:10D6B800E40F44EA4004C2F38070013842F38072F8
:10D6C8005B09014022404A40591E5B420A4023F050
:10D6D80000435340009A0AF1010A42F8043F029BB2
:10D6E800009253453FF6BBAEDDE903C89B46069F53
:10D6F800002F00F09B810599149B03FB01F300297F
:10D7080000F0948108EB010003900022404689460E
:10D71800149C0997E246CDF81CC08446CDE9053231
:10D728000890012C9CF9001040F2498201220CEB70
:10D73800090393F9000001328142B8BF01469442BF
:10D748004B44F6D1002562462B46189E92F90000FC
:10D758000133081A58454A440DDA56F8200040F2B9
:10D76800FF7E071348BF4FF4006EC0F30B007045EF
:10D77800C8BF01373D449C42E8D1002D00F0228209
:10D78800B5FA85F0854005F10042D317B3F1FF3FA4
:10D7980008BF002D0190C0F12300009000F05681D1
:10D7A80012F1004243F10005520842EAC572144BD7
:10D7B8006D10504203FB0500A2FB033606440748E0
:10D7C80004921B1866F10006002E1BDA6FF0004069
:10D7D8001818034646F1000614E000BF010000C017
:10D7E800ABAAAA2A94A8F5707BBEAF63F2CBA24D70
:10D7F8006CAC162FA4AA5211B72A580211FE0A00BF
:10D80800C4C3C3C3DB0F43EA460000F15A3000FB30
:10D8180005F6C31702FB0366A0FB027317F18047E6
:10D8280046EB0303FF0F47EA4307C7F1005797EAA0
:10D83800000F80FB073640F1A381CF4FDB1966F15B
:10D848000006002EC0F2A381DB0F43EA4603B3F1C2
:10D85800604F4FEA830600F3A18100F10040C6172C
:10D8680002FB06FEA2FB003700FB05EEBE44C24FDA
:10D87800DB196EF10007002F06DA6FF0004E13EB8C
:10D888000E0E734647F100074FF0FF3EDB0F43EAE9
:10D898004703B94FC3F1005303FB06F64FEAE37899
:10D8A80000FB0866A3FB0038DB19464446EB0E066E
:10D8B800002E05DA6FF00047DF193B4646F10006F7
:10D8C800DB0F43EA4603B3F1005F80F24B81B3F10B
:10D8D800604F00F3728100F1004393EA020F40F1B8
:10D8E800008103FB05F5D81702FB0050A3FB0225B6
:10D8F8000544A148121865F10005002D05DA6FF0FE
:10D9080000401018024645F10005D20F42EA4502D0
:10D918004FF0FF35C2F10050974AC0FB0325002D98
:10D9280005DA6FF000401018024645F10005D20FE5
:10D9380042EA4500B0F1604F00F3CE8203F10042A5
:10D948005E00B2F1404FD8BF4FF00046009B1F2B3E
:10D9580005DD019BC3F104031E411F230093002C26
:10D9680067D04FF0010E0022009B10460EFA03FE0E
:10D978000EF1FF3E4FEA6E08CDE90018984631E0F7
:10D98800189D55F8237087EA0603DB0F002B14BF98
:10D998004FF0FF350025784B08BF4FF08043C6FB9A
:10D9A8000735002D04DA6FF000415B1845F10005DA
:10D9B800DB0FB74243EA45037BD053FA08F517D487
:10D9C800019F03EA0E039F4280F281800135FE2DFC
:10D9D80000F38580803D6DB2013084420AF8025020
:10D9E8004A440DD01CF902300099CB1A5B45C7DBBD
:10D9F8006FF07F05013084420AF802504A44F1D1A1
:10DA0800039B0CF1010C9C450AF1010A7FF489AED5
:10DA1800DDE90532DDE907C00399013219440391B4
:10DA28000999184491429C447FF474AE0BB0BDE848
:10DA3800F08F039B0CF1010C9C450AF1010AE7D019
:10DA480003212023CDE900139CF900104FF0FF3289
:10DA580000234FF0804E1546484802930492C6179B
:10DA680002FB06F7A2FB003800FB057713EB0E0E4E
:10DA7800029B474447EB0307002F734606DA6FF013
:10DA8800004E13EB0E0E734647F10007DB0F43EA17
:10DA98004703C3F1005380EA0307FF0F002F18BFA5
:10DAA8004FF0FF3E344F04BF4FF0000E4FF0804759
:10DAB800F2E6B6F1004F80D16FF000454FEA6E07ED
:10DAC8000EEA05039F4245FA08F5FFF67FAFFE2DE3
:10DAD80005DC002D7FF47EAF6FF07F058AE77F2598
:10DAE8007AE74FF08040002603FB05F5DF1702FBBD
:10DAF8000755A3FB022712183D4445EB0605002DE8
:10DB080005DA6FF000401018024645F10005D20F03
:10DB180042EA4502C2F1005282EA0300C00F00281F
:10DB280014BF4FF0FF350025134808BF4FF0804061
:10DB3800C3FB0205002D05DA6FF00042821810467B
:10DB480045F10005C00F40EA4500B0F1005FFFF65F
:10DB5800F1AE6FF000463344B3F1804FBFF6F6AE36
:10DB68005E00F3E66FF00043034492EA030FB8D572
:10DB78004FF0FF360048B7E7010000C0B6B4B4B4B0
:10DB880013F1804346F10006002EBFF65DAE6FF03C
:10DB98000047DF193B4646F1000655E6304480EA67
:10DBA8000203DB0F002BD24B0DBF00239E464FF024
:10DBB800FF334FF0804E029351E79B00D4E7002CCF
:10DBC8007FF4C0AD03222023CDE900233EE70129DD
:10DBD800C4F1000B04D9BBF1000F7FF434AC87E526
:10DBE800149B98F9002003FB01F10129009240F2EF
:10DBF8006D81434608F1FF34601813F9015FAA42AA
:10DC0800B8BF2A468342F8D10092A1466318CDE9ED
:10DC180001B3CDE906C80897009B19F9010F181A36
:10DC2800019B834240F24881169B159C00FA03F140
:10DC3800159B49424B40DB0F002B14BF4FF0FF32BE
:10DC48000022AB4B08BF4FF08043C1FB0432002ACF
:10DC580005DA6FF0004159180B4642F10002DB0F5C
:10DC680043EA420A00244FF080424AF07F435E01B3
:10DC780006F18056C6FB0624002CA3EB0A034FEAE4
:10DC8800E67C05DA6FF0004151180A4644F10004B9
:10DC9800D20F42EA4402A2FB0217E41702FB04FE79
:10DCA80011F1804147EB4E07002F06DA6FF0004E66
:10DCB80011EB0E0E714647F10007C90F41EA470103
:10DCC8008F1054BF4FF0010E4FF0020E01F0030108
:10DCD800714506FB04F186EA02044FEAD474C8BF12
:10DCE8000137002C824C02FB0C1115BFA4464FF0E3
:10DCF800804C4FF0FF3E4FF0000EA6FB024814EB9D
:10DD08000C04414441EB0E01002906DA6FF0004C87
:10DD180014EB0C0C644641F10001E40F44EA4104A1
:10DD28003919CC0F002C14BF4FF0FF370027704C67
:10DD380008BF4FF080446F4DC1FB0547002F05DA3F
:10DD48006FF0004161180C4647F10007E40F44EA00
:10DD580047042244511002D4D50748BF0131314449
:10DD6800CA0F002A14BF4FF0FF340024604A08BFCE
:10DD78004FF08042604DC1FB0524002C05DA6FF09E
:10DD8800004151180A4644F100045B49D20F42EAA7
:10DD98004402511800244FF08042BAFA8AFB264602
:10DDA800924643F34065039543F380650495534DCC
:10DDB800C3F30068C1FB05A64FEADA7A43F30067AC
:10DDC8004AEA460A08F1FF3808EA010807EA0A01A0
:10DDD80081EA08011746A046494DC3F3406EC1FBCE
:10DDE80005780EF1FF3E0EEA010EFF0F039947EA90
:10DDF8004807164639402746424D81EA0E01C1FBC5
:10DE08000567C3F3806C0CF1FF3C0CEA010CF60FBC
:10DE1800049946EA4706314081EA0C0127469446B0
:10DE2800394EC3F3C065C1FB06C76646F60F46EA1E
:10DE3800470694462746013D0D4043F3C0613140F3
:10DE4800324E6940C1FB06C76646F60F46EA4706EA
:10DE580094462746C3F30075013D0D4043F3007116
:10DE680031402B4E6940C1FB06C76646C3F3407577
:10DE7800013DF60F0D4046EA470643F34071314035
:10DE88006940F225C1FB0524D20F42EA4402C3F3DC
:10DE98008074013C43F380734FEA5B1B13400C40D2
:10DEA80063400BF1FF321A40CBF1000323F000432B
:10DEB8005A40189B43F82020029B99457FF4ACAE4A
:10DEC800DDE906C8DDF804B0089F11E400293FF435
:10DED8000FAC08F1FF3498E603EB8002B2F1804FF3
:10DEE8004FEA4206FFF62DAD6FF000462EE500BF63
:10DEF800010000C0ABAAAA2A94A8F5707BBEAF6344
:10DF0800F2CBA24D6CAC162FA4AA5211B72A580214
:10DF180011FE0A002DE9F04F9DB02A9C002A00F05E
:10DF280016839B46269B154603FB0BF2BBF1000F9D
:10DF380000F00D831E46231F1C461493D846002369
:10DF4800B14604EB860403941B9518934B46C146CF
:10DF580001EB0804CDE91642CDE91901139012919D
:10DF6800129A012B1078119040F2A48301214A449F
:10DF780014780131A042B8BF20468B424A44F7D1F9
:10DF8800299A1190024402920022DDF848E0CDE976
:10DF98000029DDF850B0DDF89CA0159360E1119AD6
:10DFA8009B1A289A93408AEA0302D20F002AC34A8E
:10DFB8000BBF4FF08040104600224FF0FF32CAFBE3
:10DFC8000302002A04DA6FF00041401842F100020F
:10DFD800C00F9A4540EA420000F04F814FF080435D
:10DFE800002640F07F42540104F18054C4FB0436FB
:10DFF800121AC2F3407808F1FF31C2F3807C0D9108
:10E00800002E0CF1FF310C9105DA6FF00041591820
:10E018000B4646F10006DB0F43EA4603A3FB031752
:10E02800F61703FB06F911F1804147EB4907002F6A
:10E03800049306DA6FF0004911EB0909494647F1E4
:10E04800000704FB06F6C90F41EA4701C8F10007BB
:10E058000797CCF100070E97E71703FB076683EADB
:10E06800040CA4FB03733344C2F34066013E0896D4
:10E07800C2F30066C2F30078013E099608F1FF3644
:10E08800C2F380680F9608F1FF365FEAA10806968A
:10E0980054BF0126022642F34065C2F3C0690B95BE
:10E0A80042F300650A9509F1FF35059542F30075BD
:10E0B8004FEADC7C01F00301C9F10009109542F335
:10E0C8008062B142C8BF08F10108BCF1000F7B496A
:10E0D8000ABF4FF080414FF0FF3C4FF0000C791819
:10E0E80043EB0C0CBCF1000F05DA6FF00043CB18C2
:10E0F80019464CF1000CC90F41EA4C014144CB0FC1
:10E10800002B14BF4FF0FF3700276C4B08BF4FF0B0
:10E1180080436B4EC1FB0637002F05DA6FF00041D4
:10E1280059180B4647F10007049DDB0F43EA4703E4
:10E138001D446B1002D4ED0748BF01332344D90FA7
:10E14800002918BF4FF0FF345C4904BF00244FF08A
:10E158008041002800F08C805A48C3FB0014002C32
:10E1680005DA6FF00043CB18194644F100044FF06C
:10E17800804300209C460746C90F41EA440101F14B
:10E18800E241514CA1F52521A1F26C71C1FB04C7F4
:10E198006446E40F44EA47049C460746099EF22574
:10E1A8000E400A992140494C7140C1FB04C764469E
:10E1B800E40F44EA47049C460746089E0E400B9924
:10E1C8002140434C7140C1FB04C76446069EE40FDE
:10E1D80044EA47040E4022407240194606463D4F25
:10E1E800059CC2FB0716C90F41EA4601144009EA1B
:10E1F80001090F9A89EA040902EA090104461A4644
:10E20800354E364FC9FB0624D20F42EA4402109C11
:10E218000646144022464A401946C2FB07160D9C82
:10E22800C90F1440079A41EA46010A400C99624016
:10E238001140C2FB05300A46DB0F0E9943EA400342
:10E2480019404A401313110548BF01330099194476
:10E258000091019B4BF8042F9E44039B9B4547D09C
:10E268009EF80030029A9A427FF799AE0022F0E7B2
:10E278004FF400236FF00042E8E7BAF1004F7FF453
:10E28800ADAE00214FF0FF35154B6FF00040049301
:10E298004FF4003801268C4689460A46CDE90B150D
:10E2A800CDE909510F4C104F104B0D950895059568
:10E2B800109106950F9507910E9102E7010000C095
:10E2C800ABAAAA2A94A8F5707BBEAF63F2CBA24D85
:10E2D8006CAC162FA4AA5211B72A580211FE0A00D4
:10E2E800F8FFFF01E0FFFF0F00010040FFFF1F00E4
:10E2F800009ADDF80490159B002A00F08181B2FA9B
:10E3080082F802FA08F101F10042D017B0F1FF3F9C
:10E3180008BF0029C8F1230600F0758112F10042F8
:10E3280040F10000520842EAC072B34D4010544216
:10E3380005FB0044A2FB0575B0492C44791864F12B
:10E348000004002C944605DA6FF000454D19294663
:10E3580044F10004C90F41EA440101F15A3101FBBB
:10E3680000F7CC1702FB0477A1FB024514F18044A7
:10E3780047EB0505E40F44EA4504C4F1005494EA68
:10E38800010F81FB047540F128819C4C3C1965F113
:10E398000005002DC0F22881E40F44EA4504B4F1D9
:10E3A800604F4FEA840500F3778101F1004101FBDA
:10E3B80000F5CC1702FB0455A1FB024E8F4F7544A4
:10E3C800E41965F10005002D05DA6FF00047E7193B
:10E3D8003C4645F100054FF0FF37E40F44EA450499
:10E3E800C4F10055854CC5FB0147002F05DA6FF0D5
:10E3F800004565192C4647F10007E40F44EA470534
:10E40800B5F1604F00F35C8101F1004191EA0C0F16
:10E4180040F1BB8001FB00F0CC1702FB0400A1FB1C
:10E4280002521044754AAA1860F10000002805DA63
:10E438006FF0004555192A4640F100004FF0FF35AE
:10E44800D20F42EA40026D48C2F1005202FB04F4C6
:10E45800D71701FB0744A2FB012712183C4444EBE1
:10E468000504002C05DA6FF000401018024644F14C
:10E478000004D20F42EA4402B2F1005F7DDAB2F141
:10E48800604F00F31F8101F100424800B2F1404F94
:10E49800D8BF4FF000401F2E03DD1F26C8F104022D
:10E4A8001041002B3CD0DDE913450127B740013F5F
:10E4B8006FF0004E8246DFF844C1DDF80CB04FEA39
:10E4C80067080BE040463A4090424FDA0131FE2996
:10E4D80051DCC9B25D4521704C4421D055F8040F78
:10E4E80080EA0A02D20F002A15BF62464FF0804226
:10E4F8004FF0FF310021C0FB0A21002903DA12EB9B
:10E508000E0241F10001D20F504542EA410221D0EA
:10E5180052FA06F1D6D500215D4521704C44DDD173
:10E528001399129A01311391169901328A42129263
:10E538007FF416ADDDE91901C8469946189B1B9C66
:10E54800179A01339C42114410447FF4FEAC1DB06D
:10E55800BDE8F08FBAF1004FDAD16FF000417810C2
:10E5680007EA0102904241FA06F1AFDBFE2902DC1C
:10E578000029AED1AEE7FF21ACE76FF000400144BF
:10E58800B1F1804F87DA480085E74FF080450027D2
:10E5980001FB00F0CC1702FB0400A1FB022C52196E
:10E5A800604440EB0700002805DA6FF00045551974
:10E5B8002A4640F10000D20F42EA4002C2F100525E
:10E5C80082EA0100C00F002818BF4FF0FF350B4842
:10E5D80004BF00254FF0804038E717F1804445F12B
:10E5E8000005002DBFF6D8AE6FF00047E7193C468E
:10E5F80045F10005D0E600BFC4C3C3C3010000C095
:10E6080003264FF020084FF0FF324FF080474FF0BD
:10E61800000A10469446314901FB00F5CC1702FB6D
:10E628000455A1FB024EE419754445EB0A05002D7B
:10E6380005DA6FF00047E7193C4645F10005E40F9D
:10E6480044EA4504C4F1005484EA0105ED0F002DA5
:10E6580014BF4FF0FF370027214D08BF4FF080450A
:10E66800C1FB0457002F05DA6FF000442C1925462A
:10E6780047F10007ED0F45EA4705B5F1005FFFF6E2
:10E68800BFAE6FF00045294491EA0C0F7FF57DAFCE
:10E698004FF0FF37124D7BE7294481EA0204E40F6B
:10E6A800002C0F4F12BF4FF0FF3A4FF080474FF04A
:10E6B800000AB1E7002BA3D0299A0244029263E42E
:10E6C800AD00E0E701EB8202B2F1804F4FEA420071
:10E6D800FFF6DCAE6FF00040DDE600BFB6B4B4B4C0
:10E6E800010000C0F8B500BFF8BC08BC9E467047E2
:0CE6F800F8B500BFF8BC08BC9E46704797
:10E7200001000000EC0300000100000001000000F7
:10E7300001000000845D00000100000001000000F5
:10E740000000010038000020000001000C00002043
:10E7500057656C636F6D6520746F2053544D333271
:10E7600020776F726C6420210D20000000000000F3
:10E770004C6F7261206D6F64756C6520636F6E669F
:10E78000696775726174696F6E0D00005363616E25
:10E790006E696E6720493243312062757320666F5F
:10E7A0007220646576696365732E2E2E0D0000005D
:10E7B00044657669636520666F756E6420617420B8
:10E7C00061646472657373203078253032580D0AA5
:10E7D000000000004661696C656420746F20696EFA
:10E7E000697469616C697A652053485434302073C8
:10E7F000656E736F720D000053485434302073659A
:10E800006E736F7220696E697469616C697A656490
:10E81000207375636365737366756C6C790D0000A6
:10E8200023232323232323232323232323232323B8
:10E8300023232323232323232323232323232323A8
:10E840002323232323232323232323232323232398
:10E850002323232323232323232323230D200000E7
:10E86000535454533232482054656D70657261744C
:10E870007572653A20252E326620430D200A00006D
:10E880004C50533232444620507265737375726532
:10E890003A20252E3266206850610D200A000000C3
:10E8A00053485434302048756D69646974793A204E
:10E8B000252E32662025250D200A000041492050D2
:10E8C000726564696374696F6E3A20257520282526
:10E8D00073292C20636F6E666964656E63653D25E0
:10E8E0007525250D0A000000414920696E66657294
:10E8F000656E6365206661696C65640D00000000EB
:10E9000057616974696E6720666F7220326D696E37
:10E9100020686973746F72793A2025752F332073DC
:10E92000616D706C65732072656164790D0A000019
:10E93000436C616972202F20456E736F6C65696C42
:10E940006C650000506575206E75616765757800AF
:10E950005061727469656C6C656D656E74206E755E
:10E9600061676575780000004E7561676575782090
:10E970002F20436F7576657274000000506C7569C6
:10E980006500000041766572736573004E656967C6
:10E99000650000004F7261676500000042726F758C
:10E9A000696C6C617264202F204272756D65000085
:10E9B0004661696C656420746F20696E6974696171
:10E9C0006C697A6520535454533232482073656E13
:10E9D000736F720D000000005354545332324820BC
:10E9E00073656E736F7220696E697469616C697AA0
:10E9F0006564207375636365737366756C6C790DFC
:10EA0000000000004661696C656420746F207265C7
:10EA100061642074656D70657261747572652066DD
:10EA2000726F6D20535454533232482073656E73A5
:10EA30006F720D00257300004661696C6564207477
:10EA40006F20726561642074656D706572617475A4
:10EA5000726520616E642068756D696469747920DF
:10EA600066726F6D2053485434302073656E736F37
:10EA7000720D00007368743430783A206661696CF6
:10EA8000656420746F2025732E0D0A00736874343A
:10EA900030783A2064656C61795F6D73206973200A
:10EAA0006E756C6C0D0A00007368743430783A200F
:10EAB0006932635F696E6974206973206E756C6C6E
:10EAC0000D0A00007368743430783A206932635F4D
:10EAD0006465696E6974206973206E756C6C0D0ACB
:10EAE000000000007368743430783A206932635F44
:10EAF00072656164206973206E756C6C0D0A00008C
:10EB00007368743430783A206932635F777269745D
:10EB100065206973206E756C6C0D0A00696E6974EE
:10EB200069616C697A652069326300007772697483
:10EB3000652074656D7020616E642068756D696410
:10EB400069747920636D6400726561642074656D19
:10EB50007020616E642068756D6964697479000065
:10EB60004661696C656420746F20696E69746961BF
:10EB70006C697A65204C5053323244462073656E7E
:10EB8000736F720D000000004C5053323244462027
:10EB900073656E736F7220696E697469616C697AEE
:10EBA0006564207375636365737366756C6C790D4A
:10EBB000000000004661696C656420746F20726516
:10EBC000616420646174612066726F6D204C5053E3
:10EBD000323244462073656E736F720D0000000080
:10EBE00041542B4C4F57504F5745520D0A000000CF
:10EBF00041540D0A0000000041542B4D5347484535
:10EC0000583D25303258253034582530325825307B
:10EC10003258253032580D0A0000000041542B565E
:10EC200045520D0A0000000041542B4D4F44453D14
:10EC30004C574F5441410D0A0000000041542B44F1
:10EC4000523D45553836380D0A00000041542B50CE
:10EC50004F5745523D31340D0A00000041542B49B5
:10EC6000443D4150504555492C37343734373437BB
:10EC70003437343734373437340D0A0041542B4B92
:10EC800045593D4150504B45592C31443738463059
:10EC900044383346454439464642383338323346A1
:10ECA000393236353835353336360D0A0000000036
:10ECB00041542B49443D4445564555492C37304233
:10ECC000334435374544303037374234320D0A004B
:10ECD00041542B4A4F494E0D0A000000414920651E
:10ECE00072726F7220747970653D256420636F6461
:10ECF000653D25640D0A0000414920696E69742054
:10ED00006661696C65640D00414920494F20627558
:10ED100066666572206665746368206661696C6505
:10ED2000640D000030E9000844E9000850E90008DB
:10ED300068E900087CE9000884E900088CE900081B
:10ED400094E900089CE90008CCCC304220337B4297
:10ED50000000A442CCCC304220337B420000A442CD
:10ED6000CCCC304220337B420000A4426666A641F0
:10ED700000009C410000C6420000D0410000F44168
:10ED80000000EA42666622420000004000000040A7
:10ED90009A9911C19A197544000090419A9911C12C
:10EDA0009A197544000090419A9911C19A197544B5
:10EDB0000000904166663EC1000030C1000034C2D0
:10EDC00034334BC1809971C1000064C2000090C10E
:10EDD000000080BF000080BFFDF6E000000002429E
:10EDE0000100000000000242030000000000024297
:10EDF000060000000004024201000000000402427C
:10EE00000A0000000008024202000000000C02425A
:10EE10000D000000000C0242020000000008024247
:10EE20000A00000000040242000000000008024244
:10EE30000C00000000040242030000000004024233
:10EE40000400000000100242000000000010024216
:10EE50000200000000100242030000000804020447
:10EE60000801010101010103070100000100020086
:10EE70000400060008000A000C00100020004000FA
:10EE800080000001006CDC0200366E010024F400FA
:10EE9000001BB70000093D0080841E00504B140089
:10EEA00040420F0000E02E000070170000A00F008D
:10EEB00000B80B00801A0600400D0300880702000E
:10EEC000A086010000000000010203040000000011
:10EED000000000000102030406070809000000000A
:10EEE0004019E364D650CAA5E9D396DABF7F8AD425
:10EEF0000A62DD4D18640DCCB7A84BA0D991F3156B
:10EF0000124F2081A8EA24BF62F60FE03F2AA71A19
:10EF10008A7F40DC1101E0C042E22A174FF6ECFD87
:10EF2000B419811CE9C8CC33AAD9445B6BE9E29ED1
:10EF3000206BBB7F2E57D60A8AA66961AC2022A41B
:10EF40006CCFDB639255440681990657FBF8EAFEC5
:10EF50000707FD3D06F1D6F2813601E519061B09CA
:10EF60004DF41AD33D55F63C27EE7F9C5AFA30C833
:10EF7000C1DF0F2BF8ABD6FE6A9E7F0857DE43FB3E
:10EF8000D00004B9E69E324DA1E2DA25819B5A33C6
:10EF9000BE261E23261B1E02B8DE2E2D2BDA16C41B
:10EFA000C4E2816C03E23A11810062EAEBF5EFA959
:10EFB000D4E02287BD0A536FC72D6601FB3A17FDC7
:10EFC000E709C5F07F99F31AD40B40CA2715CF7F04
:10EFD0000AF24E38131AD02D26F2D2DD2C610A190E
:10EFE000FE095ACBC82A81000232475138209C3092
:10EFF0005BF70919FEB9B8FF534B81016C242AADA8
:10F000000E1C1A019F7FA80A3505D3AEDA1E32F115
:10F010002907E5A8CDCA3AC57F11290A5E01A35B7D
:10F020004DC00587829330818C693629ACA099E761
:10F03000F8576E082EFC9D366A5E4DEAF9D8E79DBA
:10F04000B781D8EE3E17340CB7EA04BE990EB4B5BA
:10F05000DA38A97D4935E0582A7FEA0F7FED04F4BC
:10F06000C63A25F0F7071AE63B420CDE0110E0260F
:10F070001645201EA39C7289F221592825815FC064
:10F080003B51DD420FD30B0C7F4199F9DFF510F1B5
:10F09000C5449F644322FECFF5A5EF81D3600352A0
:10F0A000EFF6E52225F52BF510D70781F8F206BA21
:10F0B0000711D919D3329D49E6FFBC413C116428A0
:10F0C0007F11F128EED253523A2C38FFB82D4AE87E
:10F0D00045BA7F5FC1066C0006666CC536E53552E1
:10F0E0007088D07F3784340D09DCEFDEE4D018025D
:10F0F000F4CD1365E281154BCB2013FC65DC7B243A
:10F1000062DD7F67FE21201EE0D6D247283F0EB584
:10F11000CD33028120F70FDBCB78D73531ACC3F884
:10F120000D90C419EBBEF0E5298F1CBCFB20B06C20
:10F130007FF7FB49DBFFB728DCF159AD7FF5F3C85A
:10F1400000EA0E39192D5FE818EED904153245BCD6
:10F15000157FC5D2EDE40F10234E1005BDF2DC3A49
:10F16000FF3D7F156CEE0216C2D7D444A9F1E557D6
:10F17000E5327F15F4ACA928F9ED25292907D40F2C
:10F180000DF8C5DA7FCA1092F5DA0B0D5E55EDA3C6
:10F190004451ADDD7E148111D7A4311ADB2A6511EB
:10F1A0005DA0C0EAEA36B048B005F18111D3013460
:10F1B000EBFD08A2F881C7F3A1E36021627AB5955F
:10F1C0000A4DE55893B01DB15D347F091A450FA172
:10F1D000A1B7E90307B618CE0B55DF1A3AF54C452F
:10F1E0007FD3DF0C22B3312518A7EDD012DF067FC5
:10F1F000C419B40DD62108F8B4ABF93E3C1FC22D9A
:10F200000B5A813FE55BB220883281180AC5DF6264
:10F21000EDFBE3157262840841A8C4C998E7DEE5F6
:10F22000D7FFC3293B81C7C6D71B0DFFD40CB9F14B
:10F23000C268E0519EEFD981180A212A0C24F004FB
:10F24000BED2BCB77FD95D78B83DD507DD974538CC
:10F25000F3FAC41A09B6CFB235C9A407A5C95F2805
:10F2600081D721B3BE3DA93D58D2FF66F0B57F1FBF
:10F27000F110D60FF931BB4A18CF9550742A086B9C
:10F2800050840CC1187B9C7F10E407E1FA233D0AEF
:10F29000C27FD01A1C1D41DCB40BE1F60736D4E165
:10F2A000082F37A844CC7FD349D21A1BB3DD85B5CC
:10F2B0004F5628EE47E60E9303FE8122EC3114F000
:10F2C0004062B54DB679810F1AD82D026301AAA606
:10F2D000F3D39C1CF7CDA765EEDEE0E7822781E53E
:10F2E0007556DF8B4E2A811DCE5DFAADBC2D048391
:10F2F0002CE224B5B91E45BFCAFB643FBF360E8160
:10F300009DC017141F446052DF01F6D215CA120BBC
:10F31000DA342F560F7FFBF0D63B810721ED69745D
:10F320002356FC7D063A59341EB20CCE3BA2591A24
:10F330008124214F6DE60EB03AB5E40CBDA6AF1B9B
:10F3400066119C33CC66FD81794BC5BFD0F73B2459
:10F35000816462C3CCE4D4E7DBB8E01DC7B3688A3C
:10F36000EA5A000013500000A0DCFFFF1157000014
:10F3700021CFFFFF6CF7FFFFCB320000CF21FFFF53
:10F3800054ECFFFFE6750000C1100000B95F0000FB
:10F39000EDBCFFFF045FFFFF183FFFFFC9D8FFFF71
:10F3A00077D3FFFF25210000BFA70000E00C00007D
:10F3B000490A00002C68FFFF8EE7FFFFB977FFFFC7
:10F3C000F02500005E4B0000A270FFFF6498FEFF76
:10F3D0001B23FFFF92300000DC8CFEFF1BA100000E
:10F3E000F17600004DD4FFFF2482FFFF262EFFFFA1
:10F3F0003A3D000008140000CCAEFFFFE7500000CB
:10F40000F58C00007F260000A073FFFF6E0D00004A
:10F410005A070000393E0000CAEB0000F14F00001F
:10F42000D90F000014340100AD9CFFFF5035FFFFE1
:10F430002DC4FFFFE7B9FFFFFB61000043D4FFFFCE
:10F440003BC4000051B600007C1400006752FFFF6F
:10F450009FEBFEFF27B9FFFF776F0000F8BE0000AB
:10F46000E2233ABC6E14372D2F0F0AF955D6FF2A26
:10F4700006D80E50E1CA1E13EE030EE9132FF3C691
:10F48000A230CD4E424EDD007F45FCCEFA38242618
:10F4900068429BBA492618CA0C68DA10613C1F3EC4
:10F4A0001CD4FC34E5EC16EA43FD4B9F3326EB2CD1
:10F4B0000A8137C3E839051FF9C2CD0119A10ED160
:10F4C000D4F3F6B3F0E832B1FDFF4A3EBB03E309E3
:10F4D000FDBB2F4ACA3CDE9CDD1F48173F13ACCF53
:10F4E000F657CCDDC91B321E1881E60521DF1E4907
:10F4F000FD360F251C1F1BD4DE4C27CDE9ACF032A6
:10F5000012F2C2DF35FEEC3B00DDF1D5F63DEACC70
:10F51000E0E00FE81D0ACB3A0D3549F7D61013FB92
:10F52000266A02CCCB009DC91A0AB3601416293C86
:10F53000EB6BE904D409DB31DF07F4F643BBBA987F
:10F540002F4C7B36CF20B2E233E6CEB8AA7F36A46A
:10F55000009EFB0C37C4DBC72D26E71BAF419A4B3F
:10F56000283C174E99174950F706EB15B3C3F281A3
:10F57000D9F6A834E7C2E7CB57313500E83C0D0F88
:10F58000F4D0A1F2C6B2353DFEFBF43427C323CE3E
:10F59000CE10136C54EBB0F3C58C063CE2FC425326
:10F5A0009D51F05F81C850E2C1E29BE5CCF8D2F9F1
:10F5B0004423884BDA20B9910F713931A06714A127
:10F5C000114EF7FEF2BF1C41F695E014056FE9E914
:10F5D000E7AB834838B6006B70C4791465A004EEBD
:10F5E000C8B90750BB2EC744A9C8A1D78110F25093
:10F5F00015D205EA00F03834E8C55D02B0F2F261D8
:10F600004207225FD5EAB222EA20E9E11F04BF0CDB
:10F61000CCD4C414516BDA525B469B222CC5D24128
:10F62000C73214E7030EAB26511FE8182A45BC6306
:10F630009F7DB923111DB15F9A0E91DA15C4FAB8F6
:10F6400008A9EDFED6EBE378BDFD9CD042D1A781A1
:10F65000E24E0A321C530CBECA4FA3EAE6C5DA06D4
:10F660003E5261FCCEB0C0FA402BD4F314562111A7
:10F670008155910A5AABA830E2D82E26E8F2F1BDA6
:10F68000C9F2C56F7A440FB12249C3ACAC4848CC2B
:10F6900037E12C65BE047533BCF0CDB1CACE39BE9E
:10F6A00062017F293D0A75C9F72AD5B811C63A27E4
:10F6B0003DFD414AFC4EEA312E173535C43D05DF8C
:10F6C000D106173634E756AB12180A5C38E4FC0052
:10F6D000AF410886F8C0A6D9D0DAD810A2B5ADB629
:10F6E000DCA617B0C8D0013E3B1CBCD00CC525F829
:10F6F000D0E0105FA237C7D7A31221D89B260132D2
:10F70000CE01C521F54C32AB10967207ACCED12696
:10F710002C40EF0D8102D3D21E2D5827F66FF22315
:10F72000FD0B0E33E2ED47C3EEFB06C4C2FBDC303B
:10F73000F7F2B32E1FBD49291F4773F6F8DD00CE3F
:10F74000DBC648182DCF03101640E6DBC20E27D5C6
:10F750004DD4E9A59824F0F80C81280D12E609157E
:10F76000F6D27AB0E21964CBBDD367543FBEAB7317
:10F77000121B818B0563B1CCC60A0A61AB62307C77
:10F78000260C7D15AF6660E3BC44DC7A74FECECBFC
:10F79000F5FF04A5A7BFEAA9B406467412B42EFD6E
:10F7A000B3F0E0498BD02A53A7CDD04B521E5C3E1C
:10F7B0004506C4719F9CE65C0ED0D4A337EB215C58
:10F7C000D03E320A09433664991C22DFFFC135F16D
:10F7D0005A95D3A8D3ECF80DC8AC04813CFAD1CB30
:10F7E0000F650E61ED422CCFC6812E6B1C74A436C2
:10F7F00039305B09FF4F005E25F4C9D2C61C493978
:10F800001F2C1AB066E22159C3FFEABF36EF55DB61
:10F81000ED050A33FB3BD1BBEDE104AF2E3ED1E554
:10F82000F6B40ABC08644092212DFB1010E620ECCF
:10F830003DB7359B28E4AC95450B5CD01D63A932E0
:10F8400004A9947FBFA6CABD49333E3CF7D5335ABD
:10F850001B0D7ECEF30D2ED9F10DC83825D9A63F4C
:10F86000F3A22241DCF715EBE326CF50B7DF3A5481
:10F870001F45773125FAEE608B8C77F127057115DE
:10F88000D8091ABEE04F2AFD647607471E4F3E98FE
:10F89000EF22EADE14E612EADA57562B7F6AE40713
:10F8A000243DF5FFE6503AFF3B080F7F4321922E9F
:10F8B0005428DBEE0B0CCBEDE6A9400A55CE0AB876
:10F8C000D5A91F3EC555BB163BFF42B3EAFADCB4CF
:10F8D000EEF0EB10331B05AD4C50D8AB02D7F2D293
:10F8E0004330CFF8E2FF99942A71E728A13B41B653
:10F8F000EC917F4AB9EE82DA15C293A6D3B9D6FA53
:10F9000015BC262F039F316CE6DDDB40FEB3F44DC2
:10F91000266EB52A16DAFB33E698C4148E8B10E0F7
:10F92000D8F2081E00E10D5828F1190604DEAC0AD1
:10F930001E613E0A56236AEE81F436E23056C6FE58
:10F94000D2DD8661B538F141C62C2CE83007F8319C
:10F9500011F3011D44F6D997C21C1DC42DA7020442
:10F96000055E1013C4CF4F2C13C541FFF617C8F521
:10F970001E14F5DA3B132C037CF54EF8ED89EDF1FE
:10F98000E342EEDDD95466E21035DEF570CFD6E6FF
:10F99000E3A67F1AEC3BF7A32DCCF2E0F7D9AEF645
:10F9A000EAB41CC057CBB0110329BD464ACD15554A
:10F9B000E47F031F3619BEF1F4A429B2D8FAAD10C2
:10F9C000DED5620C61DB0F379021C5BDFD4E499B32
:10F9D00031552226541A5FCCE3DEF7F0CDF0DF225A
:10F9E0000001F8A5361BA5FB694AE2CC58C2E8EC39
:10F9F0002DA945E8CD5881ABFD1B4D4D3825310D66
:10FA0000ECE2280B332C90C111621232CAAD2D6A80
:10FA1000CEB4FA1CA566C8C5B010CB50BFF799325A
:10FA2000F10E3FB9CECEFAC66118BC29FCE237010F
:10FA30000BF2101424BDF1CE7FC61E2021D950B880
:10FA40003DCA1A24E5A3F2B351BE08D4290012DC42
:10FA5000080A19CEE73A2FFA0466B608124B05D603
:10FA6000BAF3DDDD1609CCE8617F34E74E721C4A3B
:10FA70002DE8C822AD0C3DD0333005D0BF4444FB47
:10FA800057DA3A2A5727212352EF2AE33F01B900D8
:10FA9000DDA4240FD735FE87349947B5A220409FB7
:10FAA0003BD19BBD25F5424F602515FFF37FB0C0CC
:10FAB00026BFF22942330B6DD0055262CCB844B058
:10FAC000243D5C1D8C1DADB8F8F909C8E2145EE94F
:10FAD000C809015BDBCF36D816C6F51D51CA2B17F6
:10FAE000BF11051A132AF790340EF3FDC9055E0EF7
:10FAF0003334D1CC5BABC743D6F0AE0E0301C73C69
:10FB0000B2C1554FF6CD6C362525C3F6EFBBC38188
:10FB100030F1B10E4340D80BDEF2E3014931C79119
:10FB2000386235C72CAC50530C2133F2BE1CFE9901
:10FB300054D52862BBC308D0E9AB4F370C2C2C2F0F
:10FB40003043C881384F0FC5087D34B3C851C9410F
:10FB5000DCAFD3051D45FFB73CFEDCF245EDC138F7
:10FB6000E6C6E0F21E3425DD400DE0ABF1E1343EA7
:10FB70002B29E2F301E8C932E8DC45F01D3E0DF324
:10FB8000312EFC03DF25C72556FF0954D510D103BC
:10FB900068D4F91581B2D2CE4FBE5311D0E71CEA1A
:10FBA000362D432340CCD8F814BE33AC115330CAA1
:10FBB0005B1F6E542231375A6118BDF325F618A623
:10FBC000E15D4C7F52F2225400D1B00AB2CCE6E79C
:10FBD00051BE00F0DFB7C2409D35E2050BDBBE1918
:10FBE0004FEAF4A99D2C0727C89A621ED0014EF750
:10FBF000B0E3BDB548F231E77F9FB7FFD418A99FA6
:10FC000014CD1CC841EC2B2540B946BD2E03444100
:10FC10001433B2433D1070D53B68C2E7DB08F419DA
:10FC2000081F7FC5ED46EB03184AD5B95A2014D9F1
:10FC3000F2D30F44BE1F11573FD1D351D0F64F66B8
:10FC4000DC31ED20358D5FBEF3FB181636AF44CDA9
:10FC50002864AFE43D6E164A8E4F47B5545DDB0411
:10FC6000CA5CBED52846EE3629BAC50935DFC9AC0F
:10FC7000FF1181FAEC4CD5F22FE7DE2A19C60E05EA
:10FC80000063CBBFB4CCC12A2E3262434E2A55B991
:10FC900012E2F669EE0B9F159B17CADBD0B24DD26C
:10FCA000C9D7F5C1DF0A94D70AE9080D2F2211CC74
:10FCB00016F8D5080FB238C935D9AC17E9F9DFBD48
:10FCC00044FC217FBA37181D00C0D4C9CD24CF17FA
:10FCD0004AC8EC0B591542F3E2FCD2D4EA272CF0C7
:10FCE000B9E828C9B22242A6544678DB04C5B1025D
:10FCF0001BE521CCDCD1EE1C76134BBA2C481AB193
:10FD0000B3C9E32A4B8244FA3B2BD123C07F27EBB4
:10FD1000922A3DD0563862D21C1BC858D85B552356
:10FD2000E8C6A4032D4606B0DEC87FEFF935EB0B1D
:10FD3000B9D5EE0C45EDF22EE3BFC817BF271A3D2B
:10FD4000E0F3E7492048B1B7604A164DC93E1CC6EA
:10FD5000E00D29030D2604A653B93C3F3DE7E8BD5D
:10FD6000F650E91642FD1460970C2D234047E13F01
:10FD70004B4423D74C5F2EC17981106217955043B5
:10FD80009ED4EF0CC3A927E06AFFF1DBD621AF4F69
:10FD9000CD3D5A25EA5FF8631C2D88AEC512C8D444
:10FDA000E6C4EF485ECE2338DF41F3CD662503D0AD
:10FDB000305A45F91B522637F901BA2BBEE5AC3152
:10FDC000E83D19BC5165A96B5DB5EDA5E87920E268
:10FDD0005FD62D52C12F8FBA9E7FBEB2FACA6E1265
:10FDE0000EE6ED28CCB0ECEB52BF1AFAD8DEE31ADF
:10FDF000F994CF0A466DD9AB37304CA7E1D45E09F0
:10FE0000C227EFDBD93CBC17812161A89D282DF5C5
:10FE10002B211D148EE011522E1B0C11CAE71DD28E
:10FE2000F0E9961E432C073404F8C2D72254EE168C
:10FE3000CFEBDFD7D1FDE95364AF11B3F72BD5B7C3
:10FE4000A53DE4420F19DE36ACBF35AEBC0CBDC9D2
:10FE500006F5B626514D21513A4087ACCE4781BABE
:10FE60009DDED05778883F2181E059DD065CFC2873
:10FE70004D7ABC0C20E24550FB8CCBC00A881D7526
:10FE80003A934BBE1CF0E6C8FB73331A5B3C3596C5
:10FE90000CE9B05A4210E5005452A94934EF44F934
:10FEA00064DF1D433C7A0E602307A0B4DACE7F40A6
:10FEB000F5DD42C4E23B230CF8F7BE2744D43A4FA9
:10FEC000C442D8B5EBCE3111240C5309F5695C7BE3
:10FED00017D2ACE29313BDD81EF0494BDA7921302A
:10FEE000F342E3F74D17ABF3EC356550A1B2D6D131
:10FEF000090AA716AF3BFE4AD8DEDABA30EA03EDAC
:10FF00002A26D6097D5BF261FD2A49B3EF37C7C1C6
:10FF1000DBABD3108121369CA73A01D7EE422E5F8E
:10FF200021FAC3FED924E3AA3336BE0FF0BCE00A9F
:10FF3000DDD900D1DC120E08ED32CE0CB93D12E055
:10FF4000246329EBFED629272981D3EFBE35E83B70
:10FF500033EE222EE23C2CE5FB95211F2D36F0B925
:10FF60004CF11DFE3AE66381DDA9C91BD4080FC719
:10FF70001DE361C718BA172958B3AB21F72EEF0E4E
:10FF800041E8137446D64BEFFC11B8FFD0220F5650
:10FF9000A5EFAAC838B9E55A48B1193B27D2C10E16
:10FFA00053DBC4BFDA36E52240F40E48EE353AF5AD
:10FFB00045AE6DDE553681BC07C094380FACD6DA3D
:10FFC000192931E9E854522B06C106B43C52C10A42
:10FFD000190EC3110A69D3F21FE10EDAD477273E56
:10FFE000CFF057A7E00B2CB9CDB825BEA34633DA26
:10FFF000F41E812BE3FADC0D3205CE219FA5BA0158
:020000040801F1
:100000001441F1FA3A285266FE0323E418B22BBDDC
:100010005BEA0EF7554EA93DF2313C1406E422E6A8
:10002000AC93E8BFA3BB17C0B4A815E0EB25AB1693
:100030001D55F74490B9F1525AF297F7AC2F453B52
:10004000B40E8CA9D5F6BCDF0E16FE00B6DDA508F1
:100050000926CED72A81F2AB17FE2E0BD4FD1065F0
:100060002AFF600021D41CF9C5B0BFEDBFD3CD0A73
:100070005DE247AFFCB53B26D612E8FA1BAB22E6A1
:10008000442BD48114CBF1E2EDD0D77402492AE09D
:10009000E1AA3FCD0AC02FF92AE76E0D0B13BDDF91
:1000A0002C290B1016C111313081C6C7941D273081
:1000B00007FD1DBEE61E5461D8C00E09E4AAB5A610
:1000C0001A1429343153B4E41CC8EBA313B9B40A8D
:1000D000CAAB276401FC363F1969B11CFCEAEFE7A3
:1000E000F91436C840EED4484D0A3510EE003931C7
:1000F0000822BCD9DDABFAF7C30DEA01CD091950CE
:10010000E5CBD54CEAECDAD2150D42EB326A16BAE1
:10011000C2E38159B4DC30B90DAF60454ABFB03D90
:10012000BBAAA9AC20022D1A5B4A353E45E82743FD
:1001300028A30E1E2ED14C172E3546D51D4727F26B
:1001400007F4C7B910B981C92E3008E335B8FF2FBD
:1001500019CEDB86EBD20F3B1ED952E006CB340121
:10016000421DEE33079A72AF2008171BA45299F66E
:100170001CF67F60166874EBDDBAF686AA20C4040C
:100180001FB3820C67EDDC99D3F3D03EA9AA4F7D53
:100190000B784AF022FA451366F837F035DBEE06A5
:1001A00030BC24F3F705E2DDDD18D0493D2BC53B1B
:1001B000E11BAC14A82627F1FB2EF2D54AB310E4BC
:1001C000C66E5487B681F6DCEE6CEDDB0830BDF808
:1001D00091BAE46E0315FE194EDD96FE392E952078
:1001E000C00F300804C990FBF80AC1C69A1584B53F
:1001F0006FF30B37B6F6A4D97EF2D5AFB7B1BD5DBC
:10020000E5D14D4D3A292FD8D40417CDD5513BE532
:10021000BF8C7FD9FC185DF3F1D723624CF15CA150
:1002200004C86B533104DBFCCE0EC7825410071791
:10023000B2331122D63381BD412BCAB44D9322096A
:10024000036F1E2C0730CEA12701F740345CA83C79
:10025000E7492D0058C6C3B5FAE718D8AA2E412E93
:10026000D869DC1FDBC1288DC3BC48CCB045B713AF
:10027000C27D44531A8C4E63DE3A611B213A222E12
:10028000E0107FC725CFC320DCCD1637FFFEADD3EE
:10029000CE412321CFCBCF00DC315339254963EE4A
:1002A0001F55DF3C8F74CF1F518134570D0D53E321
:1002B0003F613386C26517A79F2CFEE75D40EAD0F9
:1002C000EF68B13058D6DCFDFE634D9E17ECF805A3
:1002D0003242CAE934426EC81F1FF4050F5BF0C6F4
:1002E000FCCA08F52CBA81BE11ABC2EFBDC6EBC18A
:1002F00041EC0AAA1F1A67FD83BFF7272DFDD93EDF
:10030000333B39F33156CA5958B44CD939C548CA68
:10031000ADC2B4EA1F1723DCD612EB960BF021FB1B
:10032000E9C9F42A1229291B18DA3CF8AA304FEB44
:10033000AB0B390E1BD940EA1CF83CF10D2CC99CC3
:100340000013D228DE09AFE17FB9264035D9F7D5B1
:10035000F8E830DBE6C6AC29CE34D2C629284FBF38
:10036000AA11EAF646127F18E4EF26ED33338D2901
:100370002F72CBF5F018ABA4F8D405D6F02DFA54B3
:1003800042CBE7C1EAC4D09FBB46D45D34F3EE4D07
:10039000D5E2EEEAB9DD1D2AC010083733F7EFDBEE
:1003A0000614A628A24C8137E82B64EB0FCDC93286
:1003B000E5A417C51402BBEEFBF359D23BDC4BB6E8
:1003C000ABE801266535C12B25C31024C035CF5BB2
:1003D0001AB3C1FCD209833C3306DAF8EA66E8D2E4
:1003E000C732531FD438C9D919025054CD072D5CD8
:1003F0001B5E3234C13A2DDE33DAD219ED8EC4DF02
:10040000C4C3B6BE001DEE37AD0AFFBFA5E6111787
:1004100024DBB93402811163C1ECD8A6DE2555175F
:100420000FFAECC201A32EF5F832CAF2EFFAAEE7EA
:10043000CDFE0E05B9CC49DA5C26CF28BC2ABB3DDF
:100440004374ECEA5657CA81539BEADB973D8F040D
:10045000CC1EFD1ABF7338E3A1DBBE3BFBB927B945
:100460004694FFFFBB250000A9F6FFFF83110000A3
:10047000D901000027060000B5050000313A000050
:100480006C020000B3DCFFFF6E260000FF0A0000D4
:1004900022E3FFFF0F1A000082B2FFFF45EFFFFFCC
:1004A000518CFFFFE6EBFFFF1A4F0000BAE9FFFF98
:1004B00041F0FFFF3BF7FFFF190400009A00000026
:1004C0005ECBFFFFE2DAFFFFB51C00008AD1FFFF21
:1004D0001FEEFFFF0EB7FFFFE8FFFFFF5CAFFFFF60
:1004E00027160000782C000010C7FFFF8DF6FFFFD5
:1004F0002DBCFFFF55C9FFFF6B1500002B1D000031
:100500002CC9FFFFAEB1FFFF670500002C040000FF
:100510004FF7FFFFC3E0FFFFCB00000018620000B1
:1005200001200000DC160000F206000021EBFFFFB6
:1005300005DCFFFFE0230000891F0000F5ECFFFF52
:1005400037C8FFFF47B3FFFFFB390000A1FCFFFFE7
:10055000420E0000FF2000000A1100006434000079
:100560009DFFE901F9D5181706C8E4B80E31D20A83
:10057000153320FF2E00D147E7C4D71DCF3042FEF0
:100580004F2423A17F37D42413C8DCFACC4FD4FCEA
:10059000C630E96CDA45F3F532203B2B069EEA259E
:1005A000E03AAC1DCCF8F5B4BAEEE84B5EEA02DEF8
:1005B000C33E5C37C8EE4919E5D0F62281E3034C0F
:1005C000DB060636A7B5B91E3CAA8F003675F9BB07
:1005D000C393ACDF22C66EC20E21242D452048D81D
:1005E000FA9231B110BEF83646EA104CB2242EFB16
:1005F0003E0DCEEF0230CF5BE436DAE3F9F6EFC51D
:10060000DF08665A024710D6443D6FF838EAD973BE
:100610003ECCF7F2E181460FC915EE133D190143B7
:10062000E3A07FDC8F2EE2D0C73F10BFE6473D0E30
:10063000F5D716EFC82BCEB2ABCA0BF9E8FE159969
:10064000D7AEE2C2ECDDD7FF31E57F3AEC46DEFA09
:10065000C01EF5D7AFE6F8174DFA06DE0049E3D91C
:100660005847C5BEE6BE07D9EBEAF481082129D573
:10067000F24CFF4540239DCBE7F823E91E2234AF1F
:10068000360C43E2FE3025D738C0D8CF18D9D1F385
:10069000D035ECD02C14DC0CF52FEE35D4EC07164D
:1006A000E7340BD7AEEFF2D9F0EC354CED35FD4821
:1006B0002532FE3213F47FC814EDFA0700638FD39E
:1006C000BA094E38E22AED05D328F80201C4FE0724
:1006D000CEF9DEB648FB2CFFEE1E45F3DAEDCFC2B5
:1006E00052284EB5301BBEBFFCC4FE5542EEC4B509
:1006F000C11FDA9FF1F2D281BA56DFBF5DF6CFFAA1
:10070000E6DD26ACF47940A8D5C9DCDDB04FF83E73
:10071000EC120D52C491F8D033E664069D263D13C9
:100720000BEA2AEEF71EF0E148C315E4F4EE7F056C
:100730002B29A9DD14A8C330F540C29E2FC002E4C6
:10074000FB2807D48D26B6D3D9A614BE193F42E0A4
:100750001C9A120499E648D9EEE3E10B9229F0DAEB
:100760002DEF202C2FDE1813A007F12E3C1C3FE7A5
:1007700036FE1C3837FA4CF2D228AC431FCDDDDFF1
:10078000E0B0222CE709DF17ABC2C4E3CDF6451178
:1007900008FA1B4981DD082EFE2913E50FE5DDEB84
:1007A000DA02BF1BBE2C02D1D013C8A6CA39B6D8F4
:1007B0005F2AD800F0D4F2CCFC1BCFF016402FF308
:1007C0001E3C57FAE70D0517BD4E39CADA3049FB12
:1007D000D9C0CA280DFAD648CE44081704FC7FA217
:1007E000D9163052373CB72A2CFD21EB31D47F0E7D
:1007F0000A32BDEACBCA16C49FB43D2C01DEE5E443
:100800004B19F239AA50C00CA0D122DFA0310FE75A
:10081000590A115AE65C08FE1E03C5EE1C4B00A3E4
:10082000E46644D22308B838FDE211010EF2B6E4C2
:10083000A0C3A0261F44ABCA3F1FEEC74FECDFAAE0
:10084000F554FA214912D125F8A5A118D4399E32C0
:10085000492727F47F47F02B2B4911B4C4E75641B1
:10086000AA76690FE10870142A373C59E30D0F523C
:10087000B1B68102153D040648F274DA351BC4D1C5
:10088000B612BAC8FE99C73248064B141003C0C747
:100890009BDB58F840F51CC6EBD72EC695E94F42B6
:1008A00035FF5C7C2FE733C949ABF4E6DD7F544666
:1008B000EA43B38C62BDC68CAF0E06EB52DEBA398A
:1008C0009CB33B2824DE3EC0B338F6D2D508A0D373
:1008D000D4550243E1C0F216CF59DA03E80A6E1B81
:1008E00057D305B529321E2AB1EE420F032FEB175D
:1008F000F905FF041E2AE6FDD806DFD8588195E4E5
:10090000AE9FF412E94913B5A3C9D92C0D1F14F9F0
:1009100000092E462F363115F72AF8E8173A13C08A
:100920004914054C1C0FBFECF6F5FDDC0DD8343F27
:1009300035BE8194DBF121DF322639E659FD38A638
:10094000CB33063BC2AC03D0D5BFD623BBBEB30D61
:1009500040E0F0F739C1D0C2A0FB2B181AF846C707
:100960000ACE5507EBBF14D102981EA6A14537C584
:10097000194D1619B40ED7C52E1340645BDB24BB8A
:10098000F053DDD3183BBE216FD8612A2F3220BB34
:100990008FC55DBBE63E4901C8F708396CB57F3AA3
:1009A000B7773DBBDE5DAECBB4FFCFEA56B15B2E71
:1009B00015B903E5E661E432BEFDFD70EA17C0F744
:1009C000CAFC4D66386F11C1E5E944E6E7DBEA4C45
:1009D000509D0AC6E61B9C16DAEFD0D67FA1BDDF7C
:1009E000DCD257B432C13C3B44D82DC2352C49EA45
:1009F000C4F6D1F527E1281738105D383430C3D05C
:100A0000CAB6FFDE04A6164CD120F9DDAC3EDC2DC3
:100A100002B3C65AD900D7D8FA6E2A035B767F276D
:100A2000BCD12B3E253BC7FCF1AD1DBA13E93A33CF
:100A3000E40CB728DFEBC1FFF313ADE724313F141B
:100A400006030C35F73A7F012811F7F5FAC0AAE53D
:100A5000C7B7E52C4DDBFD1DED57C01DDA1C47C4A3
:100A600036ACA01C31530F18FCCEF2A8C957A534E0
:100A7000042CDC1234120AC62C817735D1D94541B9
:100A800064DEEE386CBCBBB241C8F8FEFC19F0580D
:100A9000C9FE24DCE470C755B2FF4851C590A609D1
:100AA000671C5966C830EE1F43E3A6F94113594449
:100AB00027DD15DAEC50EACBAD137FECF649FEF7F3
:100AC000A2003C24D513E9630B2714991D3C27553C
:100AD0002F65FC69C4DC632D30F3CD60E26BEEF76B
:100AE00024CA1DB556010D8EDA04E7BE2C4EB9534B
:100AF000045D29B2D54BDD9D32F54EF5BDAE291C06
:100B0000284A3FE97F13DACB3759FB1609ED14D891
:100B1000D25DE8985E3C3EA412C8F0E1DCC8A40EA9
:100B2000C82B76B28AEFB61DEE5A253431C2AA6AB6
:100B3000279F0A9FD57039E6513E5E594A56AE1A34
:100B4000BE28B7AFD428E66A7F3B2F1E3635AC5996
:100B50002AA833FCD62ADC380625E9D1362E2FE91F
:100B600003F388F1000B0CFE11B0DA1EDBEE560D1C
:100B700009094181C1210C45EBCA029AC59CF707BE
:100B8000B3202B53CFD6D81EFEE32C1BE04F445985
:100B900021F9C01A36EEAC3C14EA9C55A6D34ADEC5
:100BA000543B24313DA9C4D9D05CE8C065BED6EA27
:100BB0003BBFD8422CE1B5FBF4EB4955B8DBAA03A7
:100BC000F3E278301C05A21146C7FF3B402ED4A4A7
:100BD0003D5FFEE8D5300C220FF40E31EC7F27523A
:100BE0002447A5D142CBB61824DCBB13E0429311B5
:100BF00002FC1EB9DFF7F13846DFFF2C02F0D3D03C
:100C0000F2294BCA0EFCF73F2FCC0A3634FD7F6821
:100C10000F45AB452AE70207E0EEB8B73242174866
:100C2000F35D2EA0F9FC3D3117212A28C439021D9D
:100C3000E94D1117AE5450F51047C2C7C85BF6F91D
:100C4000F374D90EE13D344A61CED6E3C6FA1907F2
:100C5000D5DFC1FC241D7F38FF29321CB76ACD0EB9
:100C6000F014F3E1B1182705A5F7CE484F35377FCB
:100C700013B206E3D3A6D4BCF8BBD2DA31892C0B6D
:100C8000F4E0DB0ED6BEF5FD8B4498F99EC4E73E3A
:100C90002CF6EBE473F40B0D2839E6C4722FC8B1BF
:100CA000293520B1E505EB449E5B37E1AADC954090
:100CB000BDAB0C41341710E11F3155DB9B4B49563E
:100CC000E345600837E7D1E0D852EC2115DEBB449C
:100CD0004017E20739B6EF3FE7BD22D8D28102F0D4
:100CE000319733C3396065A3ECB1C3C853E3F568EA
:100CF0005223ABD546030FDF07F949166CEC20BD34
:100D0000CC1ECE9AE94F1D7B9A4F9345A69EBBF70A
:100D1000083D022181D913C6342AB8E634ACDA0C76
:100D20003E70202ABE09B45AF8ED55C64DFCFEDDD2
:100D300046EA20CF2153F9A27ED410E31D56D8C530
:100D4000F427F820030A07D953C16ADECF37D5E666
:100D5000F94C7FB5FB2335BA433F39CE3C3D0E9568
:100D60002CC0B7E8E220DE3AFC28F725CDC2ADBFA3
:100D70001DBD7F3522451F34AF302036EEC4343BD5
:100D8000C7BF18D701403E960610E32902DF21E8CD
:100D90004DB6E79AA81A7F3348C6225E3BB8591C65
:100DA0003BCA061C15C948EAE481A31B6B1EE22658
:100DB0002432170248FC99E7E938D8D538CDD30D4D
:100DC000CFC835E050021407F05F2BDF35002C3D13
:100DD000B938DEDA25DC0A23D805B1F1BA4D0C1694
:100DE000D12CECDED3FA09ADAE4D99089BA54D662A
:100DF0001BEADF69DA177F233309EA052C7AD26F01
:100E0000FF1A61C9E74D64D2DC339C13321AD53F17
:100E1000B3AB0406E53C1BCFC2EC51291CE21F44D6
:100E200008D6243025D12B5ED7CB709ADA7FECB16F
:100E30004AE9BFD60F0E30120A0FF732BF670D32E4
:100E4000E55DEBE73039102E13FD0A2401E6B23CD4
:100E50008FFC4714F10F07DAF87169F6EEFE331BC9
:100E6000AA1651FD09C6CF51F0164A102FF41CBE28
:100E700091552FFB13E1FCF0B61EAD8FE2FC1EA9CD
:100E8000DBCCE91E53605EFF580A5265E71A003654
:100E90006B6D81D6FD2F25C2991E06421146DC4A94
:100EA000BD64B91322F1CAE4EE0EE2E7D9CF1E64A5
:100EB000101691CD22526ED354F5813050282A421B
:100EC0003C38160C44202325EC39FAFEEA230E07A1
:100ED0003B40200BF2D01728473A0C38F6D558D0B3
:100EE000F368BACECCCC0B5EA422EDE7FE1AB02D8F
:100EF000BBD0E61A39073E05813F493229F3CA348F
:100F0000A716265C2A3C181EE4D7290F27F7BBF446
:100F10005443E31B2BE85023F1EB4001A1D22FAE49
:100F200073DBE077AB4FC0BE04A443C5BBA542B999
:100F3000DC10A0A63905BB3AFD0CDDDCABFDA52617
:100F4000B23A37A9B2B309DEE3517F1E1C46323BE9
:100F5000F3EE0DF816DD3BD3472933FEE00134DB19
:100F6000CE2F63C9473165F2F7B03020E81E444DFB
:100F700064E810E018B1FDD415BE81D08E47070E8D
:100F800036DC3DCE95AD30C49534EF9E16B4CCD44E
:100F9000DDD1466B41C2F8CFE8E2BFF12FF838FE51
:100FA000E84DADC6A9F10BA3C11E16BF58F7C1CDC0
:100FB000D498C8F65B37321C051143AFF61BC5D475
:100FC0001506384238A5EA8151E41648BDEFF20A09
:100FD00010E1D3A9FEDAFE31BA2827106D2DCDB568
:100FE0000E2DD243ABEF1D44F58126C8D838D397D8
:100FF000C73EDC32CAE508F8121C3E1AD3F8AB50E3
:10100000C6FF1A3B090CC2E86E07E735313CF4EB2A
:10101000E7029B990AE150EE3DEDDA090C3F21F61B
:101020000C08E1A7C84024AD2593D2B60532E0589C
:10103000D7EDE5DBB523E5C1E8811536F4E12ED81F
:1010400044B766D729F938163E6A9A253DBDF1FEA8
:10105000B11C2D1717F638FAF41E9E8CE157155A5D
:101060001AD3BCE977FC361DC559D7D5EC37E0114A
:10107000B3795DF4FA1A15455A290C49F01C61F64A
:10108000EB1E5A5463DFFEF3CFC4E19C31FBB6E3A1
:101090002A5DC422573446D4C1C47FB96AB3D397FA
:1010A00035D4046CD9D3CA286B17F53ADBE1B223E7
:1010B0003EE7C601F918C34EE49402E66997AD52C3
:1010C000A8F499F7BD2C0E1F06E20A2C0F34F3ED9D
:1010D00031D8FC1CC7117FF425B527044D43776F29
:1010E000FBF0191D29ED241FC2233227F8DD0A0F5A
:1010F00066D801C6C5060332D6FB19BF24F82CB842
:1011000023EC7F5703E7380BED4BF0FAE8EF0B4C7D
:10111000ABE18BDCEAF1110D2CF725E4D42CDB1BC1
:10112000043CB85144553B064778A4FF5E7129DF63
:1011300004E48A28C1B303BEEE477F773215E7F790
:10114000EAD995EB93D85BC6EBCAF03DDEF3AAFF74
:10115000E340491C3EA8A93752BC2D3AB3FA416876
:1011600005E444B5C209BFFC4970246C3450A9B8E9
:10117000F405F89BC4A00C384FD3AEDD5DF3C4BBBF
:10118000CF25FEA211112A7023CB022B04B233D338
:10119000FFD3E723A181C907E6FDD44BC9C507A149
:1011A0002C3F8512C3E1A2AB122B02DF34FD0A47AC
:1011B000491F2A1F56278D61152B147CB1FEEF2A7B
:1011C00015F17F164915D0A0B617CD48F6BF3A1EC7
:1011D000D3A6E0EDEE35192220C1EAA504682ED78A
:1011E000464922BA2DF740FB0DD967E946325BDA52
:1011F0000915E61A3BF82FCDEA5CB0AF11191D2294
:10120000E6EFE3530D371B66BDB6D3E5EE01B50936
:10121000EEBDF03C04E9148112372E76860CFA0BF1
:10122000136220FA03FF26AB004539024FCCE7D604
:10123000D0F60901D5DD4CE0C0B6DFFF9D78AC49A2
:10124000F00EFACD22CDEFC403D03FEC0E111E38C4
:10125000FFDBC97FE20A1BD8A3D437C346BE03DF36
:10126000AA48FFB49F55C51C3E211A1A176C42307C
:10127000F02EC0CC711D294C3CD707F464AB275C21
:1012800037B8FDF4D20B3A95DBC339D2D4A8442E3B
:10129000A8CB2CDD172305D27F274F435BB9C2CCE7
:1012A000F2B7F32245A3EE76DABB4006ECE5F5C3D0
:1012B00083BBB627C859BE4C22F6522D1524CB90BD
:1012C0000D33E62A1512DD5C132D8513FE2F41E444
:1012D000811807DFD63A2CAC15DD5818DE0300E57F
:1012E000FEF8DE0B1003C427CCB204B820494D270A
:1012F00004DE06F5CE8D76203D81D1FABEAF24D432
:10130000FBA01E1FF14750020A0AB60BC2C552E1EC
:1013100008BA2BFCCF1A33DB1715980C11C110E457
:101320008410E1E08129B159F84F5837ED3721F1A8
:10133000D6F712C8616BEB062118214A194F19D64E
:10134000033A9A112668C136F32AF249B5E4C92F47
:10135000EF131EF707CA2A0029ED3B61E6364F2C32
:101360008134D11FB4DC16F0472410163AD0FCE4C7
:101370009CD1ED2230DEF10001175EEBCD26D1BE0F
:10138000F200980F2548335C18A86BE306E8EEFEE0
:10139000133C43A30029F153DECD58F05CD834341C
:1013A000862521E095444E1931C08A1C500608B0AC
:1013B0008A74EC320F20F3A5F47EE512C598320F43
:1013C000074AD2E7BDADC9F9548E5F6856F6ADC184
:1013D000BA69A80D63273F12AC1407539C0E7F28EF
:1013E000F1B0F0AF8ACB55D8CF56B5713EA7040304
:1013F000EEED7F29F0496BD244CED4F3CF09F0C291
:10140000B80DFAD902DF5609F5D233DE32E0B21355
:1014100058C41EE31E3D5D3335D54A3A46500C3163
:101420001C164A3600E919DDE39742C2AC04FAC043
:101430009FC20CEAF5A223CEDD01E53E32F64A2B2F
:10144000F7EBCCDC8BFDF7C10D39F0ADF812F9A646
:10145000E98129F83D52F4FADDB0D6CB1F32A5C39D
:10146000D05138EFC94904B311F5FEF21A322E21DA
:10147000D89CC509C21E5CCE91029111CCA68AEA05
:1014800018DB1B2E01CC2F4A8AF81A270742D823D3
:10149000EB06B27F0542F1B89D039FE6C915199787
:1014A0001D28F51D303C26BCBCCD23D1EC775C70EB
:1014B0001AD596B0B35C60E6171E29B21ACEE1EFDA
:1014C000B7DFFC22FA7F75C425D9B9554F0ADF343E
:1014D00052B8605EF2D00EE00D2E6312CE555AADBA
:1014E000AA040A383DFFFEE443ACFBFF02FDFBCC3F
:1014F000F501F62A56B7ED41F3D31734E8BE2A0CAE
:10150000A991DB07D20964162CE228172D0036D8E2
:1015100047C00E2081B926CBC892FD51F51409B3FE
:10152000BDD233D35076ADD0D3BF25CF02C5FD2178
:10153000E92D08A5E6AD451DBE09A1BE03D283E78E
:101540003BF1511A25514E05A6D0CD5D39D8DDBEEF
:10155000D230D262C5E42DC381F9244FC0CC2FB95B
:10156000C1EBFFFFF91600006BBBFFFF3E37000029
:1015700057070000EFF5FFFF9B25000086410000A4
:10158000A0F2FFFF6E05000062E7FFFFF8E2FFFF39
:10159000A0DEFFFF59F9FFFF54F3FFFFCF1E00004D
:1015A00055CFFFFF48050000EFC2FFFF71FEFFFFB0
:1015B00015FAFFFF4783FFFFF2EDFFFF89B3FFFF3F
:1015C000DB1E0000C2C5FFFF49CEFFFFE3ABFFFFFC
:1015D0009B3100002BECFFFF5E10000059B0FFFFB5
:1015E00040E7FFFF5DF1FFFFA6D7FFFFE2BCFFFF73
:1015F0003EC4FFFF40AFFFFFFBE5FFFF66110000A9
:10160000BC170000562100004C020000D40D000061
:10161000C7B7FFFFEBD4FFFFBEE0FFFF2CD0FFFFFB
:10162000C4360000E9DAFFFF17DFFFFF35070000CF
:10163000AFD7FFFFB20300002D2600000EABFFFF67
:1016400057DFFFFFC7E3FFFFE6D8FFFFCB490000EE
:1016500067330000CEB8FFFF701D0000793700002F
:101660002C9BB846F7035F64C05034AB3F3BA6D811
:10167000F7280E3141F6191336B4D4199DC202E58C
:10168000ABA4925420814C76A4D2C9AAD8961C1B34
:1016900027B01F50F040131DE68FE4C02F3915E826
:1016A00018B92C31CDBA48EDD3D63AE03DDD1CEE69
:1016B000CBE0FBDAE61DAB46B73409252B2D074AF4
:1016C00081BD08112B22E7C3D13653173FCCD7C1B8
:1016D0005FAD1D0C3D1CE24342C51B10EACAC6C6E5
:1016E000DD36BA30F6DBF9B620970BA9EE4856EA9C
:1016F00047DE4E9DE201D0594729F1AED8F34B1D8C
:101700000807E32527DB1006B3371F471915AF0C71
:10171000B329BBF0E6FB1E4B51137FE7E7152AD731
:101720000FF03E21F4E62AD832759DF64AB9F42727
:10173000E5ECD02C332A32E0EA75A9DB106519CD2F
:1017400014F0FEEB133E4261B57FEE0215FF1AD98D
:101750000C4E1DEE161A0FD0B7FC0A060E65A93EF8
:10176000DFB112BDD281BAD7BCDFBC3C3144F6E850
:101770001E3301202731B826DD4BCF24E80B173468
:101780004BCDFF0CEB300F0E961C39AD0BFDD8D8AE
:101790000A2CAB101FABB93107FB1FE0C6EDFCB341
:1017A000873BF90040220FEA0F81FFE4F440684ACA
:1017B0001245BE3B07C7D639A2BE4CBAF50619C5BD
:1017C000342A8742D805B8CFD9BE0847DD31E208B0
:1017D00008E2179F2DEFC8F5F9C1D22B10D7583367
:1017E0004DADFEDF3E521EDE0A228D084F07EDDAB8
:1017F00048F7A01739AC07DA97E6943EC610B03721
:10180000199BE665C304E87FC7EDF69075DD365891
:10181000F54406E81CE00EDEC5DB19FDF7F3D0B099
:10182000470FC7D5636639DCFB4D7F47F40625D5E6
:10183000B91F513D26E662626A3322265B262728BD
:10184000C39F4135E3FDF4AA1C352754BED4262B93
:10185000DCFCB53AFFE533CDE5CFEDF27F24CE4495
:10186000C359E16A29D431DC0FD61691F3073690BB
:10187000D5F7EFF08D2A0CE02077F43C01D5F42960
:10188000700230E3A9305BB716EED86F0BAB8CCA91
:101890002C530F6625E5CB87DC8153B1E4B00A03F6
:1018A00081141A571026BCD2D3C5CBC6DC04E12F55
:1018B000DDB7C1BB1036299E1838031E48713F336F
:1018C000291FB6F06C9D2CC02BA6D4DBFCB20AB449
:1018D000C7DC0AAB0D94C04B10694563C8368EEE69
:1018E000AD200D1C153604090BB4593FAE4AAC5B54
:1018F0000DF0533A0852B50E98D8E7FEB026C9DD70
:10190000F1F825282B11F24937D0EACF06EC153033
:1019100081FEF0B9A226C5EF052D14116CD27A4EC6
:101920003AB6EDB1E50DC04302F4F541F6E54C34AD
:101930003141FC6741EE7FA6B71291EB2199E1138B
:10194000DF71C51B1E3E22B3BB4FF5105513BAA65F
:10195000395DEEE55EE2F4DC1CFDC0B22BCB2B2C36
:10196000FEFEE219AAC4D9B31D2730F4A6581AFA0C
:10197000CC55E111C83AF116439E13E8E481D32314
:101980001BEB8DCF38FE260405BDCB10B3E12F2114
:10199000BACF1703DA190122E5F3CC2B171126C8A9
:1019A000EA10D6BED6375422B3B72FE27B334B6250
:1019B000FF08B8DBEFEAAA37D1CDDC490D1658B1E4
:1019C000BBBBE12C4AF922E05108108167E2CD70DF
:1019D000AACFF8F9B9979720B79EBE182542C7AC91
:1019E000089E10CF580DDAEC26C2B41C6302BCA9C5
:1019F0002FB3F8BB1F12BB7F1AAB24E082CF24D8D1
:101A0000FECBD619FADBE9110E34E4549058081FC6
:101A10005D0D32E41231B527F5E618E112A5CE26A8
:101A20001BF9FA712BE061CCDA15F7CE170615D544
:101A30003E061DE14658B519F0D1A8DBE6CD1CD015
:101A4000A27FAB300400372607B3C49A2523CB3CD2
:101A50001096DCF017384BC3D441B8F7D53F3AEFB6
:101A6000F535D1107F1AE3A91FEBFDD1E2D4CA1AD4
:101A7000D4532138DE35D74C15DB3D3CE125151715
:101A8000F914F8390C3A12C3F4F1FEEAF8E52FF133
:101A9000111FEF05D3F9D421F0B75308FEF7081949
:101AA000C0DC7F4B09131D61E239C0FE13DE18460E
:101AB00031BFECE0E0334BD0CECDBFC4CE4B34E4ED
:101AC0004229CF47DEE4E45A223422D92CF57A1891
:101AD0001035D7E6071517D8EC1EF7F1AB174F19DD
:101AE00000D5EAF9421AC4EED137D542F4F6EEEE4B
:101AF000C7B37F5BEA56EDE20C28B52CFA182D42ED
:101B0000DFFAE9F02ED42AD2CF96A42625EACA43DA
:101B1000FE282689B8190FFFA539F822053EDDF108
:101B200057F4E3A1063913E5AE280D5FFE1B00BD97
:101B30003319EA2224EC292503C6DF2EB45DE6FD25
:101B4000F803DD46EA4D1910093D13CA26D210E705
:101B5000D2FC2219F6F3F4C4812AD5C3FC07D2D4EF
:101B600011CAFCCA17F5E0D50CBADC550033D717FB
:101B70001A15BC7F1D31302048D60BFE32A4D0B5DB
:101B80001433EDE0E3EEB001331506FCC9DDF6B128
:101B90003544D3DCC9DB051DD0C60DFE000ACC21BF
:101BA000F052680915F9CD9D0F58B49DA8F7CCA344
:101BB0003A3BC819AF9CDD81A4E5BE041EC59E0753
:101BC000F26E0C050032D108ED2D65123066E2BED2
:101BD000A2589F2E64EE513022F8CD0429D3E9E7B4
:101BE000EA7CEF0403D1F2C0040363B668C519D4DC
:101BF00099E12A9A974EFFE63CD7364B479A42D254
:101C0000EC69AB21717B02030E0CAC2F20F67249FC
:101C1000E0F06BCDC1AF3E92C5FB7FDA1B0C093102
:101C20005120F706F54916DDE8E7BA81D9B2BC08BC
:101C3000DCEB3ECFA317CA29F2CC3216EC36C8290A
:101C40003FF117B7BD9FADA7BE605248D9EB3F87A4
:101C5000340ED92B14BE4DC7D8F056410DAA38D535
:101C6000C1FBD22681C7E4413F0F55F2B7C03F1FE9
:101C7000B1F3DD32DD0BADC8E1EC123EA2A55FECA5
:101C8000CA26E0F6B5332C2BDBCB4149BDEEBBF7C2
:101C90000DC65E4CB1EC49223C02033FFF543AF2C0
:101CA0002CC251560E0C4F28069A4EF6DB302D3DB5
:101CB00009F72D24D648C30DBCF6199B5581C08366
:101CC00025CB42B231C21A2F1F38FE2984082420A6
:101CD00058FA513032C0F8D086B434E951CD0AED0B
:101CE0004CCE3738C4AA083EF2B1CBC55343D5D049
:101CF0002434ABD8C254C00C2AF8F00DD5970E0A84
:101D00005BF5F7EB83E305B918F124D0D3614B7F82
:101D1000BCE49C6001A0CFDD5209270CB2F65CE563
:101D2000063CB42B6DA9A522CF0F016108A4C40FF6
:101D3000F8BD0D1904F5ECB6C8FCF059BEF58F7767
:101D40007ED04EF7EBAEF726811A19000F45F55BF2
:101D500020D01BED1D3FF50D43D137D39C0BC7E6BB
:101D60001CB3C9EA9549DF47D26B537E2560D63252
:101D70009A245F2E1A25CCA244D515A27AB5A1A12A
:101D8000F6C6A38DDBE4270222028E3A40A3142E6E
:101D90005DE8E5DB13BB39FDA9E697C47F2B293F3E
:101DA000D6F2F0FC8C6028594630FD83B83A2BB44B
:101DB000D6FC0E0306DD0CA1DA2524FDF6D8EBE4F3
:101DC0002D55170C34FFC0FEC2FCD3C4DA3CAFDA89
:101DD0007F52062E1537F3ED00FDB0F786BC3B377A
:101DE0001DEC1ACEC04028C4D6DBE5C8EF9F22B454
:101DF00041F0E129CD166F321516341F44D331DC82
:101E00004C310AF824E0B9C9412A2D25F710EF9D7D
:101E10001315EEF5C4D92ADD810336E42508DF4E1B
:101E20009F174752DD2A16E6F6C95D37CC40DD53D1
:101E3000B042FFBA3A0F0D2A39C89AA6FFC81481DA
:101E4000A5AAEC04EEFF5F6F4AECF9F0C1FFFDC7F5
:101E5000270A2E16FCDC0FC6F4B6BAB44453CC568F
:101E6000F9360A2F3B25E1D58511D061510BB0BE63
:101E700041D2E2CCC9130B06AE40FB4A822F8CC87C
:101E8000400373097177D2C0ECD1F8271F7FE74D6B
:101E9000CD0B29C3CD300239D1054CCADCE10ED6B9
:101EA0000406DBE52E001AE639DBDEF8D83A4004FA
:101EB000811BD516E43BE44CD3A2E10919E105AE40
:101EC000E310190344003ADE14DBF3FFCD08EC0AFB
:101ED0000BF6550BFBA0EFF00FDDE8461340F8269C
:101EE000451EDB5817C8EFCA44C61E339EBA94E697
:101EF00047FD97C2A6C62326A4AD40E9D8B4F30B8C
:101F000036A31726B89BCB14B22E5DF70644514C6E
:101F1000E343AFD73A354645534059CB81D69BABC7
:101F200047D4C92614F4BBBFA2EEE72BEE2BD01684
:101F3000F4E919E70CDF290AD3E8B8DAC1DBEEF3DC
:101F400002D7423C0B2E10389F1738811707CF3B22
:101F5000B6CCBFFB09B40A3F33500EE1CFFE01E41B
:101F6000DC3419D39AD1F62B06329D2C949DCB19D3
:101F70004A5816F7CF289B8DD2BACA09F740CC042D
:101F80000E437F1912EC2BDCA93553E535E3383CC1
:101F9000F60AABE1F7C5EC663B4D3EAC1E33571479
:101FA000A4A0361FF518ECFE34C881C1DDB9E21DCE
:101FB00039DFDDEDE1E5C8FA29DEFAF6A0E42CF917
:101FC00028C446BD0520E734E733CB26DF54220082
:101FD0002140EAD50D19CC35F106D2C9F4270736D0
:101FE0006B24E9F52CB66BD51DB707043D8BFFD1EB
:101FF000CF7F20B118ADF2DF1DDF74C685175FEE0D
:10200000E9C3EAD2B099F973411CD7E5DD2606D8B9
:10201000B826C0EB3DC45B2043DECF0BD2B632E026
:10202000173440D41E10D7F11A0642908DDF3B6959
:10203000C9BACFF637DBA49415331FF5E3A83500F2
:1020400097F4A54B2122B61A07E2BFB2C64698CD37
:1020500064C82F3236ED45FCCBACE27F151D6727F7
:10206000EFECC10233A24205C3001536389945D5BD
:10207000F748EF0434A3CDBDEE0AE71428D5B2E546
:10208000E1D1C34CBAD24EEE9F162CD16E8D81B5E4
:10209000B33F63D7C401E42C531730262804F8F566
:1020A000E2D2D5D4F52ABE9888BD34214750AEA4DB
:1020B000981BD7BD815ECA4E3473255BE48F4A0FEF
:1020C0000359B6E349202A04BAF84734E94B0EC84D
:1020D000B9F00C65C202AF2A41EBA40759E222B75E
:1020E0003529A3B7E7B3A0F0E4D1DEDD7F2ECCBA6B
:1020F000F5F8E02D3BD1C41A281FF3F6C6DB120217
:102100002EC804041600111F92E6740DA2D9D8DF60
:10211000FEFD96294638E62A5D01C9A4B818C0AA72
:10212000DD40ED1316B4CD171EB6CCE623BE17E284
:10213000EB2BD90904D2602308B123F9AAFAE945A7
:10214000FA11D6C818C881BDFB51F0E6551FCBFC6B
:1021500006DB1E1F25314F0EC52D48231AFC2928EA
:10216000F29C3D58A6CCBB37CCA80F6AF51336F9C4
:10217000DA2AF3167F1DC2C107EDCBD1280DFDC0B1
:10218000EA713EC605CAF720C12ABAA50DBD88E787
:10219000221F19C970FD12EAD4230006C4391C9EFF
:1021A000499E3DBA5C67BC230B35F55E5138E32E82
:1021B000F9CBFEFE250BD41B8117124B9EE2017F4B
:1021C000D51B41F436FEE8B70DF34CFDD2C5DB3923
:1021D000EE313429F3BF0416EEE4A582282D9F19B1
:1021E000A0D63BD9813FDD0E219CF8D4ACEEE6CBE6
:1021F000F8F0CFF0E5EECA25F5C1FEB4C80127C757
:102200002923EBCFEAF1A0156A0AF9F7D23528089D
:10221000DBCC30DBF8B046B7FECD05D7472921D857
:102220001009B435C1C95636B18630D0813FB9D70F
:10223000E41F8F4B25E07850C93203F8461C59BA89
:1022400054F8C00A2C3DB1C82AB20A33B87575FBE0
:10225000E5E803D54DAAA323DD573004ABD3AC1377
:10226000AB190000D3090000E7EDFFFFC0C7FFFF77
:102270006D2C0000E10E00003F1900009894FFFF54
:10228000F30A00001E260000CDEBFFFF89FFFFFFD1
:10229000742C00000D2500007E1E000008030000C5
:1022A000AEE8FFFF08D3FFFF1E0A0000160400007F
:1022B00035140000B9200000B8E0FFFF711F0000D6
:1022C000C60300000DEDFFFFDA1300000413000049
:1022D000CA060000CD0A0000C6FEFFFF9101000003
:1022E000A5FCFFFF6B020000052700001B28000073
:1022F00094010000592500004B0500007F0A0000F2
:1023000015230000E21300007B3500009FFFFFFF54
:102310004F1C0000930500003F4000002A08000009
:10232000CF36221E81B3B64A45F8F71ECDCED3D89C
:10233000000A213592FFFCCD12DAE1F54C07578CEB
:102340001F301546FCCAC9DE54FB182D94D8FF3344
:1023500020F6B63B17A40800C6E01409F7102BD2EC
:10236000AEFC1008EE2EF3220B2FE405CFCF34A0E5
:10237000D098E77FC96EFFF3DAF1432424CFA1B9E7
:10238000E6F045016C2BC8C651E3235D8D47474CF1
:10239000FCDEC514EBC649ECC337481EB55C01FE34
:1023A0009E9741523226E7E0C4FCC91DC3961D43E7
:1023B000CB4FB47259DFC97F423247DDE1E2CF53E0
:1023C0009E05B2EA49DC5CDA3525D4CC1A62A7391D
:1023D0003AD0D146CA499F220C83DF8C42F8DED422
:1023E00029E6275647D1DFA5E2FD3EFD03139816E7
:1023F000040FECE9D02AEAD9171CB8DCD3BBE311EF
:10240000BD61DDC9DCCF9D3508311FFDD829C5046C
:10241000FCC2DA02DE00A0443742B4F681BCCBB085
:102420002FE41BEE3B4BC74AB521C23A9EDCF06D50
:10243000D01ADB813E99BAFDB22BEDFAF94111B306
:10244000BCD7B9BB22292DFACD511EF7315C4AE227
:10245000DACFD2FAC8E0391B3304CBC217493FB9EF
:10246000EEA3DF36F81BD930D18DC6EF2B3F4332B8
:10247000183BF0B32A21150B0CD7D3F5C8C9071F99
:10248000292BAA239C81FF43414017F8F203DC1853
:10249000D91DC317E924D0E1E4FADF11F7410AE3BB
:1024A000F908D636330ECB25811C2A37162110DDCC
:1024B0002F2127F8F8DD16DFD731DC1197EBB216A4
:1024C000D8C95AF4E6E61411FC1B36FCC816EBAA70
:1024D000C4293664D452DB4705FE1ECE0AEBC9E59B
:1024E0003322151093E2C52EDA120EA60B9CB745C7
:1024F0000754E7957FC8E908C21AC0DCAEFBD930A3
:10250000ECC21BDCEB2091C904DFC5491D00311C66
:10251000BF0213C613361C0E0F46C6FE09022E1745
:10252000B615FE28EC022928F64E89FF5D7F3CFC9B
:10253000B08B28093949131B422DAB212B2BE6D038
:10254000CD63AD18E7C65E1443EA420453FD65351A
:102550001C346DA5C912C94AF249C6CF4330F8CF21
:10256000DE322FE1DB31E4D632D659BC2FFBD4F179
:102570005A19C9A212CF2B2725574C332F1E533A75
:1025800024577AC2CC163763DEC5109A3FF350C782
:102590003460D103E3514DD6F338CAF67FFA0A947A
:1025A000B232510F3D7FC0675D57EB2018F22421F6
:1025B000EEFB09EAD0E428C7D2224354EFDE2A28F2
:1025C000014440DCEA110734170E0A1CDBDEE1325D
:1025D0006F14D712C8D4B8FBD2FF1BFFFF66E5A764
:1025E00030D213B52F39120BC736C002262FF8018F
:1025F00011B31CF6F238CC239537FA47CAB28B2DAB
:1026000066D9B7E87FE3150DAAB7599A51F2DFC929
:10261000B0CB6790C1E3F9EE45161CD0A614FF19A4
:10262000C8D4612294513809BD888144AF54B5E7BC
:10263000DAE4274A07BDEE1BF995C2DFFED7039EF9
:102640009BD7958AF354BCE6CDA9D2CDD5A8FEBAC6
:10265000F6EE44A925FA05CE37C1042A07F9CB0EB8
:10266000CFB50A9344DB32D92DAEFC431C4BE45961
:10267000DA16CAE1B5CAFCDACFEB23CC0CFC18346D
:10268000ED4EB29BEB382F0FCAD9CA45E239F92477
:1026900037CA04D4FAA6E7011C7FBCD3234B16D754
:1026A0000D011FBA2C81BC1ABDB5BCC78DFCE7EA71
:1026B000194115C4EB162729003AC31482C7B46127
:1026C00072FEFE230C5B5732986508874C4D08A4B8
:1026D0000C26340033AEDED3DD590CD4614CE1EF6F
:1026E000F901420A0F0DF5D40ED32B1C1DE6C3CA07
:1026F00041451BFA072DB42F1FD221E4F12F1222DE
:10270000EAC501B4F081B7C035E6E0DA23EF1A1666
:10271000C7E3A4F50B04ECE80BFDC409DADF23FEE4
:10272000E428EE44DD559DAA171750D903E6CCAD39
:10273000F247E84631E9EC48C9352BC91107F837AB
:10274000123922D00D4DC41BF44ED5303DFAF8DEBF
:102750008111BF01FC070ACDEEAD09E500FDD2F500
:102760000D061EA308D9D4E8F9FE4FBD3BBC26F1E7
:1027700043C8C4E5D1814B5D39BF248BA058B51E39
:102780005189BDD110C026F7471B1C65D358DEF513
:10279000EC4EAC285CEE64EDF216512239D5F26CA9
:1027A0001088B4F69DB92703184657B234550E1E4B
:1027B000263CCBB5DA1956AA78BCE7E6F4DD17E279
:1027C00054413AC30276D472354AC109E04D40B350
:1027D00041380EC53CDF08E8AFDCED8DBC32557FDB
:1027E0003BFAF7F325E95131F621C84706C32E1EFF
:1027F000B11ED5C53F36E0183FF242E607E9F1A821
:102800002017F5CCF97F4A1401EBCB189C2310AEAE
:102810003A48081536952A061F3901E2FCC624E419
:10282000F14354810506DA5332342567B53C33CE83
:1028300086E707E209183BEA1CFDD1EAC5365012CB
:10284000C2DB1C90092CD9330B5BAA5D19E239B7A6
:10285000DC03FB0010B763D5040BCEFBDE19E71ECB
:102860006C0F3A5CC42531F1565C0ABAE754EA2A87
:102870004936582FDBDD3E61CFD06D46DF1ACC12D2
:10288000DBE15022D62937DE38B017EC19481B019E
:10289000352F445A0007FF70DD2B7FCC0F31AACAB9
:1028A0004AABA06A9C50273D9CBF1CFB40F32FF312
:1028B000F4BA0D5D36C6A3DAA092810EAC34C42CF6
:1028C00090040722242012E8E711129F2B9E040295
:1028D0000BAE1EECE7E8E8E74121FEB7DCDF0F2294
:1028E0002E0BF1169D811CAB35D7E8DCD6C3BA039D
:1028F000A867EDA907C7B504CA24213E34EF8DECC3
:10290000F31FE1E042E9F9C9D8F54203AD3FEBCC52
:10291000EA39CA6BD8C44E4B361DF4D333D3FF16F5
:1029200012F1321411DFF78104B3D3FAEB3B00123A
:1029300034434801D010DF9FFACAE11C3915E64242
:102940003D11DC3ED94330D7EC23EAE6BCDD282A32
:10295000C309D49A1339F5E0FBC7DCDCB832D7EBF6
:102960000DEED118FE45FBD9AFE9FF04083981B45B
:1029700023EF322B1AF7AFFCB3F82B4DAA67CD0625
:10298000E50CDD3A222AC638B6DBF1DCCA1CD801D8
:10299000C1BC501D01E2C0160B21EC24C9D1D2C725
:1029A000192BF42E36B4EAC6200AE500D82A201BDB
:1029B00010CF101802242138CAF633F749D398FFF4
:1029C00018992406B24EED041AA0041A0920DB81DE
:1029D0003DD1C308F660D93BBD980803C80CD99116
:1029E0001DC4DF11D0E5DDFC3BFDD602E42BF6571C
:1029F0008953DA58D97F22D2FEEAB5475D082427E9
:102A00000BD037D3CCE65C564BFD2CF7D31345D611
:102A1000D8095D5049B6463FE09DD8221A7B227CFA
:102A2000CADD7AB5C21701D32ADCD704CDC8890B19
:102A30002668353B02D2F13EA45D81B599210C0494
:102A4000325B0C76D8D18E5FAC244CBD13FE2729A7
:102A5000E424F1C69219C31291AFCD3FC9ECE03224
:102A6000B61D40FAFEF3E6DCFC13B290EAFE2FF846
:102A7000C3FFE8DEB92DFC1307CAF6EE5111F1BD14
:102A8000F5FA3B07FDC4AABFDADBB4C9BBEA4825A7
:102A90000815D6C4F9A3FAFF9B81EB3B3710F94E1A
:102AA000F97F01D9DFD91B1A15B1CDA5C439E3ECE3
:102AB00009CF044BC044F7CDECE55CB6EAE6EFA9DC
:102AC00035E35B36A926B5913538E7F3B5E6FAD696
:102AD000B83942DC25B8121301E6CDF8534B00DAC1
:102AE000CAF12B2281F013E5CB69C8B420CB1DFBC2
:102AF000C40B484029C50C7819C4B6BD67FE0B82CB
:102B00000D0C96E0C45828F5CDCEEF9703C92B499C
:102B10002103E1DD1EAE1D24F6A9D6EB28E228DF55
:102B2000F3EB2A7F092DB1B63E0CFF0F23405096E0
:102B3000DDC9CFE939B0DF112E1A0BEC0EE94A0DD1
:102B4000C443233CE10404DA12043424D50AC8E95E
:102B5000EDAE283609122DE70E26F2DD53FA2D04CC
:102B60003A18FFA2D4E7DE81FB8AA3AA1E0ACADABA
:102B7000BB24F728A9D8B7F4DF18DAB91FD494D743
:102B80003DB2FD1433254EA095DDEBC22C0841DB90
:102B9000F54181CDE95E3627C326F5C2C1EB9DBA6A
:102BA0005006BBB1C32DED4693BE91F3FB1B95BC04
:102BB000C5B05881A0D1898D092D3F35BCCD30D10C
:102BC0006011F208DC90038FFA1E5ED9E493A6B977
:102BD0000F2A041CCB63E71A401F10D3F7A8724FCB
:102BE0002ADA75B57810250E14245BE76E8EE1376E
:102BF0005D7F2D2D2A2F4FCE76052849EDD2967F69
:102C00003FEBD238CA6BB5D635CB5E3A06FC77B906
:102C10000C59A9D60FFE9B1E8CFBE1A7271D5A0756
:102C200026B07F70A64E74F00142F7220E4D450E7D
:102C3000EB59B9D55D50B3CA694B161316DFFA24A8
:102C4000424A583EF2473321F2BD35D9152D4F0B7C
:102C5000F7D4FA036FB83BC9F79CD2EA0C1527D614
:102C600000C931FDFBFC4E26D3CD0F420222333684
:102C7000B37F9591F2EF03FFCD24D9DADA6EB0C6B7
:102C8000212ABAC224CAECE7A3150DE500CDE7F46A
:102C9000E31A452EF5A630301A062ABDF900086E53
:102CA0006DA91CF86DB4BA062F6DA5DC920F1C6ED1
:102CB0003846F35D587F2430D3FD080AB5621A2BDD
:102CC000782D4354B6C1C91BC4E26875FB5362DC5E
:102CD0008A5AEB2CBEE8E805AFBC9DE13B6CEC2BBF
:102CE000C6B726CF29183B020BCCE9BDBEC9FF9160
:102CF0008D1AD0BE20F4D081B7D635F60242093EF7
:102D0000F908AF1C60A51859576C0AD3EF15F4E405
:102D10001B441526E5D5F1B8DDF6F5BA4ADFDCF837
:102D2000090E13369110DC3B0E04FADC19BDB7CA4C
:102D300048F50B89AC58F24565A90225D834DD2E3B
:102D400093D3933F18A9B8300FE8BEE14AE3A777C1
:102D500037B1F7070FDCEC15595A237F15EB96B006
:102D600024D41994BCCF171FCBD2B35E2AC06AF209
:102D7000531D71CFDD30146D4136FF1ADD4BAAFFB4
:102D8000ECAB52F1271C131D0FE661E138CFF65B67
:102D900042112E3848B08C3A29817099C410B4E79A
:102DA000B4E14C509BD0C33922D03BDFF7BAF9FCD9
:102DB0003407853AEACF2CC7315C02B42DD123EB1E
:102DC0007F0E10D12BF63320FCD4A509602CCDFA50
:102DD00018E717E7D6524B0A30DFBC0DE92939D086
:102DE000B20FDBD6D9E722172A0B4196BD18F4BDE6
:102DF000DE234E39ECEED3F97F59F7BFE6DC059AB6
:102E00002ED5ED451ED5A2F8D4DFC2EBD534E5EAC8
:102E1000F71E261A1AA5DECE94C927150D0BDB4422
:102E2000FD1146C48D12E6FB2709E2D2302F0EA514
:102E3000304395EC605D0CFDE94BD01D0903DFE1EB
:102E4000447F2BC1BDDC4E2ADDB7F9CACB32E90B7A
:102E5000AC4003D44C15C50DABAA06F4DA3FF90516
:102E6000CC310DCAF557FE03C0E0211527C91B3927
:102E70002BA3FBEC701D09CBFABED2C7BED59AE0DE
:102E800036F607E8C72712212A81FAE9C43BE0B9E0
:102E90009EEA3036F936CC2A383F0C9BB508C5BBC4
:102EA000A4E9F1BA85ED0708E5AC591A4149084A89
:102EB0000E9F6931DB4CEC1FA63BC5349DF83721D2
:102EC000B9F92C2ABED00B0DBCFA055EC430B7157B
:102ED0001B0ABBE3810CF81203F24FBF01E0EB7752
:102EE000EE0A81E03B41F346C023ED9CF521061438
:102EF000E10EEADD2DF847B4EAC71DDF154E3BE4CD
:102F0000CEC0AE41323D22B0D61425CA1587F8F99D
:102F10001E0FF66A5E7C41D23E0B8828CA9DF1D412
:102F20007C150000E1FEFFFF4D0900001E4000007F
:102F3000D91000003E1200002A020000E424000024
:102F4000AAC2FFFF7CB8FFFFA7D5FFFF532A0000EE
:102F5000A06F000048190000A91200000B2000001B
:102F600011070000D9E8FFFF82DAFFFF4ADBFFFF0D
:102F7000AEEDFFFFC39DFFFFFD3E0000B736000032
:102F800019170000A92C0000141F000077C4FFFFD0
:102F90001F290000844C0000F71D0000DD25000003
:102FA000E0E4FFFF5B6E00003A490000FEB2FFFF65
:102FB0005D9FFFFF890B00004EBEFFFF642F0000E6
:102FC000B916000056EBFFFFC7F1FFFFF127000025
:102FD0006D060000C8300000E31C00000D0000007A
:102FE000ACE0FDDFB40D172204D20A14AE9DFE053D
:102FF0001FE13ACDE1C007CBD981BB055A29AFD239
:10300000C92CEFF390B94938C9BBEBADF5C23B52BF
:103010003CFB0A7F0B0EEC2DE1F25B21F823E84725
:103020004E180840FD4C40D620E61A01D638EE274F
:1030300012031CCFC8E6F9FC15323D39F73AE347D5
:1030400095B8E87F472EF5CE78B13FC3FE2EDD352B
:103050005538CCB81F54B6E87BD13F6BEC3DE53B0F
:103060006B0820FFCBB325AB2B500B8253F7CA2E36
:103070002B2523EA4743EB1ED8D309F4F3FE28F6A9
:103080003C251E81B0091B261EC22EDF6161DC5962
:1030900047D0DC0033D10F08EEF6B1CA34DE30E0A1
:1030A00011BD2263BB5B10F4FDD3EEEE9CA4E224C1
:1030B000D41FD5D9C954BF25084E14D0BFDC01DBBD
:1030C000AE13D39FB60AC0816F21BFD2F60FC8E9F5
:1030D000EC5C6A5A552C39CBFD81D3E95C26ACE017
:1030E0009E461839788CE2007A3948F4564B1B64B6
:1030F0006009F1FBCAFEF203690A1DF62D360D0FB9
:10310000EF28E4B8E8EF5434E6E35BFF22B155A9B9
:10311000DCBC23C2D157352EA9D0DAE2F63CC5304B
:10312000C72BF0C5C7C9D1E32AFD9932BD7F585FCF
:1031300016913006F81D0C372C3615AB40183D4D56
:103140007C3AF2D8140AD0CBF40D5576F6BAB127F2
:10315000B8F4D091CEBD0481CD34B2995AF015198E
:103160004DE136212BFED8F5A0059C11CB0F67BE93
:103170001309DE93DA685628CB3EC8191F403AFC83
:10318000F9BBEA3309E6B07FE33DF54D2B28B65B8A
:10319000C5602ADF1C339B161705532CA9B5B83917
:1031A00023E44BDF21D31AE0C763D900D1C30FC397
:1031B000C933EC31382CDE0C7F0E141E033AD76372
:1031C0002BFF552F1C090C0B4E42F744CBEF43E766
:1031D00039D60DE5C332162600592E30FFFA01CC40
:1031E000E2DF3AE44C7F0E66C1B052164722FE275A
:1031F000C1D6DA00A22EC3411B17C08127042A06BC
:1032000045BB0FF750B3F416CBEC29E816D1E2D545
:103210001BD9F2220FA7E9D7230E2EF42BCBB5C66C
:103220002CE6C3334AB9E8D04C022678340613E3BF
:10323000217FF9D69DBB2725B803BBD9E55F03974E
:10324000FAC2BDC3243BB5EFEED9275503B037C74B
:103250007241F3F132E639D008BB093E49F7453FE8
:10326000C9C50629CE11ECE1190759301FFECF0C54
:103270002346FAFD012F5CC2C658BE0C317FF3BB5A
:10328000080E1101B7E3B7F6404B7F0B13172CF86C
:1032900024DD54193AC2B0423906363EEBB409DF98
:1032A000FFFE2D1ABCE80421640DF92FCC11050C8A
:1032B0004501305B2585003EDAE6ADF64372DCC69B
:1032C000C807DD1C30825E32103B5B04FD54D4CD58
:1032D0005344B103F622F55B0B4B6F74D5117F415C
:1032E0000AF5FF26E5045E584235F9FC5706CDE5A0
:1032F0003F130ADAEF61CDE238F7CE7FB803DAF593
:103300001D00CA2728F617EFD3E6BCF3FE6F1F1582
:10331000C5D1261529D7815F29E8155AC7993FFBE2
:10332000C4C42B11A251A0F73DEDC89865C325A6D2
:10333000422FC6ECB3F7D4F3F5EE2CD81501C1D566
:10334000502A570D44935C251860CC616CE62757D2
:103350003A5760CF25A61848C6410F517FF2751025
:10336000AFCD770261D66415CBEC1C11AA3A77BDBC
:1033700045234BF7D2D4D8D2DD29C14A6B7FE9C9A6
:103380000448BE645743E8931C497457FE0BEE385B
:10339000D0DF524FB7E8D69FCD2E36F3BB20C50CF9
:1033A000C8F72B6A0DA83562E7B70D0948FD5A7DAD
:1033B0007F0B40D72ED62B089F0FEFFEE55D20CB6D
:1033C00095A12F273F060F4CE19FB5D3F24BCEFCC2
:1033D0002917C7B24F4A9BE0BB13CBE435EA203C28
:1033E000F55EC9E1E9389E24062DF5BF0AE5EDEC4E
:1033F000BC57FC0EDD8163EB1FCEEB273F4AE4D2C6
:10340000E5400664BEDCE5092822BC356DD72C39C1
:1034100072CC21105C5D7FF0254F270604F11E3130
:1034200002FD192C23D8D4ECFD16092B500A37D1F4
:10343000C82C05D4C1E4251695EF10AA0B1AFC7E02
:10344000705DEE1CF3B0D3D6B217043D044D51B5F8
:10345000ECD84E23290913BAEE23DE7F2129ABFFD6
:10346000183821E6251803B697D1DC133317103E20
:10347000BCA3AE34B0FDFDF207D4F60D745725C6DB
:103480005BEEF6033339F71A5A9FEA7FCB2D3C6582
:1034900059314D1027C01A860E37BE142C2E7FAB23
:1034A00048E86C3C249B40DAC6C7DD17027240F83E
:1034B000244BDF1F13F832032AB1BA44F41A3CBE7E
:1034C0000EB24002F2FDE30418CC99FFF241C12A8A
:1034D000CB60200D2781CE39DB3908C82FE21239A5
:1034E0000F0185E8C21392DD1EEF2405F3E051269B
:1034F000C6C8503AC1AB22593DFEE554C900290C5B
:10350000D82AE007291434E9361B01B434281718E7
:10351000E17FF004FF1C2D30DC08EBFCD100B1F59D
:103520007F0CBDB31A50B048D6676BA85BBFFEB91D
:10353000D60C2BEC773ABCECE7D921F4C7F54073F5
:1035400018FC94343CF0FCB0F7D6DD59010D222272
:103550005110B544DECCCCACA4F135F661FF49C1C5
:10356000FDCA22DF388132DEC1491112B3E93A0FB8
:10357000DCD715BA1102E929C6EF257211181AF81D
:10358000C5BAFED92FEADBE52D583640E51016F80E
:1035900036DCF9D554ECAEBB3FDDD80D7D1DF2FF16
:1035A0001440EF7FBACB3306DD49CD0868DE88E6EC
:1035B0005DE6CFC0393DE55B842541E64EF7E70681
:1035C000B3B77253A9A646E3DC31CB6EA8F24A2307
:1035D0007FAF89CCFBEABA5505C9076BF1E415EC5E
:1035E000B3DDBE2FEE39665864DDE37F51414456AA
:1035F00016E4096835BDE16875471F12F9D4B2FCBD
:103600004336BDCEF705C12F2A342BD2BA7B48E30F
:1036100063DF4A380D8F28E855244E9CC67FA90ADF
:10362000F4D8E46C36469BD4AA2BC8EA4A5C5736D9
:10363000DC2A2143E26AC544FC4BF41BDE2B22B397
:1036400012D31004F0A1A64CEC0BB9A1CF14EB0DD2
:103650002520D7EED89D8148E1E05912D62CD3A27F
:10366000F3FA6810C6E996B5D343374A18F587E7E9
:10367000202339BB3ADA464AC5FBDE71BAC145E2BE
:10368000F5B0FE277FD2EEF5255C24BF08C142F7D6
:10369000A618FE11C8F1DF386409233E2BF41DF58E
:1036A0002DE2D40F2EC211D30A5ED259FB046481DD
:1036B000D0FC0819BBC6C55016F023A7FF041D1582
:1036C000E5581EFDE6EFF61CCEC94028D2D99DDE96
:1036D000D194362271B4F743C664A8A9F1C802E8B0
:1036E000813912BA3B27D59B5AF05FAACB345BE0F5
:1036F000B952C80116212DE0C757358507E8AEFC41
:1037000020C127C21F01D47F11C714D0FE15B43EBB
:10371000D6075934E334D0D4F4F8B95214CD39E58E
:10372000F5EB32650C2B4552BECFEBF1F421393667
:10373000E770DD0452243BF363AA4AFCFA6711AF39
:10374000E3ED5C6028FBE2946456417F3C2C7158A9
:10375000E633CB37B27A7D189759A073E8420FE26F
:10376000FEF2BDF20B2065FABAC2CBDF18DD40CD08
:1037700018C423242257EA42F818E6DAC2F8E2DF36
:103780009BFE3FA912CD81CCF732E0B6B462E60EC3
:10379000C72FFB0581CC09230EF70DF2EDD33AD9E3
:1037A000D8D10E0FC221FE46015AC1E8A714D41E7B
:1037B0000AF4350FD3A4220FE6CBDF49FAD9D6336A
:1037C000F7110FDCD50D363B0F05EE18C089FD2231
:1037D000E9CADD154E46D4CBDB652FEDCF080111CC
:1037E000E62EFFB4CAD0C0077FD5ECCDFCF7E43F8E
:1037F000C9C8C911020795029DF2B434B3DD04CBE8
:1038000056E5260B7F3101DD25C70D60D986879CE3
:10381000EEDE3A1CA49B1FCBB6DBD1B63523D620F7
:10382000950538DC4526D11AD029B8EDB6F24DE819
:103830003C1E6827E91BF01298AE81AE91CA1011A8
:10384000CDDDDF0C0631102DFFC775C17622F31DCB
:10385000CFE00906BDF05C316AC3E151FC082A33B0
:103860006BE61D1108DF22C3E060D669FECDF54A84
:10387000D37FE4DCF1ECD6451EFCD30AFBCC032657
:1038800053C520F044174748C7A449F3DEE4CB25CD
:10389000E5F652EA2C86B7ADE5BE7B7FEB097234C4
:1038A000C71AE22FE713CE3911BB637BD51B4BF848
:1038B0001F47E048D58FCE7FC1D8295212FC14FC97
:1038C000E2D5896721BCCA81308FC8EA3CF8F9FA91
:1038D0004DD7B838CD4A9950BA41D1D638CCF7A691
:1038E000B63500007DC8FFFFA9E7FFFFFCEDFFFF35
:1038F0000D270000F5C8FFFFCE0100007C0200008C
:10390000D5E5FFFFE8EEFFFF51C4FFFFA223000053
:103910006F020000BDD8FFFF08E3FFFF63C4FFFF95
:10392000ECE2FFFF55220000C0A7FFFFDBE8FFFF2E
:1039300062E6FFFF190A00003EC0FFFF47EFFFFFEE
:1039400092E6FFFFF8D7FFFF580C000060EFFFFF83
:1039500074F0FFFF52FCFFFF29FDFFFFBBF2FFFFEA
:10396000C6C2FFFFEAD5FFFF902800001FE4FFFF5B
:103970008C0A0000961C000046EAFFFF43B5FFFFDB
:103980007D1E00005F100000A6070000EC32000062
:10399000A710000075E9FFFFDDE2FFFFCA17000076
:1039A000F4A74CF302FBAAA044024A94F6B11F45C7
:1039B000C6E1EFD9FB5BCA700A347E047B6A4924F6
:1039C000C8C171D93B2DCD6E81B84C28F5BA52795A
:1039D00096F8D3E2F1B5A5311244D02551BF7381D9
:1039E0000AC3C4B17A5A1048CD3BFA0A48BE70E106
:1039F000BA2B38E42422ECEAEA4E10B6E68D27C949
:103A0000EE4F4E133C0F33EABB1DF0E0CC0CE3F459
:103A100029C1E538E4C4B881F3B1CC4EBF389F3535
:103A2000E79EDA112EDBA6074526F02A0FEAA2EB65
:103A3000CFFDD681D1AB2C45E4DC40AB1B6BF5FB55
:103A4000FFE44B1EE8ADF7A6C5FB40F1DDE59FD2D4
:103A50006413FB62132CBDB86BEC0B9EEA09D130EA
:103A600039D83FDCA8E2FFDF44A20799F23F10E516
:103A70000E18F673F53A0008E412E02FB9EC02F3E1
:103A8000CADC3A214CF6BF2C59A89C7FB6B4A04B97
:103A9000DDD29B9A36BADE53EFE0BA3914D7D0F1B3
:103AA000F4C4D0E8BB098E7F89C8D63CAEFF8CC871
:103AB000BD89708C2C171DA51C0203391FA7920805
:103AC0001DEA95FACE00238FD964EEB6F0042B20C0
:103AD000ACC0EBD93B23E558F36181F90A41BF50F3
:103AE000E2E5D248F0245C6D9EF22813AF082E2444
:103AF000CF6EE69A35CADF9DD081B927C2B2C3FA2C
:103B0000ED1104FB413D8700CDD1D72D30C2A5BAC0
:103B10004AB9484736F0D9E5713673E11E2CA399AE
:103B200015D3DF2416CA3AFEC24D492FA72FC4026F
:103B3000EC41E1E6DBC9ACCB9ED2FF5E8310C7C28D
:103B4000D8EE1C29287F0AF6C2DFBA27DEB90F0E8D
:103B50003D46035214470B0F3CDE3F2D180377F709
:103B60007308CF652BD1C32C81A9D8B7013E2E593C
:103B7000DFEB671DCE1924B7147F58DE3430C50340
:103B8000F9B7D7F4D7FEF6F60EECF7E627C309121D
:103B90003D10DFC4A807FB1B550AEFEB597F0F242C
:103BA000A313F5E7FDDAC726411C12ED10D96BF51A
:103BB00029ECFC3969BB1BFA16054ABEC3B3F69F54
:103BC0003113F2E9815BD7FCC3F2C94611A7B2F702
:103BD000C9F8E23F001AD8F4C00742BCC1F1D7C50A
:103BE000341DCADE31AAF97CFBBBCA7FE9C6E020DE
:103BF000FC93DB1152A110DDF406F8D033F24DF244
:103C0000D6E3E7A637CC0B91FEE147DD24C51F289C
:103C1000F4FAE62C3333B7F83DEC24F7C7140981E6
:103C20000344D9BBD3ECBFFEA51A1E1324CF71E009
:103C3000CD40FC2FDE493A6EF9530CEF6B78F6ADB0
:103C400091C081BFA61AA5B72E2D381C32A5EE183B
:103C5000083040B0E1F649CC162EF0C4C97026EE0B
:103C6000BFCD44B3E0263948B00811C20CB44E5D54
:103C700021EFC146941328902143FD082D2F352BA9
:103C8000CC1DD4D731ADDC4BCCCEAF8C45F73B123D
:103C90002516C0DCB4E871B516F081E0E4AE0DEE97
:103CA000FBB90239C5BBD7FC6E2CFAEAF2B4C9C81D
:103CB000B86314811CDEF6DB2232B8FC14FF590D08
:103CC0000FCC1B26630B1BD6DFF6AE1CEFBDD9C68F
:103CD000B1295D3A58CC1B723F841D1CF029E317B3
:103CE00006C070172E7F35450CCBBA33DE09740041
:103CF000DF25CA4925275699520447672D2BF08B9B
:103D0000AF6F5ECE37F32B7BF3DE31CBE2FBE8F116
:103D1000F9A76134CEDAC336DA942A32DE04488C4D
:103D2000FBA604E2D7A20ED24F7BF4FF9EBC81D744
:103D3000D1FC27EC24D4B9CEE05BCFC7BDB664FC80
:103D40000107DCDDBF48D73B40E37AAEC281C11B2F
:103D500057810FFFBED5E2C44EE41D360DFBD237AE
:103D6000A3DF4CAFEAE6C310C7D413E703FFCE745A
:103D700007B0171340D035147F46FBE9C7414BBF4E
:103D80001DF926F73CAB04A33E4632EFE01BF240A0
:103D9000CAB991A94175D0D629D7BE38F3DB1D1C0D
:103DA0001982F0332A8FB5B8E948361BCB7FCF6B29
:103DB0001C7BA732DA9A15CACCAFABD44727A24AEC
:103DC000A22A2ADAE3F1E6B60C6B4BD8E7E1ECDB8A
:103DD000CBF5BDC7C1D708BC54F7DEFDD10CADCFC4
:103DE00048DDE20FCDCB2B6B00FB3D90F5C57FD2BC
:103DF0001109AC2BDA33B5E5F2D3D9FDE72A0CE48F
:103E0000B8192A2044EF34F2EA39B5CB15793635A2
:103E1000A252E5C22309E43A190BE6C45981CC0C3D
:103E20001E27DDC9A82F12FD30375781604FD034CF
:103E30008BBC0AF80DABF31051C44394C90085E75D
:103E4000C7461D29C408E3D90F850D9D3AF95A6468
:103E500010963BCD07D1EE1BD8EFEB02011B2C05D2
:103E6000CED1540BFC2B22F51604FEFE36EB40D7C8
:103E7000CF0FC200DF30EC4C8110032706F83AFF69
:103E80008B3571CBD6491D6EB746B42148C0C4D915
:103E9000F1F30EFCD71D7F5A37272DD97526CBBFDE
:103EA000CB3A23B1B7F329DAD139BD2EADCB1F18E8
:103EB00008FCF027B63CEC4D19EE81240AC6FC1A2A
:103EC000E422280E25D36F2DFA2FA9C635EF2C2713
:103ED000BD16FBBA02FCD842DAF5B037EF0BD908B1
:103EE000A719535B761CE108C418D0327F216FDE1E
:103EF00089EDCB9C2E54AA04B617516DA7A1E8AD4D
:103F000041D83B361CC014C955A3212FEC34FFC641
:103F10004709866ABB9B1E2F751EF3FFE6183DB44A
:103F2000BB54B917097556FAA41CDAD16B9B11E082
:103F3000811BE2ED16085E482532A9CD732AD6E72B
:103F4000C34CC0E90B0123AA235F6B98E30ADA652F
:103F5000178C45EE4CDB35E0C4222BD9C3A4D2BC70
:103F6000CDA868D9E3919FACF8B603CA8141C5AB2F
:103F7000B3CEB262A8ABCDFCF4153603BC48AB3A65
:103F80004CAE2AA1F624D3AA7A0CBAE84D05CE6A23
:103F90000408DDD5C2990A3C168118F6D085054A79
:103FA0005EE7FFFFE90B00008B300000601A0000A5
:103FB0009F1300006C59000027F8FFFFE32A000060
:103FC0001D3000000ECCFFFF60F6FFFFE335000060
:103FD00092190000C8E8FFFF51210000B42F000033
:103FE0002419000085CBFFFFA2200000F428000068
:103FF00049F2FFFF36190000B31A00003116000025
:10400000C9200000150600000A0100001805000084
:104010004CF5FFFFEFFBFFFF8A3D00003A22000056
:1040200039F9B3CC4C32010EEF81FA38ECEC20FABE
:1040300015D18C0E12DDC6F02631D8E0EF4CF247D8
:10404000C92AE3DB360623CB625EE0E30844059D24
:10405000FBAEC4760632B4F1B3BAF7CF3F45D05ABF
:10406000061C09E02913E5AF3161769B4CD4CD5392
:10407000AECF0BA344F381FF1906BCEB65BD9A0AD2
:1040800012BA56F5651EC2FD375D26D0EB34D95AFB
:1040900059232D6EE4C651313B64FBE8F812071139
:1040A0003FB7AEBE8E93217FF73F6526965556D714
:1040B000B24B09FB4AFE9108BBFB3900302A287F2E
:1040C000DBF84DF1C6D51CADB4B4FE72A7DA8BE0B7
:1040D00017487E3F4D181D60143A023533BE8D2FB0
:1040E00010CCBED204D3FD81E4FEFAB5F915D6CAD0
:1040F000C0F8D511A2EC03283DDBE537B7BF852416
:10410000F2BE2DF332E559D32AC3531B43D9B2C9AA
:10411000B9A4630860E963F3C4F8B3D6241E024768
:1041200009EB5128970901F9FFBE73E68AD1FCB269
:10413000BB81FD517FC49F0D125E28FFC536C4D8D8
:10414000D4913E6C7F53576D1F3BEF43BB0210F978
:104150000CF44107B264FD27A837B7061D50FF1BBA
:10416000A7B7E6E4F5F9C26A53D41AD15117E2A908
:1041700008C83C3BC8E7AA29308DC7E4C3AEF00CA1
:1041800052F331EAEE41B41706E164F4BDCF440FB7
:10419000A601D5A7DE814FBAE919AE269F9A51DA5A
:1041A0004623DBC47A75713EA66821B1AD326673D1
:1041B00018E9F857D20449B7CFED051EAED6E31E75
:1041C000417D7F6B5C36CD11BA311F3AD53AD8DBD1
:1041D000397F36C202110429050F5CBB3013264615
:1041E0003CD6CD02FBA117EEE8012B1904EB4D10D4
:1041F0002BF1A92D5CC11D0E3B0FD194A2BDEB0F7D
:104200009E8CEE14DC2E260EB8230E0B006A6FC5B2
:104210000155575067C60017B00B46E3F95AE953EA
:10422000E59492EDDE78CA5181E8CDC3D6196E00CF
:1042300041C6087FDA6CA85787C2633CD321FE963B
:1042400052D528411B0CC1BDDF62D0B5C2B51E36A8
:10425000A40E1830F030C7A595B19DE62DCEC70F3E
:104260009B177423C44019ADBA0064F6EC53F218DE
:104270005CD9C81748B247D3A0C41F963A35D7D0E7
:1042800051638C81B69EE62DC50EDB03DA51CE0359
:10429000EDF27AE741079B4C5D7F34B3A867F9AA3A
:1042A000DDB15257D174FF47FBE4E2FA3088B0B079
:1042B00030071B2C651C07C3DD51F2963DE9D00386
:1042C000E64A5D653752FD48F25A038209503DC700
:1042D00005AEAAF081AFF30CF321C42FFFA90BE9BF
:1042E000493E06C0239B8CC72CE9499CD6DFF7EDDD
:1042F00006EBE441D9DD267429C8491BEB40ABCB62
:1043000032D83A68F1416B503C35C7F47F2CDA481B
:10431000B238FAE53694BD78ECEEA553E815030CF7
:1043200033B221465B43E8D3AFFE0DCEB5F4C022D5
:10433000E67FC4E129EC49A6073624DEBC010DF571
:104340005A4B3B2D29F997BAC4DEB9D01BF4B05BA8
:10435000B51FBFC5AEADC1C003E5AE0201071EE388
:104360002BEEF860E9B7DB426970E77F4287FABD60
:104370001D039FBBAE1E424919ED314608A7E2005E
:1043800066B777E32A3EE628D161DED12481AD2AE3
:104390003DACA7B229DC5BAF54E4C9C50431C8FA0F
:1043A000F31605FF92B84FA2E44AEC2FBAA868288A
:1043B000DBE7EC41BFE91A242B1220DA81F435DB6C
:1043C000775D251C0A5FC6F510D6ACFDA4A519E6DD
:1043D0003DDCECEA33D11D5FF0FADFF8096536FE0B
:1043E0001DF7F3B3D60D09DA140999F4F7A0F81AFA
:1043F000EFFFDAD164FFB831531A266BF9F9FD7F6C
:1044000055DACDD6F93228DD1BD1D83BFA33B2E1EB
:104410007FC6ABE73CE1639807E83EE62EF8373409
:10442000FFC2B331D5BDA12A27EF45D7EAE011C6B7
:1044300052B0A335F3A20CF859F2C6000851E1C4FA
:1044400046C4A7DDF0EF9FCCE40ED23466021C60B8
:10445000F6F762E120160313D328D1394BE3324833
:10446000984485BC2F7FDC1759FF8F9E01F010F612
:10447000C40848423997D428159FF3B5E79FE196C1
:10448000D5B4B7A274F1F933B729B732910B608173
:1044900036C164E67F29B6BF55EDAE1292B640C66E
:1044A000D5D7BDFB9ADD9ED39CD8B2CF10D606EDF2
:1044B000BEE555EFCCD9E481AB68DEF510C14B23E6
:1044C000C5BA139CA7B3611795CDA3F50ABE0E0616
:1044D00043E70B121CBE3A2FD01672197FCDA6E807
:1044E00050675A1293120EA7D1BDAF26F020AA3200
:1044F000F7B683EA09340517273064FB1AE5B5C718
:104500004516FF0BB8FF24AA50244E5818DEDF983A
:104510000067D6C43B02FEFDD4DDA278E42D50E056
:104520002D3B1EAAF96BED20810F9C58C4A7DA5FC2
:1045300041C9EB1FCD8B3E7F1E5230DF984506C52B
:1045400033D2A32D1219C1CFC7F6969D4EC31222A6
:1045500005B7D64E81E6551A2AC4C20137EB2E2A7A
:10456000ABE3FEE86435048A47AEFAA63D194CE396
:104570009D8AB1104FD9810557B40ED5211723F567
:104580003C6FFBFEA11B1D00006B2411951D369B8B
:10459000BDC348F42D96D99BEEA8753A3E7F87CDD2
:1045A00059FC277B81E5099678864071E9AACCED14
:1045B00049E2514A3A79EF0D31E9CAC7B7CAEBF17E
:1045C0004142F70EFAD7EBDBBDBC553FEE04D905EF
:1045D000151A5BCCBA7FCCA40502F909457D76F3A8
:1045E00023BCEDFA43E3090DC1D2D810545DD70BBB
:1045F0000681C4463C0123DE33C7040B19CC1237B5
:10460000A5A082D5D331DF0CD84F96BF3B403735BC
:10461000AB3F1C2113A8530CE71A06CDED2AD3C8D3
:1046200038030000891500006DD4FFFF13F4FFFF6D
:10463000C6350000FC1F000086E0FFFFD2390000F5
:104640001BD0FFFF61FAFFFFF9040000292C0000D6
:10465000282200009EF6FFFF51160000ABDEFFFF90
:10466000320B0000CB0F00006F170000AE040000FB
:104670002DF6FFFFE810000065FDFFFF122B000084
:10468000D06A00004C07000038FAFFFF001A000053
:104690008D09000061090000CAEAFFFFE312000073
:1046A00004E5DBB63081DE4B38DD3932950FFF355E
:1046B000CEF9C240458C31476F1EC9A957A2BAEE48
:1046C000DB813495EF141371050F03C2C2EAAD2BE1
:1046D000FC5319F9081AA669EBC934D5EABCC224FF
:1046E0003EA7300D514A048643DE3094A544EE8146
:1046F000BA179204465916AFA62EA3D436C1153167
:1047000021B046462DBF5AEE6E1E81EC372836D1B9
:104710001540CB0C10F5C2B19A6DD72007BAA83C52
:104720002F098CB24388A4D70DA7A858403403158D
:104730005BF916EC0081A6BAA918D08B14F63E716D
:104740004D66C60D5F04D153F2D8A2018118163E02
:10475000EEC7F9B7EA2C8DE7B0C818EF5308851AF1
:1047600088B3EEE4515810F3CA56039CDCD87DEFB1
:104770007F0F862EA9C64E282804441EFA585D4A8B
:104780005BA8BF9216BE4E56D5811CA4852B1A2F4E
:10479000E0E65FFBFD554C7905E8D67320EC291562
:1047A0008EBCEC2643E8E9FC4BC3151E2638E3819A
:1047B0006FDCC154F92CC62922152101CC1733A96D
:1047C00000529B3DF6E038E16AD881EEEA050AF630
:1047D000BF4BC0E4B4CF84C3F588E6E2B1CEB6B136
:1047E0001BD61C4B36D4A963F86EABB8F94F1BBD72
:1047F0002E73C4CA6B6951F5539181A65AF1EB022D
:10480000F9F5CBDAB057CCD5D807A860DE517F18C0
:10481000B9BBB665E01F3510024CA02DCE01F8CD16
:10482000E0F3C0BEE8BA7F1890B86004C76CDC261D
:10483000ECF7324B3FE612E635F3A05CC4FF41478C
:10484000344E7581F018F1F57212FCBD33EEF6C6E8
:10485000DDD025CAC5331A9E2FA410D314F68B9D24
:104860000B58D6DA81B60F3BBCC512A3255CAB9AB8
:10487000C4F83DF6C6BB55B636214917E95DD53DAE
:104880004842DBB54B9989FB1EC9F93452F1B2C7D6
:10489000CB3A2C15209A32DC7F233642C4A499C827
:1048A0006B7BC01DD2A5503F31EA0B7FBEA9011121
:1048B000A7B6CC4B0CA1512134261E35325C7D2786
:1048C000B62166A1810FC22E70D928B63B3C673451
:1048D000271EB820D5C9E029405C255AC83FD80D0D
:1048E000DED4FB7FE615054A21D9001042F209F912
:1048F00060F417291FF6512AB5380AFFE52E61FA30
:104900008EAF0D5712643DDC7FD6AA8451CAEEC229
:10491000EDA15FD618CBAEF6180B0A17EFD083B116
:10492000DBD7640EBEFB6B3273C67153C5A597F01F
:104930004F5E39EE3B3A599DD815EF4DC32D7F2E72
:10494000E52BF1E4EA81BF4B9E954E625A10CB0DE8
:1049500087C1FF34BF02EADDFD3AC7EB461D89A2DD
:10496000297FADADEECAF6BC01FA7F15AF45825284
:10497000172589EC58CF2B630DE926DE3DEF26661F
:1049800054EF0A9F19AB3CD5F0A81E45FEE9E9811A
:10499000E3221C2D2D0B5B5DFDB64C27B78E49CB5A
:1049A000CEC315E345FAF9F0DEF9C2C234D51A9741
:1049B00055CE1D81C452F902D424C98EEF2BD6FDE9
:1049C000B2F15F193551FEF642163508BCB010F64B
:1049D0003911F27F17049AD734C8F007CB39BBDA04
:1049E000A82831A89B1DA717141706307F0243740F
:1049F000EED23CC4BDE8550C450CB71E0799A988FA
:104A0000CDD30B36239B26339D643C0311F32453F3
:104A1000DBEEE31281A45DA844C56F06B05C4131B2
:104A2000C4A81740F3E3BEE505EE2802E4280CB560
:104A30004A51F9C025FCF45381B50EEDFBDE3CE193
:104A400067BFF23359D8414481E3A7D6DBADD7F82D
:104A500038D0B318E965D764E53F0A193597F3E311
:104A6000862FB5313303D3D9C77690B607E139AE77
:104A7000E2D5BDABA6741C1D81FB31E92A39DBC32D
:104A80007AA9E3B25C29C68AE8CCDD943F0155C21D
:104A900056E5BBA711B3CB64962CB550CFA7817A4E
:104AA00067130000FC1D0000952100001BFDFFFFA7
:104AB000182C0000CB20000048DEFFFF7F00000024
:104AC000240D0000A943000004F0FFFF780E000051
:104AD000DCFDFFFFAA0E00006A150000751900003A
:104AE00054D0FFFFC4E8FFFFD6D5FFFF572F0000CB
:104AF00045D1FFFF02250000DCECFFFFD2110000D2
:104B0000EB33000054F7FFFFBB0E00003CF2FFFF49
:104B1000271D0000260D0000BF280000A421000072
:104B2000FBE10601E7E40FBCD4C3328B2FE7104F43
:104B3000EAC39AC41C11402B1D0F2D1681F3D62AEF
:104B40007F33CB97E977E7CB0FC9EFF733A7736CC8
:104B5000EFD9900314D13B5133D565FFE5653C6D2A
:104B6000623B2EFEEC6A27422CEDD4174CED7F669B
:104B70006CBEED4C9FC3F0F963C407D12610C60389
:104B8000D0523F5A1B3A26734926AF203CBD0368DA
:104B90002134A536E3AA813EBBF96B2001DF2F0C3F
:104BA000B2D93D58ACD008FEEE0DDA23C5EB9BC957
:104BB00081FD01DF3DBF95EA1518188618D43EE542
:104BC00002AD444009FDFA22391EA70F33D3D20F9C
:104BD000C133E00E39C9CBA412E8F18119FC2AD8FF
:104BE00007C2DEF3E78100D01AB4AF21F001F9DD8E
:104BF00002260AAFF68E2B248735D2BEFEE9AEE63A
:104C0000DE2EDADFE30EAF31E032F2E3B8DDE9B9F0
:104C1000E927272532D1E78AD202FE253981F6A479
:104C2000FAEACE2DD7C2D3DEAC16E7143F3FCF81D0
:104C30002C3AF99B12F71DB8B6ABF9FEC720F6283F
:104C4000ABFEFFFF70030000A20200003B04000067
:104C500040FEFFFF82010000ECFEFFFF1CFEFFFF95
:104C60001CFDFFFF00000000040000005C010020AC
:104C700004000000BC010020040000001C02002011
:104C8000040000008402002004000000DC02002078
:104C9000040000003C030020040000009C030020EE
:104CA0000400000004040020040000005C04002054
:104CB00004000000BC040020040000001C050020CB
:104CC000040000008405002004000000DC05002032
:104CD000040000004406002040108400030000008F
:104CE000E84C0108E84C01088052DC49170000003C
:104CF00008FFFFFF05000100FC4C0108084D0108FA
:104D0000044D0108800000008180803B0500010007
:104D1000144D0108204D01081C4D010880000000C1
:104D20000000803B050020002C4D0108544D010877
:104D3000344D0108000000000000000000000000E9
:104D40000000000000000000000000000000000063
:104D500000000000BD78243B4A5BBD3A8EA1C03AFA
:104D6000FD3FDD3AE2C6F03A57F2AD3A3F110C3B57
:104D70001F61D43A1446963AE4ED0B3B77F4E33ADC
:104D80004A7ACF3A254CE33A515EC83A3771D93A5C
:104D9000E3F5B63A9B2F1B3B55932D3BA44DCA3AE6
:104DA000F1E5053B1DDB453BD61AF93A5911DE3AD0
:104DB00056DDB93ACE99C03AE167DF3A1E4DE13A85
:104DC0009CE11A3B0890DC3A74FCB43ADE93143B45
:104DD000F81FF63A05000100DC4D0108E84D010816
:104DE000E44D010880000000FB48B43C05002000B1
:104DF000F44D01081C4E0108FC4D010800000000A4
:104E000000000000000000000000000000000000A2
:104E1000000000000000000000000000E1A79E3A32
:104E2000B8A1C93AFE87C43A174FAB3AB5450C3B17
:104E3000CC8FAF3A980AEE3AA4AE9A3A1086053B68
:104E4000A537F43A808AD33ABC6A063B44B0163B95
:104E5000764B143B3C84A83AF1C1043B18E8D63A9F
:104E6000BEEDAB3AAC9D9D3A814CF73A3324133BEF
:104E70001C31B03AFFB3003B4B94C53AD378DB3AD0
:104E80008945143B9809D13A17E2CE3AD64CCC3A30
:104E9000C62CB63A6248BE3A878EB73A0500010082
:104EA000A44E0108B04E0108AC4E010808000000F5
:104EB000952E113D05003000BC4E0108F44E01084E
:104EC000C44E0108000000000000000000000000C7
:104ED00000000000000000000000000000000000D2
:104EE00000000000000000000000000000000000C2
:104EF00000000000CF97873B3CF00A3C93C47D3B09
:104F0000DAA9AD3B8493003B5CDA7E3B93A7613B1F
:104F1000ABE9823B0FD1983B3BB1AB3B93B16E3BCE
:104F2000EF0F903B2B868B3BE9B5843B72CFA03BC8
:104F30007CB3883B7C9B903BF9AF883B0D567E3B16
:104F40001249803BDF1D803B85BA8B3B6D568A3B07
:104F50009176503BA736A33B74F9683B9402603BC3
:104F60009485703B7F7E0E3BEF49703BA597253BB8
:104F7000E5D3153BF262393B99544E3B782A4D3BC1
:104F8000F1BD6C3B168A8F3B82AD6F3B7012843B48
:104F9000E2EB163B70E77F3B4F68B73B89D8773B26
:104FA00042D1873B37F65A3B6878A23BF4544D3BDD
:104FB00056BF9A3B05000100BC4F0108C84F0108CD
:104FC000C44F0108E100000093E06F3D0500300090
:104FD000D44F01080C500108DC4F0108000000000C
:104FE00000000000000000000000000000000000C1
:104FF00000000000000000000000000000000000B1
:10500000000000000000000000000000C92F0D3B60
:10501000BF410C3B2DD30C3B4C8E0F3B4357213BE8
:10502000C1DF423B2BA60D3B61C4353BF630023B52
:105030004D24063B8C3A2C3BC404E63A90E9EE3A08
:10504000B22C313BB22EDA3A18F2633B7B42253B5D
:105050002E13003B82F1AC3A5FF1343BF6B80C3BC7
:10506000C342003B32BBDF3A7279113B0996563B93
:10507000A801013BA3722F3BB97E043B7F3E043B5A
:1050800088370A3BDA95093B8CDB083B3AD14C3B2D
:10509000C33DDA3A9ABC013B4674E03A867BCE3A8D
:1050A00029C7353B6C27C73AB64B153BB583F53A54
:1050B0003CB9F43A0EB6273B84E0043BC8FE153BEE
:1050C00086AB263B8EFC233B3022103B05000100C3
:1050D000D4500108E0500108DC50010880000000B5
:1050E0000AA1D33C05003000EC500108245101080E
:1050F000F450010800000000000000000000000063
:10510000000000000000000000000000000000009F
:10511000000000000000000000000000000000008F
:1051200000000000C9C1F93A20C4133B54990D3B5B
:10513000B7A7DF3ABBDC073B4FC2DF3ADED9C73A3D
:10514000C1770A3BEDA6113B75F1293B86B32D3B98
:10515000ABA21D3BD3572B3B537F063B35EA173B96
:105160001CFE1B3B010A383B99C5093BEC4F253B14
:1051700057A01D3B0DC9423B907AF53AD673E33AEE
:105180006A7D013B32E2053B4B5FBE3AB8E8293B02
:10519000E537C93AE060BB3ADB41213B72531F3B24
:1051A000CF83EA3AE36CA93A9326283BD9CABF3A9F
:1051B000804BD63AEDBB1B3B58BB393B2228053B05
:1051C000EAC1D83A7C7D083B9D8C083B794CD03AAB
:1051D0008D952A3B20691D3B897DF63A61A1EF3A06
:1051E000F027173B05000100EC510108F8510108B8
:1051F000F4510108FA000000C340203D05004000C2
:10520000045201084C5201080C5201080000000031
:10521000000000000000000000000000000000008E
:10522000000000000000000000000000000000007E
:10523000000000000000000000000000000000006E
:1052400000000000000000000000000026018E3B6E
:10525000D260823BFB606E3B0D50A43B3496D93B41
:1052600006E8A33B49CF7B3B9CF2823BC751A73B5F
:10527000D8A3D53B1A62C43BADA3A13B277CB33B6B
:1052800034E66F3B9083803B1F1CA53BC53D943BA0
:1052900059E5A03B75DB9E3BDB6EC93B8FFC913B28
:1052A00039FF553B3AC1BA3B304EAA3BCDD99C3B66
:1052B000EF6C933B64348D3BB626833B6ECC913BC5
:1052C000F2D98F3B86048B3B8B3F893B5A61923BE3
:1052D000AEB3923B057F783B6C015D3B989E6F3B84
:1052E000A6EC8E3BDB27AE3B042D7C3BC4566D3BCE
:1052F00020B2933BE54A623BBCFC6E3B9611A83B57
:10530000E709713B2C8A9E3BC75C4C3B0718873BE7
:1053100003864E3B6539973B38FF943B72F8773BE9
:105320005E95843B2CFAA33B5825773BCD8A683B9E
:10533000D4B05E3B02FF923B8509803BB7CB833BF9
:1053400046C56C3BB1F2963B592F903B05000100DE
:1053500054530108605301085C5301080000000029
:105360009AD6663D050040006C530108B45301080D
:10537000745301080000000000000000000000005D
:10538000000000000000000000000000000000001D
:10539000000000000000000000000000000000000D
:1053A00000000000000000000000000000000000FD
:1053B000000000009C2F783BD2B17E3B503DB73BB4
:1053C000D83A8E3BB8433F3BE9D4803B022C8B3B21
:1053D000EB148D3BC88C943B597DF43B64AC9D3BF6
:1053E000BBF2A23B4CAA893B1A585A3B1C06813B94
:1053F0003C8A803B39A2683B8D748B3BAA01863B7B
:1054000059CEA53B53067E3BE1C9853B9E6F9C3B35
:105410001514D23B0625CF3B94F7813B6926C83B48
:10542000FFC3783B1E94BB3BA0B37E3B4A12B83B04
:105430000717903B20FC893B0F79EE3B01F7673B58
:10544000EE927A3B3004983B4C52603BA4D8BE3B72
:105450004EAD943BF410673BC251853B79EE983BCF
:105460003196683BA459883BAE7D283B63638A3BF9
:10547000E51A613B3CF1963B3B34943B5BA0B03B6F
:1054800039CEB23B0A4E9B3BBF92763BE2158A3B3C
:10549000FE9A4F3BEB5D5F3B025FAE3B1B98813B4F
:1054A000A0E3B63BDC286F3B9D6AC93B912FC53B0F
:1054B000D6B38E3B05000100BC540108C854010856
:1054C000C454010880000000F5D98D3C0500090096
:1054D000D4540108E8540108DC540108000000001D
:1054E00000000000000000000F8CC23B2E44563B21
:1054F0006D354E3BE21D513B2DD59B3B9C5F8D3B5B
:10550000DC06D63B6279C03B0C5CB43B0500010075
:1055100014550108205501081C5501081F00000002
:10552000A5B8933D050020002C55010854550108ED
:1055300034550108000000000000000000000000D9
:10554000000000000000000000000000000000005B
:1055500000000000C8EA5F3B8362813BA80F383B34
:10556000C42D463B314B863BCB05583B6A0B653B14
:105570001EE61F3B20C4563B37087E3B676E203B30
:10558000FC84883B066A333BD4F3553B20D8863BEA
:1055900046F0673B4452333B396C683BD8277D3B30
:1055A000C8754F3BF757363BD039803BF040323B14
:1055B000E3FB4D3BE2D86F3B64F48B3B4EA45C3B7A
:1055C000A1A7693B8AF4AF3BCCB5613BBDF42D3B51
:1055D0008EA8363B05000100DC550108E85501089E
:1055E000E4550108DA00000083206B3D050040000F
:1055F000F45501083C560108FC5501080000000064
:10560000000000000000000000000000000000009A
:10561000000000000000000000000000000000008A
:10562000000000000000000000000000000000007A
:1056300000000000000000000000000085B6CC3C27
:105640005F5A9D3C282AA03C5053A43C5C338F3CBD
:10565000C943843CC909433D2C98CB3C5A84083D3E
:10566000A906AE3CFD4EDA3C22A1A13C45D80D3D39
:10567000B507C13CDE9FA63C46E0BE3C76FE863CBC
:10568000B554F43C0889883C90DFD33C05476B3C1B
:10569000B399E83C518ABE3C07E3BC3C1D82113DF6
:1056A000B6290B3D1451B73CBA365A3CFB71AC3CA1
:1056B0009C06EE3C1813843C71C9813C85F1803C0A
:1056C000E1F5ED3C7676E63C3FD99F3D3A911B3DB6
:1056D00096DCA03DF1B9B73CD971143DC8E89A3CBD
:1056E000C9EFC43C8CF8763CF29E8C3D1290B33CE2
:1056F000F8A9713C6D66CF3CDA5C493D4A2CAB3C65
:10570000311A963C4E36A43CA0F38A3C9BE6083DF9
:105710006316863D5519F13C3ACEB23C860A873C69
:1057200056D3D13C6160BD3CA19EA63C3FDB9B3C77
:105730005F4B853CBC1C8D3C91C8413C0500010081
:1057400044570108505701084C57010880000000D9
:10575000232F803C050001005C57010868570108B1
:1057600064570108800000005C8E143D05000100B4
:1057700074570108805701087C5701088000000019
:10578000958DE53C050001008C57010898570108EC
:1057900094570108800000000967183D494E4600F3
:1057A000696E66004E414E006E616E003000303111
:1057B0003233343536373839414243444546003078
:1057C00031323334353637383961626364656600A7
:1057D000496E66696E697479004E614E00524545A6
:1057E0004E54206D616C6C6F6320737563636565E7
:1057F000646564002F6275696C642F676E752D7423
:105800006F6F6C732D666F722D73746D33325F31F1
:10581000332E332E72656C312E32303235303532C4
:10582000332D303930302F7372632F6E65776C698A
:10583000622F6E65776C69622F6C6962632F737477
:10584000646C69622F64746F612E630042616C6CDA
:105850006F6320737563636565646564002F6275AB
:10586000696C642F676E752D746F6F6C732D666F26
:10587000722D73746D33325F31332E332E72656C3B
:10588000312E32303235303532332D303930302F01
:105890007372632F6E65776C69622F6E65776C69C2
:1058A000622F6C6962632F7374646C69622F6D7010
:1058B0007265632E6300232D302B2000686C4C0032
:1058C000656667454647004300504F534958002ED0
:1058D000002C2066756E6374696F6E3A20006173E8
:1058E00073657274696F6E20222573222066616968
:1058F0006C65643A2066696C6520222573222C2031
:105900006C696E65202564257325730A000000000C
:1059100005000000190000007D00000000000000EC
:105920000080E03779C34143176E05B5B5B893469B
:10593000F5F93FE9034F384D321D30F94877825A67
:105940003CBF737FDD4F1575000000000000F03F85
:10595000000000000000244000000000000059404A
:105960000000000000408F40000000000088C3409D
:1059700000000000006AF8400000000080842E4112
:1059800000000000D01263410000000084D797415E
:105990000000000065CDCD41000000205FA0024264
:1059A000000000E876483742000000A2941A6D42D9
:1059B000000040E59C30A2420000901EC4BCD642CC
:1059C00000003426F56B0C430080E03779C3414377
:1059D00000A0D8855734764300C84E676DC1AB43ED
:1059E000003D9160E458E143408CB5781DAF15440B
:1059F00050EFE2D6E41A4B4492D54D06CFF08044E6
:105A0000F64AE1C7022DB544B49DD9794378EA44FA
:105A1000002020202020202020202828282828207E
:105A20002020202020202020202020202020202076
:105A300020881010101010101010101010101010DE
:105A400010040404040404040404041010101010CE
:105A50001010414141414141010101010101010198
:105A600001010101010101010101010110101010EA
:105A7000101042424242424202020202020202026A
:105A800002020202020202020202020210101010BE
:105A900020000000000000000000000000000000E6
:105AA00000000000000000000000000000000000F6
:105AB00000000000000000000000000000000000E6
:105AC00000000000000000000000000000000000D6
:105AD00000000000000000000000000000000000C6
:105AE00000000000000000000000000000000000B6
:105AF00000000000000000000000000000000000A6
:105B00000000000000000000000000000000000095
:105B100000000000000FC93F000F494000CB964035
:105B2000000FC9400053FB4000CB164100ED2F4150
:105B3000000F49410031624100537B41003A8A41E4
:105B400000CB9641005CA34100EDAF41007EBC411B
:105B5000000FC94100A0D5410031E24100C2EE4131
:105B60000053FB4100F20342003A0A420083104214
:105B700000CB164200141D42005C234200A52942BE
:105B800000ED2F4200363642007E3C4200C74242C2
:105B9000000F4942A2000000F9000000830000004D
:105BA0006E0000004E0000004400000015000000E0
:105BB00029000000FC000000270000005700000042
:105BC000D1000000F500000034000000DD000000FE
:105BD000C0000000DB000000620000009500000033
:105BE000990000003C00000043000000900000000D
:105BF00041000000FE0000005100000063000000B2
:105C0000AB000000DE000000BB000000C50000008B
:105C100061000000B7000000240000006E000000DA
:105C20003A000000420000004D000000D2000000D9
:105C3000E000000006000000490000002E00000007
:105C4000EA00000009000000D100000092000000FE
:105C50001C000000FE0000001D000000EB00000022
:105C60001C000000B100000029000000A700000097
:105C70003E000000E8000000820000003500000047
:105C8000F50000002E000000BB00000044000000F2
:105C900084000000E90000009C000000700000008B
:105CA00026000000B40000005F0000007E0000003D
:105CB000410000003900000091000000D600000003
:105CC000390000008300000053000000390000008C
:105CD000F40000009C000000840000005F00000051
:105CE0008B000000BD000000F9000000280000004B
:105CF0003B0000001F000000F800000097000000BB
:105D0000FF000000DE000000050000009800000019
:105D10000F000000EF0000002F0000001100000045
:105D20008B0000005A0000000A0000006D00000017
:105D30001F0000006D000000360000007E00000023
:105D4000CF00000027000000CB0000000900000089
:105D5000B70000004F000000460000003F000000B8
:105D6000660000009E0000005F000000EA000000E6
:105D70002D0000007500000027000000BA000000A0
:105D8000C7000000EB000000E5000000F10000008B
:105D90007B0000003D00000007000000390000000B
:105DA000F70000008A00000052000000920000008E
:105DB000EA0000006B000000FB0000005F00000034
:105DC000B10000001F0000008D0000005D00000019
:105DD0000800000056000000030000003000000032
:105DE00046000000FC0000007B0000006B0000008B
:105DF000AB000000F0000000CF000000BC0000007D
:105E0000200000009A000000F400000036000000AE
:105E10001D000000A9000000E30000009100000048
:105E2000610000005E000000E60000001B000000B2
:105E300008000000650000009900000085000000D7
:105E40005F00000014000000A000000068000000D7
:105E5000400000008D000000FF000000D80000009E
:105E6000800000004D0000007300000027000000CB
:105E700031000000060000000600000015000000D0
:105E800056000000CA00000073000000A8000000D7
:105E9000C900000060000000E20000007B0000007C
:105EA000C00000008C0000006B0000000000C93F33
:105EB0000000F0390000DA370000A2330000842E21
:105EC0000000502B0000C2270000D0220000C41F99
:105ED0000000C61B0000441704000000070000007B
:045EE00009000000B5
:085EE40094A3FE7F0100000001
:045EEC005D0200084B
:045EF000390200086B
:105EF400010000001000000000093D0040040400FF
:105F0400E0EE00080000000000000000845D0000D6
:105F1400010400002800002001000000845D00004E
:105F24000100000001000000400404000000000023
:105F34000000000000000000EC0300000104000069
:105F44005400002001000000EC03000001000000E8
:105F5400010000000001C0A112B24079000000005D
:105F6400000000000000000000000000000000002D
:105F7400DECAFAA1000001001401002000000100A3
:105F8400E800002002000000B000002040010020D2
:105F940000000000000000000000000000000000FD
:105FA40001000000E4000020D800002001000000EF
:105FB400D4000020C8000020241800203418002039
:105FC4001C180020F806002058180020681800202B
:105FD4005018002080060020400404000000000047
:105FE4000000000000000000EC03000001040000B9
:105FF4000401002001000000EC0300000100000087
:106004000100000040040400000000000000000043
:1060140000000000845D0000010400003001002045
:1060240001000000845D0000010000000100000088
:106034000401000000000000000000000000000057
:10604400A0010020C9BE0008684C0108010000003E
:106054009C010020000000000100000098010020C5
:106064000000000002000000900100200000000079
:10607400010000008C01002000000000E00F00205F
:10608400A40F0020581000201C10002080060020BF
:1060940004010100000000000000000000000000F6
:1060A40000020020C9BE0008704C01080100000075
:1060B400FC0100200000000001000000F8010020A5
:1060C4000000000002000000F001002000000000B9
:1060D40001000000EC01002000000000100D002071
:1060E400D40C0020880D00204C0D00201C10002032
:1060F4000401020000000000000000000000000095
:1061040060020020C9BE0008784C010801000000AC
:106114005C02002000000000010000005802002082
:1061240000000000020000005002002000000000F7
:10613400010000004C02002000000000200C0020A0
:10614400E40B0020980C00205C0C00204C0D002077
:106154001401030000000000000000000000000023
:10616400C002002069C10008804C0108C1CC0008AD
:10617400D5CC000802000000B80200200000000096
:1061840001000000B4020020000000000000000034
:10619400881800200000000000000000841800207F
:1061A40000000000D01000205C0C00201C10002017
:1061B40004010400000000000000000000000000D2
:1061C40020030020C9BE0008884C0108010000001B
:1061D4001C03002000000000010000001803002040
:1061E4000000000002000000100300200000000076
:1061F400010000000C03002000000000300B002010
:10620400F40A0020A80B00206C0B0020D010002002
:106214000401050000000000000000000000000070
:1062240080030020C9BE0008904C01080100000052
:106234007C0300200000000001000000780300201F
:1062440000000000020000007003002000000000B5
:10625400010000006C03002000000000400A002040
:10626400040A0020B80A00207C0A0020D010002074
:10627400040106000000000000000000000000000F
:10628400E0030020C9BE0008984C0108010000008A
:10629400DC0300200000000001000000D8030020FF
:1062A4000000000002000000D003002000000000F5
:1062B40001000000CC030020000000005009002071
:1062C40014090020C80900208C0900207C0A002041
:1062D400140107000000000000000000000000009E
:1062E4004004002069C10008A04C0108C1CC00088A
:1062F400D5CC000802000000380400200000000093
:106304000100000034040020000000000000000030
:106314009018002000000000000000008C180020ED
:1063240000000000941000208C0900206C0B002059
:10633400040108000000000000000000000000004C
:10634400A0040020C9BE0008A84C010801000000F8
:106354009C040020000000000100000098040020BC
:106364000000000002000000900400200000000073
:10637400010000008C0400200000000060080020E0
:1063840024080020D80800209C0800209410002035
:1063940004010900000000000000000000000000EB
:1063A40000050020C9BE0008B04C0108010000002F
:1063B400FC0400200000000001000000F80400209C
:1063C4000000000002000000F004002000000000B3
:1063D40001000000EC040020000000007007002011
:1063E40034070020E8070020AC07002094100020A8
:1063F40004010A000000000000000000000000008A
:1064040060050020C9BE0008B84C01080100000066
:106414005C05002000000000010000005805002079
:1064240000000000020000005005002000000000F1
:10643400010000004C05002000000000F00E0020C8
:10644400B40E0020680F00202C0F0020AC070020A1
:1064540014010B0000000000000000000000000018
:10646400C005002069C10008C04C0108C1CC000867
:10647400D5CC000802000000B80500200000000090
:1064840001000000B405002000000000000000002E
:10649400981800200000000000000000941800205C
:1064A400000000000C1100202C0F00209C0800208C
:1064B40004010C00000000000000000000000000C7
:1064C40020060020C9BE0008C84C010801000000D5
:1064D4001C06002000000000010000001806002037
:1064E4000000000002000000100600200000000070
:1064F400010000000C06002000000000000E002037
:10650400C40D0020780E00203C0E00200C11002049
:106514000C010D000000000000000000000000005D
:1065240020060020ADC00008D04C0108D84C01085A
:1065340001000000010000007C06002000000000B3
:1065440001000000780600200000000000000000A8
:106554009C180020000000000100000074060020C8
:1065640000000000BC060020F80600203C0E0020BD
:10657400F44C01082D00010101040000AC060020C8
:10658400020400009C0600201814002001000000F2
:1065940001000000120000001200000001000000D1
:1065A40012000000010000000100000000000000D3
:1065B4002C00000101040000E80600200204000091
:1065C400D806002048110020040000000400000048
:1065D400E0030000E003000001000000F8000000F8
:1065E40001000000010000000C4D01082B00010116
:1065F4000104000024070020020400001407002006
:106604003813002001000000010000000900000010
:106614000900000001000000090000000100000062
:1066240001000000244D01082A00010101040000BA
:1066340060070020020400005007002048120020D8
:106644000100000030000000000600000006000009
:1066540030000000200000000100000001000000E4
:106664000000000029000001010400009C07002034
:10667400020400008C0700207811002002000000B2
:1066840002000000A0010000A001000001000000C1
:10669400D00000000100000001000000D44D0108FA
:1066A4002800010101040000D807002002040000B2
:1066B400C80700207813002001000000010000003A
:1066C4002000000020000000010000002000000065
:1066D400010000000100000000000000270000018C
:1066E4000104000014080020020400000408002033
:1066F40038120020040000000400000080000000A4
:1067040080000000010000002000000001000000E3
:1067140001000000EC4D0108260001010104000005
:1067240050080020020400004008002068120020E5
:106734000100000030000000000600000006000018
:1067440030000000200000000100000001000000F3
:106754000000000025000001010400008C08002056
:10676400020400007C0800208811002002000000C0
:1067740002000000A0010000A001000001000000D0
:10678400D000000001000000010000009C4E010840
:106794002400010101040000C808002002040000D4
:1067A400B808002088130020010000000100000048
:1067B4002000000020000000010000002000000074
:1067C400010000000100000000000000230000019F
:1067D400010400000409002002040000F408002061
:1067E4005812002004000000040000008000000093
:1067F40080000000010000002000000001000000F3
:1068040001000000B44E010822000101010400004F
:1068140040090020020400003009002088120020F2
:106824000100000030000000000900000009000021
:1068340030000000300000000100000001000000F2
:106844000000000021000001010400007C09002078
:10685400020400006C0900209811002002000000CE
:10686400020000004002000040020000010000009D
:10687400200100000100000001000000B44F0108E5
:106884002000010101040000B809002002040000F6
:10689400A8090020A8130020010000000100000046
:1068A4003000000030000000010000003000000053
:1068B4000100000001000000000000001F000001B2
:1068C40001040000F409002002040000E40900208F
:1068D400781200200400000004000000C000000042
:1068E400C0000000010000003000000001000000B2
:1068F40001000000CC4F01081E000101010400004A
:10690400300A002002040000200A0020A8120020FF
:106914000100000040000000000C0000000C00001A
:1069240040000000300000000100000001000000F1
:10693400000000001D000001010400006C0A00209A
:10694400020400005C0A0020A811002002000000DC
:10695400020000006002000060020000010000006C
:10696400300100000100000001000000CC500108CB
:106974001C00010101040000A80A00200204000018
:10698400980A0020B8130020010000000100000054
:106994003000000030000000010000003000000062
:1069A4000100000001000000000000001B000001C5
:1069B40001040000E40A002002040000D40A0020BC
:1069C400981200200400000004000000C000000031
:1069D400C0000000010000003000000001000000C1
:1069E40001000000E45001081A0001010104000044
:1069F400200B002002040000100B0020C81200200D
:106A04000100000040000000000C0000000C000029
:106A14004000000030000000010000000100000000
:106A24000000000019000001010400005C0B0020BC
:106A3400020400004C0B0020B811002002000000EA
:106A4400020000006002000060020000010000007B
:106A5400300100000100000001000000E4510108C1
:106A64001800010101040000980B0020020400003A
:106A7400880B0020C8130020010000000100000062
:106A84003000000030000000010000003000000071
:106A940001000000010000000000000017000001D8
:106AA40001040000D40B002002040000C40B0020E9
:106AB400B81200200400000004000000C000000020
:106AC400C0000000010000003000000001000000D0
:106AD40001000000FC51010816000101010400003E
:106AE400100C002002040000000C0020E81200201A
:106AF4000100000040000000001000000010000031
:106B040040000000400000000100000001000000FF
:106B14000000000015000001010400004C0C0020DE
:106B2400020400003C0C0020C811002002000000F8
:106B34000200000000030000000300000100000048
:106B44008001000001000000010000004C53010816
:106B54001400010101040000880C0020020400005C
:106B6400780C0020E8130020010000000100000060
:106B74004000000040000000010000004000000050
:106B840001000000010000000000000013000001EB
:106B940001040000C40C002002040000B40C002016
:106BA400D8120020040000000400000000010000CE
:106BB400000100000100000040000000010000008E
:106BC40001000000645301081200010101040000E7
:106BD400000D002002040000F00C00200813002027
:106BE4000100000040000000001000000010000040
:106BF400400000004000000001000000010000000F
:106C04000000000011000001010400003C0D002000
:106C1400020400002C0D0020D81100200200000006
:106C24000200000000030000000300000100000057
:106C3400800100000100000001000000B4540108BC
:106C44001000010101040000780D0020020400007E
:106C5400680D0020F813002001000000010000006E
:106C6400400000004000000001000000400000005F
:106C74000100000001000000000000000F000001FE
:106C840001040000B40D002002040000A40D002043
:106C9400F8120020040000000400000000010000BD
:106CA400000100000100000040000000010000009D
:106CB40001000000CC5401080E0001010104000091
:106CC400F00D002002040000E00D00200812002056
:106CD400010000002000000020010000200100004D
:106CE4002000000009000000010000000100000075
:106CF400000000000D000001010400002C0E002023
:106D0400020400001C0E00205811002002000000A4
:106D1400020000009A0000009A0000000100000038
:106D24004D00000001000000010000000C550108A6
:106D34000C00010101040000680E002002040000A0
:106D4400580E00204813002001000000010000003C
:106D54000900000009000000010000000900000013
:106D64000100000001000000000000000B00000111
:106D740001040000A40E002002040000940E002070
:106D8400F8110020040000000400000024000000AA
:106D940024000000010000000900000001000000C0
:106DA40001000000245501080A000101010400004B
:106DB400E00E002002040000D00E00202812002063
:106DC4000100000020000000000400000004000096
:106DD400200000002000000001000000010000006D
:106DE4000000000009000001010400001C0F002045
:106DF400020400000C0F00206811002002000000B3
:106E04000200000080010000800100000100000079
:106E1400C00000000100000001000000D45501087A
:106E24000800010101040000580F002002040000C2
:106E3400480F00206813002001000000010000003A
:106E440020000000200000000100000020000000DD
:106E54000100000001000000000000000700000124
:106E640001040000940F002002040000840F00209D
:106E7400181200200400000004000000800000003C
:106E8400800000000100000020000000010000005C
:106E940001000000EC550108060001010104000096
:106EA400D00F002002040000C00F0020281300208F
:106EB40001000000120000008004000080040000B3
:106EC400120000004000000001000000010000006A
:106ED4000000000005000001010400000C10002067
:106EE40002040000FC0F0020E81100200200000052
:106EF40002000000A4020000A4020000010000003F
:106F04005201000001000000010000003C5701088C
:106F140004000101010400004810002002040000E4
:106F240038100020081400200100000001000000B7
:106F3400400000004000000001000000400000008C
:106F44000100000001000000000000000300000137
:106F540001040000841000200204000074100020CA
:106F640018130020040000000400000000010000C9
:106F740000010000010000004000000001000000CA
:106F8400010000005457010802000101010400003F
:106F9400C010002002040000B0100020981300204C
:106FA400010000000100000030000000300000007B
:106FB400010000003000000001000000010000009A
:106FC4006C5701080100010101040000FC100020BD
:106FD40002040000EC100020D8130020010000007F
:106FE400010000004000000040000000010000001B
:106FF4004000000001000000010000008457010867
:107004000000010101040000381100200204000006
:107014002811002058130020010000000100000086
:1070240020000000200000000100000020000000FB
:10703400010000000100000040108400F80000007E
:107044000000000000000000400884004D00000023
:10705400000000000000000040088400C0000000A0
:10706400000000000000000040088400D000000080
:10707400000000000000000040088400D000000070
:10708400000000000000000040088400200100000F
:1070940000000000000000004008840030010000EF
:1070A40000000000000000004008840030010000DF
:1070B400000000000000000040088400800100007F
:1070C400000000000000000040088400800100006F
:1070D400000000000000000040088400520100008D
:1070E40000000000000000004010840009000000BF
:1070F40000000000000000004004840020010000A3
:107104000000000000000000401084002000000087
:10711400000000000000000040048400000400009F
:107124000000000000000000401084002000000067
:10713400000000000000000040048400000600007D
:107144000000000000000000401084002000000047
:10715400000000000000000040048400000600005D
:107164000000000000000000401084003000000017
:10717400000000000000000040048400000900003A
:1071840000000000000000004010840030000000F7
:10719400000000000000000040048400000C000017
:1071A40000000000000000004010840030000000D7
:1071B400000000000000000040048400000C0000F7
:1071C40000000000000000004010840040000000A7
:1071D40000000000000000004004840000100000D3
:1071E4000000000000000000401084004000000087
:1071F40000000000000000004004840000100000B3
:107204000000000000000000401084004000000066
:10721400000000000000000040048400800400001E
:107224000000000000000000400484080900000081
:107234000000000000000000400484000900000079
:107244000000000000000000400484002000000052
:107254000000000000000000400484002000000042
:107264000000000000000000400484002000000032
:107274000000000000000000400484002000000022
:107284000000000000000000400484003000000002
:1072940000000000000000004004840030000000F2
:1072A40000000000000000004004840030000000E2
:1072B40000000000000000004004840030000000D2
:1072C40000000000000000004004840040000000B2
:1072D40000000000000000004004840040000000A2
:1072E4000000000000000000400484004000000092
:1072F4000000000000000000400484004000000082
:107304000000000000000000400484081200000097
:107314000000000000000000B4180020C018002085
:10732400D41800200000000003000000C41C00204A
:107334004414002000000000C41C00202C1D002068
:10734400941D002000000000000000000000000068
:107354000000000000000000000000000000000029
:107364000000000000000000000000000000000019
:107374000000000000000000000000000000000009
:1073840043000000000000000000000000000000B6
:1073940000000000000000000000000000000000E9
:1073A4004300000000000000000000000000000096
:1073B40000000000000000000000000000000000C9
:1073C4004300000000000000000000000000000076
:1073D40000000000000000000000000000000000A9
:1073E4004300000000000000000000000000000056
:1073F4000000000000000000000000000000000089
:107404004300000000000000000000000000000035
:107414000000000000000000000000000000000068
:107424004300000000000000000000000000000015
:107434000000000000000000000000000000000048
:1074440043000000000000000000000000000000F5
:107454000000000000000000000000000000000028
:10746400CDA600084DA6000800000000105A01082F
:10747400CF5801080C5901080C5901080C5901088E
:107484000C5901080C5901080C5901080C59010840
:107494000C5901080C590108FFFFFFFFFFFFFFFF14
:1074A400FFFFFFFFFFFF0000010041534349490074
:1074B40000000000000000000000000000000000C8
:1074C400000000000000000000004153434949004F
:1074D40000000000000000000000000000000000A8
:0C74E4000000000000000000000000009C
:040000050800791561
:00000001FF
