ARM GAS  /tmp/ccy7DkP9.s 			page 1


   1              		.cpu cortex-m33
   2              		.arch armv8-m.main
   3              		.fpu fpv5-sp-d16
   4              		.arch_extension dsp
   5              		.eabi_attribute 27, 1
   6              		.eabi_attribute 28, 1
   7              		.eabi_attribute 20, 1
   8              		.eabi_attribute 21, 1
   9              		.eabi_attribute 23, 3
  10              		.eabi_attribute 24, 1
  11              		.eabi_attribute 25, 1
  12              		.eabi_attribute 26, 1
  13              		.eabi_attribute 30, 1
  14              		.eabi_attribute 34, 1
  15              		.eabi_attribute 18, 4
  16              		.file	"lps22df_reg.c"
  17              		.text
  18              	.Ltext0:
  19              		.cfi_sections	.debug_frame
  20              		.file 1 "Drivers/Sensors/LPS22DF/lps22df_reg.c"
  21              		.section	.text.bytecpy,"ax",%progbits
  22              		.align	1
  23              		.syntax unified
  24              		.thumb
  25              		.thumb_func
  27              	bytecpy:
  28              	.LVL0:
  29              	.LFB2:
   1:Drivers/Sensors/LPS22DF/lps22df_reg.c **** /**
   2:Drivers/Sensors/LPS22DF/lps22df_reg.c ****   ******************************************************************************
   3:Drivers/Sensors/LPS22DF/lps22df_reg.c ****   * @file    lps22df_reg.c
   4:Drivers/Sensors/LPS22DF/lps22df_reg.c ****   * @author  Sensors Software Solution Team
   5:Drivers/Sensors/LPS22DF/lps22df_reg.c ****   * @brief   LPS22DF driver file
   6:Drivers/Sensors/LPS22DF/lps22df_reg.c ****   ******************************************************************************
   7:Drivers/Sensors/LPS22DF/lps22df_reg.c ****   * @attention
   8:Drivers/Sensors/LPS22DF/lps22df_reg.c ****   *
   9:Drivers/Sensors/LPS22DF/lps22df_reg.c ****   * Copyright (c) 2020 STMicroelectronics.
  10:Drivers/Sensors/LPS22DF/lps22df_reg.c ****   * All rights reserved.
  11:Drivers/Sensors/LPS22DF/lps22df_reg.c ****   *
  12:Drivers/Sensors/LPS22DF/lps22df_reg.c ****   * This software is licensed under terms that can be found in the LICENSE file
  13:Drivers/Sensors/LPS22DF/lps22df_reg.c ****   * in the root directory of this software component.
  14:Drivers/Sensors/LPS22DF/lps22df_reg.c ****   * If no LICENSE file comes with this software, it is provided AS-IS.
  15:Drivers/Sensors/LPS22DF/lps22df_reg.c ****   *
  16:Drivers/Sensors/LPS22DF/lps22df_reg.c ****   ******************************************************************************
  17:Drivers/Sensors/LPS22DF/lps22df_reg.c ****   */
  18:Drivers/Sensors/LPS22DF/lps22df_reg.c **** 
  19:Drivers/Sensors/LPS22DF/lps22df_reg.c **** #include "lps22df_reg.h"
  20:Drivers/Sensors/LPS22DF/lps22df_reg.c **** 
  21:Drivers/Sensors/LPS22DF/lps22df_reg.c **** /**
  22:Drivers/Sensors/LPS22DF/lps22df_reg.c ****   * @defgroup    LPS22DF
  23:Drivers/Sensors/LPS22DF/lps22df_reg.c ****   * @brief       This file provides a set of functions needed to drive the
  24:Drivers/Sensors/LPS22DF/lps22df_reg.c ****   *              lps22df nano pressure sensor.
  25:Drivers/Sensors/LPS22DF/lps22df_reg.c ****   * @{
  26:Drivers/Sensors/LPS22DF/lps22df_reg.c ****   *
  27:Drivers/Sensors/LPS22DF/lps22df_reg.c ****   */
  28:Drivers/Sensors/LPS22DF/lps22df_reg.c **** 
  29:Drivers/Sensors/LPS22DF/lps22df_reg.c **** /**
ARM GAS  /tmp/ccy7DkP9.s 			page 2


  30:Drivers/Sensors/LPS22DF/lps22df_reg.c ****   * @defgroup    Interfaces_Functions
  31:Drivers/Sensors/LPS22DF/lps22df_reg.c ****   * @brief       This section provide a set of functions used to read and
  32:Drivers/Sensors/LPS22DF/lps22df_reg.c ****   *              write a generic register of the device.
  33:Drivers/Sensors/LPS22DF/lps22df_reg.c ****   *              MANDATORY: return 0 -> no Error.
  34:Drivers/Sensors/LPS22DF/lps22df_reg.c ****   * @{
  35:Drivers/Sensors/LPS22DF/lps22df_reg.c ****   *
  36:Drivers/Sensors/LPS22DF/lps22df_reg.c ****   */
  37:Drivers/Sensors/LPS22DF/lps22df_reg.c **** 
  38:Drivers/Sensors/LPS22DF/lps22df_reg.c **** /**
  39:Drivers/Sensors/LPS22DF/lps22df_reg.c ****   * @brief  Read generic device register
  40:Drivers/Sensors/LPS22DF/lps22df_reg.c ****   *
  41:Drivers/Sensors/LPS22DF/lps22df_reg.c ****   * @param  ctx   read / write interface definitions(ptr)
  42:Drivers/Sensors/LPS22DF/lps22df_reg.c ****   * @param  reg   register to read
  43:Drivers/Sensors/LPS22DF/lps22df_reg.c ****   * @param  data  pointer to buffer that store the data read(ptr)
  44:Drivers/Sensors/LPS22DF/lps22df_reg.c ****   * @param  len   number of consecutive register to read
  45:Drivers/Sensors/LPS22DF/lps22df_reg.c ****   * @retval       interface status (MANDATORY: return 0 -> no Error)
  46:Drivers/Sensors/LPS22DF/lps22df_reg.c ****   *
  47:Drivers/Sensors/LPS22DF/lps22df_reg.c ****   */
  48:Drivers/Sensors/LPS22DF/lps22df_reg.c **** int32_t __weak lps22df_read_reg(const stmdev_ctx_t *ctx, uint8_t reg, uint8_t *data,
  49:Drivers/Sensors/LPS22DF/lps22df_reg.c ****                                 uint16_t len)
  50:Drivers/Sensors/LPS22DF/lps22df_reg.c **** {
  51:Drivers/Sensors/LPS22DF/lps22df_reg.c ****   int32_t ret = 0;
  52:Drivers/Sensors/LPS22DF/lps22df_reg.c **** 
  53:Drivers/Sensors/LPS22DF/lps22df_reg.c ****   if (ctx == NULL)
  54:Drivers/Sensors/LPS22DF/lps22df_reg.c ****   {
  55:Drivers/Sensors/LPS22DF/lps22df_reg.c ****     return -1;
  56:Drivers/Sensors/LPS22DF/lps22df_reg.c ****   }
  57:Drivers/Sensors/LPS22DF/lps22df_reg.c **** 
  58:Drivers/Sensors/LPS22DF/lps22df_reg.c ****   ret = ctx->read_reg(ctx->handle, reg, data, len);
  59:Drivers/Sensors/LPS22DF/lps22df_reg.c **** 
  60:Drivers/Sensors/LPS22DF/lps22df_reg.c ****   return ret;
  61:Drivers/Sensors/LPS22DF/lps22df_reg.c **** }
  62:Drivers/Sensors/LPS22DF/lps22df_reg.c **** 
  63:Drivers/Sensors/LPS22DF/lps22df_reg.c **** /**
  64:Drivers/Sensors/LPS22DF/lps22df_reg.c ****   * @brief  Write generic device register
  65:Drivers/Sensors/LPS22DF/lps22df_reg.c ****   *
  66:Drivers/Sensors/LPS22DF/lps22df_reg.c ****   * @param  ctx   read / write interface definitions(ptr)
  67:Drivers/Sensors/LPS22DF/lps22df_reg.c ****   * @param  reg   register to write
  68:Drivers/Sensors/LPS22DF/lps22df_reg.c ****   * @param  data  pointer to data to write in register reg(ptr)
  69:Drivers/Sensors/LPS22DF/lps22df_reg.c ****   * @param  len   number of consecutive register to write
  70:Drivers/Sensors/LPS22DF/lps22df_reg.c ****   * @retval       interface status (MANDATORY: return 0 -> no Error)
  71:Drivers/Sensors/LPS22DF/lps22df_reg.c ****   *
  72:Drivers/Sensors/LPS22DF/lps22df_reg.c ****   */
  73:Drivers/Sensors/LPS22DF/lps22df_reg.c **** int32_t __weak lps22df_write_reg(const stmdev_ctx_t *ctx, uint8_t reg, uint8_t *data,
  74:Drivers/Sensors/LPS22DF/lps22df_reg.c ****                                  uint16_t len)
  75:Drivers/Sensors/LPS22DF/lps22df_reg.c **** {
  76:Drivers/Sensors/LPS22DF/lps22df_reg.c ****   int32_t ret = 0;
  77:Drivers/Sensors/LPS22DF/lps22df_reg.c **** 
  78:Drivers/Sensors/LPS22DF/lps22df_reg.c ****   if (ctx == NULL)
  79:Drivers/Sensors/LPS22DF/lps22df_reg.c ****   {
  80:Drivers/Sensors/LPS22DF/lps22df_reg.c ****     return -1;
  81:Drivers/Sensors/LPS22DF/lps22df_reg.c ****   }
  82:Drivers/Sensors/LPS22DF/lps22df_reg.c **** 
  83:Drivers/Sensors/LPS22DF/lps22df_reg.c ****   ret = ctx->write_reg(ctx->handle, reg, data, len);
  84:Drivers/Sensors/LPS22DF/lps22df_reg.c **** 
  85:Drivers/Sensors/LPS22DF/lps22df_reg.c ****   return ret;
  86:Drivers/Sensors/LPS22DF/lps22df_reg.c **** }
ARM GAS  /tmp/ccy7DkP9.s 			page 3


  87:Drivers/Sensors/LPS22DF/lps22df_reg.c **** 
  88:Drivers/Sensors/LPS22DF/lps22df_reg.c **** /**
  89:Drivers/Sensors/LPS22DF/lps22df_reg.c ****   * @}
  90:Drivers/Sensors/LPS22DF/lps22df_reg.c ****   *
  91:Drivers/Sensors/LPS22DF/lps22df_reg.c ****   */
  92:Drivers/Sensors/LPS22DF/lps22df_reg.c **** 
  93:Drivers/Sensors/LPS22DF/lps22df_reg.c **** /**
  94:Drivers/Sensors/LPS22DF/lps22df_reg.c ****   * @defgroup  Private_functions
  95:Drivers/Sensors/LPS22DF/lps22df_reg.c ****   * @brief     Section collect all the utility functions needed by APIs.
  96:Drivers/Sensors/LPS22DF/lps22df_reg.c ****   * @{
  97:Drivers/Sensors/LPS22DF/lps22df_reg.c ****   *
  98:Drivers/Sensors/LPS22DF/lps22df_reg.c ****   */
  99:Drivers/Sensors/LPS22DF/lps22df_reg.c **** 
 100:Drivers/Sensors/LPS22DF/lps22df_reg.c **** static void bytecpy(uint8_t *target, uint8_t *source)
 101:Drivers/Sensors/LPS22DF/lps22df_reg.c **** {
  30              		.loc 1 101 1 view -0
  31              		.cfi_startproc
  32              		@ args = 0, pretend = 0, frame = 0
  33              		@ frame_needed = 0, uses_anonymous_args = 0
  34              		@ link register save eliminated.
 102:Drivers/Sensors/LPS22DF/lps22df_reg.c ****   if ((target != NULL) && (source != NULL))
  35              		.loc 1 102 3 view .LVU1
  36              		.loc 1 102 6 is_stmt 0 view .LVU2
  37 0000 10B1     		cbz	r0, .L1
  38              		.loc 1 102 24 discriminator 1 view .LVU3
  39 0002 09B1     		cbz	r1, .L1
 103:Drivers/Sensors/LPS22DF/lps22df_reg.c ****   {
 104:Drivers/Sensors/LPS22DF/lps22df_reg.c ****     *target = *source;
  40              		.loc 1 104 5 is_stmt 1 view .LVU4
  41              		.loc 1 104 15 is_stmt 0 view .LVU5
  42 0004 0A78     		ldrb	r2, [r1]	@ zero_extendqisi2
  43              		.loc 1 104 13 view .LVU6
  44 0006 0270     		strb	r2, [r0]
  45              	.L1:
 105:Drivers/Sensors/LPS22DF/lps22df_reg.c ****   }
 106:Drivers/Sensors/LPS22DF/lps22df_reg.c **** }
  46              		.loc 1 106 1 view .LVU7
  47 0008 7047     		bx	lr
  48              		.cfi_endproc
  49              	.LFE2:
  51              		.section	.text.lps22df_read_reg,"ax",%progbits
  52              		.align	1
  53              		.weak	lps22df_read_reg
  54              		.syntax unified
  55              		.thumb
  56              		.thumb_func
  58              	lps22df_read_reg:
  59              	.LVL1:
  60              	.LFB0:
  50:Drivers/Sensors/LPS22DF/lps22df_reg.c ****   int32_t ret = 0;
  61              		.loc 1 50 1 is_stmt 1 view -0
  62              		.cfi_startproc
  63              		@ args = 0, pretend = 0, frame = 0
  64              		@ frame_needed = 0, uses_anonymous_args = 0
  51:Drivers/Sensors/LPS22DF/lps22df_reg.c **** 
  65              		.loc 1 51 3 view .LVU9
  53:Drivers/Sensors/LPS22DF/lps22df_reg.c ****   {
ARM GAS  /tmp/ccy7DkP9.s 			page 4


  66              		.loc 1 53 3 view .LVU10
  53:Drivers/Sensors/LPS22DF/lps22df_reg.c ****   {
  67              		.loc 1 53 6 is_stmt 0 view .LVU11
  68 0000 20B1     		cbz	r0, .L5
  50:Drivers/Sensors/LPS22DF/lps22df_reg.c ****   int32_t ret = 0;
  69              		.loc 1 50 1 view .LVU12
  70 0002 10B5     		push	{r4, lr}
  71              	.LCFI0:
  72              		.cfi_def_cfa_offset 8
  73              		.cfi_offset 4, -8
  74              		.cfi_offset 14, -4
  58:Drivers/Sensors/LPS22DF/lps22df_reg.c **** 
  75              		.loc 1 58 3 is_stmt 1 view .LVU13
  58:Drivers/Sensors/LPS22DF/lps22df_reg.c **** 
  76              		.loc 1 58 12 is_stmt 0 view .LVU14
  77 0004 4468     		ldr	r4, [r0, #4]
  58:Drivers/Sensors/LPS22DF/lps22df_reg.c **** 
  78              		.loc 1 58 9 view .LVU15
  79 0006 C068     		ldr	r0, [r0, #12]
  80              	.LVL2:
  58:Drivers/Sensors/LPS22DF/lps22df_reg.c **** 
  81              		.loc 1 58 9 view .LVU16
  82 0008 A047     		blx	r4
  83              	.LVL3:
  60:Drivers/Sensors/LPS22DF/lps22df_reg.c **** }
  84              		.loc 1 60 3 is_stmt 1 view .LVU17
  61:Drivers/Sensors/LPS22DF/lps22df_reg.c **** 
  85              		.loc 1 61 1 is_stmt 0 view .LVU18
  86 000a 10BD     		pop	{r4, pc}
  87              	.LVL4:
  88              	.L5:
  89              	.LCFI1:
  90              		.cfi_def_cfa_offset 0
  91              		.cfi_restore 4
  92              		.cfi_restore 14
  55:Drivers/Sensors/LPS22DF/lps22df_reg.c ****   }
  93              		.loc 1 55 12 view .LVU19
  94 000c 4FF0FF30 		mov	r0, #-1
  95              	.LVL5:
  61:Drivers/Sensors/LPS22DF/lps22df_reg.c **** 
  96              		.loc 1 61 1 view .LVU20
  97 0010 7047     		bx	lr
  98              		.cfi_endproc
  99              	.LFE0:
 101              		.section	.text.lps22df_write_reg,"ax",%progbits
 102              		.align	1
 103              		.weak	lps22df_write_reg
 104              		.syntax unified
 105              		.thumb
 106              		.thumb_func
 108              	lps22df_write_reg:
 109              	.LVL6:
 110              	.LFB1:
  75:Drivers/Sensors/LPS22DF/lps22df_reg.c ****   int32_t ret = 0;
 111              		.loc 1 75 1 is_stmt 1 view -0
 112              		.cfi_startproc
 113              		@ args = 0, pretend = 0, frame = 0
ARM GAS  /tmp/ccy7DkP9.s 			page 5


 114              		@ frame_needed = 0, uses_anonymous_args = 0
  76:Drivers/Sensors/LPS22DF/lps22df_reg.c **** 
 115              		.loc 1 76 3 view .LVU22
  78:Drivers/Sensors/LPS22DF/lps22df_reg.c ****   {
 116              		.loc 1 78 3 view .LVU23
  78:Drivers/Sensors/LPS22DF/lps22df_reg.c ****   {
 117              		.loc 1 78 6 is_stmt 0 view .LVU24
 118 0000 20B1     		cbz	r0, .L12
  75:Drivers/Sensors/LPS22DF/lps22df_reg.c ****   int32_t ret = 0;
 119              		.loc 1 75 1 view .LVU25
 120 0002 10B5     		push	{r4, lr}
 121              	.LCFI2:
 122              		.cfi_def_cfa_offset 8
 123              		.cfi_offset 4, -8
 124              		.cfi_offset 14, -4
  83:Drivers/Sensors/LPS22DF/lps22df_reg.c **** 
 125              		.loc 1 83 3 is_stmt 1 view .LVU26
  83:Drivers/Sensors/LPS22DF/lps22df_reg.c **** 
 126              		.loc 1 83 12 is_stmt 0 view .LVU27
 127 0004 0468     		ldr	r4, [r0]
  83:Drivers/Sensors/LPS22DF/lps22df_reg.c **** 
 128              		.loc 1 83 9 view .LVU28
 129 0006 C068     		ldr	r0, [r0, #12]
 130              	.LVL7:
  83:Drivers/Sensors/LPS22DF/lps22df_reg.c **** 
 131              		.loc 1 83 9 view .LVU29
 132 0008 A047     		blx	r4
 133              	.LVL8:
  85:Drivers/Sensors/LPS22DF/lps22df_reg.c **** }
 134              		.loc 1 85 3 is_stmt 1 view .LVU30
  86:Drivers/Sensors/LPS22DF/lps22df_reg.c **** 
 135              		.loc 1 86 1 is_stmt 0 view .LVU31
 136 000a 10BD     		pop	{r4, pc}
 137              	.LVL9:
 138              	.L12:
 139              	.LCFI3:
 140              		.cfi_def_cfa_offset 0
 141              		.cfi_restore 4
 142              		.cfi_restore 14
  80:Drivers/Sensors/LPS22DF/lps22df_reg.c ****   }
 143              		.loc 1 80 12 view .LVU32
 144 000c 4FF0FF30 		mov	r0, #-1
 145              	.LVL10:
  86:Drivers/Sensors/LPS22DF/lps22df_reg.c **** 
 146              		.loc 1 86 1 view .LVU33
 147 0010 7047     		bx	lr
 148              		.cfi_endproc
 149              	.LFE1:
 151              		.section	.text.lps22df_from_lsb_to_hPa,"ax",%progbits
 152              		.align	1
 153              		.global	lps22df_from_lsb_to_hPa
 154              		.syntax unified
 155              		.thumb
 156              		.thumb_func
 158              	lps22df_from_lsb_to_hPa:
 159              	.LVL11:
 160              	.LFB3:
ARM GAS  /tmp/ccy7DkP9.s 			page 6


 107:Drivers/Sensors/LPS22DF/lps22df_reg.c **** 
 108:Drivers/Sensors/LPS22DF/lps22df_reg.c **** /**
 109:Drivers/Sensors/LPS22DF/lps22df_reg.c ****   * @}
 110:Drivers/Sensors/LPS22DF/lps22df_reg.c ****   *
 111:Drivers/Sensors/LPS22DF/lps22df_reg.c ****   */
 112:Drivers/Sensors/LPS22DF/lps22df_reg.c **** 
 113:Drivers/Sensors/LPS22DF/lps22df_reg.c **** /**
 114:Drivers/Sensors/LPS22DF/lps22df_reg.c ****   * @defgroup    Sensitivity
 115:Drivers/Sensors/LPS22DF/lps22df_reg.c ****   * @brief       These functions convert raw-data into engineering units.
 116:Drivers/Sensors/LPS22DF/lps22df_reg.c ****   * @{
 117:Drivers/Sensors/LPS22DF/lps22df_reg.c ****   *
 118:Drivers/Sensors/LPS22DF/lps22df_reg.c ****   */
 119:Drivers/Sensors/LPS22DF/lps22df_reg.c **** 
 120:Drivers/Sensors/LPS22DF/lps22df_reg.c **** float_t lps22df_from_lsb_to_hPa(int32_t lsb)
 121:Drivers/Sensors/LPS22DF/lps22df_reg.c **** {
 161              		.loc 1 121 1 is_stmt 1 view -0
 162              		.cfi_startproc
 163              		@ args = 0, pretend = 0, frame = 0
 164              		@ frame_needed = 0, uses_anonymous_args = 0
 165              		@ link register save eliminated.
 166              		.loc 1 121 1 is_stmt 0 view .LVU35
 167 0000 07EE900A 		vmov	s15, r0	@ int
 122:Drivers/Sensors/LPS22DF/lps22df_reg.c ****   return ((float_t)lsb / 1048576.0f);   /* 4096.0f * 256 */
 168              		.loc 1 122 3 is_stmt 1 view .LVU36
 169              		.loc 1 122 11 is_stmt 0 view .LVU37
 170 0004 F8EEE77A 		vcvt.f32.s32	s15, s15
 123:Drivers/Sensors/LPS22DF/lps22df_reg.c **** }
 171              		.loc 1 123 1 view .LVU38
 172 0008 9FED020A 		vldr.32	s0, .L18
 173 000c 27EE800A 		vmul.f32	s0, s15, s0
 174 0010 7047     		bx	lr
 175              	.L19:
 176 0012 00BF     		.align	2
 177              	.L18:
 178 0014 00008035 		.word	897581056
 179              		.cfi_endproc
 180              	.LFE3:
 182              		.section	.text.lps22df_from_lsb_to_celsius,"ax",%progbits
 183              		.align	1
 184              		.global	lps22df_from_lsb_to_celsius
 185              		.syntax unified
 186              		.thumb
 187              		.thumb_func
 189              	lps22df_from_lsb_to_celsius:
 190              	.LVL12:
 191              	.LFB4:
 124:Drivers/Sensors/LPS22DF/lps22df_reg.c **** 
 125:Drivers/Sensors/LPS22DF/lps22df_reg.c **** float_t lps22df_from_lsb_to_celsius(int16_t lsb)
 126:Drivers/Sensors/LPS22DF/lps22df_reg.c **** {
 192              		.loc 1 126 1 is_stmt 1 view -0
 193              		.cfi_startproc
 194              		@ args = 0, pretend = 0, frame = 0
 195              		@ frame_needed = 0, uses_anonymous_args = 0
 196              		@ link register save eliminated.
 197              		.loc 1 126 1 is_stmt 0 view .LVU40
 198 0000 07EE900A 		vmov	s15, r0	@ int
 127:Drivers/Sensors/LPS22DF/lps22df_reg.c ****   return ((float_t)lsb / 100.0f);
ARM GAS  /tmp/ccy7DkP9.s 			page 7


 199              		.loc 1 127 3 is_stmt 1 view .LVU41
 200              		.loc 1 127 11 is_stmt 0 view .LVU42
 201 0004 F8EEE77A 		vcvt.f32.s32	s15, s15
 128:Drivers/Sensors/LPS22DF/lps22df_reg.c **** }
 202              		.loc 1 128 1 view .LVU43
 203 0008 9FED020A 		vldr.32	s0, .L21
 204 000c 87EE800A 		vdiv.f32	s0, s15, s0
 205 0010 7047     		bx	lr
 206              	.L22:
 207 0012 00BF     		.align	2
 208              	.L21:
 209 0014 0000C842 		.word	1120403456
 210              		.cfi_endproc
 211              	.LFE4:
 213              		.section	.text.lps22df_id_get,"ax",%progbits
 214              		.align	1
 215              		.global	lps22df_id_get
 216              		.syntax unified
 217              		.thumb
 218              		.thumb_func
 220              	lps22df_id_get:
 221              	.LVL13:
 222              	.LFB5:
 129:Drivers/Sensors/LPS22DF/lps22df_reg.c **** 
 130:Drivers/Sensors/LPS22DF/lps22df_reg.c **** /**
 131:Drivers/Sensors/LPS22DF/lps22df_reg.c ****   * @}
 132:Drivers/Sensors/LPS22DF/lps22df_reg.c ****   *
 133:Drivers/Sensors/LPS22DF/lps22df_reg.c ****   */
 134:Drivers/Sensors/LPS22DF/lps22df_reg.c **** 
 135:Drivers/Sensors/LPS22DF/lps22df_reg.c **** /**
 136:Drivers/Sensors/LPS22DF/lps22df_reg.c ****   * @defgroup    Basic functions
 137:Drivers/Sensors/LPS22DF/lps22df_reg.c ****   * @brief       This section groups all the functions concerning device basic
 138:Drivers/Sensors/LPS22DF/lps22df_reg.c ****   *              configuration.
 139:Drivers/Sensors/LPS22DF/lps22df_reg.c ****   * @{
 140:Drivers/Sensors/LPS22DF/lps22df_reg.c ****   *
 141:Drivers/Sensors/LPS22DF/lps22df_reg.c ****   */
 142:Drivers/Sensors/LPS22DF/lps22df_reg.c **** 
 143:Drivers/Sensors/LPS22DF/lps22df_reg.c **** /**
 144:Drivers/Sensors/LPS22DF/lps22df_reg.c ****   * @brief  Device "Who am I".[get]
 145:Drivers/Sensors/LPS22DF/lps22df_reg.c ****   *
 146:Drivers/Sensors/LPS22DF/lps22df_reg.c ****   * @param  ctx   communication interface handler.(ptr)
 147:Drivers/Sensors/LPS22DF/lps22df_reg.c ****   * @param  val   ID values.(ptr)
 148:Drivers/Sensors/LPS22DF/lps22df_reg.c ****   * @retval       interface status (MANDATORY: return 0 -> no Error)
 149:Drivers/Sensors/LPS22DF/lps22df_reg.c ****   *
 150:Drivers/Sensors/LPS22DF/lps22df_reg.c ****   */
 151:Drivers/Sensors/LPS22DF/lps22df_reg.c **** int32_t lps22df_id_get(const stmdev_ctx_t *ctx, lps22df_id_t *val)
 152:Drivers/Sensors/LPS22DF/lps22df_reg.c **** {
 223              		.loc 1 152 1 is_stmt 1 view -0
 224              		.cfi_startproc
 225              		@ args = 0, pretend = 0, frame = 8
 226              		@ frame_needed = 0, uses_anonymous_args = 0
 227              		.loc 1 152 1 is_stmt 0 view .LVU45
 228 0000 10B5     		push	{r4, lr}
 229              	.LCFI4:
 230              		.cfi_def_cfa_offset 8
 231              		.cfi_offset 4, -8
 232              		.cfi_offset 14, -4
ARM GAS  /tmp/ccy7DkP9.s 			page 8


 233 0002 82B0     		sub	sp, sp, #8
 234              	.LCFI5:
 235              		.cfi_def_cfa_offset 16
 236 0004 0C46     		mov	r4, r1
 153:Drivers/Sensors/LPS22DF/lps22df_reg.c ****   uint8_t reg = {0};
 237              		.loc 1 153 3 is_stmt 1 view .LVU46
 238              		.loc 1 153 11 is_stmt 0 view .LVU47
 239 0006 0023     		movs	r3, #0
 240 0008 8DF80730 		strb	r3, [sp, #7]
 154:Drivers/Sensors/LPS22DF/lps22df_reg.c ****   int32_t ret = {0};
 241              		.loc 1 154 3 is_stmt 1 view .LVU48
 242              	.LVL14:
 155:Drivers/Sensors/LPS22DF/lps22df_reg.c **** 
 156:Drivers/Sensors/LPS22DF/lps22df_reg.c ****   ret = lps22df_read_reg(ctx, LPS22DF_WHO_AM_I, &reg, 1);
 243              		.loc 1 156 3 view .LVU49
 244              		.loc 1 156 9 is_stmt 0 view .LVU50
 245 000c 0123     		movs	r3, #1
 246 000e 0DF10702 		add	r2, sp, #7
 247 0012 0F21     		movs	r1, #15
 248              	.LVL15:
 249              		.loc 1 156 9 view .LVU51
 250 0014 FFF7FEFF 		bl	lps22df_read_reg
 251              	.LVL16:
 157:Drivers/Sensors/LPS22DF/lps22df_reg.c ****   val->whoami = reg;
 252              		.loc 1 157 3 is_stmt 1 view .LVU52
 253              		.loc 1 157 15 is_stmt 0 view .LVU53
 254 0018 9DF80730 		ldrb	r3, [sp, #7]	@ zero_extendqisi2
 255 001c 2370     		strb	r3, [r4]
 158:Drivers/Sensors/LPS22DF/lps22df_reg.c **** 
 159:Drivers/Sensors/LPS22DF/lps22df_reg.c ****   return ret;
 256              		.loc 1 159 3 is_stmt 1 view .LVU54
 160:Drivers/Sensors/LPS22DF/lps22df_reg.c **** }
 257              		.loc 1 160 1 is_stmt 0 view .LVU55
 258 001e 02B0     		add	sp, sp, #8
 259              	.LCFI6:
 260              		.cfi_def_cfa_offset 8
 261              		@ sp needed
 262 0020 10BD     		pop	{r4, pc}
 263              		.loc 1 160 1 view .LVU56
 264              		.cfi_endproc
 265              	.LFE5:
 267              		.section	.text.lps22df_bus_mode_set,"ax",%progbits
 268              		.align	1
 269              		.global	lps22df_bus_mode_set
 270              		.syntax unified
 271              		.thumb
 272              		.thumb_func
 274              	lps22df_bus_mode_set:
 275              	.LVL17:
 276              	.LFB6:
 161:Drivers/Sensors/LPS22DF/lps22df_reg.c **** 
 162:Drivers/Sensors/LPS22DF/lps22df_reg.c **** /**
 163:Drivers/Sensors/LPS22DF/lps22df_reg.c ****   * @brief  Configures the bus operating mode.[set]
 164:Drivers/Sensors/LPS22DF/lps22df_reg.c ****   *
 165:Drivers/Sensors/LPS22DF/lps22df_reg.c ****   * @param  ctx   communication interface handler.(ptr)
 166:Drivers/Sensors/LPS22DF/lps22df_reg.c ****   * @param  val   configures the bus operating mode.(ptr)
 167:Drivers/Sensors/LPS22DF/lps22df_reg.c ****   * @retval       interface status (MANDATORY: return 0 -> no Error)
ARM GAS  /tmp/ccy7DkP9.s 			page 9


 168:Drivers/Sensors/LPS22DF/lps22df_reg.c ****   *
 169:Drivers/Sensors/LPS22DF/lps22df_reg.c ****   */
 170:Drivers/Sensors/LPS22DF/lps22df_reg.c **** int32_t lps22df_bus_mode_set(const stmdev_ctx_t *ctx, lps22df_bus_mode_t *val)
 171:Drivers/Sensors/LPS22DF/lps22df_reg.c **** {
 277              		.loc 1 171 1 is_stmt 1 view -0
 278              		.cfi_startproc
 279              		@ args = 0, pretend = 0, frame = 8
 280              		@ frame_needed = 0, uses_anonymous_args = 0
 281              		.loc 1 171 1 is_stmt 0 view .LVU58
 282 0000 30B5     		push	{r4, r5, lr}
 283              	.LCFI7:
 284              		.cfi_def_cfa_offset 12
 285              		.cfi_offset 4, -12
 286              		.cfi_offset 5, -8
 287              		.cfi_offset 14, -4
 288 0002 83B0     		sub	sp, sp, #12
 289              	.LCFI8:
 290              		.cfi_def_cfa_offset 24
 291 0004 0546     		mov	r5, r0
 292 0006 0C46     		mov	r4, r1
 172:Drivers/Sensors/LPS22DF/lps22df_reg.c ****   lps22df_i3c_if_ctrl_t i3c_if_ctrl = {0};
 293              		.loc 1 172 3 is_stmt 1 view .LVU59
 294              		.loc 1 172 25 is_stmt 0 view .LVU60
 295 0008 0023     		movs	r3, #0
 296 000a 8DF80430 		strb	r3, [sp, #4]
 173:Drivers/Sensors/LPS22DF/lps22df_reg.c ****   lps22df_if_ctrl_t if_ctrl = {0};
 297              		.loc 1 173 3 is_stmt 1 view .LVU61
 298              		.loc 1 173 21 is_stmt 0 view .LVU62
 299 000e 8DF80030 		strb	r3, [sp]
 174:Drivers/Sensors/LPS22DF/lps22df_reg.c ****   int32_t ret = {0};
 300              		.loc 1 174 3 is_stmt 1 view .LVU63
 301              	.LVL18:
 175:Drivers/Sensors/LPS22DF/lps22df_reg.c **** 
 176:Drivers/Sensors/LPS22DF/lps22df_reg.c ****   ret = lps22df_read_reg(ctx, LPS22DF_IF_CTRL, (uint8_t *)&if_ctrl, 1);
 302              		.loc 1 176 3 view .LVU64
 303              		.loc 1 176 9 is_stmt 0 view .LVU65
 304 0012 0123     		movs	r3, #1
 305 0014 6A46     		mov	r2, sp
 306 0016 0E21     		movs	r1, #14
 307              	.LVL19:
 308              		.loc 1 176 9 view .LVU66
 309 0018 FFF7FEFF 		bl	lps22df_read_reg
 310              	.LVL20:
 177:Drivers/Sensors/LPS22DF/lps22df_reg.c ****   if (ret == 0)
 311              		.loc 1 177 3 is_stmt 1 view .LVU67
 312              		.loc 1 177 6 is_stmt 0 view .LVU68
 313 001c 0346     		mov	r3, r0
 314 001e 18B1     		cbz	r0, .L29
 315              	.L26:
 178:Drivers/Sensors/LPS22DF/lps22df_reg.c ****   {
 179:Drivers/Sensors/LPS22DF/lps22df_reg.c ****     if_ctrl.i2c_i3c_dis = ((uint8_t)val->interface & 0x02U) >> 1;
 180:Drivers/Sensors/LPS22DF/lps22df_reg.c ****     if_ctrl.int_en_i3c = ((uint8_t)val->interface & 0x04U) >> 2;
 181:Drivers/Sensors/LPS22DF/lps22df_reg.c ****     if_ctrl.sim = ((uint8_t)val->interface & 0x01U);
 182:Drivers/Sensors/LPS22DF/lps22df_reg.c ****     ret = lps22df_write_reg(ctx, LPS22DF_IF_CTRL, (uint8_t *)&if_ctrl, 1);
 183:Drivers/Sensors/LPS22DF/lps22df_reg.c ****   }
 184:Drivers/Sensors/LPS22DF/lps22df_reg.c ****   if (ret == 0)
 185:Drivers/Sensors/LPS22DF/lps22df_reg.c ****   {
ARM GAS  /tmp/ccy7DkP9.s 			page 10


 186:Drivers/Sensors/LPS22DF/lps22df_reg.c ****     ret = lps22df_read_reg(ctx, LPS22DF_I3C_IF_CTRL,
 187:Drivers/Sensors/LPS22DF/lps22df_reg.c ****                            (uint8_t *)&i3c_if_ctrl, 1);
 188:Drivers/Sensors/LPS22DF/lps22df_reg.c ****   }
 189:Drivers/Sensors/LPS22DF/lps22df_reg.c ****   if (ret == 0)
 316              		.loc 1 189 3 is_stmt 1 view .LVU69
 317              		.loc 1 189 6 is_stmt 0 view .LVU70
 318 0020 43B3     		cbz	r3, .L30
 319              	.L25:
 190:Drivers/Sensors/LPS22DF/lps22df_reg.c ****   {
 191:Drivers/Sensors/LPS22DF/lps22df_reg.c ****     i3c_if_ctrl.asf_on = (uint8_t)val->filter & 0x01U;
 192:Drivers/Sensors/LPS22DF/lps22df_reg.c ****     i3c_if_ctrl.i3c_bus_avb_sel = (uint8_t)val->i3c_ibi_time & 0x03U;
 193:Drivers/Sensors/LPS22DF/lps22df_reg.c ****     ret = lps22df_write_reg(ctx, LPS22DF_I3C_IF_CTRL,
 194:Drivers/Sensors/LPS22DF/lps22df_reg.c ****                             (uint8_t *)&i3c_if_ctrl, 1);
 195:Drivers/Sensors/LPS22DF/lps22df_reg.c ****   }
 196:Drivers/Sensors/LPS22DF/lps22df_reg.c ****   return ret;
 197:Drivers/Sensors/LPS22DF/lps22df_reg.c **** }
 320              		.loc 1 197 1 view .LVU71
 321 0022 1846     		mov	r0, r3
 322              	.LVL21:
 323              		.loc 1 197 1 view .LVU72
 324 0024 03B0     		add	sp, sp, #12
 325              	.LCFI9:
 326              		.cfi_remember_state
 327              		.cfi_def_cfa_offset 12
 328              		@ sp needed
 329 0026 30BD     		pop	{r4, r5, pc}
 330              	.LVL22:
 331              	.L29:
 332              	.LCFI10:
 333              		.cfi_restore_state
 179:Drivers/Sensors/LPS22DF/lps22df_reg.c ****     if_ctrl.int_en_i3c = ((uint8_t)val->interface & 0x04U) >> 2;
 334              		.loc 1 179 5 is_stmt 1 view .LVU73
 179:Drivers/Sensors/LPS22DF/lps22df_reg.c ****     if_ctrl.int_en_i3c = ((uint8_t)val->interface & 0x04U) >> 2;
 335              		.loc 1 179 40 is_stmt 0 view .LVU74
 336 0028 2378     		ldrb	r3, [r4]	@ zero_extendqisi2
 179:Drivers/Sensors/LPS22DF/lps22df_reg.c ****     if_ctrl.int_en_i3c = ((uint8_t)val->interface & 0x04U) >> 2;
 337              		.loc 1 179 61 view .LVU75
 338 002a C3F34001 		ubfx	r1, r3, #1, #1
 179:Drivers/Sensors/LPS22DF/lps22df_reg.c ****     if_ctrl.int_en_i3c = ((uint8_t)val->interface & 0x04U) >> 2;
 339              		.loc 1 179 25 view .LVU76
 340 002e 9DF80020 		ldrb	r2, [sp]	@ zero_extendqisi2
 341 0032 61F38612 		bfi	r2, r1, #6, #1
 342 0036 8DF80020 		strb	r2, [sp]
 180:Drivers/Sensors/LPS22DF/lps22df_reg.c ****     if_ctrl.sim = ((uint8_t)val->interface & 0x01U);
 343              		.loc 1 180 5 is_stmt 1 view .LVU77
 180:Drivers/Sensors/LPS22DF/lps22df_reg.c ****     if_ctrl.sim = ((uint8_t)val->interface & 0x01U);
 344              		.loc 1 180 60 is_stmt 0 view .LVU78
 345 003a C3F38001 		ubfx	r1, r3, #2, #1
 180:Drivers/Sensors/LPS22DF/lps22df_reg.c ****     if_ctrl.sim = ((uint8_t)val->interface & 0x01U);
 346              		.loc 1 180 24 view .LVU79
 347 003e D2B2     		uxtb	r2, r2
 348 0040 61F3C712 		bfi	r2, r1, #7, #1
 349 0044 8DF80020 		strb	r2, [sp]
 181:Drivers/Sensors/LPS22DF/lps22df_reg.c ****     ret = lps22df_write_reg(ctx, LPS22DF_IF_CTRL, (uint8_t *)&if_ctrl, 1);
 350              		.loc 1 181 5 is_stmt 1 view .LVU80
 181:Drivers/Sensors/LPS22DF/lps22df_reg.c ****     ret = lps22df_write_reg(ctx, LPS22DF_IF_CTRL, (uint8_t *)&if_ctrl, 1);
 351              		.loc 1 181 17 is_stmt 0 view .LVU81
ARM GAS  /tmp/ccy7DkP9.s 			page 11


 352 0048 D2B2     		uxtb	r2, r2
 353 004a 63F34512 		bfi	r2, r3, #5, #1
 354 004e 8DF80020 		strb	r2, [sp]
 182:Drivers/Sensors/LPS22DF/lps22df_reg.c ****   }
 355              		.loc 1 182 5 is_stmt 1 view .LVU82
 182:Drivers/Sensors/LPS22DF/lps22df_reg.c ****   }
 356              		.loc 1 182 11 is_stmt 0 view .LVU83
 357 0052 0123     		movs	r3, #1
 358 0054 6A46     		mov	r2, sp
 359 0056 0E21     		movs	r1, #14
 360 0058 2846     		mov	r0, r5
 361              	.LVL23:
 182:Drivers/Sensors/LPS22DF/lps22df_reg.c ****   }
 362              		.loc 1 182 11 view .LVU84
 363 005a FFF7FEFF 		bl	lps22df_write_reg
 364              	.LVL24:
 184:Drivers/Sensors/LPS22DF/lps22df_reg.c ****   {
 365              		.loc 1 184 3 is_stmt 1 view .LVU85
 184:Drivers/Sensors/LPS22DF/lps22df_reg.c ****   {
 366              		.loc 1 184 6 is_stmt 0 view .LVU86
 367 005e 0346     		mov	r3, r0
 368 0060 0028     		cmp	r0, #0
 369 0062 DED1     		bne	.L25
 186:Drivers/Sensors/LPS22DF/lps22df_reg.c ****                            (uint8_t *)&i3c_if_ctrl, 1);
 370              		.loc 1 186 5 is_stmt 1 view .LVU87
 186:Drivers/Sensors/LPS22DF/lps22df_reg.c ****                            (uint8_t *)&i3c_if_ctrl, 1);
 371              		.loc 1 186 11 is_stmt 0 view .LVU88
 372 0064 0123     		movs	r3, #1
 373 0066 01AA     		add	r2, sp, #4
 374 0068 1921     		movs	r1, #25
 375 006a 2846     		mov	r0, r5
 376              	.LVL25:
 186:Drivers/Sensors/LPS22DF/lps22df_reg.c ****                            (uint8_t *)&i3c_if_ctrl, 1);
 377              		.loc 1 186 11 view .LVU89
 378 006c FFF7FEFF 		bl	lps22df_read_reg
 379              	.LVL26:
 380 0070 0346     		mov	r3, r0
 381              	.LVL27:
 186:Drivers/Sensors/LPS22DF/lps22df_reg.c ****                            (uint8_t *)&i3c_if_ctrl, 1);
 382              		.loc 1 186 11 view .LVU90
 383 0072 D5E7     		b	.L26
 384              	.L30:
 191:Drivers/Sensors/LPS22DF/lps22df_reg.c ****     i3c_if_ctrl.i3c_bus_avb_sel = (uint8_t)val->i3c_ibi_time & 0x03U;
 385              		.loc 1 191 5 is_stmt 1 view .LVU91
 191:Drivers/Sensors/LPS22DF/lps22df_reg.c ****     i3c_if_ctrl.i3c_bus_avb_sel = (uint8_t)val->i3c_ibi_time & 0x03U;
 386              		.loc 1 191 38 is_stmt 0 view .LVU92
 387 0074 6278     		ldrb	r2, [r4, #1]	@ zero_extendqisi2
 191:Drivers/Sensors/LPS22DF/lps22df_reg.c ****     i3c_if_ctrl.i3c_bus_avb_sel = (uint8_t)val->i3c_ibi_time & 0x03U;
 388              		.loc 1 191 24 view .LVU93
 389 0076 9DF80430 		ldrb	r3, [sp, #4]	@ zero_extendqisi2
 390 007a 62F34513 		bfi	r3, r2, #5, #1
 391 007e 8DF80430 		strb	r3, [sp, #4]
 192:Drivers/Sensors/LPS22DF/lps22df_reg.c ****     ret = lps22df_write_reg(ctx, LPS22DF_I3C_IF_CTRL,
 392              		.loc 1 192 5 is_stmt 1 view .LVU94
 192:Drivers/Sensors/LPS22DF/lps22df_reg.c ****     ret = lps22df_write_reg(ctx, LPS22DF_I3C_IF_CTRL,
 393              		.loc 1 192 47 is_stmt 0 view .LVU95
 394 0082 A278     		ldrb	r2, [r4, #2]	@ zero_extendqisi2
ARM GAS  /tmp/ccy7DkP9.s 			page 12


 192:Drivers/Sensors/LPS22DF/lps22df_reg.c ****     ret = lps22df_write_reg(ctx, LPS22DF_I3C_IF_CTRL,
 395              		.loc 1 192 33 view .LVU96
 396 0084 DBB2     		uxtb	r3, r3
 397 0086 62F30103 		bfi	r3, r2, #0, #2
 398 008a 8DF80430 		strb	r3, [sp, #4]
 193:Drivers/Sensors/LPS22DF/lps22df_reg.c ****                             (uint8_t *)&i3c_if_ctrl, 1);
 399              		.loc 1 193 5 is_stmt 1 view .LVU97
 193:Drivers/Sensors/LPS22DF/lps22df_reg.c ****                             (uint8_t *)&i3c_if_ctrl, 1);
 400              		.loc 1 193 11 is_stmt 0 view .LVU98
 401 008e 0123     		movs	r3, #1
 402 0090 01AA     		add	r2, sp, #4
 403 0092 1921     		movs	r1, #25
 404 0094 2846     		mov	r0, r5
 405              	.LVL28:
 193:Drivers/Sensors/LPS22DF/lps22df_reg.c ****                             (uint8_t *)&i3c_if_ctrl, 1);
 406              		.loc 1 193 11 view .LVU99
 407 0096 FFF7FEFF 		bl	lps22df_write_reg
 408              	.LVL29:
 409 009a 0346     		mov	r3, r0
 410              	.LVL30:
 196:Drivers/Sensors/LPS22DF/lps22df_reg.c **** }
 411              		.loc 1 196 3 is_stmt 1 view .LVU100
 196:Drivers/Sensors/LPS22DF/lps22df_reg.c **** }
 412              		.loc 1 196 10 is_stmt 0 view .LVU101
 413 009c C1E7     		b	.L25
 414              		.cfi_endproc
 415              	.LFE6:
 417              		.section	.text.lps22df_bus_mode_get,"ax",%progbits
 418              		.align	1
 419              		.global	lps22df_bus_mode_get
 420              		.syntax unified
 421              		.thumb
 422              		.thumb_func
 424              	lps22df_bus_mode_get:
 425              	.LVL31:
 426              	.LFB7:
 198:Drivers/Sensors/LPS22DF/lps22df_reg.c **** 
 199:Drivers/Sensors/LPS22DF/lps22df_reg.c **** /**
 200:Drivers/Sensors/LPS22DF/lps22df_reg.c ****   * @brief  Configures the bus operating mode.[set]
 201:Drivers/Sensors/LPS22DF/lps22df_reg.c ****   *
 202:Drivers/Sensors/LPS22DF/lps22df_reg.c ****   * @param  ctx   communication interface handler.(ptr)
 203:Drivers/Sensors/LPS22DF/lps22df_reg.c ****   * @param  val   configures the bus operating mode.(ptr)
 204:Drivers/Sensors/LPS22DF/lps22df_reg.c ****   * @retval       interface status (MANDATORY: return 0 -> no Error)
 205:Drivers/Sensors/LPS22DF/lps22df_reg.c ****   *
 206:Drivers/Sensors/LPS22DF/lps22df_reg.c ****   */
 207:Drivers/Sensors/LPS22DF/lps22df_reg.c **** int32_t lps22df_bus_mode_get(const stmdev_ctx_t *ctx, lps22df_bus_mode_t *val)
 208:Drivers/Sensors/LPS22DF/lps22df_reg.c **** {
 427              		.loc 1 208 1 is_stmt 1 view -0
 428              		.cfi_startproc
 429              		@ args = 0, pretend = 0, frame = 8
 430              		@ frame_needed = 0, uses_anonymous_args = 0
 431              		.loc 1 208 1 is_stmt 0 view .LVU103
 432 0000 30B5     		push	{r4, r5, lr}
 433              	.LCFI11:
 434              		.cfi_def_cfa_offset 12
 435              		.cfi_offset 4, -12
 436              		.cfi_offset 5, -8
ARM GAS  /tmp/ccy7DkP9.s 			page 13


 437              		.cfi_offset 14, -4
 438 0002 83B0     		sub	sp, sp, #12
 439              	.LCFI12:
 440              		.cfi_def_cfa_offset 24
 441 0004 0446     		mov	r4, r0
 442 0006 0D46     		mov	r5, r1
 209:Drivers/Sensors/LPS22DF/lps22df_reg.c ****   lps22df_i3c_if_ctrl_t i3c_if_ctrl = {0};
 443              		.loc 1 209 3 is_stmt 1 view .LVU104
 444              		.loc 1 209 25 is_stmt 0 view .LVU105
 445 0008 0023     		movs	r3, #0
 446 000a 8DF80430 		strb	r3, [sp, #4]
 210:Drivers/Sensors/LPS22DF/lps22df_reg.c ****   lps22df_if_ctrl_t if_ctrl = {0};
 447              		.loc 1 210 3 is_stmt 1 view .LVU106
 448              		.loc 1 210 21 is_stmt 0 view .LVU107
 449 000e 8DF80030 		strb	r3, [sp]
 211:Drivers/Sensors/LPS22DF/lps22df_reg.c ****   int32_t ret = {0};
 450              		.loc 1 211 3 is_stmt 1 view .LVU108
 451              	.LVL32:
 212:Drivers/Sensors/LPS22DF/lps22df_reg.c **** 
 213:Drivers/Sensors/LPS22DF/lps22df_reg.c ****   ret = lps22df_read_reg(ctx, LPS22DF_IF_CTRL, (uint8_t *)&if_ctrl, 1);
 452              		.loc 1 213 3 view .LVU109
 453              		.loc 1 213 9 is_stmt 0 view .LVU110
 454 0012 0123     		movs	r3, #1
 455 0014 6A46     		mov	r2, sp
 456 0016 0E21     		movs	r1, #14
 457              	.LVL33:
 458              		.loc 1 213 9 view .LVU111
 459 0018 FFF7FEFF 		bl	lps22df_read_reg
 460              	.LVL34:
 214:Drivers/Sensors/LPS22DF/lps22df_reg.c ****   if (ret == 0)
 461              		.loc 1 214 3 is_stmt 1 view .LVU112
 462              		.loc 1 214 6 is_stmt 0 view .LVU113
 463 001c 08B1     		cbz	r0, .L52
 464              	.LVL35:
 465              	.L31:
 215:Drivers/Sensors/LPS22DF/lps22df_reg.c ****   {
 216:Drivers/Sensors/LPS22DF/lps22df_reg.c ****     ret = lps22df_read_reg(ctx, LPS22DF_I3C_IF_CTRL,
 217:Drivers/Sensors/LPS22DF/lps22df_reg.c ****                            (uint8_t *)&i3c_if_ctrl, 1);
 218:Drivers/Sensors/LPS22DF/lps22df_reg.c ****     if (ret != 0)
 219:Drivers/Sensors/LPS22DF/lps22df_reg.c ****     {
 220:Drivers/Sensors/LPS22DF/lps22df_reg.c ****       return ret;
 221:Drivers/Sensors/LPS22DF/lps22df_reg.c ****     }
 222:Drivers/Sensors/LPS22DF/lps22df_reg.c **** 
 223:Drivers/Sensors/LPS22DF/lps22df_reg.c ****     switch ((if_ctrl.int_en_i3c << 2) | (if_ctrl.i2c_i3c_dis << 1) |
 224:Drivers/Sensors/LPS22DF/lps22df_reg.c ****             if_ctrl.sim)
 225:Drivers/Sensors/LPS22DF/lps22df_reg.c ****     {
 226:Drivers/Sensors/LPS22DF/lps22df_reg.c ****       case 0x00:
 227:Drivers/Sensors/LPS22DF/lps22df_reg.c ****         val->interface = LPS22DF_SEL_BY_HW;
 228:Drivers/Sensors/LPS22DF/lps22df_reg.c ****         break;
 229:Drivers/Sensors/LPS22DF/lps22df_reg.c ****       case 0x03:
 230:Drivers/Sensors/LPS22DF/lps22df_reg.c ****         val->interface = LPS22DF_SPI_3W;
 231:Drivers/Sensors/LPS22DF/lps22df_reg.c ****         break;
 232:Drivers/Sensors/LPS22DF/lps22df_reg.c ****       case 0x02:
 233:Drivers/Sensors/LPS22DF/lps22df_reg.c ****         val->interface = LPS22DF_SPI_4W;
 234:Drivers/Sensors/LPS22DF/lps22df_reg.c ****         break;
 235:Drivers/Sensors/LPS22DF/lps22df_reg.c ****       case 0x04:
 236:Drivers/Sensors/LPS22DF/lps22df_reg.c ****         val->interface = LPS22DF_INT_PIN_ON_I3C;
ARM GAS  /tmp/ccy7DkP9.s 			page 14


 237:Drivers/Sensors/LPS22DF/lps22df_reg.c ****         break;
 238:Drivers/Sensors/LPS22DF/lps22df_reg.c ****       default:
 239:Drivers/Sensors/LPS22DF/lps22df_reg.c ****         val->interface = LPS22DF_SEL_BY_HW;
 240:Drivers/Sensors/LPS22DF/lps22df_reg.c ****         break;
 241:Drivers/Sensors/LPS22DF/lps22df_reg.c ****     }
 242:Drivers/Sensors/LPS22DF/lps22df_reg.c **** 
 243:Drivers/Sensors/LPS22DF/lps22df_reg.c ****     switch (i3c_if_ctrl.asf_on)
 244:Drivers/Sensors/LPS22DF/lps22df_reg.c ****     {
 245:Drivers/Sensors/LPS22DF/lps22df_reg.c ****       case 0x00:
 246:Drivers/Sensors/LPS22DF/lps22df_reg.c ****         val->filter = LPS22DF_FILTER_AUTO;
 247:Drivers/Sensors/LPS22DF/lps22df_reg.c ****         break;
 248:Drivers/Sensors/LPS22DF/lps22df_reg.c ****       case 0x01:
 249:Drivers/Sensors/LPS22DF/lps22df_reg.c ****         val->filter = LPS22DF_FILTER_ALWAYS_ON;
 250:Drivers/Sensors/LPS22DF/lps22df_reg.c ****         break;
 251:Drivers/Sensors/LPS22DF/lps22df_reg.c ****       default:
 252:Drivers/Sensors/LPS22DF/lps22df_reg.c ****         val->filter = LPS22DF_FILTER_AUTO;
 253:Drivers/Sensors/LPS22DF/lps22df_reg.c ****         break;
 254:Drivers/Sensors/LPS22DF/lps22df_reg.c ****     }
 255:Drivers/Sensors/LPS22DF/lps22df_reg.c **** 
 256:Drivers/Sensors/LPS22DF/lps22df_reg.c ****     switch (i3c_if_ctrl.i3c_bus_avb_sel)
 257:Drivers/Sensors/LPS22DF/lps22df_reg.c ****     {
 258:Drivers/Sensors/LPS22DF/lps22df_reg.c ****       case 0x00:
 259:Drivers/Sensors/LPS22DF/lps22df_reg.c ****         val->i3c_ibi_time = LPS22DF_IBI_50us;
 260:Drivers/Sensors/LPS22DF/lps22df_reg.c ****         break;
 261:Drivers/Sensors/LPS22DF/lps22df_reg.c ****       case 0x01:
 262:Drivers/Sensors/LPS22DF/lps22df_reg.c ****         val->i3c_ibi_time = LPS22DF_IBI_2us;
 263:Drivers/Sensors/LPS22DF/lps22df_reg.c ****         break;
 264:Drivers/Sensors/LPS22DF/lps22df_reg.c ****       case 0x02:
 265:Drivers/Sensors/LPS22DF/lps22df_reg.c ****         val->i3c_ibi_time = LPS22DF_IBI_1ms;
 266:Drivers/Sensors/LPS22DF/lps22df_reg.c ****         break;
 267:Drivers/Sensors/LPS22DF/lps22df_reg.c ****       case 0x03:
 268:Drivers/Sensors/LPS22DF/lps22df_reg.c ****         val->i3c_ibi_time = LPS22DF_IBI_25ms;
 269:Drivers/Sensors/LPS22DF/lps22df_reg.c ****         break;
 270:Drivers/Sensors/LPS22DF/lps22df_reg.c ****       default:
 271:Drivers/Sensors/LPS22DF/lps22df_reg.c ****         val->i3c_ibi_time = LPS22DF_IBI_50us;
 272:Drivers/Sensors/LPS22DF/lps22df_reg.c ****         break;
 273:Drivers/Sensors/LPS22DF/lps22df_reg.c ****     }
 274:Drivers/Sensors/LPS22DF/lps22df_reg.c ****   }
 275:Drivers/Sensors/LPS22DF/lps22df_reg.c ****   return ret;
 276:Drivers/Sensors/LPS22DF/lps22df_reg.c **** }
 466              		.loc 1 276 1 view .LVU114
 467 001e 03B0     		add	sp, sp, #12
 468              	.LCFI13:
 469              		.cfi_remember_state
 470              		.cfi_def_cfa_offset 12
 471              		@ sp needed
 472 0020 30BD     		pop	{r4, r5, pc}
 473              	.LVL36:
 474              	.L52:
 475              	.LCFI14:
 476              		.cfi_restore_state
 216:Drivers/Sensors/LPS22DF/lps22df_reg.c ****                            (uint8_t *)&i3c_if_ctrl, 1);
 477              		.loc 1 216 5 is_stmt 1 view .LVU115
 216:Drivers/Sensors/LPS22DF/lps22df_reg.c ****                            (uint8_t *)&i3c_if_ctrl, 1);
 478              		.loc 1 216 11 is_stmt 0 view .LVU116
 479 0022 0123     		movs	r3, #1
 480              	.LVL37:
ARM GAS  /tmp/ccy7DkP9.s 			page 15


 216:Drivers/Sensors/LPS22DF/lps22df_reg.c ****                            (uint8_t *)&i3c_if_ctrl, 1);
 481              		.loc 1 216 11 view .LVU117
 482 0024 01AA     		add	r2, sp, #4
 483 0026 1921     		movs	r1, #25
 484 0028 2046     		mov	r0, r4
 485 002a FFF7FEFF 		bl	lps22df_read_reg
 486              	.LVL38:
 218:Drivers/Sensors/LPS22DF/lps22df_reg.c ****     {
 487              		.loc 1 218 5 is_stmt 1 view .LVU118
 218:Drivers/Sensors/LPS22DF/lps22df_reg.c ****     {
 488              		.loc 1 218 8 is_stmt 0 view .LVU119
 489 002e 0028     		cmp	r0, #0
 490 0030 F5D1     		bne	.L31
 223:Drivers/Sensors/LPS22DF/lps22df_reg.c ****             if_ctrl.sim)
 491              		.loc 1 223 5 is_stmt 1 view .LVU120
 223:Drivers/Sensors/LPS22DF/lps22df_reg.c ****             if_ctrl.sim)
 492              		.loc 1 223 21 is_stmt 0 view .LVU121
 493 0032 9DF80020 		ldrb	r2, [sp]	@ zero_extendqisi2
 494 0036 D109     		lsrs	r1, r2, #7
 223:Drivers/Sensors/LPS22DF/lps22df_reg.c ****             if_ctrl.sim)
 495              		.loc 1 223 49 view .LVU122
 496 0038 C2F38013 		ubfx	r3, r2, #6, #1
 223:Drivers/Sensors/LPS22DF/lps22df_reg.c ****             if_ctrl.sim)
 497              		.loc 1 223 62 view .LVU123
 498 003c 5B00     		lsls	r3, r3, #1
 223:Drivers/Sensors/LPS22DF/lps22df_reg.c ****             if_ctrl.sim)
 499              		.loc 1 223 39 view .LVU124
 500 003e 43EA8103 		orr	r3, r3, r1, lsl #2
 224:Drivers/Sensors/LPS22DF/lps22df_reg.c ****     {
 501              		.loc 1 224 20 view .LVU125
 502 0042 C2F34012 		ubfx	r2, r2, #5, #1
 223:Drivers/Sensors/LPS22DF/lps22df_reg.c ****             if_ctrl.sim)
 503              		.loc 1 223 68 view .LVU126
 504 0046 1343     		orrs	r3, r3, r2
 223:Drivers/Sensors/LPS22DF/lps22df_reg.c ****             if_ctrl.sim)
 505              		.loc 1 223 5 view .LVU127
 506 0048 042B     		cmp	r3, #4
 507 004a 1AD8     		bhi	.L33
 508 004c DFE803F0 		tbb	[pc, r3]
 509              	.L35:
 510 0050 03       		.byte	(.L38-.L35)/2
 511 0051 19       		.byte	(.L33-.L35)/2
 512 0052 13       		.byte	(.L37-.L35)/2
 513 0053 10       		.byte	(.L36-.L35)/2
 514 0054 16       		.byte	(.L34-.L35)/2
 515 0055 00       		.p2align 1
 516              	.L38:
 227:Drivers/Sensors/LPS22DF/lps22df_reg.c ****         break;
 517              		.loc 1 227 9 is_stmt 1 view .LVU128
 227:Drivers/Sensors/LPS22DF/lps22df_reg.c ****         break;
 518              		.loc 1 227 24 is_stmt 0 view .LVU129
 519 0056 0023     		movs	r3, #0
 520 0058 2B70     		strb	r3, [r5]
 228:Drivers/Sensors/LPS22DF/lps22df_reg.c ****       case 0x03:
 521              		.loc 1 228 9 is_stmt 1 view .LVU130
 522              	.L39:
 243:Drivers/Sensors/LPS22DF/lps22df_reg.c ****     {
ARM GAS  /tmp/ccy7DkP9.s 			page 16


 523              		.loc 1 243 5 view .LVU131
 243:Drivers/Sensors/LPS22DF/lps22df_reg.c ****     {
 524              		.loc 1 243 24 is_stmt 0 view .LVU132
 525 005a 9DF80430 		ldrb	r3, [sp, #4]	@ zero_extendqisi2
 526 005e C3F34012 		ubfx	r2, r3, #5, #1
 243:Drivers/Sensors/LPS22DF/lps22df_reg.c ****     {
 527              		.loc 1 243 5 view .LVU133
 528 0062 13F0200F 		tst	r3, #32
 529 0066 0FD0     		beq	.L40
 530 0068 D2B9     		cbnz	r2, .L41
 252:Drivers/Sensors/LPS22DF/lps22df_reg.c ****         break;
 531              		.loc 1 252 9 is_stmt 1 view .LVU134
 252:Drivers/Sensors/LPS22DF/lps22df_reg.c ****         break;
 532              		.loc 1 252 21 is_stmt 0 view .LVU135
 533 006a 0023     		movs	r3, #0
 534 006c 6B70     		strb	r3, [r5, #1]
 253:Drivers/Sensors/LPS22DF/lps22df_reg.c ****     }
 535              		.loc 1 253 9 is_stmt 1 view .LVU136
 536 006e 0DE0     		b	.L43
 537              	.L36:
 230:Drivers/Sensors/LPS22DF/lps22df_reg.c ****         break;
 538              		.loc 1 230 9 view .LVU137
 230:Drivers/Sensors/LPS22DF/lps22df_reg.c ****         break;
 539              		.loc 1 230 24 is_stmt 0 view .LVU138
 540 0070 0323     		movs	r3, #3
 541 0072 2B70     		strb	r3, [r5]
 231:Drivers/Sensors/LPS22DF/lps22df_reg.c ****       case 0x02:
 542              		.loc 1 231 9 is_stmt 1 view .LVU139
 543 0074 F1E7     		b	.L39
 544              	.L37:
 233:Drivers/Sensors/LPS22DF/lps22df_reg.c ****         break;
 545              		.loc 1 233 9 view .LVU140
 233:Drivers/Sensors/LPS22DF/lps22df_reg.c ****         break;
 546              		.loc 1 233 24 is_stmt 0 view .LVU141
 547 0076 0223     		movs	r3, #2
 548 0078 2B70     		strb	r3, [r5]
 234:Drivers/Sensors/LPS22DF/lps22df_reg.c ****       case 0x04:
 549              		.loc 1 234 9 is_stmt 1 view .LVU142
 550 007a EEE7     		b	.L39
 551              	.L34:
 236:Drivers/Sensors/LPS22DF/lps22df_reg.c ****         break;
 552              		.loc 1 236 9 view .LVU143
 236:Drivers/Sensors/LPS22DF/lps22df_reg.c ****         break;
 553              		.loc 1 236 24 is_stmt 0 view .LVU144
 554 007c 0423     		movs	r3, #4
 555 007e 2B70     		strb	r3, [r5]
 237:Drivers/Sensors/LPS22DF/lps22df_reg.c ****       default:
 556              		.loc 1 237 9 is_stmt 1 view .LVU145
 557 0080 EBE7     		b	.L39
 558              	.L33:
 239:Drivers/Sensors/LPS22DF/lps22df_reg.c ****         break;
 559              		.loc 1 239 9 view .LVU146
 239:Drivers/Sensors/LPS22DF/lps22df_reg.c ****         break;
 560              		.loc 1 239 24 is_stmt 0 view .LVU147
 561 0082 0023     		movs	r3, #0
 562 0084 2B70     		strb	r3, [r5]
 240:Drivers/Sensors/LPS22DF/lps22df_reg.c ****     }
ARM GAS  /tmp/ccy7DkP9.s 			page 17


 563              		.loc 1 240 9 is_stmt 1 view .LVU148
 564 0086 E8E7     		b	.L39
 565              	.L40:
 246:Drivers/Sensors/LPS22DF/lps22df_reg.c ****         break;
 566              		.loc 1 246 9 view .LVU149
 246:Drivers/Sensors/LPS22DF/lps22df_reg.c ****         break;
 567              		.loc 1 246 21 is_stmt 0 view .LVU150
 568 0088 0023     		movs	r3, #0
 569 008a 6B70     		strb	r3, [r5, #1]
 247:Drivers/Sensors/LPS22DF/lps22df_reg.c ****       case 0x01:
 570              		.loc 1 247 9 is_stmt 1 view .LVU151
 571              	.L43:
 256:Drivers/Sensors/LPS22DF/lps22df_reg.c ****     {
 572              		.loc 1 256 5 view .LVU152
 256:Drivers/Sensors/LPS22DF/lps22df_reg.c ****     {
 573              		.loc 1 256 24 is_stmt 0 view .LVU153
 574 008c 9DF80430 		ldrb	r3, [sp, #4]	@ zero_extendqisi2
 575 0090 03F00303 		and	r3, r3, #3
 256:Drivers/Sensors/LPS22DF/lps22df_reg.c ****     {
 576              		.loc 1 256 5 view .LVU154
 577 0094 032B     		cmp	r3, #3
 578 0096 12D8     		bhi	.L44
 579 0098 DFE803F0 		tbb	[pc, r3]
 580              	.L46:
 581 009c 05       		.byte	(.L49-.L46)/2
 582 009d 08       		.byte	(.L48-.L46)/2
 583 009e 0B       		.byte	(.L47-.L46)/2
 584 009f 0E       		.byte	(.L45-.L46)/2
 585              		.p2align 1
 586              	.L41:
 249:Drivers/Sensors/LPS22DF/lps22df_reg.c ****         break;
 587              		.loc 1 249 9 is_stmt 1 view .LVU155
 249:Drivers/Sensors/LPS22DF/lps22df_reg.c ****         break;
 588              		.loc 1 249 21 is_stmt 0 view .LVU156
 589 00a0 0123     		movs	r3, #1
 590 00a2 6B70     		strb	r3, [r5, #1]
 250:Drivers/Sensors/LPS22DF/lps22df_reg.c ****       default:
 591              		.loc 1 250 9 is_stmt 1 view .LVU157
 592 00a4 F2E7     		b	.L43
 593              	.L49:
 259:Drivers/Sensors/LPS22DF/lps22df_reg.c ****         break;
 594              		.loc 1 259 9 view .LVU158
 259:Drivers/Sensors/LPS22DF/lps22df_reg.c ****         break;
 595              		.loc 1 259 27 is_stmt 0 view .LVU159
 596 00a6 0023     		movs	r3, #0
 597 00a8 AB70     		strb	r3, [r5, #2]
 260:Drivers/Sensors/LPS22DF/lps22df_reg.c ****       case 0x01:
 598              		.loc 1 260 9 is_stmt 1 view .LVU160
 599 00aa B8E7     		b	.L31
 600              	.L48:
 262:Drivers/Sensors/LPS22DF/lps22df_reg.c ****         break;
 601              		.loc 1 262 9 view .LVU161
 262:Drivers/Sensors/LPS22DF/lps22df_reg.c ****         break;
 602              		.loc 1 262 27 is_stmt 0 view .LVU162
 603 00ac 0123     		movs	r3, #1
 604 00ae AB70     		strb	r3, [r5, #2]
 263:Drivers/Sensors/LPS22DF/lps22df_reg.c ****       case 0x02:
ARM GAS  /tmp/ccy7DkP9.s 			page 18


 605              		.loc 1 263 9 is_stmt 1 view .LVU163
 606 00b0 B5E7     		b	.L31
 607              	.L47:
 265:Drivers/Sensors/LPS22DF/lps22df_reg.c ****         break;
 608              		.loc 1 265 9 view .LVU164
 265:Drivers/Sensors/LPS22DF/lps22df_reg.c ****         break;
 609              		.loc 1 265 27 is_stmt 0 view .LVU165
 610 00b2 0223     		movs	r3, #2
 611 00b4 AB70     		strb	r3, [r5, #2]
 266:Drivers/Sensors/LPS22DF/lps22df_reg.c ****       case 0x03:
 612              		.loc 1 266 9 is_stmt 1 view .LVU166
 613 00b6 B2E7     		b	.L31
 614              	.L45:
 268:Drivers/Sensors/LPS22DF/lps22df_reg.c ****         break;
 615              		.loc 1 268 9 view .LVU167
 268:Drivers/Sensors/LPS22DF/lps22df_reg.c ****         break;
 616              		.loc 1 268 27 is_stmt 0 view .LVU168
 617 00b8 0323     		movs	r3, #3
 618 00ba AB70     		strb	r3, [r5, #2]
 269:Drivers/Sensors/LPS22DF/lps22df_reg.c ****       default:
 619              		.loc 1 269 9 is_stmt 1 view .LVU169
 620 00bc AFE7     		b	.L31
 621              	.L44:
 271:Drivers/Sensors/LPS22DF/lps22df_reg.c ****         break;
 622              		.loc 1 271 9 view .LVU170
 271:Drivers/Sensors/LPS22DF/lps22df_reg.c ****         break;
 623              		.loc 1 271 27 is_stmt 0 view .LVU171
 624 00be 0023     		movs	r3, #0
 625 00c0 AB70     		strb	r3, [r5, #2]
 272:Drivers/Sensors/LPS22DF/lps22df_reg.c ****     }
 626              		.loc 1 272 9 is_stmt 1 view .LVU172
 627              	.LVL39:
 272:Drivers/Sensors/LPS22DF/lps22df_reg.c ****     }
 628              		.loc 1 272 9 is_stmt 0 view .LVU173
 629 00c2 ACE7     		b	.L31
 630              		.cfi_endproc
 631              	.LFE7:
 633              		.section	.text.lps22df_status_get,"ax",%progbits
 634              		.align	1
 635              		.global	lps22df_status_get
 636              		.syntax unified
 637              		.thumb
 638              		.thumb_func
 640              	lps22df_status_get:
 641              	.LVL40:
 642              	.LFB9:
 277:Drivers/Sensors/LPS22DF/lps22df_reg.c **** 
 278:Drivers/Sensors/LPS22DF/lps22df_reg.c **** /**
 279:Drivers/Sensors/LPS22DF/lps22df_reg.c ****   * @brief  Configures the bus operating mode.[get]
 280:Drivers/Sensors/LPS22DF/lps22df_reg.c ****   *
 281:Drivers/Sensors/LPS22DF/lps22df_reg.c ****   * @param  ctx   communication interface handler.(ptr)
 282:Drivers/Sensors/LPS22DF/lps22df_reg.c ****   * @param  val   configures the bus operating mode.(ptr)
 283:Drivers/Sensors/LPS22DF/lps22df_reg.c ****   * @retval       interface status (MANDATORY: return 0 -> no Error)
 284:Drivers/Sensors/LPS22DF/lps22df_reg.c ****   *
 285:Drivers/Sensors/LPS22DF/lps22df_reg.c ****   */
 286:Drivers/Sensors/LPS22DF/lps22df_reg.c **** int32_t lps22df_init_set(const stmdev_ctx_t *ctx, lps22df_init_t val)
 287:Drivers/Sensors/LPS22DF/lps22df_reg.c **** {
ARM GAS  /tmp/ccy7DkP9.s 			page 19


 288:Drivers/Sensors/LPS22DF/lps22df_reg.c ****   lps22df_ctrl_reg2_t ctrl_reg2 = {0};
 289:Drivers/Sensors/LPS22DF/lps22df_reg.c ****   lps22df_ctrl_reg3_t ctrl_reg3 = {0};
 290:Drivers/Sensors/LPS22DF/lps22df_reg.c ****   lps22df_int_source_t int_src = {0};
 291:Drivers/Sensors/LPS22DF/lps22df_reg.c ****   lps22df_stat_t status = {0};
 292:Drivers/Sensors/LPS22DF/lps22df_reg.c ****   uint8_t reg[2] = {0}, cnt = 0;
 293:Drivers/Sensors/LPS22DF/lps22df_reg.c ****   int32_t ret = {0};
 294:Drivers/Sensors/LPS22DF/lps22df_reg.c **** 
 295:Drivers/Sensors/LPS22DF/lps22df_reg.c ****   ret = lps22df_read_reg(ctx, LPS22DF_CTRL_REG2, reg, 2);
 296:Drivers/Sensors/LPS22DF/lps22df_reg.c ****   if (ret == 0)
 297:Drivers/Sensors/LPS22DF/lps22df_reg.c ****   {
 298:Drivers/Sensors/LPS22DF/lps22df_reg.c ****     bytecpy((uint8_t *)&ctrl_reg2, &reg[0]);
 299:Drivers/Sensors/LPS22DF/lps22df_reg.c ****     bytecpy((uint8_t *)&ctrl_reg3, &reg[1]);
 300:Drivers/Sensors/LPS22DF/lps22df_reg.c **** 
 301:Drivers/Sensors/LPS22DF/lps22df_reg.c ****     switch (val)
 302:Drivers/Sensors/LPS22DF/lps22df_reg.c ****     {
 303:Drivers/Sensors/LPS22DF/lps22df_reg.c ****       case LPS22DF_BOOT:
 304:Drivers/Sensors/LPS22DF/lps22df_reg.c ****         ctrl_reg2.boot = PROPERTY_ENABLE;
 305:Drivers/Sensors/LPS22DF/lps22df_reg.c ****         ret = lps22df_write_reg(ctx, LPS22DF_CTRL_REG2,
 306:Drivers/Sensors/LPS22DF/lps22df_reg.c ****                                 (uint8_t *)&ctrl_reg2, 1);
 307:Drivers/Sensors/LPS22DF/lps22df_reg.c ****         if (ret != 0)
 308:Drivers/Sensors/LPS22DF/lps22df_reg.c ****         {
 309:Drivers/Sensors/LPS22DF/lps22df_reg.c ****           break;
 310:Drivers/Sensors/LPS22DF/lps22df_reg.c ****         }
 311:Drivers/Sensors/LPS22DF/lps22df_reg.c **** 
 312:Drivers/Sensors/LPS22DF/lps22df_reg.c ****         do
 313:Drivers/Sensors/LPS22DF/lps22df_reg.c ****         {
 314:Drivers/Sensors/LPS22DF/lps22df_reg.c ****           ret = lps22df_read_reg(ctx, LPS22DF_INT_SOURCE, (uint8_t *)&int_src, 1);
 315:Drivers/Sensors/LPS22DF/lps22df_reg.c ****           if (ret != 0)
 316:Drivers/Sensors/LPS22DF/lps22df_reg.c ****           {
 317:Drivers/Sensors/LPS22DF/lps22df_reg.c ****             break;
 318:Drivers/Sensors/LPS22DF/lps22df_reg.c ****           }
 319:Drivers/Sensors/LPS22DF/lps22df_reg.c **** 
 320:Drivers/Sensors/LPS22DF/lps22df_reg.c ****           /* boot procedure ended correctly */
 321:Drivers/Sensors/LPS22DF/lps22df_reg.c ****           if (int_src.boot_on == 0U)
 322:Drivers/Sensors/LPS22DF/lps22df_reg.c ****           {
 323:Drivers/Sensors/LPS22DF/lps22df_reg.c ****             break;
 324:Drivers/Sensors/LPS22DF/lps22df_reg.c ****           }
 325:Drivers/Sensors/LPS22DF/lps22df_reg.c **** 
 326:Drivers/Sensors/LPS22DF/lps22df_reg.c ****           if (ctx->mdelay != NULL)
 327:Drivers/Sensors/LPS22DF/lps22df_reg.c ****           {
 328:Drivers/Sensors/LPS22DF/lps22df_reg.c ****             ctx->mdelay(10); /* 10ms of boot time */
 329:Drivers/Sensors/LPS22DF/lps22df_reg.c ****           }
 330:Drivers/Sensors/LPS22DF/lps22df_reg.c ****         } while (cnt++ < 5U);
 331:Drivers/Sensors/LPS22DF/lps22df_reg.c **** 
 332:Drivers/Sensors/LPS22DF/lps22df_reg.c ****         if (cnt >= 5U)
 333:Drivers/Sensors/LPS22DF/lps22df_reg.c ****         {
 334:Drivers/Sensors/LPS22DF/lps22df_reg.c ****           ret = -1;  /* boot procedure failed */
 335:Drivers/Sensors/LPS22DF/lps22df_reg.c ****         }
 336:Drivers/Sensors/LPS22DF/lps22df_reg.c **** 
 337:Drivers/Sensors/LPS22DF/lps22df_reg.c ****         break;
 338:Drivers/Sensors/LPS22DF/lps22df_reg.c ****       case LPS22DF_RESET:
 339:Drivers/Sensors/LPS22DF/lps22df_reg.c ****         ctrl_reg2.swreset = PROPERTY_ENABLE;
 340:Drivers/Sensors/LPS22DF/lps22df_reg.c ****         ret = lps22df_write_reg(ctx, LPS22DF_CTRL_REG2,
 341:Drivers/Sensors/LPS22DF/lps22df_reg.c ****                                 (uint8_t *)&ctrl_reg2, 1);
 342:Drivers/Sensors/LPS22DF/lps22df_reg.c ****         if (ret != 0)
 343:Drivers/Sensors/LPS22DF/lps22df_reg.c ****         {
 344:Drivers/Sensors/LPS22DF/lps22df_reg.c ****           break;
ARM GAS  /tmp/ccy7DkP9.s 			page 20


 345:Drivers/Sensors/LPS22DF/lps22df_reg.c ****         }
 346:Drivers/Sensors/LPS22DF/lps22df_reg.c **** 
 347:Drivers/Sensors/LPS22DF/lps22df_reg.c ****         do
 348:Drivers/Sensors/LPS22DF/lps22df_reg.c ****         {
 349:Drivers/Sensors/LPS22DF/lps22df_reg.c ****           ret = lps22df_status_get(ctx, &status);
 350:Drivers/Sensors/LPS22DF/lps22df_reg.c ****           if (ret != 0)
 351:Drivers/Sensors/LPS22DF/lps22df_reg.c ****           {
 352:Drivers/Sensors/LPS22DF/lps22df_reg.c ****             break;
 353:Drivers/Sensors/LPS22DF/lps22df_reg.c ****           }
 354:Drivers/Sensors/LPS22DF/lps22df_reg.c **** 
 355:Drivers/Sensors/LPS22DF/lps22df_reg.c ****           /* sw-reset procedure ended correctly */
 356:Drivers/Sensors/LPS22DF/lps22df_reg.c ****           if (status.sw_reset == 0U)
 357:Drivers/Sensors/LPS22DF/lps22df_reg.c ****           {
 358:Drivers/Sensors/LPS22DF/lps22df_reg.c ****             break;
 359:Drivers/Sensors/LPS22DF/lps22df_reg.c ****           }
 360:Drivers/Sensors/LPS22DF/lps22df_reg.c **** 
 361:Drivers/Sensors/LPS22DF/lps22df_reg.c ****           if (ctx->mdelay != NULL)
 362:Drivers/Sensors/LPS22DF/lps22df_reg.c ****           {
 363:Drivers/Sensors/LPS22DF/lps22df_reg.c ****             ctx->mdelay(1); /* should be 50 us */
 364:Drivers/Sensors/LPS22DF/lps22df_reg.c ****           }
 365:Drivers/Sensors/LPS22DF/lps22df_reg.c ****         } while (cnt++ < 5U);
 366:Drivers/Sensors/LPS22DF/lps22df_reg.c **** 
 367:Drivers/Sensors/LPS22DF/lps22df_reg.c ****         if (cnt >= 5U)
 368:Drivers/Sensors/LPS22DF/lps22df_reg.c ****         {
 369:Drivers/Sensors/LPS22DF/lps22df_reg.c ****           ret = -1;  /* sw-reset procedure failed */
 370:Drivers/Sensors/LPS22DF/lps22df_reg.c ****         }
 371:Drivers/Sensors/LPS22DF/lps22df_reg.c **** 
 372:Drivers/Sensors/LPS22DF/lps22df_reg.c ****         break;
 373:Drivers/Sensors/LPS22DF/lps22df_reg.c ****       case LPS22DF_DRV_RDY:
 374:Drivers/Sensors/LPS22DF/lps22df_reg.c ****         ctrl_reg2.bdu = PROPERTY_ENABLE;
 375:Drivers/Sensors/LPS22DF/lps22df_reg.c ****         ctrl_reg3.if_add_inc = PROPERTY_ENABLE;
 376:Drivers/Sensors/LPS22DF/lps22df_reg.c ****         bytecpy(&reg[0], (uint8_t *)&ctrl_reg2);
 377:Drivers/Sensors/LPS22DF/lps22df_reg.c ****         bytecpy(&reg[1], (uint8_t *)&ctrl_reg3);
 378:Drivers/Sensors/LPS22DF/lps22df_reg.c ****         ret = lps22df_write_reg(ctx, LPS22DF_CTRL_REG2, reg, 2);
 379:Drivers/Sensors/LPS22DF/lps22df_reg.c ****         break;
 380:Drivers/Sensors/LPS22DF/lps22df_reg.c ****       default:
 381:Drivers/Sensors/LPS22DF/lps22df_reg.c ****         ctrl_reg2.swreset = PROPERTY_ENABLE;
 382:Drivers/Sensors/LPS22DF/lps22df_reg.c ****         ret = lps22df_write_reg(ctx, LPS22DF_CTRL_REG2,
 383:Drivers/Sensors/LPS22DF/lps22df_reg.c ****                                 (uint8_t *)&ctrl_reg2, 1);
 384:Drivers/Sensors/LPS22DF/lps22df_reg.c ****         break;
 385:Drivers/Sensors/LPS22DF/lps22df_reg.c ****     }
 386:Drivers/Sensors/LPS22DF/lps22df_reg.c ****   }
 387:Drivers/Sensors/LPS22DF/lps22df_reg.c **** 
 388:Drivers/Sensors/LPS22DF/lps22df_reg.c ****   return ret;
 389:Drivers/Sensors/LPS22DF/lps22df_reg.c **** }
 390:Drivers/Sensors/LPS22DF/lps22df_reg.c **** 
 391:Drivers/Sensors/LPS22DF/lps22df_reg.c **** /**
 392:Drivers/Sensors/LPS22DF/lps22df_reg.c ****   * @brief  Get the status of the device.[get]
 393:Drivers/Sensors/LPS22DF/lps22df_reg.c ****   *
 394:Drivers/Sensors/LPS22DF/lps22df_reg.c ****   * @param  ctx   communication interface handler.(ptr)
 395:Drivers/Sensors/LPS22DF/lps22df_reg.c ****   * @param  val   the status of the device.(ptr)
 396:Drivers/Sensors/LPS22DF/lps22df_reg.c ****   * @retval       interface status (MANDATORY: return 0 -> no Error)
 397:Drivers/Sensors/LPS22DF/lps22df_reg.c ****   *
 398:Drivers/Sensors/LPS22DF/lps22df_reg.c ****   */
 399:Drivers/Sensors/LPS22DF/lps22df_reg.c **** int32_t lps22df_status_get(const stmdev_ctx_t *ctx, lps22df_stat_t *val)
 400:Drivers/Sensors/LPS22DF/lps22df_reg.c **** {
 643              		.loc 1 400 1 is_stmt 1 view -0
ARM GAS  /tmp/ccy7DkP9.s 			page 21


 644              		.cfi_startproc
 645              		@ args = 0, pretend = 0, frame = 16
 646              		@ frame_needed = 0, uses_anonymous_args = 0
 647              		.loc 1 400 1 is_stmt 0 view .LVU175
 648 0000 30B5     		push	{r4, r5, lr}
 649              	.LCFI15:
 650              		.cfi_def_cfa_offset 12
 651              		.cfi_offset 4, -12
 652              		.cfi_offset 5, -8
 653              		.cfi_offset 14, -4
 654 0002 85B0     		sub	sp, sp, #20
 655              	.LCFI16:
 656              		.cfi_def_cfa_offset 32
 657 0004 0546     		mov	r5, r0
 658 0006 0C46     		mov	r4, r1
 401:Drivers/Sensors/LPS22DF/lps22df_reg.c ****   lps22df_interrupt_cfg_t interrupt_cfg = {0};
 659              		.loc 1 401 3 is_stmt 1 view .LVU176
 660              		.loc 1 401 27 is_stmt 0 view .LVU177
 661 0008 0023     		movs	r3, #0
 662 000a 8DF80C30 		strb	r3, [sp, #12]
 402:Drivers/Sensors/LPS22DF/lps22df_reg.c ****   lps22df_int_source_t int_source = {0};
 663              		.loc 1 402 3 is_stmt 1 view .LVU178
 664              		.loc 1 402 24 is_stmt 0 view .LVU179
 665 000e 8DF80830 		strb	r3, [sp, #8]
 403:Drivers/Sensors/LPS22DF/lps22df_reg.c ****   lps22df_ctrl_reg2_t ctrl_reg2 = {0};
 666              		.loc 1 403 3 is_stmt 1 view .LVU180
 667              		.loc 1 403 23 is_stmt 0 view .LVU181
 668 0012 8DF80430 		strb	r3, [sp, #4]
 404:Drivers/Sensors/LPS22DF/lps22df_reg.c ****   lps22df_status_t status = {0};
 669              		.loc 1 404 3 is_stmt 1 view .LVU182
 670              		.loc 1 404 20 is_stmt 0 view .LVU183
 671 0016 8DF80030 		strb	r3, [sp]
 405:Drivers/Sensors/LPS22DF/lps22df_reg.c ****   int32_t ret = {0};
 672              		.loc 1 405 3 is_stmt 1 view .LVU184
 673              	.LVL41:
 406:Drivers/Sensors/LPS22DF/lps22df_reg.c **** 
 407:Drivers/Sensors/LPS22DF/lps22df_reg.c ****   ret = lps22df_read_reg(ctx, LPS22DF_CTRL_REG2,
 674              		.loc 1 407 3 view .LVU185
 675              		.loc 1 407 9 is_stmt 0 view .LVU186
 676 001a 0123     		movs	r3, #1
 677 001c 01AA     		add	r2, sp, #4
 678 001e 1121     		movs	r1, #17
 679              	.LVL42:
 680              		.loc 1 407 9 view .LVU187
 681 0020 FFF7FEFF 		bl	lps22df_read_reg
 682              	.LVL43:
 408:Drivers/Sensors/LPS22DF/lps22df_reg.c ****                          (uint8_t *)&ctrl_reg2, 1);
 409:Drivers/Sensors/LPS22DF/lps22df_reg.c ****   if (ret == 0)
 683              		.loc 1 409 3 is_stmt 1 view .LVU188
 684              		.loc 1 409 6 is_stmt 0 view .LVU189
 685 0024 0346     		mov	r3, r0
 686 0026 18B1     		cbz	r0, .L59
 687              	.L54:
 410:Drivers/Sensors/LPS22DF/lps22df_reg.c ****   {
 411:Drivers/Sensors/LPS22DF/lps22df_reg.c ****     ret = lps22df_read_reg(ctx, LPS22DF_INT_SOURCE, (uint8_t *)&int_source, 1);
 412:Drivers/Sensors/LPS22DF/lps22df_reg.c ****   }
 413:Drivers/Sensors/LPS22DF/lps22df_reg.c ****   if (ret == 0)
ARM GAS  /tmp/ccy7DkP9.s 			page 22


 414:Drivers/Sensors/LPS22DF/lps22df_reg.c ****   {
 415:Drivers/Sensors/LPS22DF/lps22df_reg.c ****     ret = lps22df_read_reg(ctx, LPS22DF_STATUS, (uint8_t *)&status, 1);
 416:Drivers/Sensors/LPS22DF/lps22df_reg.c ****   }
 417:Drivers/Sensors/LPS22DF/lps22df_reg.c ****   if (ret == 0)
 688              		.loc 1 417 3 is_stmt 1 view .LVU190
 689              		.loc 1 417 6 is_stmt 0 view .LVU191
 690 0028 9BB1     		cbz	r3, .L60
 691              	.LVL44:
 692              	.L53:
 418:Drivers/Sensors/LPS22DF/lps22df_reg.c ****   {
 419:Drivers/Sensors/LPS22DF/lps22df_reg.c ****     ret = lps22df_read_reg(ctx, LPS22DF_INTERRUPT_CFG,
 420:Drivers/Sensors/LPS22DF/lps22df_reg.c ****                            (uint8_t *)&interrupt_cfg, 1);
 421:Drivers/Sensors/LPS22DF/lps22df_reg.c ****   }
 422:Drivers/Sensors/LPS22DF/lps22df_reg.c ****   if (ret != 0)
 423:Drivers/Sensors/LPS22DF/lps22df_reg.c ****   {
 424:Drivers/Sensors/LPS22DF/lps22df_reg.c ****     return ret;
 425:Drivers/Sensors/LPS22DF/lps22df_reg.c ****   }
 426:Drivers/Sensors/LPS22DF/lps22df_reg.c ****   val->sw_reset  = ctrl_reg2.swreset;
 427:Drivers/Sensors/LPS22DF/lps22df_reg.c ****   val->boot      = int_source.boot_on;
 428:Drivers/Sensors/LPS22DF/lps22df_reg.c ****   val->drdy_pres = status.p_da;
 429:Drivers/Sensors/LPS22DF/lps22df_reg.c ****   val->drdy_temp = status.t_da;
 430:Drivers/Sensors/LPS22DF/lps22df_reg.c ****   val->ovr_pres  = status.p_or;
 431:Drivers/Sensors/LPS22DF/lps22df_reg.c ****   val->ovr_temp  = status.t_or;
 432:Drivers/Sensors/LPS22DF/lps22df_reg.c ****   val->end_meas  = ~ctrl_reg2.oneshot;
 433:Drivers/Sensors/LPS22DF/lps22df_reg.c ****   val->ref_done = ~interrupt_cfg.autozero;
 434:Drivers/Sensors/LPS22DF/lps22df_reg.c **** 
 435:Drivers/Sensors/LPS22DF/lps22df_reg.c ****   return ret;
 436:Drivers/Sensors/LPS22DF/lps22df_reg.c **** }
 693              		.loc 1 436 1 view .LVU192
 694 002a 1846     		mov	r0, r3
 695 002c 05B0     		add	sp, sp, #20
 696              	.LCFI17:
 697              		.cfi_remember_state
 698              		.cfi_def_cfa_offset 12
 699              		@ sp needed
 700 002e 30BD     		pop	{r4, r5, pc}
 701              	.LVL45:
 702              	.L59:
 703              	.LCFI18:
 704              		.cfi_restore_state
 411:Drivers/Sensors/LPS22DF/lps22df_reg.c ****   }
 705              		.loc 1 411 5 is_stmt 1 view .LVU193
 411:Drivers/Sensors/LPS22DF/lps22df_reg.c ****   }
 706              		.loc 1 411 11 is_stmt 0 view .LVU194
 707 0030 0123     		movs	r3, #1
 708 0032 02AA     		add	r2, sp, #8
 709 0034 2421     		movs	r1, #36
 710 0036 2846     		mov	r0, r5
 711              	.LVL46:
 411:Drivers/Sensors/LPS22DF/lps22df_reg.c ****   }
 712              		.loc 1 411 11 view .LVU195
 713 0038 FFF7FEFF 		bl	lps22df_read_reg
 714              	.LVL47:
 413:Drivers/Sensors/LPS22DF/lps22df_reg.c ****   {
 715              		.loc 1 413 3 is_stmt 1 view .LVU196
 413:Drivers/Sensors/LPS22DF/lps22df_reg.c ****   {
 716              		.loc 1 413 6 is_stmt 0 view .LVU197
ARM GAS  /tmp/ccy7DkP9.s 			page 23


 717 003c 0346     		mov	r3, r0
 718 003e 0028     		cmp	r0, #0
 719 0040 F3D1     		bne	.L53
 415:Drivers/Sensors/LPS22DF/lps22df_reg.c ****   }
 720              		.loc 1 415 5 is_stmt 1 view .LVU198
 415:Drivers/Sensors/LPS22DF/lps22df_reg.c ****   }
 721              		.loc 1 415 11 is_stmt 0 view .LVU199
 722 0042 0123     		movs	r3, #1
 723 0044 6A46     		mov	r2, sp
 724 0046 2721     		movs	r1, #39
 725 0048 2846     		mov	r0, r5
 726              	.LVL48:
 415:Drivers/Sensors/LPS22DF/lps22df_reg.c ****   }
 727              		.loc 1 415 11 view .LVU200
 728 004a FFF7FEFF 		bl	lps22df_read_reg
 729              	.LVL49:
 730 004e 0346     		mov	r3, r0
 731              	.LVL50:
 415:Drivers/Sensors/LPS22DF/lps22df_reg.c ****   }
 732              		.loc 1 415 11 view .LVU201
 733 0050 EAE7     		b	.L54
 734              	.L60:
 419:Drivers/Sensors/LPS22DF/lps22df_reg.c ****                            (uint8_t *)&interrupt_cfg, 1);
 735              		.loc 1 419 5 is_stmt 1 view .LVU202
 419:Drivers/Sensors/LPS22DF/lps22df_reg.c ****                            (uint8_t *)&interrupt_cfg, 1);
 736              		.loc 1 419 11 is_stmt 0 view .LVU203
 737 0052 0123     		movs	r3, #1
 738 0054 03AA     		add	r2, sp, #12
 739 0056 0B21     		movs	r1, #11
 740 0058 2846     		mov	r0, r5
 741              	.LVL51:
 419:Drivers/Sensors/LPS22DF/lps22df_reg.c ****                            (uint8_t *)&interrupt_cfg, 1);
 742              		.loc 1 419 11 view .LVU204
 743 005a FFF7FEFF 		bl	lps22df_read_reg
 744              	.LVL52:
 422:Drivers/Sensors/LPS22DF/lps22df_reg.c ****   {
 745              		.loc 1 422 3 is_stmt 1 view .LVU205
 422:Drivers/Sensors/LPS22DF/lps22df_reg.c ****   {
 746              		.loc 1 422 6 is_stmt 0 view .LVU206
 747 005e 0346     		mov	r3, r0
 748 0060 0028     		cmp	r0, #0
 749 0062 E2D1     		bne	.L53
 426:Drivers/Sensors/LPS22DF/lps22df_reg.c ****   val->boot      = int_source.boot_on;
 750              		.loc 1 426 3 is_stmt 1 view .LVU207
 426:Drivers/Sensors/LPS22DF/lps22df_reg.c ****   val->boot      = int_source.boot_on;
 751              		.loc 1 426 29 is_stmt 0 view .LVU208
 752 0064 9DF80420 		ldrb	r2, [sp, #4]	@ zero_extendqisi2
 753 0068 C2F38000 		ubfx	r0, r2, #2, #1
 754              	.LVL53:
 426:Drivers/Sensors/LPS22DF/lps22df_reg.c ****   val->boot      = int_source.boot_on;
 755              		.loc 1 426 18 view .LVU209
 756 006c 2178     		ldrb	r1, [r4]	@ zero_extendqisi2
 757 006e 60F30001 		bfi	r1, r0, #0, #1
 758 0072 2170     		strb	r1, [r4]
 427:Drivers/Sensors/LPS22DF/lps22df_reg.c ****   val->drdy_pres = status.p_da;
 759              		.loc 1 427 3 is_stmt 1 view .LVU210
 427:Drivers/Sensors/LPS22DF/lps22df_reg.c ****   val->drdy_pres = status.p_da;
ARM GAS  /tmp/ccy7DkP9.s 			page 24


 760              		.loc 1 427 30 is_stmt 0 view .LVU211
 761 0074 9DF80810 		ldrb	r1, [sp, #8]	@ zero_extendqisi2
 762 0078 C909     		lsrs	r1, r1, #7
 427:Drivers/Sensors/LPS22DF/lps22df_reg.c ****   val->drdy_pres = status.p_da;
 763              		.loc 1 427 18 view .LVU212
 764 007a 2078     		ldrb	r0, [r4]	@ zero_extendqisi2
 765 007c 61F34100 		bfi	r0, r1, #1, #1
 766 0080 2070     		strb	r0, [r4]
 428:Drivers/Sensors/LPS22DF/lps22df_reg.c ****   val->drdy_temp = status.t_da;
 767              		.loc 1 428 3 is_stmt 1 view .LVU213
 428:Drivers/Sensors/LPS22DF/lps22df_reg.c ****   val->drdy_temp = status.t_da;
 768              		.loc 1 428 26 is_stmt 0 view .LVU214
 769 0082 9DF80010 		ldrb	r1, [sp]	@ zero_extendqisi2
 428:Drivers/Sensors/LPS22DF/lps22df_reg.c ****   val->drdy_temp = status.t_da;
 770              		.loc 1 428 18 view .LVU215
 771 0086 C0B2     		uxtb	r0, r0
 772 0088 61F38200 		bfi	r0, r1, #2, #1
 773 008c 2070     		strb	r0, [r4]
 429:Drivers/Sensors/LPS22DF/lps22df_reg.c ****   val->ovr_pres  = status.p_or;
 774              		.loc 1 429 3 is_stmt 1 view .LVU216
 429:Drivers/Sensors/LPS22DF/lps22df_reg.c ****   val->ovr_pres  = status.p_or;
 775              		.loc 1 429 26 is_stmt 0 view .LVU217
 776 008e C1F34005 		ubfx	r5, r1, #1, #1
 777              	.LVL54:
 429:Drivers/Sensors/LPS22DF/lps22df_reg.c ****   val->ovr_pres  = status.p_or;
 778              		.loc 1 429 18 view .LVU218
 779 0092 C0B2     		uxtb	r0, r0
 780 0094 65F3C300 		bfi	r0, r5, #3, #1
 781 0098 2070     		strb	r0, [r4]
 430:Drivers/Sensors/LPS22DF/lps22df_reg.c ****   val->ovr_temp  = status.t_or;
 782              		.loc 1 430 3 is_stmt 1 view .LVU219
 430:Drivers/Sensors/LPS22DF/lps22df_reg.c ****   val->ovr_temp  = status.t_or;
 783              		.loc 1 430 26 is_stmt 0 view .LVU220
 784 009a C1F30015 		ubfx	r5, r1, #4, #1
 430:Drivers/Sensors/LPS22DF/lps22df_reg.c ****   val->ovr_temp  = status.t_or;
 785              		.loc 1 430 18 view .LVU221
 786 009e C0B2     		uxtb	r0, r0
 787 00a0 65F30410 		bfi	r0, r5, #4, #1
 788 00a4 2070     		strb	r0, [r4]
 431:Drivers/Sensors/LPS22DF/lps22df_reg.c ****   val->end_meas  = ~ctrl_reg2.oneshot;
 789              		.loc 1 431 3 is_stmt 1 view .LVU222
 431:Drivers/Sensors/LPS22DF/lps22df_reg.c ****   val->end_meas  = ~ctrl_reg2.oneshot;
 790              		.loc 1 431 26 is_stmt 0 view .LVU223
 791 00a6 C1F34011 		ubfx	r1, r1, #5, #1
 431:Drivers/Sensors/LPS22DF/lps22df_reg.c ****   val->end_meas  = ~ctrl_reg2.oneshot;
 792              		.loc 1 431 18 view .LVU224
 793 00aa C0B2     		uxtb	r0, r0
 794 00ac 61F34510 		bfi	r0, r1, #5, #1
 795 00b0 2070     		strb	r0, [r4]
 432:Drivers/Sensors/LPS22DF/lps22df_reg.c ****   val->ref_done = ~interrupt_cfg.autozero;
 796              		.loc 1 432 3 is_stmt 1 view .LVU225
 432:Drivers/Sensors/LPS22DF/lps22df_reg.c ****   val->ref_done = ~interrupt_cfg.autozero;
 797              		.loc 1 432 30 is_stmt 0 view .LVU226
 798 00b2 02F00102 		and	r2, r2, #1
 432:Drivers/Sensors/LPS22DF/lps22df_reg.c ****   val->ref_done = ~interrupt_cfg.autozero;
 799              		.loc 1 432 20 view .LVU227
 800 00b6 82F00102 		eor	r2, r2, #1
ARM GAS  /tmp/ccy7DkP9.s 			page 25


 432:Drivers/Sensors/LPS22DF/lps22df_reg.c ****   val->ref_done = ~interrupt_cfg.autozero;
 801              		.loc 1 432 18 view .LVU228
 802 00ba C1B2     		uxtb	r1, r0
 803 00bc 62F38611 		bfi	r1, r2, #6, #1
 804 00c0 2170     		strb	r1, [r4]
 433:Drivers/Sensors/LPS22DF/lps22df_reg.c **** 
 805              		.loc 1 433 3 is_stmt 1 view .LVU229
 433:Drivers/Sensors/LPS22DF/lps22df_reg.c **** 
 806              		.loc 1 433 33 is_stmt 0 view .LVU230
 807 00c2 9DF80C20 		ldrb	r2, [sp, #12]	@ zero_extendqisi2
 808 00c6 C2F34012 		ubfx	r2, r2, #5, #1
 433:Drivers/Sensors/LPS22DF/lps22df_reg.c **** 
 809              		.loc 1 433 19 view .LVU231
 810 00ca 82F00102 		eor	r2, r2, #1
 433:Drivers/Sensors/LPS22DF/lps22df_reg.c **** 
 811              		.loc 1 433 17 view .LVU232
 812 00ce C9B2     		uxtb	r1, r1
 813 00d0 62F3C711 		bfi	r1, r2, #7, #1
 814 00d4 2170     		strb	r1, [r4]
 435:Drivers/Sensors/LPS22DF/lps22df_reg.c **** }
 815              		.loc 1 435 3 is_stmt 1 view .LVU233
 435:Drivers/Sensors/LPS22DF/lps22df_reg.c **** }
 816              		.loc 1 435 10 is_stmt 0 view .LVU234
 817 00d6 A8E7     		b	.L53
 818              		.cfi_endproc
 819              	.LFE9:
 821              		.section	.text.lps22df_init_set,"ax",%progbits
 822              		.align	1
 823              		.global	lps22df_init_set
 824              		.syntax unified
 825              		.thumb
 826              		.thumb_func
 828              	lps22df_init_set:
 829              	.LVL55:
 830              	.LFB8:
 287:Drivers/Sensors/LPS22DF/lps22df_reg.c ****   lps22df_ctrl_reg2_t ctrl_reg2 = {0};
 831              		.loc 1 287 1 is_stmt 1 view -0
 832              		.cfi_startproc
 833              		@ args = 0, pretend = 0, frame = 24
 834              		@ frame_needed = 0, uses_anonymous_args = 0
 287:Drivers/Sensors/LPS22DF/lps22df_reg.c ****   lps22df_ctrl_reg2_t ctrl_reg2 = {0};
 835              		.loc 1 287 1 is_stmt 0 view .LVU236
 836 0000 70B5     		push	{r4, r5, r6, lr}
 837              	.LCFI19:
 838              		.cfi_def_cfa_offset 16
 839              		.cfi_offset 4, -16
 840              		.cfi_offset 5, -12
 841              		.cfi_offset 6, -8
 842              		.cfi_offset 14, -4
 843 0002 86B0     		sub	sp, sp, #24
 844              	.LCFI20:
 845              		.cfi_def_cfa_offset 40
 846 0004 0446     		mov	r4, r0
 847 0006 0D46     		mov	r5, r1
 288:Drivers/Sensors/LPS22DF/lps22df_reg.c ****   lps22df_ctrl_reg3_t ctrl_reg3 = {0};
 848              		.loc 1 288 3 is_stmt 1 view .LVU237
 288:Drivers/Sensors/LPS22DF/lps22df_reg.c ****   lps22df_ctrl_reg3_t ctrl_reg3 = {0};
ARM GAS  /tmp/ccy7DkP9.s 			page 26


 849              		.loc 1 288 23 is_stmt 0 view .LVU238
 850 0008 0023     		movs	r3, #0
 851 000a 8DF81430 		strb	r3, [sp, #20]
 289:Drivers/Sensors/LPS22DF/lps22df_reg.c ****   lps22df_int_source_t int_src = {0};
 852              		.loc 1 289 3 is_stmt 1 view .LVU239
 289:Drivers/Sensors/LPS22DF/lps22df_reg.c ****   lps22df_int_source_t int_src = {0};
 853              		.loc 1 289 23 is_stmt 0 view .LVU240
 854 000e 8DF81030 		strb	r3, [sp, #16]
 290:Drivers/Sensors/LPS22DF/lps22df_reg.c ****   lps22df_stat_t status = {0};
 855              		.loc 1 290 3 is_stmt 1 view .LVU241
 290:Drivers/Sensors/LPS22DF/lps22df_reg.c ****   lps22df_stat_t status = {0};
 856              		.loc 1 290 24 is_stmt 0 view .LVU242
 857 0012 8DF80C30 		strb	r3, [sp, #12]
 291:Drivers/Sensors/LPS22DF/lps22df_reg.c ****   uint8_t reg[2] = {0}, cnt = 0;
 858              		.loc 1 291 3 is_stmt 1 view .LVU243
 291:Drivers/Sensors/LPS22DF/lps22df_reg.c ****   uint8_t reg[2] = {0}, cnt = 0;
 859              		.loc 1 291 18 is_stmt 0 view .LVU244
 860 0016 8DF80830 		strb	r3, [sp, #8]
 292:Drivers/Sensors/LPS22DF/lps22df_reg.c ****   int32_t ret = {0};
 861              		.loc 1 292 3 is_stmt 1 view .LVU245
 292:Drivers/Sensors/LPS22DF/lps22df_reg.c ****   int32_t ret = {0};
 862              		.loc 1 292 11 is_stmt 0 view .LVU246
 863 001a ADF80430 		strh	r3, [sp, #4]	@ movhi
 864              	.LVL56:
 293:Drivers/Sensors/LPS22DF/lps22df_reg.c **** 
 865              		.loc 1 293 3 is_stmt 1 view .LVU247
 295:Drivers/Sensors/LPS22DF/lps22df_reg.c ****   if (ret == 0)
 866              		.loc 1 295 3 view .LVU248
 295:Drivers/Sensors/LPS22DF/lps22df_reg.c ****   if (ret == 0)
 867              		.loc 1 295 9 is_stmt 0 view .LVU249
 868 001e 0223     		movs	r3, #2
 869 0020 01AA     		add	r2, sp, #4
 870 0022 1121     		movs	r1, #17
 871              	.LVL57:
 295:Drivers/Sensors/LPS22DF/lps22df_reg.c ****   if (ret == 0)
 872              		.loc 1 295 9 view .LVU250
 873 0024 FFF7FEFF 		bl	lps22df_read_reg
 874              	.LVL58:
 296:Drivers/Sensors/LPS22DF/lps22df_reg.c ****   {
 875              		.loc 1 296 3 is_stmt 1 view .LVU251
 296:Drivers/Sensors/LPS22DF/lps22df_reg.c ****   {
 876              		.loc 1 296 6 is_stmt 0 view .LVU252
 877 0028 0646     		mov	r6, r0
 878 002a 10B1     		cbz	r0, .L83
 879              	.LVL59:
 880              	.L61:
 389:Drivers/Sensors/LPS22DF/lps22df_reg.c **** 
 881              		.loc 1 389 1 view .LVU253
 882 002c 3046     		mov	r0, r6
 883 002e 06B0     		add	sp, sp, #24
 884              	.LCFI21:
 885              		.cfi_remember_state
 886              		.cfi_def_cfa_offset 16
 887              		@ sp needed
 888 0030 70BD     		pop	{r4, r5, r6, pc}
 889              	.LVL60:
 890              	.L83:
ARM GAS  /tmp/ccy7DkP9.s 			page 27


 891              	.LCFI22:
 892              		.cfi_restore_state
 298:Drivers/Sensors/LPS22DF/lps22df_reg.c ****     bytecpy((uint8_t *)&ctrl_reg3, &reg[1]);
 893              		.loc 1 298 5 is_stmt 1 view .LVU254
 894 0032 01A9     		add	r1, sp, #4
 895 0034 05A8     		add	r0, sp, #20
 896              	.LVL61:
 298:Drivers/Sensors/LPS22DF/lps22df_reg.c ****     bytecpy((uint8_t *)&ctrl_reg3, &reg[1]);
 897              		.loc 1 298 5 is_stmt 0 view .LVU255
 898 0036 FFF7FEFF 		bl	bytecpy
 899              	.LVL62:
 299:Drivers/Sensors/LPS22DF/lps22df_reg.c **** 
 900              		.loc 1 299 5 is_stmt 1 view .LVU256
 901 003a 0DF10501 		add	r1, sp, #5
 902 003e 04A8     		add	r0, sp, #16
 903 0040 FFF7FEFF 		bl	bytecpy
 904              	.LVL63:
 301:Drivers/Sensors/LPS22DF/lps22df_reg.c ****     {
 905              		.loc 1 301 5 view .LVU257
 906 0044 012D     		cmp	r5, #1
 907 0046 11D0     		beq	.L63
 908 0048 022D     		cmp	r5, #2
 909 004a 3FD0     		beq	.L64
 910 004c 002D     		cmp	r5, #0
 911 004e 6CD0     		beq	.L65
 381:Drivers/Sensors/LPS22DF/lps22df_reg.c ****         ret = lps22df_write_reg(ctx, LPS22DF_CTRL_REG2,
 912              		.loc 1 381 9 view .LVU258
 381:Drivers/Sensors/LPS22DF/lps22df_reg.c ****         ret = lps22df_write_reg(ctx, LPS22DF_CTRL_REG2,
 913              		.loc 1 381 27 is_stmt 0 view .LVU259
 914 0050 9DF81430 		ldrb	r3, [sp, #20]	@ zero_extendqisi2
 915 0054 43F00403 		orr	r3, r3, #4
 916 0058 8DF81430 		strb	r3, [sp, #20]
 382:Drivers/Sensors/LPS22DF/lps22df_reg.c ****                                 (uint8_t *)&ctrl_reg2, 1);
 917              		.loc 1 382 9 is_stmt 1 view .LVU260
 382:Drivers/Sensors/LPS22DF/lps22df_reg.c ****                                 (uint8_t *)&ctrl_reg2, 1);
 918              		.loc 1 382 15 is_stmt 0 view .LVU261
 919 005c 0123     		movs	r3, #1
 920 005e 05AA     		add	r2, sp, #20
 921 0060 1121     		movs	r1, #17
 922 0062 2046     		mov	r0, r4
 923 0064 FFF7FEFF 		bl	lps22df_write_reg
 924              	.LVL64:
 925 0068 0646     		mov	r6, r0
 926              	.LVL65:
 384:Drivers/Sensors/LPS22DF/lps22df_reg.c ****     }
 927              		.loc 1 384 9 is_stmt 1 view .LVU262
 928 006a DFE7     		b	.L61
 929              	.LVL66:
 930              	.L63:
 304:Drivers/Sensors/LPS22DF/lps22df_reg.c ****         ret = lps22df_write_reg(ctx, LPS22DF_CTRL_REG2,
 931              		.loc 1 304 9 view .LVU263
 304:Drivers/Sensors/LPS22DF/lps22df_reg.c ****         ret = lps22df_write_reg(ctx, LPS22DF_CTRL_REG2,
 932              		.loc 1 304 24 is_stmt 0 view .LVU264
 933 006c 9DF81430 		ldrb	r3, [sp, #20]	@ zero_extendqisi2
 934 0070 43F08003 		orr	r3, r3, #128
 935 0074 8DF81430 		strb	r3, [sp, #20]
 305:Drivers/Sensors/LPS22DF/lps22df_reg.c ****                                 (uint8_t *)&ctrl_reg2, 1);
ARM GAS  /tmp/ccy7DkP9.s 			page 28


 936              		.loc 1 305 9 is_stmt 1 view .LVU265
 305:Drivers/Sensors/LPS22DF/lps22df_reg.c ****                                 (uint8_t *)&ctrl_reg2, 1);
 937              		.loc 1 305 15 is_stmt 0 view .LVU266
 938 0078 0123     		movs	r3, #1
 939 007a 05AA     		add	r2, sp, #20
 940 007c 1121     		movs	r1, #17
 941 007e 2046     		mov	r0, r4
 942 0080 FFF7FEFF 		bl	lps22df_write_reg
 943              	.LVL67:
 307:Drivers/Sensors/LPS22DF/lps22df_reg.c ****         {
 944              		.loc 1 307 9 is_stmt 1 view .LVU267
 307:Drivers/Sensors/LPS22DF/lps22df_reg.c ****         {
 945              		.loc 1 307 12 is_stmt 0 view .LVU268
 946 0084 0646     		mov	r6, r0
 947 0086 0028     		cmp	r0, #0
 948 0088 D0D1     		bne	.L61
 292:Drivers/Sensors/LPS22DF/lps22df_reg.c ****   int32_t ret = {0};
 949              		.loc 1 292 25 view .LVU269
 950 008a 0025     		movs	r5, #0
 951 008c 04E0     		b	.L69
 952              	.LVL68:
 953              	.L68:
 330:Drivers/Sensors/LPS22DF/lps22df_reg.c **** 
 954              		.loc 1 330 24 is_stmt 1 view .LVU270
 330:Drivers/Sensors/LPS22DF/lps22df_reg.c **** 
 955              		.loc 1 330 21 is_stmt 0 view .LVU271
 956 008e 6B1C     		adds	r3, r5, #1
 957 0090 DBB2     		uxtb	r3, r3
 958              	.LVL69:
 330:Drivers/Sensors/LPS22DF/lps22df_reg.c **** 
 959              		.loc 1 330 24 view .LVU272
 960 0092 042D     		cmp	r5, #4
 961 0094 13D8     		bhi	.L67
 330:Drivers/Sensors/LPS22DF/lps22df_reg.c **** 
 962              		.loc 1 330 21 view .LVU273
 963 0096 1D46     		mov	r5, r3
 964              	.LVL70:
 965              	.L69:
 312:Drivers/Sensors/LPS22DF/lps22df_reg.c ****         {
 966              		.loc 1 312 9 is_stmt 1 view .LVU274
 314:Drivers/Sensors/LPS22DF/lps22df_reg.c ****           if (ret != 0)
 967              		.loc 1 314 11 view .LVU275
 314:Drivers/Sensors/LPS22DF/lps22df_reg.c ****           if (ret != 0)
 968              		.loc 1 314 17 is_stmt 0 view .LVU276
 969 0098 0123     		movs	r3, #1
 970 009a 03AA     		add	r2, sp, #12
 971 009c 2421     		movs	r1, #36
 972 009e 2046     		mov	r0, r4
 973 00a0 FFF7FEFF 		bl	lps22df_read_reg
 974              	.LVL71:
 315:Drivers/Sensors/LPS22DF/lps22df_reg.c ****           {
 975              		.loc 1 315 11 is_stmt 1 view .LVU277
 315:Drivers/Sensors/LPS22DF/lps22df_reg.c ****           {
 976              		.loc 1 315 14 is_stmt 0 view .LVU278
 977 00a4 0646     		mov	r6, r0
 978 00a6 48B9     		cbnz	r0, .L73
 321:Drivers/Sensors/LPS22DF/lps22df_reg.c ****           {
ARM GAS  /tmp/ccy7DkP9.s 			page 29


 979              		.loc 1 321 11 is_stmt 1 view .LVU279
 321:Drivers/Sensors/LPS22DF/lps22df_reg.c ****           {
 980              		.loc 1 321 14 is_stmt 0 view .LVU280
 981 00a8 9DF90C30 		ldrsb	r3, [sp, #12]
 982 00ac 002B     		cmp	r3, #0
 983 00ae 0BDA     		bge	.L74
 326:Drivers/Sensors/LPS22DF/lps22df_reg.c ****           {
 984              		.loc 1 326 11 is_stmt 1 view .LVU281
 326:Drivers/Sensors/LPS22DF/lps22df_reg.c ****           {
 985              		.loc 1 326 18 is_stmt 0 view .LVU282
 986 00b0 A368     		ldr	r3, [r4, #8]
 326:Drivers/Sensors/LPS22DF/lps22df_reg.c ****           {
 987              		.loc 1 326 14 view .LVU283
 988 00b2 002B     		cmp	r3, #0
 989 00b4 EBD0     		beq	.L68
 328:Drivers/Sensors/LPS22DF/lps22df_reg.c ****           }
 990              		.loc 1 328 13 is_stmt 1 view .LVU284
 991 00b6 0A20     		movs	r0, #10
 992              	.LVL72:
 328:Drivers/Sensors/LPS22DF/lps22df_reg.c ****           }
 993              		.loc 1 328 13 is_stmt 0 view .LVU285
 994 00b8 9847     		blx	r3
 995              	.LVL73:
 996 00ba E8E7     		b	.L68
 997              	.LVL74:
 998              	.L73:
 328:Drivers/Sensors/LPS22DF/lps22df_reg.c ****           }
 999              		.loc 1 328 13 view .LVU286
 1000 00bc 2B46     		mov	r3, r5
 1001              	.LVL75:
 1002              	.L67:
 332:Drivers/Sensors/LPS22DF/lps22df_reg.c ****         {
 1003              		.loc 1 332 9 is_stmt 1 view .LVU287
 332:Drivers/Sensors/LPS22DF/lps22df_reg.c ****         {
 1004              		.loc 1 332 12 is_stmt 0 view .LVU288
 1005 00be 042B     		cmp	r3, #4
 1006 00c0 B4D9     		bls	.L61
 334:Drivers/Sensors/LPS22DF/lps22df_reg.c ****         }
 1007              		.loc 1 334 15 view .LVU289
 1008 00c2 4FF0FF36 		mov	r6, #-1
 1009              	.LVL76:
 334:Drivers/Sensors/LPS22DF/lps22df_reg.c ****         }
 1010              		.loc 1 334 15 view .LVU290
 1011 00c6 B1E7     		b	.L61
 1012              	.LVL77:
 1013              	.L74:
 334:Drivers/Sensors/LPS22DF/lps22df_reg.c ****         }
 1014              		.loc 1 334 15 view .LVU291
 1015 00c8 2B46     		mov	r3, r5
 1016 00ca F8E7     		b	.L67
 1017              	.LVL78:
 1018              	.L64:
 339:Drivers/Sensors/LPS22DF/lps22df_reg.c ****         ret = lps22df_write_reg(ctx, LPS22DF_CTRL_REG2,
 1019              		.loc 1 339 9 is_stmt 1 view .LVU292
 339:Drivers/Sensors/LPS22DF/lps22df_reg.c ****         ret = lps22df_write_reg(ctx, LPS22DF_CTRL_REG2,
 1020              		.loc 1 339 27 is_stmt 0 view .LVU293
 1021 00cc 9DF81430 		ldrb	r3, [sp, #20]	@ zero_extendqisi2
ARM GAS  /tmp/ccy7DkP9.s 			page 30


 1022 00d0 43F00403 		orr	r3, r3, #4
 1023 00d4 8DF81430 		strb	r3, [sp, #20]
 340:Drivers/Sensors/LPS22DF/lps22df_reg.c ****                                 (uint8_t *)&ctrl_reg2, 1);
 1024              		.loc 1 340 9 is_stmt 1 view .LVU294
 340:Drivers/Sensors/LPS22DF/lps22df_reg.c ****                                 (uint8_t *)&ctrl_reg2, 1);
 1025              		.loc 1 340 15 is_stmt 0 view .LVU295
 1026 00d8 0123     		movs	r3, #1
 1027 00da 05AA     		add	r2, sp, #20
 1028 00dc 1121     		movs	r1, #17
 1029 00de 2046     		mov	r0, r4
 1030 00e0 FFF7FEFF 		bl	lps22df_write_reg
 1031              	.LVL79:
 342:Drivers/Sensors/LPS22DF/lps22df_reg.c ****         {
 1032              		.loc 1 342 9 is_stmt 1 view .LVU296
 342:Drivers/Sensors/LPS22DF/lps22df_reg.c ****         {
 1033              		.loc 1 342 12 is_stmt 0 view .LVU297
 1034 00e4 0646     		mov	r6, r0
 1035 00e6 0028     		cmp	r0, #0
 1036 00e8 A0D1     		bne	.L61
 292:Drivers/Sensors/LPS22DF/lps22df_reg.c ****   int32_t ret = {0};
 1037              		.loc 1 292 25 view .LVU298
 1038 00ea 0025     		movs	r5, #0
 1039 00ec 04E0     		b	.L72
 1040              	.LVL80:
 1041              	.L71:
 365:Drivers/Sensors/LPS22DF/lps22df_reg.c **** 
 1042              		.loc 1 365 24 is_stmt 1 view .LVU299
 365:Drivers/Sensors/LPS22DF/lps22df_reg.c **** 
 1043              		.loc 1 365 21 is_stmt 0 view .LVU300
 1044 00ee 6B1C     		adds	r3, r5, #1
 1045 00f0 DBB2     		uxtb	r3, r3
 1046              	.LVL81:
 365:Drivers/Sensors/LPS22DF/lps22df_reg.c **** 
 1047              		.loc 1 365 24 view .LVU301
 1048 00f2 042D     		cmp	r5, #4
 1049 00f4 12D8     		bhi	.L70
 365:Drivers/Sensors/LPS22DF/lps22df_reg.c **** 
 1050              		.loc 1 365 21 view .LVU302
 1051 00f6 1D46     		mov	r5, r3
 1052              	.LVL82:
 1053              	.L72:
 347:Drivers/Sensors/LPS22DF/lps22df_reg.c ****         {
 1054              		.loc 1 347 9 is_stmt 1 view .LVU303
 349:Drivers/Sensors/LPS22DF/lps22df_reg.c ****           if (ret != 0)
 1055              		.loc 1 349 11 view .LVU304
 349:Drivers/Sensors/LPS22DF/lps22df_reg.c ****           if (ret != 0)
 1056              		.loc 1 349 17 is_stmt 0 view .LVU305
 1057 00f8 02A9     		add	r1, sp, #8
 1058 00fa 2046     		mov	r0, r4
 1059 00fc FFF7FEFF 		bl	lps22df_status_get
 1060              	.LVL83:
 350:Drivers/Sensors/LPS22DF/lps22df_reg.c ****           {
 1061              		.loc 1 350 11 is_stmt 1 view .LVU306
 350:Drivers/Sensors/LPS22DF/lps22df_reg.c ****           {
 1062              		.loc 1 350 14 is_stmt 0 view .LVU307
 1063 0100 0646     		mov	r6, r0
 1064 0102 50B9     		cbnz	r0, .L77
ARM GAS  /tmp/ccy7DkP9.s 			page 31


 356:Drivers/Sensors/LPS22DF/lps22df_reg.c ****           {
 1065              		.loc 1 356 11 is_stmt 1 view .LVU308
 356:Drivers/Sensors/LPS22DF/lps22df_reg.c ****           {
 1066              		.loc 1 356 31 is_stmt 0 view .LVU309
 1067 0104 9DF80830 		ldrb	r3, [sp, #8]	@ zero_extendqisi2
 356:Drivers/Sensors/LPS22DF/lps22df_reg.c ****           {
 1068              		.loc 1 356 14 view .LVU310
 1069 0108 13F0010F 		tst	r3, #1
 1070 010c 0BD0     		beq	.L78
 361:Drivers/Sensors/LPS22DF/lps22df_reg.c ****           {
 1071              		.loc 1 361 11 is_stmt 1 view .LVU311
 361:Drivers/Sensors/LPS22DF/lps22df_reg.c ****           {
 1072              		.loc 1 361 18 is_stmt 0 view .LVU312
 1073 010e A368     		ldr	r3, [r4, #8]
 361:Drivers/Sensors/LPS22DF/lps22df_reg.c ****           {
 1074              		.loc 1 361 14 view .LVU313
 1075 0110 002B     		cmp	r3, #0
 1076 0112 ECD0     		beq	.L71
 363:Drivers/Sensors/LPS22DF/lps22df_reg.c ****           }
 1077              		.loc 1 363 13 is_stmt 1 view .LVU314
 1078 0114 0120     		movs	r0, #1
 1079              	.LVL84:
 363:Drivers/Sensors/LPS22DF/lps22df_reg.c ****           }
 1080              		.loc 1 363 13 is_stmt 0 view .LVU315
 1081 0116 9847     		blx	r3
 1082              	.LVL85:
 1083 0118 E9E7     		b	.L71
 1084              	.LVL86:
 1085              	.L77:
 363:Drivers/Sensors/LPS22DF/lps22df_reg.c ****           }
 1086              		.loc 1 363 13 view .LVU316
 1087 011a 2B46     		mov	r3, r5
 1088              	.LVL87:
 1089              	.L70:
 367:Drivers/Sensors/LPS22DF/lps22df_reg.c ****         {
 1090              		.loc 1 367 9 is_stmt 1 view .LVU317
 367:Drivers/Sensors/LPS22DF/lps22df_reg.c ****         {
 1091              		.loc 1 367 12 is_stmt 0 view .LVU318
 1092 011c 042B     		cmp	r3, #4
 1093 011e 85D9     		bls	.L61
 369:Drivers/Sensors/LPS22DF/lps22df_reg.c ****         }
 1094              		.loc 1 369 15 view .LVU319
 1095 0120 4FF0FF36 		mov	r6, #-1
 1096              	.LVL88:
 388:Drivers/Sensors/LPS22DF/lps22df_reg.c **** }
 1097              		.loc 1 388 3 is_stmt 1 view .LVU320
 388:Drivers/Sensors/LPS22DF/lps22df_reg.c **** }
 1098              		.loc 1 388 10 is_stmt 0 view .LVU321
 1099 0124 82E7     		b	.L61
 1100              	.LVL89:
 1101              	.L78:
 388:Drivers/Sensors/LPS22DF/lps22df_reg.c **** }
 1102              		.loc 1 388 10 view .LVU322
 1103 0126 2B46     		mov	r3, r5
 1104 0128 F8E7     		b	.L70
 1105              	.LVL90:
 1106              	.L65:
ARM GAS  /tmp/ccy7DkP9.s 			page 32


 374:Drivers/Sensors/LPS22DF/lps22df_reg.c ****         ctrl_reg3.if_add_inc = PROPERTY_ENABLE;
 1107              		.loc 1 374 9 is_stmt 1 view .LVU323
 374:Drivers/Sensors/LPS22DF/lps22df_reg.c ****         ctrl_reg3.if_add_inc = PROPERTY_ENABLE;
 1108              		.loc 1 374 23 is_stmt 0 view .LVU324
 1109 012a 9DF81430 		ldrb	r3, [sp, #20]	@ zero_extendqisi2
 1110 012e 43F00803 		orr	r3, r3, #8
 1111 0132 8DF81430 		strb	r3, [sp, #20]
 375:Drivers/Sensors/LPS22DF/lps22df_reg.c ****         bytecpy(&reg[0], (uint8_t *)&ctrl_reg2);
 1112              		.loc 1 375 9 is_stmt 1 view .LVU325
 375:Drivers/Sensors/LPS22DF/lps22df_reg.c ****         bytecpy(&reg[0], (uint8_t *)&ctrl_reg2);
 1113              		.loc 1 375 30 is_stmt 0 view .LVU326
 1114 0136 9DF81030 		ldrb	r3, [sp, #16]	@ zero_extendqisi2
 1115 013a 43F00103 		orr	r3, r3, #1
 1116 013e 8DF81030 		strb	r3, [sp, #16]
 376:Drivers/Sensors/LPS22DF/lps22df_reg.c ****         bytecpy(&reg[1], (uint8_t *)&ctrl_reg3);
 1117              		.loc 1 376 9 is_stmt 1 view .LVU327
 1118 0142 05A9     		add	r1, sp, #20
 1119 0144 01A8     		add	r0, sp, #4
 1120 0146 FFF7FEFF 		bl	bytecpy
 1121              	.LVL91:
 377:Drivers/Sensors/LPS22DF/lps22df_reg.c ****         ret = lps22df_write_reg(ctx, LPS22DF_CTRL_REG2, reg, 2);
 1122              		.loc 1 377 9 view .LVU328
 1123 014a 04A9     		add	r1, sp, #16
 1124 014c 0DF10500 		add	r0, sp, #5
 1125 0150 FFF7FEFF 		bl	bytecpy
 1126              	.LVL92:
 378:Drivers/Sensors/LPS22DF/lps22df_reg.c ****         break;
 1127              		.loc 1 378 9 view .LVU329
 378:Drivers/Sensors/LPS22DF/lps22df_reg.c ****         break;
 1128              		.loc 1 378 15 is_stmt 0 view .LVU330
 1129 0154 0223     		movs	r3, #2
 1130 0156 01AA     		add	r2, sp, #4
 1131 0158 1121     		movs	r1, #17
 1132 015a 2046     		mov	r0, r4
 1133 015c FFF7FEFF 		bl	lps22df_write_reg
 1134              	.LVL93:
 1135 0160 0646     		mov	r6, r0
 1136              	.LVL94:
 379:Drivers/Sensors/LPS22DF/lps22df_reg.c ****       default:
 1137              		.loc 1 379 9 is_stmt 1 view .LVU331
 1138 0162 63E7     		b	.L61
 1139              		.cfi_endproc
 1140              	.LFE8:
 1142              		.section	.text.lps22df_pin_conf_set,"ax",%progbits
 1143              		.align	1
 1144              		.global	lps22df_pin_conf_set
 1145              		.syntax unified
 1146              		.thumb
 1147              		.thumb_func
 1149              	lps22df_pin_conf_set:
 1150              	.LVL95:
 1151              	.LFB10:
 437:Drivers/Sensors/LPS22DF/lps22df_reg.c **** 
 438:Drivers/Sensors/LPS22DF/lps22df_reg.c **** /**
 439:Drivers/Sensors/LPS22DF/lps22df_reg.c ****   * @brief  Electrical pin configuration.[set]
 440:Drivers/Sensors/LPS22DF/lps22df_reg.c ****   *
 441:Drivers/Sensors/LPS22DF/lps22df_reg.c ****   * @param  ctx   communication interface handler.(ptr)
ARM GAS  /tmp/ccy7DkP9.s 			page 33


 442:Drivers/Sensors/LPS22DF/lps22df_reg.c ****   * @param  val   the electrical settings for the configurable pins.(ptr)
 443:Drivers/Sensors/LPS22DF/lps22df_reg.c ****   * @retval       interface status (MANDATORY: return 0 -> no Error)
 444:Drivers/Sensors/LPS22DF/lps22df_reg.c ****   *
 445:Drivers/Sensors/LPS22DF/lps22df_reg.c ****   */
 446:Drivers/Sensors/LPS22DF/lps22df_reg.c **** int32_t lps22df_pin_conf_set(const stmdev_ctx_t *ctx, lps22df_pin_conf_t *val)
 447:Drivers/Sensors/LPS22DF/lps22df_reg.c **** {
 1152              		.loc 1 447 1 view -0
 1153              		.cfi_startproc
 1154              		@ args = 0, pretend = 0, frame = 8
 1155              		@ frame_needed = 0, uses_anonymous_args = 0
 1156              		.loc 1 447 1 is_stmt 0 view .LVU333
 1157 0000 30B5     		push	{r4, r5, lr}
 1158              	.LCFI23:
 1159              		.cfi_def_cfa_offset 12
 1160              		.cfi_offset 4, -12
 1161              		.cfi_offset 5, -8
 1162              		.cfi_offset 14, -4
 1163 0002 83B0     		sub	sp, sp, #12
 1164              	.LCFI24:
 1165              		.cfi_def_cfa_offset 24
 1166 0004 0446     		mov	r4, r0
 1167 0006 0D46     		mov	r5, r1
 448:Drivers/Sensors/LPS22DF/lps22df_reg.c ****   lps22df_ctrl_reg3_t ctrl_reg3 = {0};
 1168              		.loc 1 448 3 is_stmt 1 view .LVU334
 1169              		.loc 1 448 23 is_stmt 0 view .LVU335
 1170 0008 0023     		movs	r3, #0
 1171 000a 8DF80430 		strb	r3, [sp, #4]
 449:Drivers/Sensors/LPS22DF/lps22df_reg.c ****   lps22df_if_ctrl_t if_ctrl = {0};
 1172              		.loc 1 449 3 is_stmt 1 view .LVU336
 1173              		.loc 1 449 21 is_stmt 0 view .LVU337
 1174 000e 8DF80030 		strb	r3, [sp]
 450:Drivers/Sensors/LPS22DF/lps22df_reg.c ****   int32_t ret = {0};
 1175              		.loc 1 450 3 is_stmt 1 view .LVU338
 1176              	.LVL96:
 451:Drivers/Sensors/LPS22DF/lps22df_reg.c **** 
 452:Drivers/Sensors/LPS22DF/lps22df_reg.c ****   ret = lps22df_read_reg(ctx, LPS22DF_IF_CTRL, (uint8_t *)&if_ctrl, 1);
 1177              		.loc 1 452 3 view .LVU339
 1178              		.loc 1 452 9 is_stmt 0 view .LVU340
 1179 0012 0123     		movs	r3, #1
 1180 0014 6A46     		mov	r2, sp
 1181 0016 0E21     		movs	r1, #14
 1182              	.LVL97:
 1183              		.loc 1 452 9 view .LVU341
 1184 0018 FFF7FEFF 		bl	lps22df_read_reg
 1185              	.LVL98:
 453:Drivers/Sensors/LPS22DF/lps22df_reg.c **** 
 454:Drivers/Sensors/LPS22DF/lps22df_reg.c ****   if (ret == 0)
 1186              		.loc 1 454 3 is_stmt 1 view .LVU342
 1187              		.loc 1 454 6 is_stmt 0 view .LVU343
 1188 001c 0346     		mov	r3, r0
 1189 001e 18B1     		cbz	r0, .L88
 1190              	.L85:
 455:Drivers/Sensors/LPS22DF/lps22df_reg.c ****   {
 456:Drivers/Sensors/LPS22DF/lps22df_reg.c ****     if_ctrl.int_pd_dis = ~val->int_pull_down;
 457:Drivers/Sensors/LPS22DF/lps22df_reg.c ****     if_ctrl.sdo_pu_en = val->sdo_pull_up;
 458:Drivers/Sensors/LPS22DF/lps22df_reg.c ****     if_ctrl.sda_pu_en = val->sda_pull_up;
 459:Drivers/Sensors/LPS22DF/lps22df_reg.c ****     if_ctrl.cs_pu_dis = ~val->cs_pull_up;
ARM GAS  /tmp/ccy7DkP9.s 			page 34


 460:Drivers/Sensors/LPS22DF/lps22df_reg.c ****     ret = lps22df_write_reg(ctx, LPS22DF_IF_CTRL, (uint8_t *)&if_ctrl, 1);
 461:Drivers/Sensors/LPS22DF/lps22df_reg.c ****   }
 462:Drivers/Sensors/LPS22DF/lps22df_reg.c ****   if (ret == 0)
 463:Drivers/Sensors/LPS22DF/lps22df_reg.c ****   {
 464:Drivers/Sensors/LPS22DF/lps22df_reg.c ****     ret = lps22df_read_reg(ctx, LPS22DF_CTRL_REG3, (uint8_t *)&ctrl_reg3, 1);
 465:Drivers/Sensors/LPS22DF/lps22df_reg.c ****   }
 466:Drivers/Sensors/LPS22DF/lps22df_reg.c ****   if (ret == 0)
 1191              		.loc 1 466 3 is_stmt 1 view .LVU344
 1192              		.loc 1 466 6 is_stmt 0 view .LVU345
 1193 0020 B3B3     		cbz	r3, .L89
 1194              	.L84:
 467:Drivers/Sensors/LPS22DF/lps22df_reg.c ****   {
 468:Drivers/Sensors/LPS22DF/lps22df_reg.c ****     ctrl_reg3.pp_od = ~val->int_push_pull;
 469:Drivers/Sensors/LPS22DF/lps22df_reg.c ****     ret = lps22df_write_reg(ctx, LPS22DF_CTRL_REG3, (uint8_t *)&ctrl_reg3, 1);
 470:Drivers/Sensors/LPS22DF/lps22df_reg.c ****   }
 471:Drivers/Sensors/LPS22DF/lps22df_reg.c **** 
 472:Drivers/Sensors/LPS22DF/lps22df_reg.c ****   return ret;
 473:Drivers/Sensors/LPS22DF/lps22df_reg.c **** }
 1195              		.loc 1 473 1 view .LVU346
 1196 0022 1846     		mov	r0, r3
 1197              	.LVL99:
 1198              		.loc 1 473 1 view .LVU347
 1199 0024 03B0     		add	sp, sp, #12
 1200              	.LCFI25:
 1201              		.cfi_remember_state
 1202              		.cfi_def_cfa_offset 12
 1203              		@ sp needed
 1204 0026 30BD     		pop	{r4, r5, pc}
 1205              	.LVL100:
 1206              	.L88:
 1207              	.LCFI26:
 1208              		.cfi_restore_state
 456:Drivers/Sensors/LPS22DF/lps22df_reg.c ****     if_ctrl.sdo_pu_en = val->sdo_pull_up;
 1209              		.loc 1 456 5 is_stmt 1 view .LVU348
 456:Drivers/Sensors/LPS22DF/lps22df_reg.c ****     if_ctrl.sdo_pu_en = val->sdo_pull_up;
 1210              		.loc 1 456 30 is_stmt 0 view .LVU349
 1211 0028 2B78     		ldrb	r3, [r5]	@ zero_extendqisi2
 1212 002a C3F34002 		ubfx	r2, r3, #1, #1
 456:Drivers/Sensors/LPS22DF/lps22df_reg.c ****     if_ctrl.sdo_pu_en = val->sdo_pull_up;
 1213              		.loc 1 456 26 view .LVU350
 1214 002e 82F00102 		eor	r2, r2, #1
 456:Drivers/Sensors/LPS22DF/lps22df_reg.c ****     if_ctrl.sdo_pu_en = val->sdo_pull_up;
 1215              		.loc 1 456 24 view .LVU351
 1216 0032 9DF80010 		ldrb	r1, [sp]	@ zero_extendqisi2
 1217 0036 62F38201 		bfi	r1, r2, #2, #1
 1218 003a 8DF80010 		strb	r1, [sp]
 457:Drivers/Sensors/LPS22DF/lps22df_reg.c ****     if_ctrl.sda_pu_en = val->sda_pull_up;
 1219              		.loc 1 457 5 is_stmt 1 view .LVU352
 457:Drivers/Sensors/LPS22DF/lps22df_reg.c ****     if_ctrl.sda_pu_en = val->sda_pull_up;
 1220              		.loc 1 457 28 is_stmt 0 view .LVU353
 1221 003e C3F38001 		ubfx	r1, r3, #2, #1
 457:Drivers/Sensors/LPS22DF/lps22df_reg.c ****     if_ctrl.sda_pu_en = val->sda_pull_up;
 1222              		.loc 1 457 23 view .LVU354
 1223 0042 9DF80020 		ldrb	r2, [sp]	@ zero_extendqisi2
 1224 0046 61F3C302 		bfi	r2, r1, #3, #1
 1225 004a 8DF80020 		strb	r2, [sp]
 458:Drivers/Sensors/LPS22DF/lps22df_reg.c ****     if_ctrl.cs_pu_dis = ~val->cs_pull_up;
ARM GAS  /tmp/ccy7DkP9.s 			page 35


 1226              		.loc 1 458 5 is_stmt 1 view .LVU355
 458:Drivers/Sensors/LPS22DF/lps22df_reg.c ****     if_ctrl.cs_pu_dis = ~val->cs_pull_up;
 1227              		.loc 1 458 28 is_stmt 0 view .LVU356
 1228 004e C3F3C001 		ubfx	r1, r3, #3, #1
 458:Drivers/Sensors/LPS22DF/lps22df_reg.c ****     if_ctrl.cs_pu_dis = ~val->cs_pull_up;
 1229              		.loc 1 458 23 view .LVU357
 1230 0052 D2B2     		uxtb	r2, r2
 1231 0054 61F30412 		bfi	r2, r1, #4, #1
 1232 0058 8DF80020 		strb	r2, [sp]
 459:Drivers/Sensors/LPS22DF/lps22df_reg.c ****     ret = lps22df_write_reg(ctx, LPS22DF_IF_CTRL, (uint8_t *)&if_ctrl, 1);
 1233              		.loc 1 459 5 is_stmt 1 view .LVU358
 459:Drivers/Sensors/LPS22DF/lps22df_reg.c ****     ret = lps22df_write_reg(ctx, LPS22DF_IF_CTRL, (uint8_t *)&if_ctrl, 1);
 1234              		.loc 1 459 29 is_stmt 0 view .LVU359
 1235 005c C3F30013 		ubfx	r3, r3, #4, #1
 459:Drivers/Sensors/LPS22DF/lps22df_reg.c ****     ret = lps22df_write_reg(ctx, LPS22DF_IF_CTRL, (uint8_t *)&if_ctrl, 1);
 1236              		.loc 1 459 25 view .LVU360
 1237 0060 83F00103 		eor	r3, r3, #1
 459:Drivers/Sensors/LPS22DF/lps22df_reg.c ****     ret = lps22df_write_reg(ctx, LPS22DF_IF_CTRL, (uint8_t *)&if_ctrl, 1);
 1238              		.loc 1 459 23 view .LVU361
 1239 0064 D2B2     		uxtb	r2, r2
 1240 0066 63F34102 		bfi	r2, r3, #1, #1
 1241 006a 8DF80020 		strb	r2, [sp]
 460:Drivers/Sensors/LPS22DF/lps22df_reg.c ****   }
 1242              		.loc 1 460 5 is_stmt 1 view .LVU362
 460:Drivers/Sensors/LPS22DF/lps22df_reg.c ****   }
 1243              		.loc 1 460 11 is_stmt 0 view .LVU363
 1244 006e 0123     		movs	r3, #1
 1245 0070 6A46     		mov	r2, sp
 1246 0072 0E21     		movs	r1, #14
 1247 0074 2046     		mov	r0, r4
 1248              	.LVL101:
 460:Drivers/Sensors/LPS22DF/lps22df_reg.c ****   }
 1249              		.loc 1 460 11 view .LVU364
 1250 0076 FFF7FEFF 		bl	lps22df_write_reg
 1251              	.LVL102:
 462:Drivers/Sensors/LPS22DF/lps22df_reg.c ****   {
 1252              		.loc 1 462 3 is_stmt 1 view .LVU365
 462:Drivers/Sensors/LPS22DF/lps22df_reg.c ****   {
 1253              		.loc 1 462 6 is_stmt 0 view .LVU366
 1254 007a 0346     		mov	r3, r0
 1255 007c 0028     		cmp	r0, #0
 1256 007e D0D1     		bne	.L84
 464:Drivers/Sensors/LPS22DF/lps22df_reg.c ****   }
 1257              		.loc 1 464 5 is_stmt 1 view .LVU367
 464:Drivers/Sensors/LPS22DF/lps22df_reg.c ****   }
 1258              		.loc 1 464 11 is_stmt 0 view .LVU368
 1259 0080 0123     		movs	r3, #1
 1260 0082 01AA     		add	r2, sp, #4
 1261 0084 1221     		movs	r1, #18
 1262 0086 2046     		mov	r0, r4
 1263              	.LVL103:
 464:Drivers/Sensors/LPS22DF/lps22df_reg.c ****   }
 1264              		.loc 1 464 11 view .LVU369
 1265 0088 FFF7FEFF 		bl	lps22df_read_reg
 1266              	.LVL104:
 1267 008c 0346     		mov	r3, r0
 1268              	.LVL105:
ARM GAS  /tmp/ccy7DkP9.s 			page 36


 464:Drivers/Sensors/LPS22DF/lps22df_reg.c ****   }
 1269              		.loc 1 464 11 view .LVU370
 1270 008e C7E7     		b	.L85
 1271              	.L89:
 468:Drivers/Sensors/LPS22DF/lps22df_reg.c ****     ret = lps22df_write_reg(ctx, LPS22DF_CTRL_REG3, (uint8_t *)&ctrl_reg3, 1);
 1272              		.loc 1 468 5 is_stmt 1 view .LVU371
 468:Drivers/Sensors/LPS22DF/lps22df_reg.c ****     ret = lps22df_write_reg(ctx, LPS22DF_CTRL_REG3, (uint8_t *)&ctrl_reg3, 1);
 1273              		.loc 1 468 27 is_stmt 0 view .LVU372
 1274 0090 2B78     		ldrb	r3, [r5]	@ zero_extendqisi2
 1275 0092 03F00103 		and	r3, r3, #1
 468:Drivers/Sensors/LPS22DF/lps22df_reg.c ****     ret = lps22df_write_reg(ctx, LPS22DF_CTRL_REG3, (uint8_t *)&ctrl_reg3, 1);
 1276              		.loc 1 468 23 view .LVU373
 1277 0096 83F00103 		eor	r3, r3, #1
 468:Drivers/Sensors/LPS22DF/lps22df_reg.c ****     ret = lps22df_write_reg(ctx, LPS22DF_CTRL_REG3, (uint8_t *)&ctrl_reg3, 1);
 1278              		.loc 1 468 21 view .LVU374
 1279 009a 9DF80420 		ldrb	r2, [sp, #4]	@ zero_extendqisi2
 1280 009e 63F34102 		bfi	r2, r3, #1, #1
 1281 00a2 8DF80420 		strb	r2, [sp, #4]
 469:Drivers/Sensors/LPS22DF/lps22df_reg.c ****   }
 1282              		.loc 1 469 5 is_stmt 1 view .LVU375
 469:Drivers/Sensors/LPS22DF/lps22df_reg.c ****   }
 1283              		.loc 1 469 11 is_stmt 0 view .LVU376
 1284 00a6 0123     		movs	r3, #1
 1285 00a8 01AA     		add	r2, sp, #4
 1286 00aa 1221     		movs	r1, #18
 1287 00ac 2046     		mov	r0, r4
 1288              	.LVL106:
 469:Drivers/Sensors/LPS22DF/lps22df_reg.c ****   }
 1289              		.loc 1 469 11 view .LVU377
 1290 00ae FFF7FEFF 		bl	lps22df_write_reg
 1291              	.LVL107:
 1292 00b2 0346     		mov	r3, r0
 1293              	.LVL108:
 472:Drivers/Sensors/LPS22DF/lps22df_reg.c **** }
 1294              		.loc 1 472 3 is_stmt 1 view .LVU378
 472:Drivers/Sensors/LPS22DF/lps22df_reg.c **** }
 1295              		.loc 1 472 10 is_stmt 0 view .LVU379
 1296 00b4 B5E7     		b	.L84
 1297              		.cfi_endproc
 1298              	.LFE10:
 1300              		.section	.text.lps22df_pin_conf_get,"ax",%progbits
 1301              		.align	1
 1302              		.global	lps22df_pin_conf_get
 1303              		.syntax unified
 1304              		.thumb
 1305              		.thumb_func
 1307              	lps22df_pin_conf_get:
 1308              	.LVL109:
 1309              	.LFB11:
 474:Drivers/Sensors/LPS22DF/lps22df_reg.c **** 
 475:Drivers/Sensors/LPS22DF/lps22df_reg.c **** /**
 476:Drivers/Sensors/LPS22DF/lps22df_reg.c ****   * @brief  Electrical pin configuration.[get]
 477:Drivers/Sensors/LPS22DF/lps22df_reg.c ****   *
 478:Drivers/Sensors/LPS22DF/lps22df_reg.c ****   * @param  ctx   communication interface handler.(ptr)
 479:Drivers/Sensors/LPS22DF/lps22df_reg.c ****   * @param  val   the electrical settings for the configurable pins.(ptr)
 480:Drivers/Sensors/LPS22DF/lps22df_reg.c ****   * @retval       interface status (MANDATORY: return 0 -> no Error)
 481:Drivers/Sensors/LPS22DF/lps22df_reg.c ****   *
ARM GAS  /tmp/ccy7DkP9.s 			page 37


 482:Drivers/Sensors/LPS22DF/lps22df_reg.c ****   */
 483:Drivers/Sensors/LPS22DF/lps22df_reg.c **** int32_t lps22df_pin_conf_get(const stmdev_ctx_t *ctx, lps22df_pin_conf_t *val)
 484:Drivers/Sensors/LPS22DF/lps22df_reg.c **** {
 1310              		.loc 1 484 1 is_stmt 1 view -0
 1311              		.cfi_startproc
 1312              		@ args = 0, pretend = 0, frame = 8
 1313              		@ frame_needed = 0, uses_anonymous_args = 0
 1314              		.loc 1 484 1 is_stmt 0 view .LVU381
 1315 0000 30B5     		push	{r4, r5, lr}
 1316              	.LCFI27:
 1317              		.cfi_def_cfa_offset 12
 1318              		.cfi_offset 4, -12
 1319              		.cfi_offset 5, -8
 1320              		.cfi_offset 14, -4
 1321 0002 83B0     		sub	sp, sp, #12
 1322              	.LCFI28:
 1323              		.cfi_def_cfa_offset 24
 1324 0004 0546     		mov	r5, r0
 1325 0006 0C46     		mov	r4, r1
 485:Drivers/Sensors/LPS22DF/lps22df_reg.c ****   lps22df_ctrl_reg3_t ctrl_reg3 = {0};
 1326              		.loc 1 485 3 is_stmt 1 view .LVU382
 1327              		.loc 1 485 23 is_stmt 0 view .LVU383
 1328 0008 0023     		movs	r3, #0
 1329 000a 8DF80430 		strb	r3, [sp, #4]
 486:Drivers/Sensors/LPS22DF/lps22df_reg.c ****   lps22df_if_ctrl_t if_ctrl = {0};
 1330              		.loc 1 486 3 is_stmt 1 view .LVU384
 1331              		.loc 1 486 21 is_stmt 0 view .LVU385
 1332 000e 8DF80030 		strb	r3, [sp]
 487:Drivers/Sensors/LPS22DF/lps22df_reg.c ****   int32_t ret = {0};
 1333              		.loc 1 487 3 is_stmt 1 view .LVU386
 1334              	.LVL110:
 488:Drivers/Sensors/LPS22DF/lps22df_reg.c **** 
 489:Drivers/Sensors/LPS22DF/lps22df_reg.c ****   ret = lps22df_read_reg(ctx, LPS22DF_IF_CTRL, (uint8_t *)&if_ctrl, 1);
 1335              		.loc 1 489 3 view .LVU387
 1336              		.loc 1 489 9 is_stmt 0 view .LVU388
 1337 0012 0123     		movs	r3, #1
 1338 0014 6A46     		mov	r2, sp
 1339 0016 0E21     		movs	r1, #14
 1340              	.LVL111:
 1341              		.loc 1 489 9 view .LVU389
 1342 0018 FFF7FEFF 		bl	lps22df_read_reg
 1343              	.LVL112:
 490:Drivers/Sensors/LPS22DF/lps22df_reg.c ****   if (ret == 0)
 1344              		.loc 1 490 3 is_stmt 1 view .LVU390
 1345              		.loc 1 490 6 is_stmt 0 view .LVU391
 1346 001c 08B1     		cbz	r0, .L95
 1347              	.LVL113:
 1348              	.L90:
 491:Drivers/Sensors/LPS22DF/lps22df_reg.c ****   {
 492:Drivers/Sensors/LPS22DF/lps22df_reg.c ****     ret = lps22df_read_reg(ctx, LPS22DF_CTRL_REG3, (uint8_t *)&ctrl_reg3, 1);
 493:Drivers/Sensors/LPS22DF/lps22df_reg.c ****   }
 494:Drivers/Sensors/LPS22DF/lps22df_reg.c **** 
 495:Drivers/Sensors/LPS22DF/lps22df_reg.c ****   if (ret != 0)
 496:Drivers/Sensors/LPS22DF/lps22df_reg.c ****   {
 497:Drivers/Sensors/LPS22DF/lps22df_reg.c ****     return ret;
 498:Drivers/Sensors/LPS22DF/lps22df_reg.c ****   }
 499:Drivers/Sensors/LPS22DF/lps22df_reg.c ****   val->sda_pull_up  = if_ctrl.sda_pu_en;
ARM GAS  /tmp/ccy7DkP9.s 			page 38


 500:Drivers/Sensors/LPS22DF/lps22df_reg.c ****   val->cs_pull_up = ~if_ctrl.cs_pu_dis;
 501:Drivers/Sensors/LPS22DF/lps22df_reg.c ****   val->int_pull_down = ~if_ctrl.int_pd_dis;
 502:Drivers/Sensors/LPS22DF/lps22df_reg.c ****   val->sdo_pull_up  = if_ctrl.sdo_pu_en;
 503:Drivers/Sensors/LPS22DF/lps22df_reg.c ****   val->int_push_pull  = ~ctrl_reg3.pp_od;
 504:Drivers/Sensors/LPS22DF/lps22df_reg.c **** 
 505:Drivers/Sensors/LPS22DF/lps22df_reg.c ****   return ret;
 506:Drivers/Sensors/LPS22DF/lps22df_reg.c **** }
 1349              		.loc 1 506 1 view .LVU392
 1350 001e 03B0     		add	sp, sp, #12
 1351              	.LCFI29:
 1352              		.cfi_remember_state
 1353              		.cfi_def_cfa_offset 12
 1354              		@ sp needed
 1355 0020 30BD     		pop	{r4, r5, pc}
 1356              	.LVL114:
 1357              	.L95:
 1358              	.LCFI30:
 1359              		.cfi_restore_state
 492:Drivers/Sensors/LPS22DF/lps22df_reg.c ****   }
 1360              		.loc 1 492 5 is_stmt 1 view .LVU393
 492:Drivers/Sensors/LPS22DF/lps22df_reg.c ****   }
 1361              		.loc 1 492 11 is_stmt 0 view .LVU394
 1362 0022 0123     		movs	r3, #1
 1363              	.LVL115:
 492:Drivers/Sensors/LPS22DF/lps22df_reg.c ****   }
 1364              		.loc 1 492 11 view .LVU395
 1365 0024 01AA     		add	r2, sp, #4
 1366 0026 1221     		movs	r1, #18
 1367 0028 2846     		mov	r0, r5
 1368 002a FFF7FEFF 		bl	lps22df_read_reg
 1369              	.LVL116:
 495:Drivers/Sensors/LPS22DF/lps22df_reg.c ****   {
 1370              		.loc 1 495 3 is_stmt 1 view .LVU396
 495:Drivers/Sensors/LPS22DF/lps22df_reg.c ****   {
 1371              		.loc 1 495 6 is_stmt 0 view .LVU397
 1372 002e 0028     		cmp	r0, #0
 1373 0030 F5D1     		bne	.L90
 499:Drivers/Sensors/LPS22DF/lps22df_reg.c ****   val->cs_pull_up = ~if_ctrl.cs_pu_dis;
 1374              		.loc 1 499 3 is_stmt 1 view .LVU398
 499:Drivers/Sensors/LPS22DF/lps22df_reg.c ****   val->cs_pull_up = ~if_ctrl.cs_pu_dis;
 1375              		.loc 1 499 30 is_stmt 0 view .LVU399
 1376 0032 9DF80030 		ldrb	r3, [sp]	@ zero_extendqisi2
 1377 0036 C3F30011 		ubfx	r1, r3, #4, #1
 499:Drivers/Sensors/LPS22DF/lps22df_reg.c ****   val->cs_pull_up = ~if_ctrl.cs_pu_dis;
 1378              		.loc 1 499 21 view .LVU400
 1379 003a 2278     		ldrb	r2, [r4]	@ zero_extendqisi2
 1380 003c 61F3C302 		bfi	r2, r1, #3, #1
 1381 0040 2270     		strb	r2, [r4]
 500:Drivers/Sensors/LPS22DF/lps22df_reg.c ****   val->int_pull_down = ~if_ctrl.int_pd_dis;
 1382              		.loc 1 500 3 is_stmt 1 view .LVU401
 500:Drivers/Sensors/LPS22DF/lps22df_reg.c ****   val->int_pull_down = ~if_ctrl.int_pd_dis;
 1383              		.loc 1 500 29 is_stmt 0 view .LVU402
 1384 0042 C3F34002 		ubfx	r2, r3, #1, #1
 500:Drivers/Sensors/LPS22DF/lps22df_reg.c ****   val->int_pull_down = ~if_ctrl.int_pd_dis;
 1385              		.loc 1 500 21 view .LVU403
 1386 0046 82F00102 		eor	r2, r2, #1
 500:Drivers/Sensors/LPS22DF/lps22df_reg.c ****   val->int_pull_down = ~if_ctrl.int_pd_dis;
ARM GAS  /tmp/ccy7DkP9.s 			page 39


 1387              		.loc 1 500 19 view .LVU404
 1388 004a 2178     		ldrb	r1, [r4]	@ zero_extendqisi2
 1389 004c 62F30411 		bfi	r1, r2, #4, #1
 1390 0050 2170     		strb	r1, [r4]
 501:Drivers/Sensors/LPS22DF/lps22df_reg.c ****   val->sdo_pull_up  = if_ctrl.sdo_pu_en;
 1391              		.loc 1 501 3 is_stmt 1 view .LVU405
 501:Drivers/Sensors/LPS22DF/lps22df_reg.c ****   val->sdo_pull_up  = if_ctrl.sdo_pu_en;
 1392              		.loc 1 501 32 is_stmt 0 view .LVU406
 1393 0052 C3F38002 		ubfx	r2, r3, #2, #1
 501:Drivers/Sensors/LPS22DF/lps22df_reg.c ****   val->sdo_pull_up  = if_ctrl.sdo_pu_en;
 1394              		.loc 1 501 24 view .LVU407
 1395 0056 82F00102 		eor	r2, r2, #1
 501:Drivers/Sensors/LPS22DF/lps22df_reg.c ****   val->sdo_pull_up  = if_ctrl.sdo_pu_en;
 1396              		.loc 1 501 22 view .LVU408
 1397 005a C9B2     		uxtb	r1, r1
 1398 005c 62F34101 		bfi	r1, r2, #1, #1
 1399 0060 2170     		strb	r1, [r4]
 502:Drivers/Sensors/LPS22DF/lps22df_reg.c ****   val->int_push_pull  = ~ctrl_reg3.pp_od;
 1400              		.loc 1 502 3 is_stmt 1 view .LVU409
 502:Drivers/Sensors/LPS22DF/lps22df_reg.c ****   val->int_push_pull  = ~ctrl_reg3.pp_od;
 1401              		.loc 1 502 30 is_stmt 0 view .LVU410
 1402 0062 C3F3C003 		ubfx	r3, r3, #3, #1
 502:Drivers/Sensors/LPS22DF/lps22df_reg.c ****   val->int_push_pull  = ~ctrl_reg3.pp_od;
 1403              		.loc 1 502 21 view .LVU411
 1404 0066 CAB2     		uxtb	r2, r1
 1405 0068 63F38202 		bfi	r2, r3, #2, #1
 1406 006c 2270     		strb	r2, [r4]
 503:Drivers/Sensors/LPS22DF/lps22df_reg.c **** 
 1407              		.loc 1 503 3 is_stmt 1 view .LVU412
 503:Drivers/Sensors/LPS22DF/lps22df_reg.c **** 
 1408              		.loc 1 503 35 is_stmt 0 view .LVU413
 1409 006e 9DF80430 		ldrb	r3, [sp, #4]	@ zero_extendqisi2
 1410 0072 C3F34003 		ubfx	r3, r3, #1, #1
 503:Drivers/Sensors/LPS22DF/lps22df_reg.c **** 
 1411              		.loc 1 503 25 view .LVU414
 1412 0076 83F00103 		eor	r3, r3, #1
 503:Drivers/Sensors/LPS22DF/lps22df_reg.c **** 
 1413              		.loc 1 503 23 view .LVU415
 1414 007a D2B2     		uxtb	r2, r2
 1415 007c 63F30002 		bfi	r2, r3, #0, #1
 1416 0080 2270     		strb	r2, [r4]
 505:Drivers/Sensors/LPS22DF/lps22df_reg.c **** }
 1417              		.loc 1 505 3 is_stmt 1 view .LVU416
 505:Drivers/Sensors/LPS22DF/lps22df_reg.c **** }
 1418              		.loc 1 505 10 is_stmt 0 view .LVU417
 1419 0082 CCE7     		b	.L90
 1420              		.cfi_endproc
 1421              	.LFE11:
 1423              		.section	.text.lps22df_all_sources_get,"ax",%progbits
 1424              		.align	1
 1425              		.global	lps22df_all_sources_get
 1426              		.syntax unified
 1427              		.thumb
 1428              		.thumb_func
 1430              	lps22df_all_sources_get:
 1431              	.LVL117:
 1432              	.LFB12:
ARM GAS  /tmp/ccy7DkP9.s 			page 40


 507:Drivers/Sensors/LPS22DF/lps22df_reg.c **** 
 508:Drivers/Sensors/LPS22DF/lps22df_reg.c **** /**
 509:Drivers/Sensors/LPS22DF/lps22df_reg.c ****   * @brief  Get the status of all the interrupt sources.[get]
 510:Drivers/Sensors/LPS22DF/lps22df_reg.c ****   *
 511:Drivers/Sensors/LPS22DF/lps22df_reg.c ****   * @param  ctx   communication interface handler.(ptr)
 512:Drivers/Sensors/LPS22DF/lps22df_reg.c ****   * @param  val   the status of all the interrupt sources.(ptr)
 513:Drivers/Sensors/LPS22DF/lps22df_reg.c ****   * @retval       interface status (MANDATORY: return 0 -> no Error)
 514:Drivers/Sensors/LPS22DF/lps22df_reg.c ****   *
 515:Drivers/Sensors/LPS22DF/lps22df_reg.c ****   */
 516:Drivers/Sensors/LPS22DF/lps22df_reg.c **** int32_t lps22df_all_sources_get(const stmdev_ctx_t *ctx,
 517:Drivers/Sensors/LPS22DF/lps22df_reg.c ****                                 lps22df_all_sources_t *val)
 518:Drivers/Sensors/LPS22DF/lps22df_reg.c **** {
 1433              		.loc 1 518 1 is_stmt 1 view -0
 1434              		.cfi_startproc
 1435              		@ args = 0, pretend = 0, frame = 16
 1436              		@ frame_needed = 0, uses_anonymous_args = 0
 1437              		.loc 1 518 1 is_stmt 0 view .LVU419
 1438 0000 30B5     		push	{r4, r5, lr}
 1439              	.LCFI31:
 1440              		.cfi_def_cfa_offset 12
 1441              		.cfi_offset 4, -12
 1442              		.cfi_offset 5, -8
 1443              		.cfi_offset 14, -4
 1444 0002 85B0     		sub	sp, sp, #20
 1445              	.LCFI32:
 1446              		.cfi_def_cfa_offset 32
 1447 0004 0546     		mov	r5, r0
 1448 0006 0C46     		mov	r4, r1
 519:Drivers/Sensors/LPS22DF/lps22df_reg.c ****   lps22df_fifo_status2_t fifo_status2 = {0};
 1449              		.loc 1 519 3 is_stmt 1 view .LVU420
 1450              		.loc 1 519 26 is_stmt 0 view .LVU421
 1451 0008 0023     		movs	r3, #0
 1452 000a 8DF80C30 		strb	r3, [sp, #12]
 520:Drivers/Sensors/LPS22DF/lps22df_reg.c ****   lps22df_int_source_t int_source = {0};
 1453              		.loc 1 520 3 is_stmt 1 view .LVU422
 1454              		.loc 1 520 24 is_stmt 0 view .LVU423
 1455 000e 8DF80830 		strb	r3, [sp, #8]
 521:Drivers/Sensors/LPS22DF/lps22df_reg.c ****   lps22df_status_t status = {0};
 1456              		.loc 1 521 3 is_stmt 1 view .LVU424
 1457              		.loc 1 521 20 is_stmt 0 view .LVU425
 1458 0012 8DF80430 		strb	r3, [sp, #4]
 522:Drivers/Sensors/LPS22DF/lps22df_reg.c ****   int32_t ret = {0};
 1459              		.loc 1 522 3 is_stmt 1 view .LVU426
 1460              	.LVL118:
 523:Drivers/Sensors/LPS22DF/lps22df_reg.c **** 
 524:Drivers/Sensors/LPS22DF/lps22df_reg.c ****   ret = lps22df_read_reg(ctx, LPS22DF_STATUS, (uint8_t *)&status, 1);
 1461              		.loc 1 524 3 view .LVU427
 1462              		.loc 1 524 9 is_stmt 0 view .LVU428
 1463 0016 0123     		movs	r3, #1
 1464 0018 01AA     		add	r2, sp, #4
 1465 001a 2721     		movs	r1, #39
 1466              	.LVL119:
 1467              		.loc 1 524 9 view .LVU429
 1468 001c FFF7FEFF 		bl	lps22df_read_reg
 1469              	.LVL120:
 525:Drivers/Sensors/LPS22DF/lps22df_reg.c ****   if (ret == 0)
 1470              		.loc 1 525 3 is_stmt 1 view .LVU430
ARM GAS  /tmp/ccy7DkP9.s 			page 41


 1471              		.loc 1 525 6 is_stmt 0 view .LVU431
 1472 0020 0346     		mov	r3, r0
 1473 0022 A0B3     		cbz	r0, .L102
 1474              	.L97:
 526:Drivers/Sensors/LPS22DF/lps22df_reg.c ****   {
 527:Drivers/Sensors/LPS22DF/lps22df_reg.c ****     ret = lps22df_read_reg(ctx, LPS22DF_INT_SOURCE,
 528:Drivers/Sensors/LPS22DF/lps22df_reg.c ****                            (uint8_t *)&int_source, 1);
 529:Drivers/Sensors/LPS22DF/lps22df_reg.c ****   }
 530:Drivers/Sensors/LPS22DF/lps22df_reg.c ****   if (ret == 0)
 531:Drivers/Sensors/LPS22DF/lps22df_reg.c ****   {
 532:Drivers/Sensors/LPS22DF/lps22df_reg.c ****     ret = lps22df_read_reg(ctx, LPS22DF_FIFO_STATUS2,
 533:Drivers/Sensors/LPS22DF/lps22df_reg.c ****                            (uint8_t *)&fifo_status2, 1);
 534:Drivers/Sensors/LPS22DF/lps22df_reg.c ****   }
 535:Drivers/Sensors/LPS22DF/lps22df_reg.c **** 
 536:Drivers/Sensors/LPS22DF/lps22df_reg.c ****   if (ret != 0)
 1475              		.loc 1 536 3 is_stmt 1 view .LVU432
 1476              		.loc 1 536 6 is_stmt 0 view .LVU433
 1477 0024 83BB     		cbnz	r3, .L96
 537:Drivers/Sensors/LPS22DF/lps22df_reg.c ****   {
 538:Drivers/Sensors/LPS22DF/lps22df_reg.c ****     return ret;
 539:Drivers/Sensors/LPS22DF/lps22df_reg.c ****   }
 540:Drivers/Sensors/LPS22DF/lps22df_reg.c ****   val->drdy_pres        = status.p_da;
 1478              		.loc 1 540 3 is_stmt 1 view .LVU434
 1479              		.loc 1 540 33 is_stmt 0 view .LVU435
 1480 0026 9DF80420 		ldrb	r2, [sp, #4]	@ zero_extendqisi2
 1481              		.loc 1 540 25 view .LVU436
 1482 002a 2178     		ldrb	r1, [r4]	@ zero_extendqisi2
 1483 002c 62F30001 		bfi	r1, r2, #0, #1
 1484 0030 2170     		strb	r1, [r4]
 541:Drivers/Sensors/LPS22DF/lps22df_reg.c ****   val->drdy_temp        = status.t_da;
 1485              		.loc 1 541 3 is_stmt 1 view .LVU437
 1486              		.loc 1 541 33 is_stmt 0 view .LVU438
 1487 0032 C2F34002 		ubfx	r2, r2, #1, #1
 1488              		.loc 1 541 25 view .LVU439
 1489 0036 C9B2     		uxtb	r1, r1
 1490 0038 62F34101 		bfi	r1, r2, #1, #1
 1491 003c 2170     		strb	r1, [r4]
 542:Drivers/Sensors/LPS22DF/lps22df_reg.c ****   val->over_pres        = int_source.ph;
 1492              		.loc 1 542 3 is_stmt 1 view .LVU440
 1493              		.loc 1 542 37 is_stmt 0 view .LVU441
 1494 003e 9DF80820 		ldrb	r2, [sp, #8]	@ zero_extendqisi2
 1495              		.loc 1 542 25 view .LVU442
 1496 0042 C9B2     		uxtb	r1, r1
 1497 0044 62F38201 		bfi	r1, r2, #2, #1
 1498 0048 2170     		strb	r1, [r4]
 543:Drivers/Sensors/LPS22DF/lps22df_reg.c ****   val->under_pres       = int_source.pl;
 1499              		.loc 1 543 3 is_stmt 1 view .LVU443
 1500              		.loc 1 543 37 is_stmt 0 view .LVU444
 1501 004a C2F34000 		ubfx	r0, r2, #1, #1
 1502              	.LVL121:
 1503              		.loc 1 543 25 view .LVU445
 1504 004e C9B2     		uxtb	r1, r1
 1505 0050 60F3C301 		bfi	r1, r0, #3, #1
 1506 0054 2170     		strb	r1, [r4]
 544:Drivers/Sensors/LPS22DF/lps22df_reg.c ****   val->thrsld_pres      = int_source.ia;
 1507              		.loc 1 544 3 is_stmt 1 view .LVU446
 1508              		.loc 1 544 37 is_stmt 0 view .LVU447
ARM GAS  /tmp/ccy7DkP9.s 			page 42


 1509 0056 C2F38002 		ubfx	r2, r2, #2, #1
 1510              		.loc 1 544 25 view .LVU448
 1511 005a C9B2     		uxtb	r1, r1
 1512 005c 62F30411 		bfi	r1, r2, #4, #1
 1513 0060 2170     		strb	r1, [r4]
 545:Drivers/Sensors/LPS22DF/lps22df_reg.c ****   val->fifo_full        = fifo_status2.fifo_full_ia;
 1514              		.loc 1 545 3 is_stmt 1 view .LVU449
 1515              		.loc 1 545 39 is_stmt 0 view .LVU450
 1516 0062 9DF80C20 		ldrb	r2, [sp, #12]	@ zero_extendqisi2
 1517 0066 C2F34010 		ubfx	r0, r2, #5, #1
 1518              		.loc 1 545 25 view .LVU451
 1519 006a C9B2     		uxtb	r1, r1
 1520 006c 60F34511 		bfi	r1, r0, #5, #1
 1521 0070 2170     		strb	r1, [r4]
 546:Drivers/Sensors/LPS22DF/lps22df_reg.c ****   val->fifo_ovr         = fifo_status2.fifo_ovr_ia;
 1522              		.loc 1 546 3 is_stmt 1 view .LVU452
 1523              		.loc 1 546 39 is_stmt 0 view .LVU453
 1524 0072 C2F38010 		ubfx	r0, r2, #6, #1
 1525              		.loc 1 546 25 view .LVU454
 1526 0076 C9B2     		uxtb	r1, r1
 1527 0078 60F38611 		bfi	r1, r0, #6, #1
 1528 007c 2170     		strb	r1, [r4]
 547:Drivers/Sensors/LPS22DF/lps22df_reg.c ****   val->fifo_th          = fifo_status2.fifo_wtm_ia;
 1529              		.loc 1 547 3 is_stmt 1 view .LVU455
 1530              		.loc 1 547 39 is_stmt 0 view .LVU456
 1531 007e D209     		lsrs	r2, r2, #7
 1532              		.loc 1 547 25 view .LVU457
 1533 0080 C9B2     		uxtb	r1, r1
 1534 0082 62F3C711 		bfi	r1, r2, #7, #1
 1535 0086 2170     		strb	r1, [r4]
 548:Drivers/Sensors/LPS22DF/lps22df_reg.c **** 
 549:Drivers/Sensors/LPS22DF/lps22df_reg.c ****   return ret;
 1536              		.loc 1 549 3 is_stmt 1 view .LVU458
 1537              	.L96:
 550:Drivers/Sensors/LPS22DF/lps22df_reg.c **** }
 1538              		.loc 1 550 1 is_stmt 0 view .LVU459
 1539 0088 1846     		mov	r0, r3
 1540 008a 05B0     		add	sp, sp, #20
 1541              	.LCFI33:
 1542              		.cfi_remember_state
 1543              		.cfi_def_cfa_offset 12
 1544              		@ sp needed
 1545 008c 30BD     		pop	{r4, r5, pc}
 1546              	.LVL122:
 1547              	.L102:
 1548              	.LCFI34:
 1549              		.cfi_restore_state
 527:Drivers/Sensors/LPS22DF/lps22df_reg.c ****                            (uint8_t *)&int_source, 1);
 1550              		.loc 1 527 5 is_stmt 1 view .LVU460
 527:Drivers/Sensors/LPS22DF/lps22df_reg.c ****                            (uint8_t *)&int_source, 1);
 1551              		.loc 1 527 11 is_stmt 0 view .LVU461
 1552 008e 0123     		movs	r3, #1
 1553 0090 02AA     		add	r2, sp, #8
 1554 0092 2421     		movs	r1, #36
 1555 0094 2846     		mov	r0, r5
 1556              	.LVL123:
 527:Drivers/Sensors/LPS22DF/lps22df_reg.c ****                            (uint8_t *)&int_source, 1);
ARM GAS  /tmp/ccy7DkP9.s 			page 43


 1557              		.loc 1 527 11 view .LVU462
 1558 0096 FFF7FEFF 		bl	lps22df_read_reg
 1559              	.LVL124:
 530:Drivers/Sensors/LPS22DF/lps22df_reg.c ****   {
 1560              		.loc 1 530 3 is_stmt 1 view .LVU463
 530:Drivers/Sensors/LPS22DF/lps22df_reg.c ****   {
 1561              		.loc 1 530 6 is_stmt 0 view .LVU464
 1562 009a 0346     		mov	r3, r0
 1563 009c 0028     		cmp	r0, #0
 1564 009e F3D1     		bne	.L96
 532:Drivers/Sensors/LPS22DF/lps22df_reg.c ****                            (uint8_t *)&fifo_status2, 1);
 1565              		.loc 1 532 5 is_stmt 1 view .LVU465
 532:Drivers/Sensors/LPS22DF/lps22df_reg.c ****                            (uint8_t *)&fifo_status2, 1);
 1566              		.loc 1 532 11 is_stmt 0 view .LVU466
 1567 00a0 0123     		movs	r3, #1
 1568 00a2 03AA     		add	r2, sp, #12
 1569 00a4 2621     		movs	r1, #38
 1570 00a6 2846     		mov	r0, r5
 1571              	.LVL125:
 532:Drivers/Sensors/LPS22DF/lps22df_reg.c ****                            (uint8_t *)&fifo_status2, 1);
 1572              		.loc 1 532 11 view .LVU467
 1573 00a8 FFF7FEFF 		bl	lps22df_read_reg
 1574              	.LVL126:
 1575 00ac 0346     		mov	r3, r0
 1576              	.LVL127:
 532:Drivers/Sensors/LPS22DF/lps22df_reg.c ****                            (uint8_t *)&fifo_status2, 1);
 1577              		.loc 1 532 11 view .LVU468
 1578 00ae B9E7     		b	.L97
 1579              		.cfi_endproc
 1580              	.LFE12:
 1582              		.section	.text.lps22df_mode_set,"ax",%progbits
 1583              		.align	1
 1584              		.global	lps22df_mode_set
 1585              		.syntax unified
 1586              		.thumb
 1587              		.thumb_func
 1589              	lps22df_mode_set:
 1590              	.LVL128:
 1591              	.LFB13:
 551:Drivers/Sensors/LPS22DF/lps22df_reg.c **** 
 552:Drivers/Sensors/LPS22DF/lps22df_reg.c **** 
 553:Drivers/Sensors/LPS22DF/lps22df_reg.c **** /**
 554:Drivers/Sensors/LPS22DF/lps22df_reg.c ****   * @brief  Sensor conversion parameters selection.[set]
 555:Drivers/Sensors/LPS22DF/lps22df_reg.c ****   *
 556:Drivers/Sensors/LPS22DF/lps22df_reg.c ****   * @param  ctx   communication interface handler.(ptr)
 557:Drivers/Sensors/LPS22DF/lps22df_reg.c ****   * @param  val   set the sensor conversion parameters.(ptr)
 558:Drivers/Sensors/LPS22DF/lps22df_reg.c ****   * @retval       interface status (MANDATORY: return 0 -> no Error)
 559:Drivers/Sensors/LPS22DF/lps22df_reg.c ****   *
 560:Drivers/Sensors/LPS22DF/lps22df_reg.c ****   */
 561:Drivers/Sensors/LPS22DF/lps22df_reg.c **** int32_t lps22df_mode_set(const stmdev_ctx_t *ctx, lps22df_md_t *val)
 562:Drivers/Sensors/LPS22DF/lps22df_reg.c **** {
 1592              		.loc 1 562 1 is_stmt 1 view -0
 1593              		.cfi_startproc
 1594              		@ args = 0, pretend = 0, frame = 16
 1595              		@ frame_needed = 0, uses_anonymous_args = 0
 1596              		.loc 1 562 1 is_stmt 0 view .LVU470
 1597 0000 30B5     		push	{r4, r5, lr}
ARM GAS  /tmp/ccy7DkP9.s 			page 44


 1598              	.LCFI35:
 1599              		.cfi_def_cfa_offset 12
 1600              		.cfi_offset 4, -12
 1601              		.cfi_offset 5, -8
 1602              		.cfi_offset 14, -4
 1603 0002 85B0     		sub	sp, sp, #20
 1604              	.LCFI36:
 1605              		.cfi_def_cfa_offset 32
 1606 0004 0546     		mov	r5, r0
 1607 0006 0C46     		mov	r4, r1
 563:Drivers/Sensors/LPS22DF/lps22df_reg.c ****   lps22df_ctrl_reg1_t ctrl_reg1 = {0};
 1608              		.loc 1 563 3 is_stmt 1 view .LVU471
 1609              		.loc 1 563 23 is_stmt 0 view .LVU472
 1610 0008 0023     		movs	r3, #0
 1611 000a 8DF80C30 		strb	r3, [sp, #12]
 564:Drivers/Sensors/LPS22DF/lps22df_reg.c ****   lps22df_ctrl_reg2_t ctrl_reg2 = {0};
 1612              		.loc 1 564 3 is_stmt 1 view .LVU473
 1613              		.loc 1 564 23 is_stmt 0 view .LVU474
 1614 000e 8DF80830 		strb	r3, [sp, #8]
 565:Drivers/Sensors/LPS22DF/lps22df_reg.c ****   uint8_t reg[2] = {0};
 1615              		.loc 1 565 3 is_stmt 1 view .LVU475
 1616              		.loc 1 565 11 is_stmt 0 view .LVU476
 1617 0012 ADF80430 		strh	r3, [sp, #4]	@ movhi
 566:Drivers/Sensors/LPS22DF/lps22df_reg.c ****   int32_t ret = {0};
 1618              		.loc 1 566 3 is_stmt 1 view .LVU477
 1619              	.LVL129:
 567:Drivers/Sensors/LPS22DF/lps22df_reg.c **** 
 568:Drivers/Sensors/LPS22DF/lps22df_reg.c ****   ret = lps22df_read_reg(ctx, LPS22DF_CTRL_REG1, reg, 2);
 1620              		.loc 1 568 3 view .LVU478
 1621              		.loc 1 568 9 is_stmt 0 view .LVU479
 1622 0016 0223     		movs	r3, #2
 1623 0018 01AA     		add	r2, sp, #4
 1624 001a 1021     		movs	r1, #16
 1625              	.LVL130:
 1626              		.loc 1 568 9 view .LVU480
 1627 001c FFF7FEFF 		bl	lps22df_read_reg
 1628              	.LVL131:
 569:Drivers/Sensors/LPS22DF/lps22df_reg.c **** 
 570:Drivers/Sensors/LPS22DF/lps22df_reg.c ****   if (ret == 0)
 1629              		.loc 1 570 3 is_stmt 1 view .LVU481
 1630              		.loc 1 570 6 is_stmt 0 view .LVU482
 1631 0020 08B1     		cbz	r0, .L106
 1632              	.LVL132:
 1633              	.L103:
 571:Drivers/Sensors/LPS22DF/lps22df_reg.c ****   {
 572:Drivers/Sensors/LPS22DF/lps22df_reg.c ****     bytecpy((uint8_t *)&ctrl_reg1, &reg[0]);
 573:Drivers/Sensors/LPS22DF/lps22df_reg.c ****     bytecpy((uint8_t *)&ctrl_reg2, &reg[1]);
 574:Drivers/Sensors/LPS22DF/lps22df_reg.c **** 
 575:Drivers/Sensors/LPS22DF/lps22df_reg.c ****     ctrl_reg1.odr = (uint8_t)val->odr & 0x0FU;
 576:Drivers/Sensors/LPS22DF/lps22df_reg.c ****     ctrl_reg1.avg = (uint8_t)val->avg & 0x07U;
 577:Drivers/Sensors/LPS22DF/lps22df_reg.c ****     ctrl_reg2.en_lpfp = (uint8_t)val->lpf & 0x01U;
 578:Drivers/Sensors/LPS22DF/lps22df_reg.c ****     ctrl_reg2.lfpf_cfg = ((uint8_t)val->lpf & 0x02U) >> 2;
 579:Drivers/Sensors/LPS22DF/lps22df_reg.c **** 
 580:Drivers/Sensors/LPS22DF/lps22df_reg.c ****     bytecpy(&reg[0], (uint8_t *)&ctrl_reg1);
 581:Drivers/Sensors/LPS22DF/lps22df_reg.c ****     bytecpy(&reg[1], (uint8_t *)&ctrl_reg2);
 582:Drivers/Sensors/LPS22DF/lps22df_reg.c ****     ret = lps22df_write_reg(ctx, LPS22DF_CTRL_REG1, reg, 2);
 583:Drivers/Sensors/LPS22DF/lps22df_reg.c ****   }
ARM GAS  /tmp/ccy7DkP9.s 			page 45


 584:Drivers/Sensors/LPS22DF/lps22df_reg.c **** 
 585:Drivers/Sensors/LPS22DF/lps22df_reg.c ****   return ret;
 586:Drivers/Sensors/LPS22DF/lps22df_reg.c **** }
 1634              		.loc 1 586 1 view .LVU483
 1635 0022 05B0     		add	sp, sp, #20
 1636              	.LCFI37:
 1637              		.cfi_remember_state
 1638              		.cfi_def_cfa_offset 12
 1639              		@ sp needed
 1640 0024 30BD     		pop	{r4, r5, pc}
 1641              	.LVL133:
 1642              	.L106:
 1643              	.LCFI38:
 1644              		.cfi_restore_state
 572:Drivers/Sensors/LPS22DF/lps22df_reg.c ****     bytecpy((uint8_t *)&ctrl_reg2, &reg[1]);
 1645              		.loc 1 572 5 is_stmt 1 view .LVU484
 1646 0026 01A9     		add	r1, sp, #4
 1647 0028 03A8     		add	r0, sp, #12
 1648 002a FFF7FEFF 		bl	bytecpy
 1649              	.LVL134:
 573:Drivers/Sensors/LPS22DF/lps22df_reg.c **** 
 1650              		.loc 1 573 5 view .LVU485
 1651 002e 0DF10501 		add	r1, sp, #5
 1652 0032 02A8     		add	r0, sp, #8
 1653 0034 FFF7FEFF 		bl	bytecpy
 1654              	.LVL135:
 575:Drivers/Sensors/LPS22DF/lps22df_reg.c ****     ctrl_reg1.avg = (uint8_t)val->avg & 0x07U;
 1655              		.loc 1 575 5 view .LVU486
 575:Drivers/Sensors/LPS22DF/lps22df_reg.c ****     ctrl_reg1.avg = (uint8_t)val->avg & 0x07U;
 1656              		.loc 1 575 33 is_stmt 0 view .LVU487
 1657 0038 2278     		ldrb	r2, [r4]	@ zero_extendqisi2
 575:Drivers/Sensors/LPS22DF/lps22df_reg.c ****     ctrl_reg1.avg = (uint8_t)val->avg & 0x07U;
 1658              		.loc 1 575 19 view .LVU488
 1659 003a 9DF80C30 		ldrb	r3, [sp, #12]	@ zero_extendqisi2
 1660 003e 62F3C603 		bfi	r3, r2, #3, #4
 1661 0042 8DF80C30 		strb	r3, [sp, #12]
 576:Drivers/Sensors/LPS22DF/lps22df_reg.c ****     ctrl_reg2.en_lpfp = (uint8_t)val->lpf & 0x01U;
 1662              		.loc 1 576 5 is_stmt 1 view .LVU489
 576:Drivers/Sensors/LPS22DF/lps22df_reg.c ****     ctrl_reg2.en_lpfp = (uint8_t)val->lpf & 0x01U;
 1663              		.loc 1 576 33 is_stmt 0 view .LVU490
 1664 0046 6278     		ldrb	r2, [r4, #1]	@ zero_extendqisi2
 576:Drivers/Sensors/LPS22DF/lps22df_reg.c ****     ctrl_reg2.en_lpfp = (uint8_t)val->lpf & 0x01U;
 1665              		.loc 1 576 19 view .LVU491
 1666 0048 DBB2     		uxtb	r3, r3
 1667 004a 62F30203 		bfi	r3, r2, #0, #3
 1668 004e 8DF80C30 		strb	r3, [sp, #12]
 577:Drivers/Sensors/LPS22DF/lps22df_reg.c ****     ctrl_reg2.lfpf_cfg = ((uint8_t)val->lpf & 0x02U) >> 2;
 1669              		.loc 1 577 5 is_stmt 1 view .LVU492
 577:Drivers/Sensors/LPS22DF/lps22df_reg.c ****     ctrl_reg2.lfpf_cfg = ((uint8_t)val->lpf & 0x02U) >> 2;
 1670              		.loc 1 577 37 is_stmt 0 view .LVU493
 1671 0052 A278     		ldrb	r2, [r4, #2]	@ zero_extendqisi2
 577:Drivers/Sensors/LPS22DF/lps22df_reg.c ****     ctrl_reg2.lfpf_cfg = ((uint8_t)val->lpf & 0x02U) >> 2;
 1672              		.loc 1 577 23 view .LVU494
 1673 0054 9DF80830 		ldrb	r3, [sp, #8]	@ zero_extendqisi2
 1674 0058 62F30413 		bfi	r3, r2, #4, #1
 1675 005c 8DF80830 		strb	r3, [sp, #8]
 578:Drivers/Sensors/LPS22DF/lps22df_reg.c **** 
ARM GAS  /tmp/ccy7DkP9.s 			page 46


 1676              		.loc 1 578 5 is_stmt 1 view .LVU495
 578:Drivers/Sensors/LPS22DF/lps22df_reg.c **** 
 1677              		.loc 1 578 24 is_stmt 0 view .LVU496
 1678 0060 DBB2     		uxtb	r3, r3
 1679 0062 23F02003 		bic	r3, r3, #32
 1680 0066 8DF80830 		strb	r3, [sp, #8]
 580:Drivers/Sensors/LPS22DF/lps22df_reg.c ****     bytecpy(&reg[1], (uint8_t *)&ctrl_reg2);
 1681              		.loc 1 580 5 is_stmt 1 view .LVU497
 1682 006a 03A9     		add	r1, sp, #12
 1683 006c 01A8     		add	r0, sp, #4
 1684 006e FFF7FEFF 		bl	bytecpy
 1685              	.LVL136:
 581:Drivers/Sensors/LPS22DF/lps22df_reg.c ****     ret = lps22df_write_reg(ctx, LPS22DF_CTRL_REG1, reg, 2);
 1686              		.loc 1 581 5 view .LVU498
 1687 0072 02A9     		add	r1, sp, #8
 1688 0074 0DF10500 		add	r0, sp, #5
 1689 0078 FFF7FEFF 		bl	bytecpy
 1690              	.LVL137:
 582:Drivers/Sensors/LPS22DF/lps22df_reg.c ****   }
 1691              		.loc 1 582 5 view .LVU499
 582:Drivers/Sensors/LPS22DF/lps22df_reg.c ****   }
 1692              		.loc 1 582 11 is_stmt 0 view .LVU500
 1693 007c 0223     		movs	r3, #2
 1694              	.LVL138:
 582:Drivers/Sensors/LPS22DF/lps22df_reg.c ****   }
 1695              		.loc 1 582 11 view .LVU501
 1696 007e 01AA     		add	r2, sp, #4
 1697 0080 1021     		movs	r1, #16
 1698 0082 2846     		mov	r0, r5
 1699 0084 FFF7FEFF 		bl	lps22df_write_reg
 1700              	.LVL139:
 585:Drivers/Sensors/LPS22DF/lps22df_reg.c **** }
 1701              		.loc 1 585 3 is_stmt 1 view .LVU502
 585:Drivers/Sensors/LPS22DF/lps22df_reg.c **** }
 1702              		.loc 1 585 10 is_stmt 0 view .LVU503
 1703 0088 CBE7     		b	.L103
 1704              		.cfi_endproc
 1705              	.LFE13:
 1707              		.section	.text.lps22df_mode_get,"ax",%progbits
 1708              		.align	1
 1709              		.global	lps22df_mode_get
 1710              		.syntax unified
 1711              		.thumb
 1712              		.thumb_func
 1714              	lps22df_mode_get:
 1715              	.LVL140:
 1716              	.LFB14:
 587:Drivers/Sensors/LPS22DF/lps22df_reg.c **** 
 588:Drivers/Sensors/LPS22DF/lps22df_reg.c **** /**
 589:Drivers/Sensors/LPS22DF/lps22df_reg.c ****   * @brief  Sensor conversion parameters selection.[get]
 590:Drivers/Sensors/LPS22DF/lps22df_reg.c ****   *
 591:Drivers/Sensors/LPS22DF/lps22df_reg.c ****   * @param  ctx   communication interface handler.(ptr)
 592:Drivers/Sensors/LPS22DF/lps22df_reg.c ****   * @param  val   get the sensor conversion parameters.(ptr)
 593:Drivers/Sensors/LPS22DF/lps22df_reg.c ****   * @retval       interface status (MANDATORY: return 0 -> no Error)
 594:Drivers/Sensors/LPS22DF/lps22df_reg.c ****   *
 595:Drivers/Sensors/LPS22DF/lps22df_reg.c ****   */
 596:Drivers/Sensors/LPS22DF/lps22df_reg.c **** int32_t lps22df_mode_get(const stmdev_ctx_t *ctx, lps22df_md_t *val)
ARM GAS  /tmp/ccy7DkP9.s 			page 47


 597:Drivers/Sensors/LPS22DF/lps22df_reg.c **** {
 1717              		.loc 1 597 1 is_stmt 1 view -0
 1718              		.cfi_startproc
 1719              		@ args = 0, pretend = 0, frame = 16
 1720              		@ frame_needed = 0, uses_anonymous_args = 0
 1721              		.loc 1 597 1 is_stmt 0 view .LVU505
 1722 0000 30B5     		push	{r4, r5, lr}
 1723              	.LCFI39:
 1724              		.cfi_def_cfa_offset 12
 1725              		.cfi_offset 4, -12
 1726              		.cfi_offset 5, -8
 1727              		.cfi_offset 14, -4
 1728 0002 85B0     		sub	sp, sp, #20
 1729              	.LCFI40:
 1730              		.cfi_def_cfa_offset 32
 1731 0004 0D46     		mov	r5, r1
 598:Drivers/Sensors/LPS22DF/lps22df_reg.c ****   lps22df_ctrl_reg1_t ctrl_reg1 = {0};
 1732              		.loc 1 598 3 is_stmt 1 view .LVU506
 1733              		.loc 1 598 23 is_stmt 0 view .LVU507
 1734 0006 0023     		movs	r3, #0
 1735 0008 8DF80C30 		strb	r3, [sp, #12]
 599:Drivers/Sensors/LPS22DF/lps22df_reg.c ****   lps22df_ctrl_reg2_t ctrl_reg2 = {0};
 1736              		.loc 1 599 3 is_stmt 1 view .LVU508
 1737              		.loc 1 599 23 is_stmt 0 view .LVU509
 1738 000c 8DF80830 		strb	r3, [sp, #8]
 600:Drivers/Sensors/LPS22DF/lps22df_reg.c ****   uint8_t reg[2] = {0};
 1739              		.loc 1 600 3 is_stmt 1 view .LVU510
 1740              		.loc 1 600 11 is_stmt 0 view .LVU511
 1741 0010 ADF80430 		strh	r3, [sp, #4]	@ movhi
 601:Drivers/Sensors/LPS22DF/lps22df_reg.c ****   int32_t ret = {0};
 1742              		.loc 1 601 3 is_stmt 1 view .LVU512
 1743              	.LVL141:
 602:Drivers/Sensors/LPS22DF/lps22df_reg.c **** 
 603:Drivers/Sensors/LPS22DF/lps22df_reg.c ****   ret = lps22df_read_reg(ctx, LPS22DF_CTRL_REG1, reg, 2);
 1744              		.loc 1 603 3 view .LVU513
 1745              		.loc 1 603 9 is_stmt 0 view .LVU514
 1746 0014 0223     		movs	r3, #2
 1747 0016 01AA     		add	r2, sp, #4
 1748 0018 1021     		movs	r1, #16
 1749              	.LVL142:
 1750              		.loc 1 603 9 view .LVU515
 1751 001a FFF7FEFF 		bl	lps22df_read_reg
 1752              	.LVL143:
 604:Drivers/Sensors/LPS22DF/lps22df_reg.c **** 
 605:Drivers/Sensors/LPS22DF/lps22df_reg.c ****   if (ret == 0)
 1753              		.loc 1 605 3 is_stmt 1 view .LVU516
 1754              		.loc 1 605 6 is_stmt 0 view .LVU517
 1755 001e 0446     		mov	r4, r0
 1756 0020 10B1     		cbz	r0, .L136
 1757              	.LVL144:
 1758              	.L107:
 606:Drivers/Sensors/LPS22DF/lps22df_reg.c ****   {
 607:Drivers/Sensors/LPS22DF/lps22df_reg.c ****     bytecpy((uint8_t *)&ctrl_reg1, &reg[0]);
 608:Drivers/Sensors/LPS22DF/lps22df_reg.c ****     bytecpy((uint8_t *)&ctrl_reg2, &reg[1]);
 609:Drivers/Sensors/LPS22DF/lps22df_reg.c **** 
 610:Drivers/Sensors/LPS22DF/lps22df_reg.c ****     switch (ctrl_reg1.odr)
 611:Drivers/Sensors/LPS22DF/lps22df_reg.c ****     {
ARM GAS  /tmp/ccy7DkP9.s 			page 48


 612:Drivers/Sensors/LPS22DF/lps22df_reg.c ****       case 0x00:
 613:Drivers/Sensors/LPS22DF/lps22df_reg.c ****         val->odr = LPS22DF_ONE_SHOT;
 614:Drivers/Sensors/LPS22DF/lps22df_reg.c ****         break;
 615:Drivers/Sensors/LPS22DF/lps22df_reg.c ****       case 0x01:
 616:Drivers/Sensors/LPS22DF/lps22df_reg.c ****         val->odr = LPS22DF_1Hz;
 617:Drivers/Sensors/LPS22DF/lps22df_reg.c ****         break;
 618:Drivers/Sensors/LPS22DF/lps22df_reg.c ****       case 0x02:
 619:Drivers/Sensors/LPS22DF/lps22df_reg.c ****         val->odr = LPS22DF_4Hz;
 620:Drivers/Sensors/LPS22DF/lps22df_reg.c ****         break;
 621:Drivers/Sensors/LPS22DF/lps22df_reg.c ****       case 0x03:
 622:Drivers/Sensors/LPS22DF/lps22df_reg.c ****         val->odr = LPS22DF_10Hz;
 623:Drivers/Sensors/LPS22DF/lps22df_reg.c ****         break;
 624:Drivers/Sensors/LPS22DF/lps22df_reg.c ****       case 0x04:
 625:Drivers/Sensors/LPS22DF/lps22df_reg.c ****         val->odr = LPS22DF_25Hz;
 626:Drivers/Sensors/LPS22DF/lps22df_reg.c ****         break;
 627:Drivers/Sensors/LPS22DF/lps22df_reg.c ****       case 0x05:
 628:Drivers/Sensors/LPS22DF/lps22df_reg.c ****         val->odr = LPS22DF_50Hz;
 629:Drivers/Sensors/LPS22DF/lps22df_reg.c ****         break;
 630:Drivers/Sensors/LPS22DF/lps22df_reg.c ****       case 0x06:
 631:Drivers/Sensors/LPS22DF/lps22df_reg.c ****         val->odr = LPS22DF_75Hz;
 632:Drivers/Sensors/LPS22DF/lps22df_reg.c ****         break;
 633:Drivers/Sensors/LPS22DF/lps22df_reg.c ****       case 0x07:
 634:Drivers/Sensors/LPS22DF/lps22df_reg.c ****         val->odr = LPS22DF_100Hz;
 635:Drivers/Sensors/LPS22DF/lps22df_reg.c ****         break;
 636:Drivers/Sensors/LPS22DF/lps22df_reg.c ****       case 0x08:
 637:Drivers/Sensors/LPS22DF/lps22df_reg.c ****         val->odr = LPS22DF_200Hz;
 638:Drivers/Sensors/LPS22DF/lps22df_reg.c ****         break;
 639:Drivers/Sensors/LPS22DF/lps22df_reg.c ****       default:
 640:Drivers/Sensors/LPS22DF/lps22df_reg.c ****         val->odr = LPS22DF_ONE_SHOT;
 641:Drivers/Sensors/LPS22DF/lps22df_reg.c ****         break;
 642:Drivers/Sensors/LPS22DF/lps22df_reg.c ****     }
 643:Drivers/Sensors/LPS22DF/lps22df_reg.c **** 
 644:Drivers/Sensors/LPS22DF/lps22df_reg.c ****     switch (ctrl_reg1.avg)
 645:Drivers/Sensors/LPS22DF/lps22df_reg.c ****     {
 646:Drivers/Sensors/LPS22DF/lps22df_reg.c ****       case 0x00:
 647:Drivers/Sensors/LPS22DF/lps22df_reg.c ****         val->avg = LPS22DF_4_AVG;
 648:Drivers/Sensors/LPS22DF/lps22df_reg.c ****         break;
 649:Drivers/Sensors/LPS22DF/lps22df_reg.c ****       case 0x01:
 650:Drivers/Sensors/LPS22DF/lps22df_reg.c ****         val->avg = LPS22DF_8_AVG;
 651:Drivers/Sensors/LPS22DF/lps22df_reg.c ****         break;
 652:Drivers/Sensors/LPS22DF/lps22df_reg.c ****       case 0x02:
 653:Drivers/Sensors/LPS22DF/lps22df_reg.c ****         val->avg = LPS22DF_16_AVG;
 654:Drivers/Sensors/LPS22DF/lps22df_reg.c ****         break;
 655:Drivers/Sensors/LPS22DF/lps22df_reg.c ****       case 0x03:
 656:Drivers/Sensors/LPS22DF/lps22df_reg.c ****         val->avg = LPS22DF_32_AVG;
 657:Drivers/Sensors/LPS22DF/lps22df_reg.c ****         break;
 658:Drivers/Sensors/LPS22DF/lps22df_reg.c ****       case 0x04:
 659:Drivers/Sensors/LPS22DF/lps22df_reg.c ****         val->avg = LPS22DF_64_AVG;
 660:Drivers/Sensors/LPS22DF/lps22df_reg.c ****         break;
 661:Drivers/Sensors/LPS22DF/lps22df_reg.c ****       case 0x05:
 662:Drivers/Sensors/LPS22DF/lps22df_reg.c ****         val->avg = LPS22DF_128_AVG;
 663:Drivers/Sensors/LPS22DF/lps22df_reg.c ****         break;
 664:Drivers/Sensors/LPS22DF/lps22df_reg.c ****       case 0x06:
 665:Drivers/Sensors/LPS22DF/lps22df_reg.c ****         val->avg = LPS22DF_256_AVG;
 666:Drivers/Sensors/LPS22DF/lps22df_reg.c ****         break;
 667:Drivers/Sensors/LPS22DF/lps22df_reg.c ****       case 0x07:
 668:Drivers/Sensors/LPS22DF/lps22df_reg.c ****         val->avg = LPS22DF_512_AVG;
ARM GAS  /tmp/ccy7DkP9.s 			page 49


 669:Drivers/Sensors/LPS22DF/lps22df_reg.c ****         break;
 670:Drivers/Sensors/LPS22DF/lps22df_reg.c ****       default:
 671:Drivers/Sensors/LPS22DF/lps22df_reg.c ****         val->avg = LPS22DF_4_AVG;
 672:Drivers/Sensors/LPS22DF/lps22df_reg.c ****         break;
 673:Drivers/Sensors/LPS22DF/lps22df_reg.c ****     }
 674:Drivers/Sensors/LPS22DF/lps22df_reg.c **** 
 675:Drivers/Sensors/LPS22DF/lps22df_reg.c ****     switch ((ctrl_reg2.lfpf_cfg << 2) | ctrl_reg2.en_lpfp)
 676:Drivers/Sensors/LPS22DF/lps22df_reg.c ****     {
 677:Drivers/Sensors/LPS22DF/lps22df_reg.c ****       case 0x00:
 678:Drivers/Sensors/LPS22DF/lps22df_reg.c ****         val->lpf = LPS22DF_LPF_DISABLE;
 679:Drivers/Sensors/LPS22DF/lps22df_reg.c ****         break;
 680:Drivers/Sensors/LPS22DF/lps22df_reg.c ****       case 0x01:
 681:Drivers/Sensors/LPS22DF/lps22df_reg.c ****         val->lpf = LPS22DF_LPF_ODR_DIV_4;
 682:Drivers/Sensors/LPS22DF/lps22df_reg.c ****         break;
 683:Drivers/Sensors/LPS22DF/lps22df_reg.c ****       case 0x03:
 684:Drivers/Sensors/LPS22DF/lps22df_reg.c ****         val->lpf = LPS22DF_LPF_ODR_DIV_9;
 685:Drivers/Sensors/LPS22DF/lps22df_reg.c ****         break;
 686:Drivers/Sensors/LPS22DF/lps22df_reg.c ****       default:
 687:Drivers/Sensors/LPS22DF/lps22df_reg.c ****         val->lpf = LPS22DF_LPF_DISABLE;
 688:Drivers/Sensors/LPS22DF/lps22df_reg.c ****         break;
 689:Drivers/Sensors/LPS22DF/lps22df_reg.c ****     }
 690:Drivers/Sensors/LPS22DF/lps22df_reg.c ****   }
 691:Drivers/Sensors/LPS22DF/lps22df_reg.c ****   return ret;
 692:Drivers/Sensors/LPS22DF/lps22df_reg.c **** }
 1759              		.loc 1 692 1 view .LVU518
 1760 0022 2046     		mov	r0, r4
 1761 0024 05B0     		add	sp, sp, #20
 1762              	.LCFI41:
 1763              		.cfi_remember_state
 1764              		.cfi_def_cfa_offset 12
 1765              		@ sp needed
 1766 0026 30BD     		pop	{r4, r5, pc}
 1767              	.LVL145:
 1768              	.L136:
 1769              	.LCFI42:
 1770              		.cfi_restore_state
 607:Drivers/Sensors/LPS22DF/lps22df_reg.c ****     bytecpy((uint8_t *)&ctrl_reg2, &reg[1]);
 1771              		.loc 1 607 5 is_stmt 1 view .LVU519
 1772 0028 01A9     		add	r1, sp, #4
 1773 002a 03A8     		add	r0, sp, #12
 1774              	.LVL146:
 607:Drivers/Sensors/LPS22DF/lps22df_reg.c ****     bytecpy((uint8_t *)&ctrl_reg2, &reg[1]);
 1775              		.loc 1 607 5 is_stmt 0 view .LVU520
 1776 002c FFF7FEFF 		bl	bytecpy
 1777              	.LVL147:
 608:Drivers/Sensors/LPS22DF/lps22df_reg.c **** 
 1778              		.loc 1 608 5 is_stmt 1 view .LVU521
 1779 0030 0DF10501 		add	r1, sp, #5
 1780 0034 02A8     		add	r0, sp, #8
 1781 0036 FFF7FEFF 		bl	bytecpy
 1782              	.LVL148:
 610:Drivers/Sensors/LPS22DF/lps22df_reg.c ****     {
 1783              		.loc 1 610 5 view .LVU522
 610:Drivers/Sensors/LPS22DF/lps22df_reg.c ****     {
 1784              		.loc 1 610 22 is_stmt 0 view .LVU523
 1785 003a 9DF80C30 		ldrb	r3, [sp, #12]	@ zero_extendqisi2
 1786 003e C3F3C303 		ubfx	r3, r3, #3, #4
ARM GAS  /tmp/ccy7DkP9.s 			page 50


 610:Drivers/Sensors/LPS22DF/lps22df_reg.c ****     {
 1787              		.loc 1 610 5 view .LVU524
 1788 0042 082B     		cmp	r3, #8
 1789 0044 2CD8     		bhi	.L109
 1790 0046 DFE803F0 		tbb	[pc, r3]
 1791              	.L111:
 1792 004a 05       		.byte	(.L119-.L111)/2
 1793 004b 13       		.byte	(.L118-.L111)/2
 1794 004c 16       		.byte	(.L117-.L111)/2
 1795 004d 19       		.byte	(.L116-.L111)/2
 1796 004e 1C       		.byte	(.L115-.L111)/2
 1797 004f 1F       		.byte	(.L114-.L111)/2
 1798 0050 22       		.byte	(.L113-.L111)/2
 1799 0051 25       		.byte	(.L112-.L111)/2
 1800 0052 28       		.byte	(.L110-.L111)/2
 1801 0053 00       		.p2align 1
 1802              	.L119:
 613:Drivers/Sensors/LPS22DF/lps22df_reg.c ****         break;
 1803              		.loc 1 613 9 is_stmt 1 view .LVU525
 613:Drivers/Sensors/LPS22DF/lps22df_reg.c ****         break;
 1804              		.loc 1 613 18 is_stmt 0 view .LVU526
 1805 0054 0023     		movs	r3, #0
 1806 0056 2B70     		strb	r3, [r5]
 614:Drivers/Sensors/LPS22DF/lps22df_reg.c ****       case 0x01:
 1807              		.loc 1 614 9 is_stmt 1 view .LVU527
 1808              	.L120:
 644:Drivers/Sensors/LPS22DF/lps22df_reg.c ****     {
 1809              		.loc 1 644 5 view .LVU528
 644:Drivers/Sensors/LPS22DF/lps22df_reg.c ****     {
 1810              		.loc 1 644 22 is_stmt 0 view .LVU529
 1811 0058 9DF80C30 		ldrb	r3, [sp, #12]	@ zero_extendqisi2
 1812 005c 03F00703 		and	r3, r3, #7
 644:Drivers/Sensors/LPS22DF/lps22df_reg.c ****     {
 1813              		.loc 1 644 5 view .LVU530
 1814 0060 072B     		cmp	r3, #7
 1815 0062 46D8     		bhi	.L121
 1816 0064 DFE803F0 		tbb	[pc, r3]
 1817              	.L123:
 1818 0068 1F       		.byte	(.L130-.L123)/2
 1819 0069 30       		.byte	(.L129-.L123)/2
 1820 006a 33       		.byte	(.L128-.L123)/2
 1821 006b 36       		.byte	(.L127-.L123)/2
 1822 006c 39       		.byte	(.L126-.L123)/2
 1823 006d 3C       		.byte	(.L125-.L123)/2
 1824 006e 3F       		.byte	(.L124-.L123)/2
 1825 006f 42       		.byte	(.L122-.L123)/2
 1826              		.p2align 1
 1827              	.L118:
 616:Drivers/Sensors/LPS22DF/lps22df_reg.c ****         break;
 1828              		.loc 1 616 9 is_stmt 1 view .LVU531
 616:Drivers/Sensors/LPS22DF/lps22df_reg.c ****         break;
 1829              		.loc 1 616 18 is_stmt 0 view .LVU532
 1830 0070 0123     		movs	r3, #1
 1831 0072 2B70     		strb	r3, [r5]
 617:Drivers/Sensors/LPS22DF/lps22df_reg.c ****       case 0x02:
 1832              		.loc 1 617 9 is_stmt 1 view .LVU533
 1833 0074 F0E7     		b	.L120
ARM GAS  /tmp/ccy7DkP9.s 			page 51


 1834              	.L117:
 619:Drivers/Sensors/LPS22DF/lps22df_reg.c ****         break;
 1835              		.loc 1 619 9 view .LVU534
 619:Drivers/Sensors/LPS22DF/lps22df_reg.c ****         break;
 1836              		.loc 1 619 18 is_stmt 0 view .LVU535
 1837 0076 0223     		movs	r3, #2
 1838 0078 2B70     		strb	r3, [r5]
 620:Drivers/Sensors/LPS22DF/lps22df_reg.c ****       case 0x03:
 1839              		.loc 1 620 9 is_stmt 1 view .LVU536
 1840 007a EDE7     		b	.L120
 1841              	.L116:
 622:Drivers/Sensors/LPS22DF/lps22df_reg.c ****         break;
 1842              		.loc 1 622 9 view .LVU537
 622:Drivers/Sensors/LPS22DF/lps22df_reg.c ****         break;
 1843              		.loc 1 622 18 is_stmt 0 view .LVU538
 1844 007c 0323     		movs	r3, #3
 1845 007e 2B70     		strb	r3, [r5]
 623:Drivers/Sensors/LPS22DF/lps22df_reg.c ****       case 0x04:
 1846              		.loc 1 623 9 is_stmt 1 view .LVU539
 1847 0080 EAE7     		b	.L120
 1848              	.L115:
 625:Drivers/Sensors/LPS22DF/lps22df_reg.c ****         break;
 1849              		.loc 1 625 9 view .LVU540
 625:Drivers/Sensors/LPS22DF/lps22df_reg.c ****         break;
 1850              		.loc 1 625 18 is_stmt 0 view .LVU541
 1851 0082 0423     		movs	r3, #4
 1852 0084 2B70     		strb	r3, [r5]
 626:Drivers/Sensors/LPS22DF/lps22df_reg.c ****       case 0x05:
 1853              		.loc 1 626 9 is_stmt 1 view .LVU542
 1854 0086 E7E7     		b	.L120
 1855              	.L114:
 628:Drivers/Sensors/LPS22DF/lps22df_reg.c ****         break;
 1856              		.loc 1 628 9 view .LVU543
 628:Drivers/Sensors/LPS22DF/lps22df_reg.c ****         break;
 1857              		.loc 1 628 18 is_stmt 0 view .LVU544
 1858 0088 0523     		movs	r3, #5
 1859 008a 2B70     		strb	r3, [r5]
 629:Drivers/Sensors/LPS22DF/lps22df_reg.c ****       case 0x06:
 1860              		.loc 1 629 9 is_stmt 1 view .LVU545
 1861 008c E4E7     		b	.L120
 1862              	.L113:
 631:Drivers/Sensors/LPS22DF/lps22df_reg.c ****         break;
 1863              		.loc 1 631 9 view .LVU546
 631:Drivers/Sensors/LPS22DF/lps22df_reg.c ****         break;
 1864              		.loc 1 631 18 is_stmt 0 view .LVU547
 1865 008e 0623     		movs	r3, #6
 1866 0090 2B70     		strb	r3, [r5]
 632:Drivers/Sensors/LPS22DF/lps22df_reg.c ****       case 0x07:
 1867              		.loc 1 632 9 is_stmt 1 view .LVU548
 1868 0092 E1E7     		b	.L120
 1869              	.L112:
 634:Drivers/Sensors/LPS22DF/lps22df_reg.c ****         break;
 1870              		.loc 1 634 9 view .LVU549
 634:Drivers/Sensors/LPS22DF/lps22df_reg.c ****         break;
 1871              		.loc 1 634 18 is_stmt 0 view .LVU550
 1872 0094 0723     		movs	r3, #7
 1873 0096 2B70     		strb	r3, [r5]
ARM GAS  /tmp/ccy7DkP9.s 			page 52


 635:Drivers/Sensors/LPS22DF/lps22df_reg.c ****       case 0x08:
 1874              		.loc 1 635 9 is_stmt 1 view .LVU551
 1875 0098 DEE7     		b	.L120
 1876              	.L110:
 637:Drivers/Sensors/LPS22DF/lps22df_reg.c ****         break;
 1877              		.loc 1 637 9 view .LVU552
 637:Drivers/Sensors/LPS22DF/lps22df_reg.c ****         break;
 1878              		.loc 1 637 18 is_stmt 0 view .LVU553
 1879 009a 0823     		movs	r3, #8
 1880 009c 2B70     		strb	r3, [r5]
 638:Drivers/Sensors/LPS22DF/lps22df_reg.c ****       default:
 1881              		.loc 1 638 9 is_stmt 1 view .LVU554
 1882 009e DBE7     		b	.L120
 1883              	.L109:
 640:Drivers/Sensors/LPS22DF/lps22df_reg.c ****         break;
 1884              		.loc 1 640 9 view .LVU555
 640:Drivers/Sensors/LPS22DF/lps22df_reg.c ****         break;
 1885              		.loc 1 640 18 is_stmt 0 view .LVU556
 1886 00a0 0023     		movs	r3, #0
 1887 00a2 2B70     		strb	r3, [r5]
 641:Drivers/Sensors/LPS22DF/lps22df_reg.c ****     }
 1888              		.loc 1 641 9 is_stmt 1 view .LVU557
 1889 00a4 D8E7     		b	.L120
 1890              	.L130:
 647:Drivers/Sensors/LPS22DF/lps22df_reg.c ****         break;
 1891              		.loc 1 647 9 view .LVU558
 647:Drivers/Sensors/LPS22DF/lps22df_reg.c ****         break;
 1892              		.loc 1 647 18 is_stmt 0 view .LVU559
 1893 00a6 0023     		movs	r3, #0
 1894 00a8 6B70     		strb	r3, [r5, #1]
 648:Drivers/Sensors/LPS22DF/lps22df_reg.c ****       case 0x01:
 1895              		.loc 1 648 9 is_stmt 1 view .LVU560
 1896              	.L131:
 675:Drivers/Sensors/LPS22DF/lps22df_reg.c ****     {
 1897              		.loc 1 675 5 view .LVU561
 675:Drivers/Sensors/LPS22DF/lps22df_reg.c ****     {
 1898              		.loc 1 675 23 is_stmt 0 view .LVU562
 1899 00aa 9DF80830 		ldrb	r3, [sp, #8]	@ zero_extendqisi2
 1900 00ae C3F34012 		ubfx	r2, r3, #5, #1
 675:Drivers/Sensors/LPS22DF/lps22df_reg.c ****     {
 1901              		.loc 1 675 50 view .LVU563
 1902 00b2 C3F30013 		ubfx	r3, r3, #4, #1
 675:Drivers/Sensors/LPS22DF/lps22df_reg.c ****     {
 1903              		.loc 1 675 39 view .LVU564
 1904 00b6 43EA8203 		orr	r3, r3, r2, lsl #2
 675:Drivers/Sensors/LPS22DF/lps22df_reg.c ****     {
 1905              		.loc 1 675 5 view .LVU565
 1906 00ba 012B     		cmp	r3, #1
 1907 00bc 1CD0     		beq	.L132
 1908 00be 032B     		cmp	r3, #3
 1909 00c0 1DD0     		beq	.L133
 1910 00c2 FBB9     		cbnz	r3, .L134
 678:Drivers/Sensors/LPS22DF/lps22df_reg.c ****         break;
 1911              		.loc 1 678 9 is_stmt 1 view .LVU566
 678:Drivers/Sensors/LPS22DF/lps22df_reg.c ****         break;
 1912              		.loc 1 678 18 is_stmt 0 view .LVU567
 1913 00c4 AB70     		strb	r3, [r5, #2]
ARM GAS  /tmp/ccy7DkP9.s 			page 53


 679:Drivers/Sensors/LPS22DF/lps22df_reg.c ****       case 0x01:
 1914              		.loc 1 679 9 is_stmt 1 view .LVU568
 1915 00c6 ACE7     		b	.L107
 1916              	.L129:
 650:Drivers/Sensors/LPS22DF/lps22df_reg.c ****         break;
 1917              		.loc 1 650 9 view .LVU569
 650:Drivers/Sensors/LPS22DF/lps22df_reg.c ****         break;
 1918              		.loc 1 650 18 is_stmt 0 view .LVU570
 1919 00c8 0123     		movs	r3, #1
 1920 00ca 6B70     		strb	r3, [r5, #1]
 651:Drivers/Sensors/LPS22DF/lps22df_reg.c ****       case 0x02:
 1921              		.loc 1 651 9 is_stmt 1 view .LVU571
 1922 00cc EDE7     		b	.L131
 1923              	.L128:
 653:Drivers/Sensors/LPS22DF/lps22df_reg.c ****         break;
 1924              		.loc 1 653 9 view .LVU572
 653:Drivers/Sensors/LPS22DF/lps22df_reg.c ****         break;
 1925              		.loc 1 653 18 is_stmt 0 view .LVU573
 1926 00ce 0223     		movs	r3, #2
 1927 00d0 6B70     		strb	r3, [r5, #1]
 654:Drivers/Sensors/LPS22DF/lps22df_reg.c ****       case 0x03:
 1928              		.loc 1 654 9 is_stmt 1 view .LVU574
 1929 00d2 EAE7     		b	.L131
 1930              	.L127:
 656:Drivers/Sensors/LPS22DF/lps22df_reg.c ****         break;
 1931              		.loc 1 656 9 view .LVU575
 656:Drivers/Sensors/LPS22DF/lps22df_reg.c ****         break;
 1932              		.loc 1 656 18 is_stmt 0 view .LVU576
 1933 00d4 0323     		movs	r3, #3
 1934 00d6 6B70     		strb	r3, [r5, #1]
 657:Drivers/Sensors/LPS22DF/lps22df_reg.c ****       case 0x04:
 1935              		.loc 1 657 9 is_stmt 1 view .LVU577
 1936 00d8 E7E7     		b	.L131
 1937              	.L126:
 659:Drivers/Sensors/LPS22DF/lps22df_reg.c ****         break;
 1938              		.loc 1 659 9 view .LVU578
 659:Drivers/Sensors/LPS22DF/lps22df_reg.c ****         break;
 1939              		.loc 1 659 18 is_stmt 0 view .LVU579
 1940 00da 0423     		movs	r3, #4
 1941 00dc 6B70     		strb	r3, [r5, #1]
 660:Drivers/Sensors/LPS22DF/lps22df_reg.c ****       case 0x05:
 1942              		.loc 1 660 9 is_stmt 1 view .LVU580
 1943 00de E4E7     		b	.L131
 1944              	.L125:
 662:Drivers/Sensors/LPS22DF/lps22df_reg.c ****         break;
 1945              		.loc 1 662 9 view .LVU581
 662:Drivers/Sensors/LPS22DF/lps22df_reg.c ****         break;
 1946              		.loc 1 662 18 is_stmt 0 view .LVU582
 1947 00e0 0523     		movs	r3, #5
 1948 00e2 6B70     		strb	r3, [r5, #1]
 663:Drivers/Sensors/LPS22DF/lps22df_reg.c ****       case 0x06:
 1949              		.loc 1 663 9 is_stmt 1 view .LVU583
 1950 00e4 E1E7     		b	.L131
 1951              	.L124:
 665:Drivers/Sensors/LPS22DF/lps22df_reg.c ****         break;
 1952              		.loc 1 665 9 view .LVU584
 665:Drivers/Sensors/LPS22DF/lps22df_reg.c ****         break;
ARM GAS  /tmp/ccy7DkP9.s 			page 54


 1953              		.loc 1 665 18 is_stmt 0 view .LVU585
 1954 00e6 0623     		movs	r3, #6
 1955 00e8 6B70     		strb	r3, [r5, #1]
 666:Drivers/Sensors/LPS22DF/lps22df_reg.c ****       case 0x07:
 1956              		.loc 1 666 9 is_stmt 1 view .LVU586
 1957 00ea DEE7     		b	.L131
 1958              	.L122:
 668:Drivers/Sensors/LPS22DF/lps22df_reg.c ****         break;
 1959              		.loc 1 668 9 view .LVU587
 668:Drivers/Sensors/LPS22DF/lps22df_reg.c ****         break;
 1960              		.loc 1 668 18 is_stmt 0 view .LVU588
 1961 00ec 0723     		movs	r3, #7
 1962 00ee 6B70     		strb	r3, [r5, #1]
 669:Drivers/Sensors/LPS22DF/lps22df_reg.c ****       default:
 1963              		.loc 1 669 9 is_stmt 1 view .LVU589
 1964 00f0 DBE7     		b	.L131
 1965              	.L121:
 671:Drivers/Sensors/LPS22DF/lps22df_reg.c ****         break;
 1966              		.loc 1 671 9 view .LVU590
 671:Drivers/Sensors/LPS22DF/lps22df_reg.c ****         break;
 1967              		.loc 1 671 18 is_stmt 0 view .LVU591
 1968 00f2 0023     		movs	r3, #0
 1969 00f4 6B70     		strb	r3, [r5, #1]
 672:Drivers/Sensors/LPS22DF/lps22df_reg.c ****     }
 1970              		.loc 1 672 9 is_stmt 1 view .LVU592
 1971 00f6 D8E7     		b	.L131
 1972              	.L132:
 681:Drivers/Sensors/LPS22DF/lps22df_reg.c ****         break;
 1973              		.loc 1 681 9 view .LVU593
 681:Drivers/Sensors/LPS22DF/lps22df_reg.c ****         break;
 1974              		.loc 1 681 18 is_stmt 0 view .LVU594
 1975 00f8 0123     		movs	r3, #1
 1976 00fa AB70     		strb	r3, [r5, #2]
 682:Drivers/Sensors/LPS22DF/lps22df_reg.c ****       case 0x03:
 1977              		.loc 1 682 9 is_stmt 1 view .LVU595
 1978 00fc 91E7     		b	.L107
 1979              	.L133:
 684:Drivers/Sensors/LPS22DF/lps22df_reg.c ****         break;
 1980              		.loc 1 684 9 view .LVU596
 684:Drivers/Sensors/LPS22DF/lps22df_reg.c ****         break;
 1981              		.loc 1 684 18 is_stmt 0 view .LVU597
 1982 00fe 0323     		movs	r3, #3
 1983 0100 AB70     		strb	r3, [r5, #2]
 685:Drivers/Sensors/LPS22DF/lps22df_reg.c ****       default:
 1984              		.loc 1 685 9 is_stmt 1 view .LVU598
 1985 0102 8EE7     		b	.L107
 1986              	.L134:
 687:Drivers/Sensors/LPS22DF/lps22df_reg.c ****         break;
 1987              		.loc 1 687 9 view .LVU599
 687:Drivers/Sensors/LPS22DF/lps22df_reg.c ****         break;
 1988              		.loc 1 687 18 is_stmt 0 view .LVU600
 1989 0104 0023     		movs	r3, #0
 1990 0106 AB70     		strb	r3, [r5, #2]
 688:Drivers/Sensors/LPS22DF/lps22df_reg.c ****     }
 1991              		.loc 1 688 9 is_stmt 1 view .LVU601
 691:Drivers/Sensors/LPS22DF/lps22df_reg.c **** }
 1992              		.loc 1 691 3 view .LVU602
ARM GAS  /tmp/ccy7DkP9.s 			page 55


 691:Drivers/Sensors/LPS22DF/lps22df_reg.c **** }
 1993              		.loc 1 691 10 is_stmt 0 view .LVU603
 1994 0108 8BE7     		b	.L107
 1995              		.cfi_endproc
 1996              	.LFE14:
 1998              		.section	.text.lps22df_trigger_sw,"ax",%progbits
 1999              		.align	1
 2000              		.global	lps22df_trigger_sw
 2001              		.syntax unified
 2002              		.thumb
 2003              		.thumb_func
 2005              	lps22df_trigger_sw:
 2006              	.LVL149:
 2007              	.LFB15:
 693:Drivers/Sensors/LPS22DF/lps22df_reg.c **** 
 694:Drivers/Sensors/LPS22DF/lps22df_reg.c **** /**
 695:Drivers/Sensors/LPS22DF/lps22df_reg.c ****   * @brief  Software trigger for One-Shot.[get]
 696:Drivers/Sensors/LPS22DF/lps22df_reg.c ****   *
 697:Drivers/Sensors/LPS22DF/lps22df_reg.c ****   * @param  ctx   communication interface handler.(ptr)
 698:Drivers/Sensors/LPS22DF/lps22df_reg.c ****   * @param  md    the sensor conversion parameters.(ptr)
 699:Drivers/Sensors/LPS22DF/lps22df_reg.c ****   * @retval       interface status (MANDATORY: return 0 -> no Error)
 700:Drivers/Sensors/LPS22DF/lps22df_reg.c ****   *
 701:Drivers/Sensors/LPS22DF/lps22df_reg.c ****   */
 702:Drivers/Sensors/LPS22DF/lps22df_reg.c **** int32_t lps22df_trigger_sw(const stmdev_ctx_t *ctx, lps22df_md_t *md)
 703:Drivers/Sensors/LPS22DF/lps22df_reg.c **** {
 2008              		.loc 1 703 1 is_stmt 1 view -0
 2009              		.cfi_startproc
 2010              		@ args = 0, pretend = 0, frame = 8
 2011              		@ frame_needed = 0, uses_anonymous_args = 0
 2012              		.loc 1 703 1 is_stmt 0 view .LVU605
 2013 0000 10B5     		push	{r4, lr}
 2014              	.LCFI43:
 2015              		.cfi_def_cfa_offset 8
 2016              		.cfi_offset 4, -8
 2017              		.cfi_offset 14, -4
 2018 0002 82B0     		sub	sp, sp, #8
 2019              	.LCFI44:
 2020              		.cfi_def_cfa_offset 16
 704:Drivers/Sensors/LPS22DF/lps22df_reg.c ****   lps22df_ctrl_reg2_t ctrl_reg2 = {0};
 2021              		.loc 1 704 3 is_stmt 1 view .LVU606
 2022              		.loc 1 704 23 is_stmt 0 view .LVU607
 2023 0004 0023     		movs	r3, #0
 2024 0006 8DF80430 		strb	r3, [sp, #4]
 705:Drivers/Sensors/LPS22DF/lps22df_reg.c ****   int32_t ret = 0;
 2025              		.loc 1 705 3 is_stmt 1 view .LVU608
 2026              	.LVL150:
 706:Drivers/Sensors/LPS22DF/lps22df_reg.c **** 
 707:Drivers/Sensors/LPS22DF/lps22df_reg.c ****   if (md->odr == LPS22DF_ONE_SHOT)
 2027              		.loc 1 707 3 view .LVU609
 2028              		.loc 1 707 9 is_stmt 0 view .LVU610
 2029 000a 0B78     		ldrb	r3, [r1]	@ zero_extendqisi2
 2030              		.loc 1 707 6 view .LVU611
 2031 000c 13B1     		cbz	r3, .L141
 705:Drivers/Sensors/LPS22DF/lps22df_reg.c ****   int32_t ret = 0;
 2032              		.loc 1 705 11 view .LVU612
 2033 000e 0020     		movs	r0, #0
 2034              	.LVL151:
ARM GAS  /tmp/ccy7DkP9.s 			page 56


 708:Drivers/Sensors/LPS22DF/lps22df_reg.c ****   {
 709:Drivers/Sensors/LPS22DF/lps22df_reg.c ****     ret = lps22df_read_reg(ctx, LPS22DF_CTRL_REG2, (uint8_t *)&ctrl_reg2, 1);
 710:Drivers/Sensors/LPS22DF/lps22df_reg.c ****     ctrl_reg2.oneshot = PROPERTY_ENABLE;
 711:Drivers/Sensors/LPS22DF/lps22df_reg.c ****     if (ret == 0)
 712:Drivers/Sensors/LPS22DF/lps22df_reg.c ****     {
 713:Drivers/Sensors/LPS22DF/lps22df_reg.c ****       ret = lps22df_write_reg(ctx, LPS22DF_CTRL_REG2, (uint8_t *)&ctrl_reg2, 1);
 714:Drivers/Sensors/LPS22DF/lps22df_reg.c ****     }
 715:Drivers/Sensors/LPS22DF/lps22df_reg.c ****   }
 716:Drivers/Sensors/LPS22DF/lps22df_reg.c ****   return ret;
 2035              		.loc 1 716 3 is_stmt 1 view .LVU613
 2036              	.L137:
 717:Drivers/Sensors/LPS22DF/lps22df_reg.c **** }
 2037              		.loc 1 717 1 is_stmt 0 view .LVU614
 2038 0010 02B0     		add	sp, sp, #8
 2039              	.LCFI45:
 2040              		.cfi_remember_state
 2041              		.cfi_def_cfa_offset 8
 2042              		@ sp needed
 2043 0012 10BD     		pop	{r4, pc}
 2044              	.LVL152:
 2045              	.L141:
 2046              	.LCFI46:
 2047              		.cfi_restore_state
 2048              		.loc 1 717 1 view .LVU615
 2049 0014 0446     		mov	r4, r0
 709:Drivers/Sensors/LPS22DF/lps22df_reg.c ****     ctrl_reg2.oneshot = PROPERTY_ENABLE;
 2050              		.loc 1 709 5 is_stmt 1 view .LVU616
 709:Drivers/Sensors/LPS22DF/lps22df_reg.c ****     ctrl_reg2.oneshot = PROPERTY_ENABLE;
 2051              		.loc 1 709 11 is_stmt 0 view .LVU617
 2052 0016 0123     		movs	r3, #1
 2053 0018 01AA     		add	r2, sp, #4
 2054 001a 1121     		movs	r1, #17
 2055              	.LVL153:
 709:Drivers/Sensors/LPS22DF/lps22df_reg.c ****     ctrl_reg2.oneshot = PROPERTY_ENABLE;
 2056              		.loc 1 709 11 view .LVU618
 2057 001c FFF7FEFF 		bl	lps22df_read_reg
 2058              	.LVL154:
 710:Drivers/Sensors/LPS22DF/lps22df_reg.c ****     if (ret == 0)
 2059              		.loc 1 710 5 is_stmt 1 view .LVU619
 710:Drivers/Sensors/LPS22DF/lps22df_reg.c ****     if (ret == 0)
 2060              		.loc 1 710 23 is_stmt 0 view .LVU620
 2061 0020 9DF80430 		ldrb	r3, [sp, #4]	@ zero_extendqisi2
 2062 0024 43F00103 		orr	r3, r3, #1
 2063 0028 8DF80430 		strb	r3, [sp, #4]
 711:Drivers/Sensors/LPS22DF/lps22df_reg.c ****     {
 2064              		.loc 1 711 5 is_stmt 1 view .LVU621
 711:Drivers/Sensors/LPS22DF/lps22df_reg.c ****     {
 2065              		.loc 1 711 8 is_stmt 0 view .LVU622
 2066 002c 0028     		cmp	r0, #0
 2067 002e EFD1     		bne	.L137
 713:Drivers/Sensors/LPS22DF/lps22df_reg.c ****     }
 2068              		.loc 1 713 7 is_stmt 1 view .LVU623
 713:Drivers/Sensors/LPS22DF/lps22df_reg.c ****     }
 2069              		.loc 1 713 13 is_stmt 0 view .LVU624
 2070 0030 0123     		movs	r3, #1
 2071 0032 01AA     		add	r2, sp, #4
 2072 0034 1121     		movs	r1, #17
ARM GAS  /tmp/ccy7DkP9.s 			page 57


 2073 0036 2046     		mov	r0, r4
 2074              	.LVL155:
 713:Drivers/Sensors/LPS22DF/lps22df_reg.c ****     }
 2075              		.loc 1 713 13 view .LVU625
 2076 0038 FFF7FEFF 		bl	lps22df_write_reg
 2077              	.LVL156:
 713:Drivers/Sensors/LPS22DF/lps22df_reg.c ****     }
 2078              		.loc 1 713 13 view .LVU626
 2079 003c E8E7     		b	.L137
 2080              		.cfi_endproc
 2081              	.LFE15:
 2083              		.section	.text.lps22df_data_get,"ax",%progbits
 2084              		.align	1
 2085              		.global	lps22df_data_get
 2086              		.syntax unified
 2087              		.thumb
 2088              		.thumb_func
 2090              	lps22df_data_get:
 2091              	.LVL157:
 2092              	.LFB16:
 718:Drivers/Sensors/LPS22DF/lps22df_reg.c **** 
 719:Drivers/Sensors/LPS22DF/lps22df_reg.c **** /**
 720:Drivers/Sensors/LPS22DF/lps22df_reg.c ****   * @brief  Sensor data.[get]
 721:Drivers/Sensors/LPS22DF/lps22df_reg.c ****   *
 722:Drivers/Sensors/LPS22DF/lps22df_reg.c ****   * @param  ctx   communication interface handler.(ptr)
 723:Drivers/Sensors/LPS22DF/lps22df_reg.c ****   * @param  data  data retrieved from the sensor.(ptr)
 724:Drivers/Sensors/LPS22DF/lps22df_reg.c ****   * @retval       interface status (MANDATORY: return 0 -> no Error)
 725:Drivers/Sensors/LPS22DF/lps22df_reg.c ****   *
 726:Drivers/Sensors/LPS22DF/lps22df_reg.c ****   */
 727:Drivers/Sensors/LPS22DF/lps22df_reg.c **** int32_t lps22df_data_get(const stmdev_ctx_t *ctx, lps22df_data_t *data)
 728:Drivers/Sensors/LPS22DF/lps22df_reg.c **** {
 2093              		.loc 1 728 1 is_stmt 1 view -0
 2094              		.cfi_startproc
 2095              		@ args = 0, pretend = 0, frame = 8
 2096              		@ frame_needed = 0, uses_anonymous_args = 0
 2097              		.loc 1 728 1 is_stmt 0 view .LVU628
 2098 0000 30B5     		push	{r4, r5, lr}
 2099              	.LCFI47:
 2100              		.cfi_def_cfa_offset 12
 2101              		.cfi_offset 4, -12
 2102              		.cfi_offset 5, -8
 2103              		.cfi_offset 14, -4
 2104 0002 83B0     		sub	sp, sp, #12
 2105              	.LCFI48:
 2106              		.cfi_def_cfa_offset 24
 2107 0004 0C46     		mov	r4, r1
 729:Drivers/Sensors/LPS22DF/lps22df_reg.c ****   uint8_t buff[5] = {0};
 2108              		.loc 1 729 3 is_stmt 1 view .LVU629
 2109              		.loc 1 729 11 is_stmt 0 view .LVU630
 2110 0006 0023     		movs	r3, #0
 2111 0008 0093     		str	r3, [sp]
 2112 000a 8DF80430 		strb	r3, [sp, #4]
 730:Drivers/Sensors/LPS22DF/lps22df_reg.c ****   int32_t ret = {0};
 2113              		.loc 1 730 3 is_stmt 1 view .LVU631
 2114              	.LVL158:
 731:Drivers/Sensors/LPS22DF/lps22df_reg.c **** 
 732:Drivers/Sensors/LPS22DF/lps22df_reg.c ****   ret = lps22df_read_reg(ctx, LPS22DF_PRESS_OUT_XL, buff, 5);
ARM GAS  /tmp/ccy7DkP9.s 			page 58


 2115              		.loc 1 732 3 view .LVU632
 2116              		.loc 1 732 9 is_stmt 0 view .LVU633
 2117 000e 0523     		movs	r3, #5
 2118 0010 6A46     		mov	r2, sp
 2119 0012 2821     		movs	r1, #40
 2120              	.LVL159:
 2121              		.loc 1 732 9 view .LVU634
 2122 0014 FFF7FEFF 		bl	lps22df_read_reg
 2123              	.LVL160:
 733:Drivers/Sensors/LPS22DF/lps22df_reg.c ****   if (ret != 0)
 2124              		.loc 1 733 3 is_stmt 1 view .LVU635
 2125              		.loc 1 733 6 is_stmt 0 view .LVU636
 2126 0018 0546     		mov	r5, r0
 2127 001a F0B9     		cbnz	r0, .L142
 734:Drivers/Sensors/LPS22DF/lps22df_reg.c ****   {
 735:Drivers/Sensors/LPS22DF/lps22df_reg.c ****     return ret;
 736:Drivers/Sensors/LPS22DF/lps22df_reg.c ****   }
 737:Drivers/Sensors/LPS22DF/lps22df_reg.c **** 
 738:Drivers/Sensors/LPS22DF/lps22df_reg.c ****   /* pressure conversion */
 739:Drivers/Sensors/LPS22DF/lps22df_reg.c ****   data->pressure.raw = (int32_t)buff[2];
 2128              		.loc 1 739 3 is_stmt 1 view .LVU637
 2129              		.loc 1 739 37 is_stmt 0 view .LVU638
 2130 001c 9DF80220 		ldrb	r2, [sp, #2]	@ zero_extendqisi2
 2131              		.loc 1 739 22 view .LVU639
 2132 0020 6260     		str	r2, [r4, #4]
 740:Drivers/Sensors/LPS22DF/lps22df_reg.c ****   data->pressure.raw = (data->pressure.raw * 256) + (int32_t) buff[1];
 2133              		.loc 1 740 3 is_stmt 1 view .LVU640
 2134              		.loc 1 740 67 is_stmt 0 view .LVU641
 2135 0022 9DF80130 		ldrb	r3, [sp, #1]	@ zero_extendqisi2
 2136              		.loc 1 740 51 view .LVU642
 2137 0026 03EB0223 		add	r3, r3, r2, lsl #8
 2138              		.loc 1 740 22 view .LVU643
 2139 002a 6360     		str	r3, [r4, #4]
 741:Drivers/Sensors/LPS22DF/lps22df_reg.c ****   data->pressure.raw = (data->pressure.raw * 256) + (int32_t) buff[0];
 2140              		.loc 1 741 3 is_stmt 1 view .LVU644
 2141              		.loc 1 741 67 is_stmt 0 view .LVU645
 2142 002c 9DF80000 		ldrb	r0, [sp]	@ zero_extendqisi2
 2143              	.LVL161:
 2144              		.loc 1 741 51 view .LVU646
 2145 0030 00EB0320 		add	r0, r0, r3, lsl #8
 2146              		.loc 1 741 22 view .LVU647
 2147 0034 6060     		str	r0, [r4, #4]
 742:Drivers/Sensors/LPS22DF/lps22df_reg.c ****   data->pressure.raw = data->pressure.raw * 256;
 2148              		.loc 1 742 3 is_stmt 1 view .LVU648
 2149              		.loc 1 742 43 is_stmt 0 view .LVU649
 2150 0036 0002     		lsls	r0, r0, #8
 2151              		.loc 1 742 22 view .LVU650
 2152 0038 6060     		str	r0, [r4, #4]
 743:Drivers/Sensors/LPS22DF/lps22df_reg.c **** 
 744:Drivers/Sensors/LPS22DF/lps22df_reg.c ****   data->pressure.hpa = lps22df_from_lsb_to_hPa(data->pressure.raw);
 2153              		.loc 1 744 3 is_stmt 1 view .LVU651
 2154              		.loc 1 744 24 is_stmt 0 view .LVU652
 2155 003a FFF7FEFF 		bl	lps22df_from_lsb_to_hPa
 2156              	.LVL162:
 2157              		.loc 1 744 22 discriminator 1 view .LVU653
 2158 003e 84ED000A 		vstr.32	s0, [r4]
 745:Drivers/Sensors/LPS22DF/lps22df_reg.c **** 
ARM GAS  /tmp/ccy7DkP9.s 			page 59


 746:Drivers/Sensors/LPS22DF/lps22df_reg.c **** 
 747:Drivers/Sensors/LPS22DF/lps22df_reg.c ****   /* temperature conversion */
 748:Drivers/Sensors/LPS22DF/lps22df_reg.c ****   data->heat.raw = (int16_t)(buff[3] | ((uint16_t)buff[4] << 8));
 2159              		.loc 1 748 3 is_stmt 1 view .LVU654
 2160              		.loc 1 748 34 is_stmt 0 view .LVU655
 2161 0042 9DF80300 		ldrb	r0, [sp, #3]	@ zero_extendqisi2
 2162              		.loc 1 748 55 view .LVU656
 2163 0046 9DF80430 		ldrb	r3, [sp, #4]	@ zero_extendqisi2
 2164              		.loc 1 748 20 view .LVU657
 2165 004a 40EA0320 		orr	r0, r0, r3, lsl #8
 2166 004e 00B2     		sxth	r0, r0
 2167              		.loc 1 748 18 view .LVU658
 2168 0050 A081     		strh	r0, [r4, #12]	@ movhi
 749:Drivers/Sensors/LPS22DF/lps22df_reg.c ****   data->heat.deg_c = lps22df_from_lsb_to_celsius(data->heat.raw);
 2169              		.loc 1 749 3 is_stmt 1 view .LVU659
 2170              		.loc 1 749 22 is_stmt 0 view .LVU660
 2171 0052 FFF7FEFF 		bl	lps22df_from_lsb_to_celsius
 2172              	.LVL163:
 2173              		.loc 1 749 20 discriminator 1 view .LVU661
 2174 0056 84ED020A 		vstr.32	s0, [r4, #8]
 750:Drivers/Sensors/LPS22DF/lps22df_reg.c **** 
 751:Drivers/Sensors/LPS22DF/lps22df_reg.c ****   return ret;
 2175              		.loc 1 751 3 is_stmt 1 view .LVU662
 2176              	.L142:
 752:Drivers/Sensors/LPS22DF/lps22df_reg.c **** }
 2177              		.loc 1 752 1 is_stmt 0 view .LVU663
 2178 005a 2846     		mov	r0, r5
 2179 005c 03B0     		add	sp, sp, #12
 2180              	.LCFI49:
 2181              		.cfi_def_cfa_offset 12
 2182              		@ sp needed
 2183 005e 30BD     		pop	{r4, r5, pc}
 2184              		.loc 1 752 1 view .LVU664
 2185              		.cfi_endproc
 2186              	.LFE16:
 2188              		.section	.text.lps22df_pressure_raw_get,"ax",%progbits
 2189              		.align	1
 2190              		.global	lps22df_pressure_raw_get
 2191              		.syntax unified
 2192              		.thumb
 2193              		.thumb_func
 2195              	lps22df_pressure_raw_get:
 2196              	.LVL164:
 2197              	.LFB17:
 753:Drivers/Sensors/LPS22DF/lps22df_reg.c **** 
 754:Drivers/Sensors/LPS22DF/lps22df_reg.c **** /**
 755:Drivers/Sensors/LPS22DF/lps22df_reg.c ****   * @brief  Pressure output value.[get]
 756:Drivers/Sensors/LPS22DF/lps22df_reg.c ****   *
 757:Drivers/Sensors/LPS22DF/lps22df_reg.c ****   * @param  ctx      read / write interface definitions
 758:Drivers/Sensors/LPS22DF/lps22df_reg.c ****   * @param  buff     buffer that stores data read
 759:Drivers/Sensors/LPS22DF/lps22df_reg.c ****   * @retval          interface status (MANDATORY: return 0 -> no Error)
 760:Drivers/Sensors/LPS22DF/lps22df_reg.c ****   *
 761:Drivers/Sensors/LPS22DF/lps22df_reg.c ****   */
 762:Drivers/Sensors/LPS22DF/lps22df_reg.c **** int32_t lps22df_pressure_raw_get(const stmdev_ctx_t *ctx, uint32_t *buff)
 763:Drivers/Sensors/LPS22DF/lps22df_reg.c **** {
 2198              		.loc 1 763 1 is_stmt 1 view -0
 2199              		.cfi_startproc
ARM GAS  /tmp/ccy7DkP9.s 			page 60


 2200              		@ args = 0, pretend = 0, frame = 8
 2201              		@ frame_needed = 0, uses_anonymous_args = 0
 2202              		.loc 1 763 1 is_stmt 0 view .LVU666
 2203 0000 10B5     		push	{r4, lr}
 2204              	.LCFI50:
 2205              		.cfi_def_cfa_offset 8
 2206              		.cfi_offset 4, -8
 2207              		.cfi_offset 14, -4
 2208 0002 82B0     		sub	sp, sp, #8
 2209              	.LCFI51:
 2210              		.cfi_def_cfa_offset 16
 2211 0004 0C46     		mov	r4, r1
 764:Drivers/Sensors/LPS22DF/lps22df_reg.c ****   int32_t ret = {0};
 2212              		.loc 1 764 3 is_stmt 1 view .LVU667
 2213              	.LVL165:
 765:Drivers/Sensors/LPS22DF/lps22df_reg.c ****   uint8_t reg[3] = {0};
 2214              		.loc 1 765 3 view .LVU668
 2215              		.loc 1 765 11 is_stmt 0 view .LVU669
 2216 0006 0023     		movs	r3, #0
 2217 0008 ADF80430 		strh	r3, [sp, #4]	@ movhi
 2218 000c 8DF80630 		strb	r3, [sp, #6]
 766:Drivers/Sensors/LPS22DF/lps22df_reg.c **** 
 767:Drivers/Sensors/LPS22DF/lps22df_reg.c ****   ret =  lps22df_read_reg(ctx, LPS22DF_PRESS_OUT_XL, reg, 3);
 2219              		.loc 1 767 3 is_stmt 1 view .LVU670
 2220              		.loc 1 767 10 is_stmt 0 view .LVU671
 2221 0010 0323     		movs	r3, #3
 2222 0012 01AA     		add	r2, sp, #4
 2223 0014 2821     		movs	r1, #40
 2224              	.LVL166:
 2225              		.loc 1 767 10 view .LVU672
 2226 0016 FFF7FEFF 		bl	lps22df_read_reg
 2227              	.LVL167:
 768:Drivers/Sensors/LPS22DF/lps22df_reg.c ****   if (ret != 0)
 2228              		.loc 1 768 3 is_stmt 1 view .LVU673
 2229              		.loc 1 768 6 is_stmt 0 view .LVU674
 2230 001a 70B9     		cbnz	r0, .L145
 769:Drivers/Sensors/LPS22DF/lps22df_reg.c ****   {
 770:Drivers/Sensors/LPS22DF/lps22df_reg.c ****     return ret;
 771:Drivers/Sensors/LPS22DF/lps22df_reg.c ****   }
 772:Drivers/Sensors/LPS22DF/lps22df_reg.c **** 
 773:Drivers/Sensors/LPS22DF/lps22df_reg.c ****   *buff = reg[2];
 2231              		.loc 1 773 3 is_stmt 1 view .LVU675
 2232              		.loc 1 773 14 is_stmt 0 view .LVU676
 2233 001c 9DF80630 		ldrb	r3, [sp, #6]	@ zero_extendqisi2
 2234              		.loc 1 773 9 view .LVU677
 2235 0020 2360     		str	r3, [r4]
 774:Drivers/Sensors/LPS22DF/lps22df_reg.c ****   *buff = (*buff * 256U) + reg[1];
 2236              		.loc 1 774 3 is_stmt 1 view .LVU678
 2237              		.loc 1 774 31 is_stmt 0 view .LVU679
 2238 0022 9DF80520 		ldrb	r2, [sp, #5]	@ zero_extendqisi2
 2239              		.loc 1 774 26 view .LVU680
 2240 0026 02EB0322 		add	r2, r2, r3, lsl #8
 2241              		.loc 1 774 9 view .LVU681
 2242 002a 2260     		str	r2, [r4]
 775:Drivers/Sensors/LPS22DF/lps22df_reg.c ****   *buff = (*buff * 256U) + reg[0];
 2243              		.loc 1 775 3 is_stmt 1 view .LVU682
 2244              		.loc 1 775 31 is_stmt 0 view .LVU683
ARM GAS  /tmp/ccy7DkP9.s 			page 61


 2245 002c 9DF80430 		ldrb	r3, [sp, #4]	@ zero_extendqisi2
 2246              		.loc 1 775 26 view .LVU684
 2247 0030 03EB0223 		add	r3, r3, r2, lsl #8
 2248              		.loc 1 775 9 view .LVU685
 2249 0034 2360     		str	r3, [r4]
 776:Drivers/Sensors/LPS22DF/lps22df_reg.c ****   *buff *= 256U;
 2250              		.loc 1 776 3 is_stmt 1 view .LVU686
 2251              		.loc 1 776 9 is_stmt 0 view .LVU687
 2252 0036 1B02     		lsls	r3, r3, #8
 2253 0038 2360     		str	r3, [r4]
 777:Drivers/Sensors/LPS22DF/lps22df_reg.c **** 
 778:Drivers/Sensors/LPS22DF/lps22df_reg.c ****   return ret;
 2254              		.loc 1 778 3 is_stmt 1 view .LVU688
 2255              	.L145:
 779:Drivers/Sensors/LPS22DF/lps22df_reg.c **** }
 2256              		.loc 1 779 1 is_stmt 0 view .LVU689
 2257 003a 02B0     		add	sp, sp, #8
 2258              	.LCFI52:
 2259              		.cfi_def_cfa_offset 8
 2260              		@ sp needed
 2261 003c 10BD     		pop	{r4, pc}
 2262              		.loc 1 779 1 view .LVU690
 2263              		.cfi_endproc
 2264              	.LFE17:
 2266              		.section	.text.lps22df_temperature_raw_get,"ax",%progbits
 2267              		.align	1
 2268              		.global	lps22df_temperature_raw_get
 2269              		.syntax unified
 2270              		.thumb
 2271              		.thumb_func
 2273              	lps22df_temperature_raw_get:
 2274              	.LVL168:
 2275              	.LFB18:
 780:Drivers/Sensors/LPS22DF/lps22df_reg.c **** 
 781:Drivers/Sensors/LPS22DF/lps22df_reg.c **** /**
 782:Drivers/Sensors/LPS22DF/lps22df_reg.c ****   * @brief  Temperature output value.[get]
 783:Drivers/Sensors/LPS22DF/lps22df_reg.c ****   *
 784:Drivers/Sensors/LPS22DF/lps22df_reg.c ****   * @param  ctx      read / write interface definitions
 785:Drivers/Sensors/LPS22DF/lps22df_reg.c ****   * @param  buff     buffer that stores data read
 786:Drivers/Sensors/LPS22DF/lps22df_reg.c ****   * @retval          interface status (MANDATORY: return 0 -> no Error)
 787:Drivers/Sensors/LPS22DF/lps22df_reg.c ****   *
 788:Drivers/Sensors/LPS22DF/lps22df_reg.c ****   */
 789:Drivers/Sensors/LPS22DF/lps22df_reg.c **** int32_t lps22df_temperature_raw_get(const stmdev_ctx_t *ctx, int16_t *buff)
 790:Drivers/Sensors/LPS22DF/lps22df_reg.c **** {
 2276              		.loc 1 790 1 is_stmt 1 view -0
 2277              		.cfi_startproc
 2278              		@ args = 0, pretend = 0, frame = 8
 2279              		@ frame_needed = 0, uses_anonymous_args = 0
 2280              		.loc 1 790 1 is_stmt 0 view .LVU692
 2281 0000 10B5     		push	{r4, lr}
 2282              	.LCFI53:
 2283              		.cfi_def_cfa_offset 8
 2284              		.cfi_offset 4, -8
 2285              		.cfi_offset 14, -4
 2286 0002 82B0     		sub	sp, sp, #8
 2287              	.LCFI54:
 2288              		.cfi_def_cfa_offset 16
ARM GAS  /tmp/ccy7DkP9.s 			page 62


 2289 0004 0C46     		mov	r4, r1
 791:Drivers/Sensors/LPS22DF/lps22df_reg.c ****   int32_t ret = {0};
 2290              		.loc 1 791 3 is_stmt 1 view .LVU693
 2291              	.LVL169:
 792:Drivers/Sensors/LPS22DF/lps22df_reg.c ****   uint8_t reg[2] = {0};
 2292              		.loc 1 792 3 view .LVU694
 2293              		.loc 1 792 11 is_stmt 0 view .LVU695
 2294 0006 0023     		movs	r3, #0
 2295 0008 ADF80430 		strh	r3, [sp, #4]	@ movhi
 793:Drivers/Sensors/LPS22DF/lps22df_reg.c **** 
 794:Drivers/Sensors/LPS22DF/lps22df_reg.c ****   ret =  lps22df_read_reg(ctx, LPS22DF_TEMP_OUT_L, reg, 2);
 2296              		.loc 1 794 3 is_stmt 1 view .LVU696
 2297              		.loc 1 794 10 is_stmt 0 view .LVU697
 2298 000c 0223     		movs	r3, #2
 2299 000e 01AA     		add	r2, sp, #4
 2300 0010 2B21     		movs	r1, #43
 2301              	.LVL170:
 2302              		.loc 1 794 10 view .LVU698
 2303 0012 FFF7FEFF 		bl	lps22df_read_reg
 2304              	.LVL171:
 795:Drivers/Sensors/LPS22DF/lps22df_reg.c ****   if (ret != 0)
 2305              		.loc 1 795 3 is_stmt 1 view .LVU699
 2306              		.loc 1 795 6 is_stmt 0 view .LVU700
 2307 0016 30B9     		cbnz	r0, .L148
 796:Drivers/Sensors/LPS22DF/lps22df_reg.c ****   {
 797:Drivers/Sensors/LPS22DF/lps22df_reg.c ****     return ret;
 798:Drivers/Sensors/LPS22DF/lps22df_reg.c ****   }
 799:Drivers/Sensors/LPS22DF/lps22df_reg.c **** 
 800:Drivers/Sensors/LPS22DF/lps22df_reg.c ****   *buff = (int16_t)(reg[0] | ((uint16_t)reg[1] << 8));
 2308              		.loc 1 800 3 is_stmt 1 view .LVU701
 2309              		.loc 1 800 24 is_stmt 0 view .LVU702
 2310 0018 9DF80430 		ldrb	r3, [sp, #4]	@ zero_extendqisi2
 2311              		.loc 1 800 44 view .LVU703
 2312 001c 9DF80520 		ldrb	r2, [sp, #5]	@ zero_extendqisi2
 2313              		.loc 1 800 11 view .LVU704
 2314 0020 43EA0223 		orr	r3, r3, r2, lsl #8
 2315              		.loc 1 800 9 view .LVU705
 2316 0024 2380     		strh	r3, [r4]	@ movhi
 801:Drivers/Sensors/LPS22DF/lps22df_reg.c **** 
 802:Drivers/Sensors/LPS22DF/lps22df_reg.c ****   return ret;
 2317              		.loc 1 802 3 is_stmt 1 view .LVU706
 2318              	.L148:
 803:Drivers/Sensors/LPS22DF/lps22df_reg.c **** }
 2319              		.loc 1 803 1 is_stmt 0 view .LVU707
 2320 0026 02B0     		add	sp, sp, #8
 2321              	.LCFI55:
 2322              		.cfi_def_cfa_offset 8
 2323              		@ sp needed
 2324 0028 10BD     		pop	{r4, pc}
 2325              		.loc 1 803 1 view .LVU708
 2326              		.cfi_endproc
 2327              	.LFE18:
 2329              		.section	.text.lps22df_fifo_mode_set,"ax",%progbits
 2330              		.align	1
 2331              		.global	lps22df_fifo_mode_set
 2332              		.syntax unified
 2333              		.thumb
ARM GAS  /tmp/ccy7DkP9.s 			page 63


 2334              		.thumb_func
 2336              	lps22df_fifo_mode_set:
 2337              	.LVL172:
 2338              	.LFB19:
 804:Drivers/Sensors/LPS22DF/lps22df_reg.c **** 
 805:Drivers/Sensors/LPS22DF/lps22df_reg.c **** /**
 806:Drivers/Sensors/LPS22DF/lps22df_reg.c ****   * @}
 807:Drivers/Sensors/LPS22DF/lps22df_reg.c ****   *
 808:Drivers/Sensors/LPS22DF/lps22df_reg.c ****   */
 809:Drivers/Sensors/LPS22DF/lps22df_reg.c **** 
 810:Drivers/Sensors/LPS22DF/lps22df_reg.c **** /**
 811:Drivers/Sensors/LPS22DF/lps22df_reg.c ****   * @defgroup     FIFO functions
 812:Drivers/Sensors/LPS22DF/lps22df_reg.c ****   * @brief        This section groups all the functions concerning the
 813:Drivers/Sensors/LPS22DF/lps22df_reg.c ****   *               management of FIFO.
 814:Drivers/Sensors/LPS22DF/lps22df_reg.c ****   * @{
 815:Drivers/Sensors/LPS22DF/lps22df_reg.c ****   *
 816:Drivers/Sensors/LPS22DF/lps22df_reg.c ****   */
 817:Drivers/Sensors/LPS22DF/lps22df_reg.c **** 
 818:Drivers/Sensors/LPS22DF/lps22df_reg.c **** /**
 819:Drivers/Sensors/LPS22DF/lps22df_reg.c ****   * @brief  FIFO operation mode selection.[set]
 820:Drivers/Sensors/LPS22DF/lps22df_reg.c ****   *
 821:Drivers/Sensors/LPS22DF/lps22df_reg.c ****   * @param  ctx   communication interface handler.(ptr)
 822:Drivers/Sensors/LPS22DF/lps22df_reg.c ****   * @param  val   set the FIFO operation mode.
 823:Drivers/Sensors/LPS22DF/lps22df_reg.c ****   * @retval       interface status (MANDATORY: return 0 -> no Error)
 824:Drivers/Sensors/LPS22DF/lps22df_reg.c ****   *
 825:Drivers/Sensors/LPS22DF/lps22df_reg.c ****   */
 826:Drivers/Sensors/LPS22DF/lps22df_reg.c **** int32_t lps22df_fifo_mode_set(const stmdev_ctx_t *ctx, lps22df_operation_t val)
 827:Drivers/Sensors/LPS22DF/lps22df_reg.c **** {
 2339              		.loc 1 827 1 is_stmt 1 view -0
 2340              		.cfi_startproc
 2341              		@ args = 0, pretend = 0, frame = 8
 2342              		@ frame_needed = 0, uses_anonymous_args = 0
 2343              		.loc 1 827 1 is_stmt 0 view .LVU710
 2344 0000 30B5     		push	{r4, r5, lr}
 2345              	.LCFI56:
 2346              		.cfi_def_cfa_offset 12
 2347              		.cfi_offset 4, -12
 2348              		.cfi_offset 5, -8
 2349              		.cfi_offset 14, -4
 2350 0002 83B0     		sub	sp, sp, #12
 2351              	.LCFI57:
 2352              		.cfi_def_cfa_offset 24
 2353 0004 0546     		mov	r5, r0
 2354 0006 0C46     		mov	r4, r1
 828:Drivers/Sensors/LPS22DF/lps22df_reg.c ****   lps22df_fifo_ctrl_t fifo_ctrl = {0};
 2355              		.loc 1 828 3 is_stmt 1 view .LVU711
 2356              		.loc 1 828 23 is_stmt 0 view .LVU712
 2357 0008 0023     		movs	r3, #0
 2358 000a 8DF80430 		strb	r3, [sp, #4]
 829:Drivers/Sensors/LPS22DF/lps22df_reg.c ****   int32_t ret = {0};
 2359              		.loc 1 829 3 is_stmt 1 view .LVU713
 2360              	.LVL173:
 830:Drivers/Sensors/LPS22DF/lps22df_reg.c **** 
 831:Drivers/Sensors/LPS22DF/lps22df_reg.c ****   ret = lps22df_read_reg(ctx, LPS22DF_FIFO_CTRL, (uint8_t *)&fifo_ctrl, 1);
 2361              		.loc 1 831 3 view .LVU714
 2362              		.loc 1 831 9 is_stmt 0 view .LVU715
 2363 000e 0123     		movs	r3, #1
ARM GAS  /tmp/ccy7DkP9.s 			page 64


 2364 0010 01AA     		add	r2, sp, #4
 2365 0012 1421     		movs	r1, #20
 2366              	.LVL174:
 2367              		.loc 1 831 9 view .LVU716
 2368 0014 FFF7FEFF 		bl	lps22df_read_reg
 2369              	.LVL175:
 832:Drivers/Sensors/LPS22DF/lps22df_reg.c ****   if (ret == 0)
 2370              		.loc 1 832 3 is_stmt 1 view .LVU717
 2371              		.loc 1 832 6 is_stmt 0 view .LVU718
 2372 0018 08B1     		cbz	r0, .L154
 2373              	.LVL176:
 2374              	.L151:
 833:Drivers/Sensors/LPS22DF/lps22df_reg.c ****   {
 834:Drivers/Sensors/LPS22DF/lps22df_reg.c ****     fifo_ctrl.f_mode = (uint8_t)val & 0x03U;
 835:Drivers/Sensors/LPS22DF/lps22df_reg.c ****     fifo_ctrl.trig_modes = ((uint8_t)val & 0x04U) >> 2;
 836:Drivers/Sensors/LPS22DF/lps22df_reg.c **** 
 837:Drivers/Sensors/LPS22DF/lps22df_reg.c ****     ret = lps22df_write_reg(ctx, LPS22DF_FIFO_CTRL, (uint8_t *)&fifo_ctrl, 1);
 838:Drivers/Sensors/LPS22DF/lps22df_reg.c ****   }
 839:Drivers/Sensors/LPS22DF/lps22df_reg.c ****   return ret;
 840:Drivers/Sensors/LPS22DF/lps22df_reg.c **** }
 2375              		.loc 1 840 1 view .LVU719
 2376 001a 03B0     		add	sp, sp, #12
 2377              	.LCFI58:
 2378              		.cfi_remember_state
 2379              		.cfi_def_cfa_offset 12
 2380              		@ sp needed
 2381 001c 30BD     		pop	{r4, r5, pc}
 2382              	.LVL177:
 2383              	.L154:
 2384              	.LCFI59:
 2385              		.cfi_restore_state
 834:Drivers/Sensors/LPS22DF/lps22df_reg.c ****     fifo_ctrl.trig_modes = ((uint8_t)val & 0x04U) >> 2;
 2386              		.loc 1 834 5 is_stmt 1 view .LVU720
 834:Drivers/Sensors/LPS22DF/lps22df_reg.c ****     fifo_ctrl.trig_modes = ((uint8_t)val & 0x04U) >> 2;
 2387              		.loc 1 834 22 is_stmt 0 view .LVU721
 2388 001e 9DF80430 		ldrb	r3, [sp, #4]	@ zero_extendqisi2
 2389 0022 64F30103 		bfi	r3, r4, #0, #2
 2390 0026 8DF80430 		strb	r3, [sp, #4]
 835:Drivers/Sensors/LPS22DF/lps22df_reg.c **** 
 2391              		.loc 1 835 5 is_stmt 1 view .LVU722
 835:Drivers/Sensors/LPS22DF/lps22df_reg.c **** 
 2392              		.loc 1 835 51 is_stmt 0 view .LVU723
 2393 002a C4F38001 		ubfx	r1, r4, #2, #1
 835:Drivers/Sensors/LPS22DF/lps22df_reg.c **** 
 2394              		.loc 1 835 26 view .LVU724
 2395 002e DBB2     		uxtb	r3, r3
 2396 0030 61F38203 		bfi	r3, r1, #2, #1
 2397 0034 8DF80430 		strb	r3, [sp, #4]
 837:Drivers/Sensors/LPS22DF/lps22df_reg.c ****   }
 2398              		.loc 1 837 5 is_stmt 1 view .LVU725
 837:Drivers/Sensors/LPS22DF/lps22df_reg.c ****   }
 2399              		.loc 1 837 11 is_stmt 0 view .LVU726
 2400 0038 0123     		movs	r3, #1
 2401              	.LVL178:
 837:Drivers/Sensors/LPS22DF/lps22df_reg.c ****   }
 2402              		.loc 1 837 11 view .LVU727
 2403 003a 01AA     		add	r2, sp, #4
ARM GAS  /tmp/ccy7DkP9.s 			page 65


 2404 003c 1421     		movs	r1, #20
 2405 003e 2846     		mov	r0, r5
 2406 0040 FFF7FEFF 		bl	lps22df_write_reg
 2407              	.LVL179:
 839:Drivers/Sensors/LPS22DF/lps22df_reg.c **** }
 2408              		.loc 1 839 3 is_stmt 1 view .LVU728
 839:Drivers/Sensors/LPS22DF/lps22df_reg.c **** }
 2409              		.loc 1 839 10 is_stmt 0 view .LVU729
 2410 0044 E9E7     		b	.L151
 2411              		.cfi_endproc
 2412              	.LFE19:
 2414              		.section	.text.lps22df_fifo_mode_get,"ax",%progbits
 2415              		.align	1
 2416              		.global	lps22df_fifo_mode_get
 2417              		.syntax unified
 2418              		.thumb
 2419              		.thumb_func
 2421              	lps22df_fifo_mode_get:
 2422              	.LVL180:
 2423              	.LFB20:
 841:Drivers/Sensors/LPS22DF/lps22df_reg.c **** 
 842:Drivers/Sensors/LPS22DF/lps22df_reg.c **** /**
 843:Drivers/Sensors/LPS22DF/lps22df_reg.c ****   * @brief  FIFO operation mode selection.[get]
 844:Drivers/Sensors/LPS22DF/lps22df_reg.c ****   *
 845:Drivers/Sensors/LPS22DF/lps22df_reg.c ****   * @param  ctx   communication interface handler.(ptr)
 846:Drivers/Sensors/LPS22DF/lps22df_reg.c ****   * @param  val   get the FIFO operation mode.(ptr)
 847:Drivers/Sensors/LPS22DF/lps22df_reg.c ****   * @retval       interface status (MANDATORY: return 0 -> no Error)
 848:Drivers/Sensors/LPS22DF/lps22df_reg.c ****   *
 849:Drivers/Sensors/LPS22DF/lps22df_reg.c ****   */
 850:Drivers/Sensors/LPS22DF/lps22df_reg.c **** int32_t lps22df_fifo_mode_get(const stmdev_ctx_t *ctx, lps22df_operation_t *val)
 851:Drivers/Sensors/LPS22DF/lps22df_reg.c **** {
 2424              		.loc 1 851 1 is_stmt 1 view -0
 2425              		.cfi_startproc
 2426              		@ args = 0, pretend = 0, frame = 8
 2427              		@ frame_needed = 0, uses_anonymous_args = 0
 2428              		.loc 1 851 1 is_stmt 0 view .LVU731
 2429 0000 10B5     		push	{r4, lr}
 2430              	.LCFI60:
 2431              		.cfi_def_cfa_offset 8
 2432              		.cfi_offset 4, -8
 2433              		.cfi_offset 14, -4
 2434 0002 82B0     		sub	sp, sp, #8
 2435              	.LCFI61:
 2436              		.cfi_def_cfa_offset 16
 2437 0004 0C46     		mov	r4, r1
 852:Drivers/Sensors/LPS22DF/lps22df_reg.c ****   lps22df_fifo_ctrl_t fifo_ctrl = {0};
 2438              		.loc 1 852 3 is_stmt 1 view .LVU732
 2439              		.loc 1 852 23 is_stmt 0 view .LVU733
 2440 0006 0023     		movs	r3, #0
 2441 0008 8DF80430 		strb	r3, [sp, #4]
 853:Drivers/Sensors/LPS22DF/lps22df_reg.c ****   int32_t ret = {0};
 2442              		.loc 1 853 3 is_stmt 1 view .LVU734
 2443              	.LVL181:
 854:Drivers/Sensors/LPS22DF/lps22df_reg.c **** 
 855:Drivers/Sensors/LPS22DF/lps22df_reg.c ****   ret = lps22df_read_reg(ctx, LPS22DF_FIFO_CTRL, (uint8_t *)&fifo_ctrl, 1);
 2444              		.loc 1 855 3 view .LVU735
 2445              		.loc 1 855 9 is_stmt 0 view .LVU736
ARM GAS  /tmp/ccy7DkP9.s 			page 66


 2446 000c 0123     		movs	r3, #1
 2447 000e 01AA     		add	r2, sp, #4
 2448 0010 1421     		movs	r1, #20
 2449              	.LVL182:
 2450              		.loc 1 855 9 view .LVU737
 2451 0012 FFF7FEFF 		bl	lps22df_read_reg
 2452              	.LVL183:
 856:Drivers/Sensors/LPS22DF/lps22df_reg.c ****   if (ret != 0)
 2453              		.loc 1 856 3 is_stmt 1 view .LVU738
 2454              		.loc 1 856 6 is_stmt 0 view .LVU739
 2455 0016 80B9     		cbnz	r0, .L155
 857:Drivers/Sensors/LPS22DF/lps22df_reg.c ****   {
 858:Drivers/Sensors/LPS22DF/lps22df_reg.c ****     return ret;
 859:Drivers/Sensors/LPS22DF/lps22df_reg.c ****   }
 860:Drivers/Sensors/LPS22DF/lps22df_reg.c **** 
 861:Drivers/Sensors/LPS22DF/lps22df_reg.c ****   switch ((fifo_ctrl.trig_modes << 2) | fifo_ctrl.f_mode)
 2456              		.loc 1 861 3 is_stmt 1 view .LVU740
 2457              		.loc 1 861 21 is_stmt 0 view .LVU741
 2458 0018 9DF80420 		ldrb	r2, [sp, #4]	@ zero_extendqisi2
 2459              		.loc 1 861 33 view .LVU742
 2460 001c 02F00403 		and	r3, r2, #4
 2461              		.loc 1 861 50 view .LVU743
 2462 0020 02F00302 		and	r2, r2, #3
 2463              		.loc 1 861 39 view .LVU744
 2464 0024 1343     		orrs	r3, r3, r2
 2465              		.loc 1 861 3 view .LVU745
 2466 0026 072B     		cmp	r3, #7
 2467 0028 18D8     		bhi	.L157
 2468 002a DFE803F0 		tbb	[pc, r3]
 2469              	.L159:
 2470 002e 04       		.byte	(.L164-.L159)/2
 2471 002f 08       		.byte	(.L163-.L159)/2
 2472 0030 0B       		.byte	(.L162-.L159)/2
 2473 0031 17       		.byte	(.L157-.L159)/2
 2474 0032 17       		.byte	(.L157-.L159)/2
 2475 0033 14       		.byte	(.L161-.L159)/2
 2476 0034 11       		.byte	(.L160-.L159)/2
 2477 0035 0E       		.byte	(.L158-.L159)/2
 2478              		.p2align 1
 2479              	.L164:
 862:Drivers/Sensors/LPS22DF/lps22df_reg.c ****   {
 863:Drivers/Sensors/LPS22DF/lps22df_reg.c ****     case 0x00:
 864:Drivers/Sensors/LPS22DF/lps22df_reg.c ****       *val = LPS22DF_BYPASS;
 2480              		.loc 1 864 7 is_stmt 1 view .LVU746
 2481              		.loc 1 864 12 is_stmt 0 view .LVU747
 2482 0036 0023     		movs	r3, #0
 2483 0038 2370     		strb	r3, [r4]
 865:Drivers/Sensors/LPS22DF/lps22df_reg.c ****       break;
 2484              		.loc 1 865 7 is_stmt 1 view .LVU748
 2485              	.L155:
 866:Drivers/Sensors/LPS22DF/lps22df_reg.c ****     case 0x01:
 867:Drivers/Sensors/LPS22DF/lps22df_reg.c ****       *val = LPS22DF_FIFO;
 868:Drivers/Sensors/LPS22DF/lps22df_reg.c ****       break;
 869:Drivers/Sensors/LPS22DF/lps22df_reg.c ****     case 0x02:
 870:Drivers/Sensors/LPS22DF/lps22df_reg.c ****       *val = LPS22DF_STREAM;
 871:Drivers/Sensors/LPS22DF/lps22df_reg.c ****       break;
 872:Drivers/Sensors/LPS22DF/lps22df_reg.c ****     case 0x07:
ARM GAS  /tmp/ccy7DkP9.s 			page 67


 873:Drivers/Sensors/LPS22DF/lps22df_reg.c ****       *val = LPS22DF_STREAM_TO_FIFO;
 874:Drivers/Sensors/LPS22DF/lps22df_reg.c ****       break;
 875:Drivers/Sensors/LPS22DF/lps22df_reg.c ****     case 0x06:
 876:Drivers/Sensors/LPS22DF/lps22df_reg.c ****       *val = LPS22DF_BYPASS_TO_STREAM;
 877:Drivers/Sensors/LPS22DF/lps22df_reg.c ****       break;
 878:Drivers/Sensors/LPS22DF/lps22df_reg.c ****     case 0x05:
 879:Drivers/Sensors/LPS22DF/lps22df_reg.c ****       *val = LPS22DF_BYPASS_TO_FIFO;
 880:Drivers/Sensors/LPS22DF/lps22df_reg.c ****       break;
 881:Drivers/Sensors/LPS22DF/lps22df_reg.c ****     default:
 882:Drivers/Sensors/LPS22DF/lps22df_reg.c ****       *val = LPS22DF_BYPASS;
 883:Drivers/Sensors/LPS22DF/lps22df_reg.c ****       break;
 884:Drivers/Sensors/LPS22DF/lps22df_reg.c ****   }
 885:Drivers/Sensors/LPS22DF/lps22df_reg.c **** 
 886:Drivers/Sensors/LPS22DF/lps22df_reg.c **** 
 887:Drivers/Sensors/LPS22DF/lps22df_reg.c ****   return ret;
 888:Drivers/Sensors/LPS22DF/lps22df_reg.c **** }
 2486              		.loc 1 888 1 is_stmt 0 view .LVU749
 2487 003a 02B0     		add	sp, sp, #8
 2488              	.LCFI62:
 2489              		.cfi_remember_state
 2490              		.cfi_def_cfa_offset 8
 2491              		@ sp needed
 2492 003c 10BD     		pop	{r4, pc}
 2493              	.LVL184:
 2494              	.L163:
 2495              	.LCFI63:
 2496              		.cfi_restore_state
 867:Drivers/Sensors/LPS22DF/lps22df_reg.c ****       break;
 2497              		.loc 1 867 7 is_stmt 1 view .LVU750
 867:Drivers/Sensors/LPS22DF/lps22df_reg.c ****       break;
 2498              		.loc 1 867 12 is_stmt 0 view .LVU751
 2499 003e 0123     		movs	r3, #1
 2500              	.LVL185:
 867:Drivers/Sensors/LPS22DF/lps22df_reg.c ****       break;
 2501              		.loc 1 867 12 view .LVU752
 2502 0040 2370     		strb	r3, [r4]
 868:Drivers/Sensors/LPS22DF/lps22df_reg.c ****     case 0x02:
 2503              		.loc 1 868 7 is_stmt 1 view .LVU753
 2504 0042 FAE7     		b	.L155
 2505              	.LVL186:
 2506              	.L162:
 870:Drivers/Sensors/LPS22DF/lps22df_reg.c ****       break;
 2507              		.loc 1 870 7 view .LVU754
 870:Drivers/Sensors/LPS22DF/lps22df_reg.c ****       break;
 2508              		.loc 1 870 12 is_stmt 0 view .LVU755
 2509 0044 0223     		movs	r3, #2
 2510 0046 2370     		strb	r3, [r4]
 871:Drivers/Sensors/LPS22DF/lps22df_reg.c ****     case 0x07:
 2511              		.loc 1 871 7 is_stmt 1 view .LVU756
 2512 0048 F7E7     		b	.L155
 2513              	.L158:
 873:Drivers/Sensors/LPS22DF/lps22df_reg.c ****       break;
 2514              		.loc 1 873 7 view .LVU757
 873:Drivers/Sensors/LPS22DF/lps22df_reg.c ****       break;
 2515              		.loc 1 873 12 is_stmt 0 view .LVU758
 2516 004a 0723     		movs	r3, #7
 2517 004c 2370     		strb	r3, [r4]
ARM GAS  /tmp/ccy7DkP9.s 			page 68


 874:Drivers/Sensors/LPS22DF/lps22df_reg.c ****     case 0x06:
 2518              		.loc 1 874 7 is_stmt 1 view .LVU759
 2519 004e F4E7     		b	.L155
 2520              	.L160:
 876:Drivers/Sensors/LPS22DF/lps22df_reg.c ****       break;
 2521              		.loc 1 876 7 view .LVU760
 876:Drivers/Sensors/LPS22DF/lps22df_reg.c ****       break;
 2522              		.loc 1 876 12 is_stmt 0 view .LVU761
 2523 0050 0623     		movs	r3, #6
 2524 0052 2370     		strb	r3, [r4]
 877:Drivers/Sensors/LPS22DF/lps22df_reg.c ****     case 0x05:
 2525              		.loc 1 877 7 is_stmt 1 view .LVU762
 2526 0054 F1E7     		b	.L155
 2527              	.L161:
 879:Drivers/Sensors/LPS22DF/lps22df_reg.c ****       break;
 2528              		.loc 1 879 7 view .LVU763
 879:Drivers/Sensors/LPS22DF/lps22df_reg.c ****       break;
 2529              		.loc 1 879 12 is_stmt 0 view .LVU764
 2530 0056 0523     		movs	r3, #5
 2531 0058 2370     		strb	r3, [r4]
 880:Drivers/Sensors/LPS22DF/lps22df_reg.c ****     default:
 2532              		.loc 1 880 7 is_stmt 1 view .LVU765
 2533 005a EEE7     		b	.L155
 2534              	.L157:
 882:Drivers/Sensors/LPS22DF/lps22df_reg.c ****       break;
 2535              		.loc 1 882 7 view .LVU766
 882:Drivers/Sensors/LPS22DF/lps22df_reg.c ****       break;
 2536              		.loc 1 882 12 is_stmt 0 view .LVU767
 2537 005c 0023     		movs	r3, #0
 2538 005e 2370     		strb	r3, [r4]
 883:Drivers/Sensors/LPS22DF/lps22df_reg.c ****   }
 2539              		.loc 1 883 7 is_stmt 1 view .LVU768
 2540 0060 EBE7     		b	.L155
 2541              		.cfi_endproc
 2542              	.LFE20:
 2544              		.section	.text.lps22df_fifo_watermark_set,"ax",%progbits
 2545              		.align	1
 2546              		.global	lps22df_fifo_watermark_set
 2547              		.syntax unified
 2548              		.thumb
 2549              		.thumb_func
 2551              	lps22df_fifo_watermark_set:
 2552              	.LVL187:
 2553              	.LFB21:
 889:Drivers/Sensors/LPS22DF/lps22df_reg.c **** 
 890:Drivers/Sensors/LPS22DF/lps22df_reg.c **** /**
 891:Drivers/Sensors/LPS22DF/lps22df_reg.c ****   * @brief  FIFO watermark selection.[set]
 892:Drivers/Sensors/LPS22DF/lps22df_reg.c ****   *
 893:Drivers/Sensors/LPS22DF/lps22df_reg.c ****   * @param  ctx   communication interface handler.(ptr)
 894:Drivers/Sensors/LPS22DF/lps22df_reg.c ****   * @param  val   watermark value (0 disable; max 128)
 895:Drivers/Sensors/LPS22DF/lps22df_reg.c ****   * @retval       interface status (MANDATORY: return 0 -> no Error)
 896:Drivers/Sensors/LPS22DF/lps22df_reg.c ****   *
 897:Drivers/Sensors/LPS22DF/lps22df_reg.c ****   */
 898:Drivers/Sensors/LPS22DF/lps22df_reg.c **** int32_t lps22df_fifo_watermark_set(const stmdev_ctx_t *ctx, uint8_t val)
 899:Drivers/Sensors/LPS22DF/lps22df_reg.c **** {
 2554              		.loc 1 899 1 view -0
 2555              		.cfi_startproc
ARM GAS  /tmp/ccy7DkP9.s 			page 69


 2556              		@ args = 0, pretend = 0, frame = 8
 2557              		@ frame_needed = 0, uses_anonymous_args = 0
 2558              		.loc 1 899 1 is_stmt 0 view .LVU770
 2559 0000 30B5     		push	{r4, r5, lr}
 2560              	.LCFI64:
 2561              		.cfi_def_cfa_offset 12
 2562              		.cfi_offset 4, -12
 2563              		.cfi_offset 5, -8
 2564              		.cfi_offset 14, -4
 2565 0002 83B0     		sub	sp, sp, #12
 2566              	.LCFI65:
 2567              		.cfi_def_cfa_offset 24
 900:Drivers/Sensors/LPS22DF/lps22df_reg.c ****   lps22df_fifo_wtm_t fifo_wtm = {0};
 2568              		.loc 1 900 3 is_stmt 1 view .LVU771
 2569              		.loc 1 900 22 is_stmt 0 view .LVU772
 2570 0004 0023     		movs	r3, #0
 2571 0006 8DF80430 		strb	r3, [sp, #4]
 901:Drivers/Sensors/LPS22DF/lps22df_reg.c ****   int32_t ret = {0};
 2572              		.loc 1 901 3 is_stmt 1 view .LVU773
 2573              	.LVL188:
 902:Drivers/Sensors/LPS22DF/lps22df_reg.c **** 
 903:Drivers/Sensors/LPS22DF/lps22df_reg.c ****   if (val >= 128)
 2574              		.loc 1 903 3 view .LVU774
 2575              		.loc 1 903 6 is_stmt 0 view .LVU775
 2576 000a 11F0800F 		tst	r1, #128
 2577 000e 16D1     		bne	.L168
 2578 0010 0546     		mov	r5, r0
 2579 0012 0C46     		mov	r4, r1
 904:Drivers/Sensors/LPS22DF/lps22df_reg.c ****   {
 905:Drivers/Sensors/LPS22DF/lps22df_reg.c ****     ret = -1;
 906:Drivers/Sensors/LPS22DF/lps22df_reg.c ****     goto exit;
 907:Drivers/Sensors/LPS22DF/lps22df_reg.c ****   }
 908:Drivers/Sensors/LPS22DF/lps22df_reg.c **** 
 909:Drivers/Sensors/LPS22DF/lps22df_reg.c ****   ret = lps22df_read_reg(ctx, LPS22DF_FIFO_WTM, (uint8_t *)&fifo_wtm, 1);
 2580              		.loc 1 909 3 is_stmt 1 view .LVU776
 2581              		.loc 1 909 9 is_stmt 0 view .LVU777
 2582 0014 0123     		movs	r3, #1
 2583 0016 01AA     		add	r2, sp, #4
 2584 0018 1521     		movs	r1, #21
 2585              	.LVL189:
 2586              		.loc 1 909 9 view .LVU778
 2587 001a FFF7FEFF 		bl	lps22df_read_reg
 2588              	.LVL190:
 910:Drivers/Sensors/LPS22DF/lps22df_reg.c ****   if (ret == 0)
 2589              		.loc 1 910 3 is_stmt 1 view .LVU779
 2590              		.loc 1 910 6 is_stmt 0 view .LVU780
 2591 001e 08B1     		cbz	r0, .L170
 2592              	.LVL191:
 2593              	.L166:
 911:Drivers/Sensors/LPS22DF/lps22df_reg.c ****   {
 912:Drivers/Sensors/LPS22DF/lps22df_reg.c ****     fifo_wtm.wtm = val & 0x7FU;
 913:Drivers/Sensors/LPS22DF/lps22df_reg.c **** 
 914:Drivers/Sensors/LPS22DF/lps22df_reg.c ****     ret = lps22df_write_reg(ctx, LPS22DF_FIFO_WTM, (uint8_t *)&fifo_wtm, 1);
 915:Drivers/Sensors/LPS22DF/lps22df_reg.c ****   }
 916:Drivers/Sensors/LPS22DF/lps22df_reg.c **** 
 917:Drivers/Sensors/LPS22DF/lps22df_reg.c **** exit:
 918:Drivers/Sensors/LPS22DF/lps22df_reg.c ****   return ret;
ARM GAS  /tmp/ccy7DkP9.s 			page 70


 919:Drivers/Sensors/LPS22DF/lps22df_reg.c **** }
 2594              		.loc 1 919 1 view .LVU781
 2595 0020 03B0     		add	sp, sp, #12
 2596              	.LCFI66:
 2597              		.cfi_remember_state
 2598              		.cfi_def_cfa_offset 12
 2599              		@ sp needed
 2600 0022 30BD     		pop	{r4, r5, pc}
 2601              	.LVL192:
 2602              	.L170:
 2603              	.LCFI67:
 2604              		.cfi_restore_state
 912:Drivers/Sensors/LPS22DF/lps22df_reg.c **** 
 2605              		.loc 1 912 5 is_stmt 1 view .LVU782
 912:Drivers/Sensors/LPS22DF/lps22df_reg.c **** 
 2606              		.loc 1 912 18 is_stmt 0 view .LVU783
 2607 0024 9DF80430 		ldrb	r3, [sp, #4]	@ zero_extendqisi2
 2608 0028 64F30603 		bfi	r3, r4, #0, #7
 2609 002c 8DF80430 		strb	r3, [sp, #4]
 914:Drivers/Sensors/LPS22DF/lps22df_reg.c ****   }
 2610              		.loc 1 914 5 is_stmt 1 view .LVU784
 914:Drivers/Sensors/LPS22DF/lps22df_reg.c ****   }
 2611              		.loc 1 914 11 is_stmt 0 view .LVU785
 2612 0030 0123     		movs	r3, #1
 2613 0032 01AA     		add	r2, sp, #4
 2614 0034 1521     		movs	r1, #21
 2615 0036 2846     		mov	r0, r5
 2616              	.LVL193:
 914:Drivers/Sensors/LPS22DF/lps22df_reg.c ****   }
 2617              		.loc 1 914 11 view .LVU786
 2618 0038 FFF7FEFF 		bl	lps22df_write_reg
 2619              	.LVL194:
 914:Drivers/Sensors/LPS22DF/lps22df_reg.c ****   }
 2620              		.loc 1 914 11 view .LVU787
 2621 003c F0E7     		b	.L166
 2622              	.LVL195:
 2623              	.L168:
 905:Drivers/Sensors/LPS22DF/lps22df_reg.c ****     goto exit;
 2624              		.loc 1 905 9 view .LVU788
 2625 003e 4FF0FF30 		mov	r0, #-1
 2626              	.LVL196:
 2627              	.L167:
 918:Drivers/Sensors/LPS22DF/lps22df_reg.c **** }
 2628              		.loc 1 918 3 is_stmt 1 view .LVU789
 918:Drivers/Sensors/LPS22DF/lps22df_reg.c **** }
 2629              		.loc 1 918 10 is_stmt 0 view .LVU790
 2630 0042 EDE7     		b	.L166
 2631              		.cfi_endproc
 2632              	.LFE21:
 2634              		.section	.text.lps22df_fifo_watermark_get,"ax",%progbits
 2635              		.align	1
 2636              		.global	lps22df_fifo_watermark_get
 2637              		.syntax unified
 2638              		.thumb
 2639              		.thumb_func
 2641              	lps22df_fifo_watermark_get:
 2642              	.LVL197:
ARM GAS  /tmp/ccy7DkP9.s 			page 71


 2643              	.LFB22:
 920:Drivers/Sensors/LPS22DF/lps22df_reg.c **** 
 921:Drivers/Sensors/LPS22DF/lps22df_reg.c **** /**
 922:Drivers/Sensors/LPS22DF/lps22df_reg.c ****   * @brief  FIFO watermark selection.[get]
 923:Drivers/Sensors/LPS22DF/lps22df_reg.c ****   *
 924:Drivers/Sensors/LPS22DF/lps22df_reg.c ****   * @param  ctx   communication interface handler.(ptr)
 925:Drivers/Sensors/LPS22DF/lps22df_reg.c ****   * @param  val   watermark value (0 disable; max 128)
 926:Drivers/Sensors/LPS22DF/lps22df_reg.c ****   * @retval       interface status (MANDATORY: return 0 -> no Error)
 927:Drivers/Sensors/LPS22DF/lps22df_reg.c ****   *
 928:Drivers/Sensors/LPS22DF/lps22df_reg.c ****   */
 929:Drivers/Sensors/LPS22DF/lps22df_reg.c **** int32_t lps22df_fifo_watermark_get(const stmdev_ctx_t *ctx, uint8_t *val)
 930:Drivers/Sensors/LPS22DF/lps22df_reg.c **** {
 2644              		.loc 1 930 1 is_stmt 1 view -0
 2645              		.cfi_startproc
 2646              		@ args = 0, pretend = 0, frame = 8
 2647              		@ frame_needed = 0, uses_anonymous_args = 0
 2648              		.loc 1 930 1 is_stmt 0 view .LVU792
 2649 0000 10B5     		push	{r4, lr}
 2650              	.LCFI68:
 2651              		.cfi_def_cfa_offset 8
 2652              		.cfi_offset 4, -8
 2653              		.cfi_offset 14, -4
 2654 0002 82B0     		sub	sp, sp, #8
 2655              	.LCFI69:
 2656              		.cfi_def_cfa_offset 16
 2657 0004 0C46     		mov	r4, r1
 931:Drivers/Sensors/LPS22DF/lps22df_reg.c ****   lps22df_fifo_wtm_t fifo_wtm = {0};
 2658              		.loc 1 931 3 is_stmt 1 view .LVU793
 2659              		.loc 1 931 22 is_stmt 0 view .LVU794
 2660 0006 0023     		movs	r3, #0
 2661 0008 8DF80430 		strb	r3, [sp, #4]
 932:Drivers/Sensors/LPS22DF/lps22df_reg.c ****   int32_t ret = {0};
 2662              		.loc 1 932 3 is_stmt 1 view .LVU795
 2663              	.LVL198:
 933:Drivers/Sensors/LPS22DF/lps22df_reg.c **** 
 934:Drivers/Sensors/LPS22DF/lps22df_reg.c ****   ret = lps22df_read_reg(ctx, LPS22DF_FIFO_WTM, (uint8_t *)&fifo_wtm, 1);
 2664              		.loc 1 934 3 view .LVU796
 2665              		.loc 1 934 9 is_stmt 0 view .LVU797
 2666 000c 0123     		movs	r3, #1
 2667 000e 01AA     		add	r2, sp, #4
 2668 0010 1521     		movs	r1, #21
 2669              	.LVL199:
 2670              		.loc 1 934 9 view .LVU798
 2671 0012 FFF7FEFF 		bl	lps22df_read_reg
 2672              	.LVL200:
 935:Drivers/Sensors/LPS22DF/lps22df_reg.c ****   if (ret == 0)
 2673              		.loc 1 935 3 is_stmt 1 view .LVU799
 2674              		.loc 1 935 6 is_stmt 0 view .LVU800
 2675 0016 20B9     		cbnz	r0, .L171
 936:Drivers/Sensors/LPS22DF/lps22df_reg.c ****   {
 937:Drivers/Sensors/LPS22DF/lps22df_reg.c ****     *val = fifo_wtm.wtm;
 2676              		.loc 1 937 5 is_stmt 1 view .LVU801
 2677              		.loc 1 937 20 is_stmt 0 view .LVU802
 2678 0018 9DF80430 		ldrb	r3, [sp, #4]	@ zero_extendqisi2
 2679 001c C3F30603 		ubfx	r3, r3, #0, #7
 2680              		.loc 1 937 10 view .LVU803
 2681 0020 2370     		strb	r3, [r4]
ARM GAS  /tmp/ccy7DkP9.s 			page 72


 938:Drivers/Sensors/LPS22DF/lps22df_reg.c ****   }
 939:Drivers/Sensors/LPS22DF/lps22df_reg.c ****   return ret;
 2682              		.loc 1 939 3 is_stmt 1 view .LVU804
 2683              	.L171:
 940:Drivers/Sensors/LPS22DF/lps22df_reg.c **** }
 2684              		.loc 1 940 1 is_stmt 0 view .LVU805
 2685 0022 02B0     		add	sp, sp, #8
 2686              	.LCFI70:
 2687              		.cfi_def_cfa_offset 8
 2688              		@ sp needed
 2689 0024 10BD     		pop	{r4, pc}
 2690              		.loc 1 940 1 view .LVU806
 2691              		.cfi_endproc
 2692              	.LFE22:
 2694              		.section	.text.lps22df_fifo_stop_on_wtm_set,"ax",%progbits
 2695              		.align	1
 2696              		.global	lps22df_fifo_stop_on_wtm_set
 2697              		.syntax unified
 2698              		.thumb
 2699              		.thumb_func
 2701              	lps22df_fifo_stop_on_wtm_set:
 2702              	.LVL201:
 2703              	.LFB23:
 941:Drivers/Sensors/LPS22DF/lps22df_reg.c **** 
 942:Drivers/Sensors/LPS22DF/lps22df_reg.c **** /**
 943:Drivers/Sensors/LPS22DF/lps22df_reg.c ****   * @brief  FIFO stop_on_wtm selection.[set]
 944:Drivers/Sensors/LPS22DF/lps22df_reg.c ****   *
 945:Drivers/Sensors/LPS22DF/lps22df_reg.c ****   * @param  ctx   communication interface handler.(ptr)
 946:Drivers/Sensors/LPS22DF/lps22df_reg.c ****   * @param  val   set the stop_on_wtm mode.(ptr)
 947:Drivers/Sensors/LPS22DF/lps22df_reg.c ****   * @retval       interface status (MANDATORY: return 0 -> no Error)
 948:Drivers/Sensors/LPS22DF/lps22df_reg.c ****   *
 949:Drivers/Sensors/LPS22DF/lps22df_reg.c ****   */
 950:Drivers/Sensors/LPS22DF/lps22df_reg.c **** int32_t lps22df_fifo_stop_on_wtm_set(const stmdev_ctx_t *ctx, lps22df_fifo_event_t *val)
 951:Drivers/Sensors/LPS22DF/lps22df_reg.c **** {
 2704              		.loc 1 951 1 is_stmt 1 view -0
 2705              		.cfi_startproc
 2706              		@ args = 0, pretend = 0, frame = 8
 2707              		@ frame_needed = 0, uses_anonymous_args = 0
 2708              		.loc 1 951 1 is_stmt 0 view .LVU808
 2709 0000 30B5     		push	{r4, r5, lr}
 2710              	.LCFI71:
 2711              		.cfi_def_cfa_offset 12
 2712              		.cfi_offset 4, -12
 2713              		.cfi_offset 5, -8
 2714              		.cfi_offset 14, -4
 2715 0002 83B0     		sub	sp, sp, #12
 2716              	.LCFI72:
 2717              		.cfi_def_cfa_offset 24
 2718 0004 0546     		mov	r5, r0
 2719 0006 0C46     		mov	r4, r1
 952:Drivers/Sensors/LPS22DF/lps22df_reg.c ****   lps22df_fifo_ctrl_t fifo_ctrl = {0};
 2720              		.loc 1 952 3 is_stmt 1 view .LVU809
 2721              		.loc 1 952 23 is_stmt 0 view .LVU810
 2722 0008 0023     		movs	r3, #0
 2723 000a 8DF80430 		strb	r3, [sp, #4]
 953:Drivers/Sensors/LPS22DF/lps22df_reg.c ****   int32_t ret = {0};
 2724              		.loc 1 953 3 is_stmt 1 view .LVU811
ARM GAS  /tmp/ccy7DkP9.s 			page 73


 2725              	.LVL202:
 954:Drivers/Sensors/LPS22DF/lps22df_reg.c **** 
 955:Drivers/Sensors/LPS22DF/lps22df_reg.c ****   ret = lps22df_read_reg(ctx, LPS22DF_FIFO_CTRL, (uint8_t *)&fifo_ctrl, 1);
 2726              		.loc 1 955 3 view .LVU812
 2727              		.loc 1 955 9 is_stmt 0 view .LVU813
 2728 000e 0123     		movs	r3, #1
 2729 0010 01AA     		add	r2, sp, #4
 2730 0012 1421     		movs	r1, #20
 2731              	.LVL203:
 2732              		.loc 1 955 9 view .LVU814
 2733 0014 FFF7FEFF 		bl	lps22df_read_reg
 2734              	.LVL204:
 956:Drivers/Sensors/LPS22DF/lps22df_reg.c ****   if (ret == 0)
 2735              		.loc 1 956 3 is_stmt 1 view .LVU815
 2736              		.loc 1 956 6 is_stmt 0 view .LVU816
 2737 0018 08B1     		cbz	r0, .L177
 2738              	.LVL205:
 2739              	.L174:
 957:Drivers/Sensors/LPS22DF/lps22df_reg.c ****   {
 958:Drivers/Sensors/LPS22DF/lps22df_reg.c ****     fifo_ctrl.stop_on_wtm = (val == LPS22DF_FIFO_EV_WTM) ? 1 : 0;
 959:Drivers/Sensors/LPS22DF/lps22df_reg.c **** 
 960:Drivers/Sensors/LPS22DF/lps22df_reg.c ****     ret = lps22df_write_reg(ctx, LPS22DF_FIFO_CTRL, (uint8_t *)&fifo_ctrl, 1);
 961:Drivers/Sensors/LPS22DF/lps22df_reg.c ****   }
 962:Drivers/Sensors/LPS22DF/lps22df_reg.c ****   return ret;
 963:Drivers/Sensors/LPS22DF/lps22df_reg.c **** }
 2740              		.loc 1 963 1 view .LVU817
 2741 001a 03B0     		add	sp, sp, #12
 2742              	.LCFI73:
 2743              		.cfi_remember_state
 2744              		.cfi_def_cfa_offset 12
 2745              		@ sp needed
 2746 001c 30BD     		pop	{r4, r5, pc}
 2747              	.LVL206:
 2748              	.L177:
 2749              	.LCFI74:
 2750              		.cfi_restore_state
 958:Drivers/Sensors/LPS22DF/lps22df_reg.c **** 
 2751              		.loc 1 958 5 is_stmt 1 view .LVU818
 958:Drivers/Sensors/LPS22DF/lps22df_reg.c **** 
 2752              		.loc 1 958 62 is_stmt 0 view .LVU819
 2753 001e B4FA84F1 		clz	r1, r4
 2754 0022 4909     		lsrs	r1, r1, #5
 958:Drivers/Sensors/LPS22DF/lps22df_reg.c **** 
 2755              		.loc 1 958 27 view .LVU820
 2756 0024 9DF80430 		ldrb	r3, [sp, #4]	@ zero_extendqisi2
 2757 0028 61F3C303 		bfi	r3, r1, #3, #1
 2758 002c 8DF80430 		strb	r3, [sp, #4]
 960:Drivers/Sensors/LPS22DF/lps22df_reg.c ****   }
 2759              		.loc 1 960 5 is_stmt 1 view .LVU821
 960:Drivers/Sensors/LPS22DF/lps22df_reg.c ****   }
 2760              		.loc 1 960 11 is_stmt 0 view .LVU822
 2761 0030 0123     		movs	r3, #1
 2762              	.LVL207:
 960:Drivers/Sensors/LPS22DF/lps22df_reg.c ****   }
 2763              		.loc 1 960 11 view .LVU823
 2764 0032 01AA     		add	r2, sp, #4
 2765 0034 1421     		movs	r1, #20
ARM GAS  /tmp/ccy7DkP9.s 			page 74


 2766 0036 2846     		mov	r0, r5
 2767 0038 FFF7FEFF 		bl	lps22df_write_reg
 2768              	.LVL208:
 962:Drivers/Sensors/LPS22DF/lps22df_reg.c **** }
 2769              		.loc 1 962 3 is_stmt 1 view .LVU824
 962:Drivers/Sensors/LPS22DF/lps22df_reg.c **** }
 2770              		.loc 1 962 10 is_stmt 0 view .LVU825
 2771 003c EDE7     		b	.L174
 2772              		.cfi_endproc
 2773              	.LFE23:
 2775              		.section	.text.lps22df_fifo_stop_on_wtm_get,"ax",%progbits
 2776              		.align	1
 2777              		.global	lps22df_fifo_stop_on_wtm_get
 2778              		.syntax unified
 2779              		.thumb
 2780              		.thumb_func
 2782              	lps22df_fifo_stop_on_wtm_get:
 2783              	.LVL209:
 2784              	.LFB24:
 964:Drivers/Sensors/LPS22DF/lps22df_reg.c **** 
 965:Drivers/Sensors/LPS22DF/lps22df_reg.c **** /**
 966:Drivers/Sensors/LPS22DF/lps22df_reg.c ****   * @brief  FIFO stop_on_wtm selection.[get]
 967:Drivers/Sensors/LPS22DF/lps22df_reg.c ****   *
 968:Drivers/Sensors/LPS22DF/lps22df_reg.c ****   * @param  ctx   communication interface handler.(ptr)
 969:Drivers/Sensors/LPS22DF/lps22df_reg.c ****   * @param  val   get the stop_on_wtm mode.(ptr)
 970:Drivers/Sensors/LPS22DF/lps22df_reg.c ****   * @retval       interface status (MANDATORY: return 0 -> no Error)
 971:Drivers/Sensors/LPS22DF/lps22df_reg.c ****   *
 972:Drivers/Sensors/LPS22DF/lps22df_reg.c ****   */
 973:Drivers/Sensors/LPS22DF/lps22df_reg.c **** int32_t lps22df_fifo_stop_on_wtm_get(const stmdev_ctx_t *ctx, lps22df_fifo_event_t *val)
 974:Drivers/Sensors/LPS22DF/lps22df_reg.c **** {
 2785              		.loc 1 974 1 is_stmt 1 view -0
 2786              		.cfi_startproc
 2787              		@ args = 0, pretend = 0, frame = 8
 2788              		@ frame_needed = 0, uses_anonymous_args = 0
 2789              		.loc 1 974 1 is_stmt 0 view .LVU827
 2790 0000 10B5     		push	{r4, lr}
 2791              	.LCFI75:
 2792              		.cfi_def_cfa_offset 8
 2793              		.cfi_offset 4, -8
 2794              		.cfi_offset 14, -4
 2795 0002 82B0     		sub	sp, sp, #8
 2796              	.LCFI76:
 2797              		.cfi_def_cfa_offset 16
 2798 0004 0C46     		mov	r4, r1
 975:Drivers/Sensors/LPS22DF/lps22df_reg.c ****   lps22df_fifo_ctrl_t fifo_ctrl = {0};
 2799              		.loc 1 975 3 is_stmt 1 view .LVU828
 2800              		.loc 1 975 23 is_stmt 0 view .LVU829
 2801 0006 0023     		movs	r3, #0
 2802 0008 8DF80430 		strb	r3, [sp, #4]
 976:Drivers/Sensors/LPS22DF/lps22df_reg.c ****   int32_t ret = {0};
 2803              		.loc 1 976 3 is_stmt 1 view .LVU830
 2804              	.LVL210:
 977:Drivers/Sensors/LPS22DF/lps22df_reg.c **** 
 978:Drivers/Sensors/LPS22DF/lps22df_reg.c ****   ret = lps22df_read_reg(ctx, LPS22DF_FIFO_CTRL, (uint8_t *)&fifo_ctrl, 1);
 2805              		.loc 1 978 3 view .LVU831
 2806              		.loc 1 978 9 is_stmt 0 view .LVU832
 2807 000c 0123     		movs	r3, #1
ARM GAS  /tmp/ccy7DkP9.s 			page 75


 2808 000e 01AA     		add	r2, sp, #4
 2809 0010 1421     		movs	r1, #20
 2810              	.LVL211:
 2811              		.loc 1 978 9 view .LVU833
 2812 0012 FFF7FEFF 		bl	lps22df_read_reg
 2813              	.LVL212:
 979:Drivers/Sensors/LPS22DF/lps22df_reg.c ****   if (ret == 0)
 2814              		.loc 1 979 3 is_stmt 1 view .LVU834
 2815              		.loc 1 979 6 is_stmt 0 view .LVU835
 2816 0016 38B9     		cbnz	r0, .L178
 980:Drivers/Sensors/LPS22DF/lps22df_reg.c ****   {
 981:Drivers/Sensors/LPS22DF/lps22df_reg.c ****     *val = (fifo_ctrl.stop_on_wtm == 1) ? LPS22DF_FIFO_EV_WTM : LPS22DF_FIFO_EV_FULL;
 2817              		.loc 1 981 5 is_stmt 1 view .LVU836
 2818              		.loc 1 981 35 is_stmt 0 view .LVU837
 2819 0018 9DF80430 		ldrb	r3, [sp, #4]	@ zero_extendqisi2
 2820              		.loc 1 981 63 view .LVU838
 2821 001c DB08     		lsrs	r3, r3, #3
 2822 001e 83F00103 		eor	r3, r3, #1
 2823 0022 03F00103 		and	r3, r3, #1
 2824              		.loc 1 981 10 view .LVU839
 2825 0026 2370     		strb	r3, [r4]
 982:Drivers/Sensors/LPS22DF/lps22df_reg.c ****   }
 983:Drivers/Sensors/LPS22DF/lps22df_reg.c ****   return ret;
 2826              		.loc 1 983 3 is_stmt 1 view .LVU840
 2827              	.L178:
 984:Drivers/Sensors/LPS22DF/lps22df_reg.c **** }
 2828              		.loc 1 984 1 is_stmt 0 view .LVU841
 2829 0028 02B0     		add	sp, sp, #8
 2830              	.LCFI77:
 2831              		.cfi_def_cfa_offset 8
 2832              		@ sp needed
 2833 002a 10BD     		pop	{r4, pc}
 2834              		.loc 1 984 1 view .LVU842
 2835              		.cfi_endproc
 2836              	.LFE24:
 2838              		.section	.text.lps22df_fifo_level_get,"ax",%progbits
 2839              		.align	1
 2840              		.global	lps22df_fifo_level_get
 2841              		.syntax unified
 2842              		.thumb
 2843              		.thumb_func
 2845              	lps22df_fifo_level_get:
 2846              	.LVL213:
 2847              	.LFB25:
 985:Drivers/Sensors/LPS22DF/lps22df_reg.c **** 
 986:Drivers/Sensors/LPS22DF/lps22df_reg.c **** 
 987:Drivers/Sensors/LPS22DF/lps22df_reg.c **** /**
 988:Drivers/Sensors/LPS22DF/lps22df_reg.c ****   * @brief  Get the number of samples stored in FIFO.[get]
 989:Drivers/Sensors/LPS22DF/lps22df_reg.c ****   *
 990:Drivers/Sensors/LPS22DF/lps22df_reg.c ****   * @param  ctx   communication interface handler.(ptr)
 991:Drivers/Sensors/LPS22DF/lps22df_reg.c ****   * @param  val   number of samples stored in FIFO.(ptr)
 992:Drivers/Sensors/LPS22DF/lps22df_reg.c ****   * @retval       interface status (MANDATORY: return 0 -> no Error)
 993:Drivers/Sensors/LPS22DF/lps22df_reg.c ****   *
 994:Drivers/Sensors/LPS22DF/lps22df_reg.c ****   */
 995:Drivers/Sensors/LPS22DF/lps22df_reg.c **** int32_t lps22df_fifo_level_get(const stmdev_ctx_t *ctx, uint8_t *val)
 996:Drivers/Sensors/LPS22DF/lps22df_reg.c **** {
 2848              		.loc 1 996 1 is_stmt 1 view -0
ARM GAS  /tmp/ccy7DkP9.s 			page 76


 2849              		.cfi_startproc
 2850              		@ args = 0, pretend = 0, frame = 8
 2851              		@ frame_needed = 0, uses_anonymous_args = 0
 2852              		.loc 1 996 1 is_stmt 0 view .LVU844
 2853 0000 10B5     		push	{r4, lr}
 2854              	.LCFI78:
 2855              		.cfi_def_cfa_offset 8
 2856              		.cfi_offset 4, -8
 2857              		.cfi_offset 14, -4
 2858 0002 82B0     		sub	sp, sp, #8
 2859              	.LCFI79:
 2860              		.cfi_def_cfa_offset 16
 2861 0004 0C46     		mov	r4, r1
 997:Drivers/Sensors/LPS22DF/lps22df_reg.c ****   lps22df_fifo_status1_t fifo_status1 = {0};
 2862              		.loc 1 997 3 is_stmt 1 view .LVU845
 2863              		.loc 1 997 26 is_stmt 0 view .LVU846
 2864 0006 0023     		movs	r3, #0
 2865 0008 8DF80430 		strb	r3, [sp, #4]
 998:Drivers/Sensors/LPS22DF/lps22df_reg.c ****   int32_t ret = {0};
 2866              		.loc 1 998 3 is_stmt 1 view .LVU847
 2867              	.LVL214:
 999:Drivers/Sensors/LPS22DF/lps22df_reg.c **** 
1000:Drivers/Sensors/LPS22DF/lps22df_reg.c ****   ret = lps22df_read_reg(ctx, LPS22DF_FIFO_STATUS1,
 2868              		.loc 1 1000 3 view .LVU848
 2869              		.loc 1 1000 9 is_stmt 0 view .LVU849
 2870 000c 0123     		movs	r3, #1
 2871 000e 01AA     		add	r2, sp, #4
 2872 0010 2521     		movs	r1, #37
 2873              	.LVL215:
 2874              		.loc 1 1000 9 view .LVU850
 2875 0012 FFF7FEFF 		bl	lps22df_read_reg
 2876              	.LVL216:
1001:Drivers/Sensors/LPS22DF/lps22df_reg.c ****                          (uint8_t *)&fifo_status1, 1);
1002:Drivers/Sensors/LPS22DF/lps22df_reg.c ****   if (ret != 0)
 2877              		.loc 1 1002 3 is_stmt 1 view .LVU851
 2878              		.loc 1 1002 6 is_stmt 0 view .LVU852
 2879 0016 10B9     		cbnz	r0, .L181
1003:Drivers/Sensors/LPS22DF/lps22df_reg.c ****   {
1004:Drivers/Sensors/LPS22DF/lps22df_reg.c ****     return ret;
1005:Drivers/Sensors/LPS22DF/lps22df_reg.c ****   }
1006:Drivers/Sensors/LPS22DF/lps22df_reg.c **** 
1007:Drivers/Sensors/LPS22DF/lps22df_reg.c ****   *val = fifo_status1.fss;
 2880              		.loc 1 1007 3 is_stmt 1 view .LVU853
 2881              		.loc 1 1007 22 is_stmt 0 view .LVU854
 2882 0018 9DF80430 		ldrb	r3, [sp, #4]	@ zero_extendqisi2
 2883              		.loc 1 1007 8 view .LVU855
 2884 001c 2370     		strb	r3, [r4]
1008:Drivers/Sensors/LPS22DF/lps22df_reg.c **** 
1009:Drivers/Sensors/LPS22DF/lps22df_reg.c ****   return ret;
 2885              		.loc 1 1009 3 is_stmt 1 view .LVU856
 2886              	.L181:
1010:Drivers/Sensors/LPS22DF/lps22df_reg.c **** }
 2887              		.loc 1 1010 1 is_stmt 0 view .LVU857
 2888 001e 02B0     		add	sp, sp, #8
 2889              	.LCFI80:
 2890              		.cfi_def_cfa_offset 8
 2891              		@ sp needed
ARM GAS  /tmp/ccy7DkP9.s 			page 77


 2892 0020 10BD     		pop	{r4, pc}
 2893              		.loc 1 1010 1 view .LVU858
 2894              		.cfi_endproc
 2895              	.LFE25:
 2897              		.section	.text.lps22df_fifo_data_get,"ax",%progbits
 2898              		.align	1
 2899              		.global	lps22df_fifo_data_get
 2900              		.syntax unified
 2901              		.thumb
 2902              		.thumb_func
 2904              	lps22df_fifo_data_get:
 2905              	.LVL217:
 2906              	.LFB26:
1011:Drivers/Sensors/LPS22DF/lps22df_reg.c **** 
1012:Drivers/Sensors/LPS22DF/lps22df_reg.c **** /**
1013:Drivers/Sensors/LPS22DF/lps22df_reg.c ****   * @brief  Software trigger for One-Shot.[get]
1014:Drivers/Sensors/LPS22DF/lps22df_reg.c ****   *
1015:Drivers/Sensors/LPS22DF/lps22df_reg.c ****   * @param  ctx   communication interface handler.(ptr)
1016:Drivers/Sensors/LPS22DF/lps22df_reg.c ****   * @param  samp  number of samples stored in FIFO.(ptr)
1017:Drivers/Sensors/LPS22DF/lps22df_reg.c ****   * @param  data  data retrieved from FIFO.(ptr)
1018:Drivers/Sensors/LPS22DF/lps22df_reg.c ****   * @retval       interface status (MANDATORY: return 0 -> no Error)
1019:Drivers/Sensors/LPS22DF/lps22df_reg.c ****   *
1020:Drivers/Sensors/LPS22DF/lps22df_reg.c ****   */
1021:Drivers/Sensors/LPS22DF/lps22df_reg.c **** int32_t lps22df_fifo_data_get(const stmdev_ctx_t *ctx, uint8_t samp, lps22df_fifo_data_t *data)
1022:Drivers/Sensors/LPS22DF/lps22df_reg.c **** {
 2907              		.loc 1 1022 1 is_stmt 1 view -0
 2908              		.cfi_startproc
 2909              		@ args = 0, pretend = 0, frame = 8
 2910              		@ frame_needed = 0, uses_anonymous_args = 0
 2911              		.loc 1 1022 1 is_stmt 0 view .LVU860
 2912 0000 2DE9F043 		push	{r4, r5, r6, r7, r8, r9, lr}
 2913              	.LCFI81:
 2914              		.cfi_def_cfa_offset 28
 2915              		.cfi_offset 4, -28
 2916              		.cfi_offset 5, -24
 2917              		.cfi_offset 6, -20
 2918              		.cfi_offset 7, -16
 2919              		.cfi_offset 8, -12
 2920              		.cfi_offset 9, -8
 2921              		.cfi_offset 14, -4
 2922 0004 83B0     		sub	sp, sp, #12
 2923              	.LCFI82:
 2924              		.cfi_def_cfa_offset 40
 2925 0006 8046     		mov	r8, r0
 2926 0008 0F46     		mov	r7, r1
 2927 000a 9146     		mov	r9, r2
1023:Drivers/Sensors/LPS22DF/lps22df_reg.c ****   uint8_t fifo_data[3] = {0};
 2928              		.loc 1 1023 3 is_stmt 1 view .LVU861
 2929              		.loc 1 1023 11 is_stmt 0 view .LVU862
 2930 000c 0024     		movs	r4, #0
 2931 000e ADF80440 		strh	r4, [sp, #4]	@ movhi
 2932 0012 8DF80640 		strb	r4, [sp, #6]
1024:Drivers/Sensors/LPS22DF/lps22df_reg.c ****   uint8_t i = {0};
 2933              		.loc 1 1024 3 is_stmt 1 view .LVU863
 2934              	.LVL218:
1025:Drivers/Sensors/LPS22DF/lps22df_reg.c ****   int32_t ret = 0;
 2935              		.loc 1 1025 3 view .LVU864
ARM GAS  /tmp/ccy7DkP9.s 			page 78


1026:Drivers/Sensors/LPS22DF/lps22df_reg.c **** 
1027:Drivers/Sensors/LPS22DF/lps22df_reg.c ****   for (i = 0U; i < samp; i++)
 2936              		.loc 1 1027 3 view .LVU865
1025:Drivers/Sensors/LPS22DF/lps22df_reg.c ****   int32_t ret = 0;
 2937              		.loc 1 1025 11 is_stmt 0 view .LVU866
 2938 0016 2646     		mov	r6, r4
 2939              		.loc 1 1027 3 view .LVU867
 2940 0018 16E0     		b	.L185
 2941              	.LVL219:
 2942              	.L189:
1028:Drivers/Sensors/LPS22DF/lps22df_reg.c ****   {
1029:Drivers/Sensors/LPS22DF/lps22df_reg.c ****     ret += lps22df_read_reg(ctx, LPS22DF_FIFO_DATA_OUT_PRESS_XL, fifo_data, 3);
1030:Drivers/Sensors/LPS22DF/lps22df_reg.c ****     if (ret != 0)
1031:Drivers/Sensors/LPS22DF/lps22df_reg.c ****     {
1032:Drivers/Sensors/LPS22DF/lps22df_reg.c ****       return ret;
1033:Drivers/Sensors/LPS22DF/lps22df_reg.c ****     }
1034:Drivers/Sensors/LPS22DF/lps22df_reg.c ****     data[i].raw = (int32_t)fifo_data[2];
 2943              		.loc 1 1034 5 is_stmt 1 view .LVU868
 2944              		.loc 1 1034 37 is_stmt 0 view .LVU869
 2945 001a 9DF80620 		ldrb	r2, [sp, #6]	@ zero_extendqisi2
 2946              		.loc 1 1034 9 view .LVU870
 2947 001e 09EBC405 		add	r5, r9, r4, lsl #3
 2948              		.loc 1 1034 17 view .LVU871
 2949 0022 6A60     		str	r2, [r5, #4]
1035:Drivers/Sensors/LPS22DF/lps22df_reg.c ****     data[i].raw = (data[i].raw * 256) + (int32_t)fifo_data[1];
 2950              		.loc 1 1035 5 is_stmt 1 view .LVU872
 2951              		.loc 1 1035 59 is_stmt 0 view .LVU873
 2952 0024 9DF80530 		ldrb	r3, [sp, #5]	@ zero_extendqisi2
 2953              		.loc 1 1035 39 view .LVU874
 2954 0028 03EB0223 		add	r3, r3, r2, lsl #8
 2955              		.loc 1 1035 17 view .LVU875
 2956 002c 6B60     		str	r3, [r5, #4]
1036:Drivers/Sensors/LPS22DF/lps22df_reg.c ****     data[i].raw = (data[i].raw * 256) + (int32_t)fifo_data[0];
 2957              		.loc 1 1036 5 is_stmt 1 view .LVU876
 2958              		.loc 1 1036 59 is_stmt 0 view .LVU877
 2959 002e 9DF80400 		ldrb	r0, [sp, #4]	@ zero_extendqisi2
 2960              		.loc 1 1036 39 view .LVU878
 2961 0032 00EB0320 		add	r0, r0, r3, lsl #8
 2962              		.loc 1 1036 17 view .LVU879
 2963 0036 6860     		str	r0, [r5, #4]
1037:Drivers/Sensors/LPS22DF/lps22df_reg.c ****     data[i].raw = (data[i].raw * 256);
 2964              		.loc 1 1037 5 is_stmt 1 view .LVU880
 2965              		.loc 1 1037 32 is_stmt 0 view .LVU881
 2966 0038 0002     		lsls	r0, r0, #8
 2967              		.loc 1 1037 17 view .LVU882
 2968 003a 6860     		str	r0, [r5, #4]
1038:Drivers/Sensors/LPS22DF/lps22df_reg.c ****     data[i].hpa = lps22df_from_lsb_to_hPa(data[i].raw);
 2969              		.loc 1 1038 5 is_stmt 1 view .LVU883
 2970              		.loc 1 1038 19 is_stmt 0 view .LVU884
 2971 003c FFF7FEFF 		bl	lps22df_from_lsb_to_hPa
 2972              	.LVL220:
 2973              		.loc 1 1038 17 discriminator 1 view .LVU885
 2974 0040 85ED000A 		vstr.32	s0, [r5]
1027:Drivers/Sensors/LPS22DF/lps22df_reg.c ****   {
 2975              		.loc 1 1027 27 is_stmt 1 discriminator 2 view .LVU886
 2976 0044 0134     		adds	r4, r4, #1
 2977              	.LVL221:
ARM GAS  /tmp/ccy7DkP9.s 			page 79


1027:Drivers/Sensors/LPS22DF/lps22df_reg.c ****   {
 2978              		.loc 1 1027 27 is_stmt 0 discriminator 2 view .LVU887
 2979 0046 E4B2     		uxtb	r4, r4
 2980              	.LVL222:
 2981              	.L185:
1027:Drivers/Sensors/LPS22DF/lps22df_reg.c ****   {
 2982              		.loc 1 1027 18 is_stmt 1 discriminator 1 view .LVU888
 2983 0048 BC42     		cmp	r4, r7
 2984 004a 07D2     		bcs	.L184
1029:Drivers/Sensors/LPS22DF/lps22df_reg.c ****     if (ret != 0)
 2985              		.loc 1 1029 5 view .LVU889
1029:Drivers/Sensors/LPS22DF/lps22df_reg.c ****     if (ret != 0)
 2986              		.loc 1 1029 12 is_stmt 0 view .LVU890
 2987 004c 0323     		movs	r3, #3
 2988 004e 01AA     		add	r2, sp, #4
 2989 0050 7821     		movs	r1, #120
 2990 0052 4046     		mov	r0, r8
 2991 0054 FFF7FEFF 		bl	lps22df_read_reg
 2992              	.LVL223:
1030:Drivers/Sensors/LPS22DF/lps22df_reg.c ****     {
 2993              		.loc 1 1030 5 is_stmt 1 view .LVU891
1030:Drivers/Sensors/LPS22DF/lps22df_reg.c ****     {
 2994              		.loc 1 1030 8 is_stmt 0 view .LVU892
 2995 0058 3618     		adds	r6, r6, r0
 2996              	.LVL224:
1030:Drivers/Sensors/LPS22DF/lps22df_reg.c ****     {
 2997              		.loc 1 1030 8 view .LVU893
 2998 005a DED0     		beq	.L189
 2999              	.LVL225:
 3000              	.L184:
1039:Drivers/Sensors/LPS22DF/lps22df_reg.c ****   }
1040:Drivers/Sensors/LPS22DF/lps22df_reg.c **** 
1041:Drivers/Sensors/LPS22DF/lps22df_reg.c ****   return ret;
1042:Drivers/Sensors/LPS22DF/lps22df_reg.c **** }
 3001              		.loc 1 1042 1 view .LVU894
 3002 005c 3046     		mov	r0, r6
 3003 005e 03B0     		add	sp, sp, #12
 3004              	.LCFI83:
 3005              		.cfi_def_cfa_offset 28
 3006              		@ sp needed
 3007 0060 BDE8F083 		pop	{r4, r5, r6, r7, r8, r9, pc}
 3008              		.loc 1 1042 1 view .LVU895
 3009              		.cfi_endproc
 3010              	.LFE26:
 3012              		.section	.text.lps22df_interrupt_mode_set,"ax",%progbits
 3013              		.align	1
 3014              		.global	lps22df_interrupt_mode_set
 3015              		.syntax unified
 3016              		.thumb
 3017              		.thumb_func
 3019              	lps22df_interrupt_mode_set:
 3020              	.LVL226:
 3021              	.LFB27:
1043:Drivers/Sensors/LPS22DF/lps22df_reg.c **** 
1044:Drivers/Sensors/LPS22DF/lps22df_reg.c **** /**
1045:Drivers/Sensors/LPS22DF/lps22df_reg.c ****   * @}
1046:Drivers/Sensors/LPS22DF/lps22df_reg.c ****   *
ARM GAS  /tmp/ccy7DkP9.s 			page 80


1047:Drivers/Sensors/LPS22DF/lps22df_reg.c ****   */
1048:Drivers/Sensors/LPS22DF/lps22df_reg.c **** 
1049:Drivers/Sensors/LPS22DF/lps22df_reg.c **** /**
1050:Drivers/Sensors/LPS22DF/lps22df_reg.c ****   * @defgroup     Interrupt signals
1051:Drivers/Sensors/LPS22DF/lps22df_reg.c ****   * @brief        This section groups all the functions concerning
1052:Drivers/Sensors/LPS22DF/lps22df_reg.c ****   *               the management of interrupt signals.
1053:Drivers/Sensors/LPS22DF/lps22df_reg.c ****   * @{
1054:Drivers/Sensors/LPS22DF/lps22df_reg.c ****   *
1055:Drivers/Sensors/LPS22DF/lps22df_reg.c ****   */
1056:Drivers/Sensors/LPS22DF/lps22df_reg.c **** 
1057:Drivers/Sensors/LPS22DF/lps22df_reg.c **** /**
1058:Drivers/Sensors/LPS22DF/lps22df_reg.c ****   * @brief  Interrupt pins hardware signal configuration.[set]
1059:Drivers/Sensors/LPS22DF/lps22df_reg.c ****   *
1060:Drivers/Sensors/LPS22DF/lps22df_reg.c ****   * @param  ctx   communication interface handler.(ptr)
1061:Drivers/Sensors/LPS22DF/lps22df_reg.c ****   * @param  val   the pins hardware signal settings.(ptr)
1062:Drivers/Sensors/LPS22DF/lps22df_reg.c ****   * @retval       interface status (MANDATORY: return 0 -> no Error)
1063:Drivers/Sensors/LPS22DF/lps22df_reg.c ****   *
1064:Drivers/Sensors/LPS22DF/lps22df_reg.c ****   */
1065:Drivers/Sensors/LPS22DF/lps22df_reg.c **** int32_t lps22df_interrupt_mode_set(const stmdev_ctx_t *ctx,
1066:Drivers/Sensors/LPS22DF/lps22df_reg.c ****                                    lps22df_int_mode_t *val)
1067:Drivers/Sensors/LPS22DF/lps22df_reg.c **** {
 3022              		.loc 1 1067 1 is_stmt 1 view -0
 3023              		.cfi_startproc
 3024              		@ args = 0, pretend = 0, frame = 16
 3025              		@ frame_needed = 0, uses_anonymous_args = 0
 3026              		.loc 1 1067 1 is_stmt 0 view .LVU897
 3027 0000 70B5     		push	{r4, r5, r6, lr}
 3028              	.LCFI84:
 3029              		.cfi_def_cfa_offset 16
 3030              		.cfi_offset 4, -16
 3031              		.cfi_offset 5, -12
 3032              		.cfi_offset 6, -8
 3033              		.cfi_offset 14, -4
 3034 0002 84B0     		sub	sp, sp, #16
 3035              	.LCFI85:
 3036              		.cfi_def_cfa_offset 32
 3037 0004 0546     		mov	r5, r0
 3038 0006 0E46     		mov	r6, r1
1068:Drivers/Sensors/LPS22DF/lps22df_reg.c ****   lps22df_interrupt_cfg_t interrupt_cfg = {0};
 3039              		.loc 1 1068 3 is_stmt 1 view .LVU898
 3040              		.loc 1 1068 27 is_stmt 0 view .LVU899
 3041 0008 0023     		movs	r3, #0
 3042 000a 8DF80C30 		strb	r3, [sp, #12]
1069:Drivers/Sensors/LPS22DF/lps22df_reg.c ****   lps22df_ctrl_reg3_t ctrl_reg3 = {0};
 3043              		.loc 1 1069 3 is_stmt 1 view .LVU900
 3044              		.loc 1 1069 23 is_stmt 0 view .LVU901
 3045 000e 8DF80830 		strb	r3, [sp, #8]
1070:Drivers/Sensors/LPS22DF/lps22df_reg.c ****   lps22df_ctrl_reg4_t ctrl_reg4 = {0};
 3046              		.loc 1 1070 3 is_stmt 1 view .LVU902
 3047              		.loc 1 1070 23 is_stmt 0 view .LVU903
 3048 0012 8DF80430 		strb	r3, [sp, #4]
1071:Drivers/Sensors/LPS22DF/lps22df_reg.c ****   uint8_t reg[2] = {0};
 3049              		.loc 1 1071 3 is_stmt 1 view .LVU904
 3050              		.loc 1 1071 11 is_stmt 0 view .LVU905
 3051 0016 ADF80030 		strh	r3, [sp]	@ movhi
1072:Drivers/Sensors/LPS22DF/lps22df_reg.c ****   int32_t ret = {0};
 3052              		.loc 1 1072 3 is_stmt 1 view .LVU906
ARM GAS  /tmp/ccy7DkP9.s 			page 81


 3053              	.LVL227:
1073:Drivers/Sensors/LPS22DF/lps22df_reg.c **** 
1074:Drivers/Sensors/LPS22DF/lps22df_reg.c ****   ret = lps22df_read_reg(ctx, LPS22DF_CTRL_REG3, reg, 2);
 3054              		.loc 1 1074 3 view .LVU907
 3055              		.loc 1 1074 9 is_stmt 0 view .LVU908
 3056 001a 0223     		movs	r3, #2
 3057 001c 6A46     		mov	r2, sp
 3058 001e 1221     		movs	r1, #18
 3059              	.LVL228:
 3060              		.loc 1 1074 9 view .LVU909
 3061 0020 FFF7FEFF 		bl	lps22df_read_reg
 3062              	.LVL229:
1075:Drivers/Sensors/LPS22DF/lps22df_reg.c ****   if (ret == 0)
 3063              		.loc 1 1075 3 is_stmt 1 view .LVU910
 3064              		.loc 1 1075 6 is_stmt 0 view .LVU911
 3065 0024 0446     		mov	r4, r0
 3066 0026 48B1     		cbz	r0, .L194
 3067              	.L191:
1076:Drivers/Sensors/LPS22DF/lps22df_reg.c ****   {
1077:Drivers/Sensors/LPS22DF/lps22df_reg.c ****     bytecpy((uint8_t *)&ctrl_reg3, &reg[0]);
1078:Drivers/Sensors/LPS22DF/lps22df_reg.c ****     bytecpy((uint8_t *)&ctrl_reg4, &reg[1]);
1079:Drivers/Sensors/LPS22DF/lps22df_reg.c **** 
1080:Drivers/Sensors/LPS22DF/lps22df_reg.c ****     ctrl_reg3.int_h_l = val->active_low;
1081:Drivers/Sensors/LPS22DF/lps22df_reg.c ****     ctrl_reg4.drdy_pls = ~val->drdy_latched;
1082:Drivers/Sensors/LPS22DF/lps22df_reg.c **** 
1083:Drivers/Sensors/LPS22DF/lps22df_reg.c ****     bytecpy(&reg[0], (uint8_t *)&ctrl_reg3);
1084:Drivers/Sensors/LPS22DF/lps22df_reg.c ****     bytecpy(&reg[1], (uint8_t *)&ctrl_reg4);
1085:Drivers/Sensors/LPS22DF/lps22df_reg.c **** 
1086:Drivers/Sensors/LPS22DF/lps22df_reg.c ****     ret = lps22df_write_reg(ctx, LPS22DF_CTRL_REG3, reg, 2);
1087:Drivers/Sensors/LPS22DF/lps22df_reg.c ****   }
1088:Drivers/Sensors/LPS22DF/lps22df_reg.c ****   ret += lps22df_read_reg(ctx, LPS22DF_INTERRUPT_CFG,
 3068              		.loc 1 1088 3 is_stmt 1 view .LVU912
 3069              		.loc 1 1088 10 is_stmt 0 view .LVU913
 3070 0028 0123     		movs	r3, #1
 3071 002a 03AA     		add	r2, sp, #12
 3072 002c 0B21     		movs	r1, #11
 3073 002e 2846     		mov	r0, r5
 3074              	.LVL230:
 3075              		.loc 1 1088 10 view .LVU914
 3076 0030 FFF7FEFF 		bl	lps22df_read_reg
 3077              	.LVL231:
1089:Drivers/Sensors/LPS22DF/lps22df_reg.c ****                           (uint8_t *)&interrupt_cfg, 1);
1090:Drivers/Sensors/LPS22DF/lps22df_reg.c ****   if (ret == 0)
 3078              		.loc 1 1090 3 is_stmt 1 view .LVU915
 3079              		.loc 1 1090 6 is_stmt 0 view .LVU916
 3080 0034 2018     		adds	r0, r4, r0
 3081              	.LVL232:
 3082              		.loc 1 1090 6 view .LVU917
 3083 0036 2ED0     		beq	.L195
 3084              	.LVL233:
 3085              	.L190:
1091:Drivers/Sensors/LPS22DF/lps22df_reg.c ****   {
1092:Drivers/Sensors/LPS22DF/lps22df_reg.c ****     interrupt_cfg.lir = val->int_latched ;
1093:Drivers/Sensors/LPS22DF/lps22df_reg.c ****     ret = lps22df_write_reg(ctx, LPS22DF_INTERRUPT_CFG,
1094:Drivers/Sensors/LPS22DF/lps22df_reg.c ****                             (uint8_t *)&interrupt_cfg, 1);
1095:Drivers/Sensors/LPS22DF/lps22df_reg.c ****   }
1096:Drivers/Sensors/LPS22DF/lps22df_reg.c ****   return ret;
ARM GAS  /tmp/ccy7DkP9.s 			page 82


1097:Drivers/Sensors/LPS22DF/lps22df_reg.c **** }
 3086              		.loc 1 1097 1 view .LVU918
 3087 0038 04B0     		add	sp, sp, #16
 3088              	.LCFI86:
 3089              		.cfi_remember_state
 3090              		.cfi_def_cfa_offset 16
 3091              		@ sp needed
 3092 003a 70BD     		pop	{r4, r5, r6, pc}
 3093              	.LVL234:
 3094              	.L194:
 3095              	.LCFI87:
 3096              		.cfi_restore_state
1077:Drivers/Sensors/LPS22DF/lps22df_reg.c ****     bytecpy((uint8_t *)&ctrl_reg4, &reg[1]);
 3097              		.loc 1 1077 5 is_stmt 1 view .LVU919
 3098 003c 6946     		mov	r1, sp
 3099 003e 02A8     		add	r0, sp, #8
 3100              	.LVL235:
1077:Drivers/Sensors/LPS22DF/lps22df_reg.c ****     bytecpy((uint8_t *)&ctrl_reg4, &reg[1]);
 3101              		.loc 1 1077 5 is_stmt 0 view .LVU920
 3102 0040 FFF7FEFF 		bl	bytecpy
 3103              	.LVL236:
1078:Drivers/Sensors/LPS22DF/lps22df_reg.c **** 
 3104              		.loc 1 1078 5 is_stmt 1 view .LVU921
 3105 0044 0DF10101 		add	r1, sp, #1
 3106 0048 01A8     		add	r0, sp, #4
 3107 004a FFF7FEFF 		bl	bytecpy
 3108              	.LVL237:
1080:Drivers/Sensors/LPS22DF/lps22df_reg.c ****     ctrl_reg4.drdy_pls = ~val->drdy_latched;
 3109              		.loc 1 1080 5 view .LVU922
1080:Drivers/Sensors/LPS22DF/lps22df_reg.c ****     ctrl_reg4.drdy_pls = ~val->drdy_latched;
 3110              		.loc 1 1080 28 is_stmt 0 view .LVU923
 3111 004e 3378     		ldrb	r3, [r6]	@ zero_extendqisi2
 3112 0050 C3F34001 		ubfx	r1, r3, #1, #1
1080:Drivers/Sensors/LPS22DF/lps22df_reg.c ****     ctrl_reg4.drdy_pls = ~val->drdy_latched;
 3113              		.loc 1 1080 23 view .LVU924
 3114 0054 9DF80820 		ldrb	r2, [sp, #8]	@ zero_extendqisi2
 3115 0058 61F3C302 		bfi	r2, r1, #3, #1
 3116 005c 8DF80820 		strb	r2, [sp, #8]
1081:Drivers/Sensors/LPS22DF/lps22df_reg.c **** 
 3117              		.loc 1 1081 5 is_stmt 1 view .LVU925
1081:Drivers/Sensors/LPS22DF/lps22df_reg.c **** 
 3118              		.loc 1 1081 30 is_stmt 0 view .LVU926
 3119 0060 C3F38003 		ubfx	r3, r3, #2, #1
1081:Drivers/Sensors/LPS22DF/lps22df_reg.c **** 
 3120              		.loc 1 1081 26 view .LVU927
 3121 0064 83F00103 		eor	r3, r3, #1
1081:Drivers/Sensors/LPS22DF/lps22df_reg.c **** 
 3122              		.loc 1 1081 24 view .LVU928
 3123 0068 9DF80420 		ldrb	r2, [sp, #4]	@ zero_extendqisi2
 3124 006c 63F38612 		bfi	r2, r3, #6, #1
 3125 0070 8DF80420 		strb	r2, [sp, #4]
1083:Drivers/Sensors/LPS22DF/lps22df_reg.c ****     bytecpy(&reg[1], (uint8_t *)&ctrl_reg4);
 3126              		.loc 1 1083 5 is_stmt 1 view .LVU929
 3127 0074 02A9     		add	r1, sp, #8
 3128 0076 6846     		mov	r0, sp
 3129 0078 FFF7FEFF 		bl	bytecpy
 3130              	.LVL238:
ARM GAS  /tmp/ccy7DkP9.s 			page 83


1084:Drivers/Sensors/LPS22DF/lps22df_reg.c **** 
 3131              		.loc 1 1084 5 view .LVU930
 3132 007c 01A9     		add	r1, sp, #4
 3133 007e 0DF10100 		add	r0, sp, #1
 3134 0082 FFF7FEFF 		bl	bytecpy
 3135              	.LVL239:
1086:Drivers/Sensors/LPS22DF/lps22df_reg.c ****   }
 3136              		.loc 1 1086 5 view .LVU931
1086:Drivers/Sensors/LPS22DF/lps22df_reg.c ****   }
 3137              		.loc 1 1086 11 is_stmt 0 view .LVU932
 3138 0086 0223     		movs	r3, #2
 3139 0088 6A46     		mov	r2, sp
 3140 008a 1221     		movs	r1, #18
 3141 008c 2846     		mov	r0, r5
 3142 008e FFF7FEFF 		bl	lps22df_write_reg
 3143              	.LVL240:
 3144 0092 0446     		mov	r4, r0
 3145              	.LVL241:
1086:Drivers/Sensors/LPS22DF/lps22df_reg.c ****   }
 3146              		.loc 1 1086 11 view .LVU933
 3147 0094 C8E7     		b	.L191
 3148              	.L195:
1092:Drivers/Sensors/LPS22DF/lps22df_reg.c ****     ret = lps22df_write_reg(ctx, LPS22DF_INTERRUPT_CFG,
 3149              		.loc 1 1092 5 is_stmt 1 view .LVU934
1092:Drivers/Sensors/LPS22DF/lps22df_reg.c ****     ret = lps22df_write_reg(ctx, LPS22DF_INTERRUPT_CFG,
 3150              		.loc 1 1092 28 is_stmt 0 view .LVU935
 3151 0096 3278     		ldrb	r2, [r6]	@ zero_extendqisi2
1092:Drivers/Sensors/LPS22DF/lps22df_reg.c ****     ret = lps22df_write_reg(ctx, LPS22DF_INTERRUPT_CFG,
 3152              		.loc 1 1092 23 view .LVU936
 3153 0098 9DF80C30 		ldrb	r3, [sp, #12]	@ zero_extendqisi2
 3154 009c 62F38203 		bfi	r3, r2, #2, #1
 3155 00a0 8DF80C30 		strb	r3, [sp, #12]
1093:Drivers/Sensors/LPS22DF/lps22df_reg.c ****                             (uint8_t *)&interrupt_cfg, 1);
 3156              		.loc 1 1093 5 is_stmt 1 view .LVU937
1093:Drivers/Sensors/LPS22DF/lps22df_reg.c ****                             (uint8_t *)&interrupt_cfg, 1);
 3157              		.loc 1 1093 11 is_stmt 0 view .LVU938
 3158 00a4 0123     		movs	r3, #1
 3159 00a6 03AA     		add	r2, sp, #12
 3160 00a8 0B21     		movs	r1, #11
 3161 00aa 2846     		mov	r0, r5
 3162              	.LVL242:
1093:Drivers/Sensors/LPS22DF/lps22df_reg.c ****                             (uint8_t *)&interrupt_cfg, 1);
 3163              		.loc 1 1093 11 view .LVU939
 3164 00ac FFF7FEFF 		bl	lps22df_write_reg
 3165              	.LVL243:
1096:Drivers/Sensors/LPS22DF/lps22df_reg.c **** }
 3166              		.loc 1 1096 3 is_stmt 1 view .LVU940
1096:Drivers/Sensors/LPS22DF/lps22df_reg.c **** }
 3167              		.loc 1 1096 10 is_stmt 0 view .LVU941
 3168 00b0 C2E7     		b	.L190
 3169              		.cfi_endproc
 3170              	.LFE27:
 3172              		.section	.text.lps22df_interrupt_mode_get,"ax",%progbits
 3173              		.align	1
 3174              		.global	lps22df_interrupt_mode_get
 3175              		.syntax unified
 3176              		.thumb
ARM GAS  /tmp/ccy7DkP9.s 			page 84


 3177              		.thumb_func
 3179              	lps22df_interrupt_mode_get:
 3180              	.LVL244:
 3181              	.LFB28:
1098:Drivers/Sensors/LPS22DF/lps22df_reg.c **** 
1099:Drivers/Sensors/LPS22DF/lps22df_reg.c **** /**
1100:Drivers/Sensors/LPS22DF/lps22df_reg.c ****   * @brief  Interrupt pins hardware signal configuration.[get]
1101:Drivers/Sensors/LPS22DF/lps22df_reg.c ****   *
1102:Drivers/Sensors/LPS22DF/lps22df_reg.c ****   * @param  ctx   communication interface handler.(ptr)
1103:Drivers/Sensors/LPS22DF/lps22df_reg.c ****   * @param  val   the pins hardware signal settings.(ptr)
1104:Drivers/Sensors/LPS22DF/lps22df_reg.c ****   * @retval       interface status (MANDATORY: return 0 -> no Error)
1105:Drivers/Sensors/LPS22DF/lps22df_reg.c ****   *
1106:Drivers/Sensors/LPS22DF/lps22df_reg.c ****   */
1107:Drivers/Sensors/LPS22DF/lps22df_reg.c **** int32_t lps22df_interrupt_mode_get(const stmdev_ctx_t *ctx,
1108:Drivers/Sensors/LPS22DF/lps22df_reg.c ****                                    lps22df_int_mode_t *val)
1109:Drivers/Sensors/LPS22DF/lps22df_reg.c **** {
 3182              		.loc 1 1109 1 is_stmt 1 view -0
 3183              		.cfi_startproc
 3184              		@ args = 0, pretend = 0, frame = 16
 3185              		@ frame_needed = 0, uses_anonymous_args = 0
 3186              		.loc 1 1109 1 is_stmt 0 view .LVU943
 3187 0000 70B5     		push	{r4, r5, r6, lr}
 3188              	.LCFI88:
 3189              		.cfi_def_cfa_offset 16
 3190              		.cfi_offset 4, -16
 3191              		.cfi_offset 5, -12
 3192              		.cfi_offset 6, -8
 3193              		.cfi_offset 14, -4
 3194 0002 84B0     		sub	sp, sp, #16
 3195              	.LCFI89:
 3196              		.cfi_def_cfa_offset 32
 3197 0004 0646     		mov	r6, r0
 3198 0006 0D46     		mov	r5, r1
1110:Drivers/Sensors/LPS22DF/lps22df_reg.c ****   lps22df_interrupt_cfg_t interrupt_cfg = {0};
 3199              		.loc 1 1110 3 is_stmt 1 view .LVU944
 3200              		.loc 1 1110 27 is_stmt 0 view .LVU945
 3201 0008 0023     		movs	r3, #0
 3202 000a 8DF80C30 		strb	r3, [sp, #12]
1111:Drivers/Sensors/LPS22DF/lps22df_reg.c ****   lps22df_ctrl_reg3_t ctrl_reg3 = {0};
 3203              		.loc 1 1111 3 is_stmt 1 view .LVU946
 3204              		.loc 1 1111 23 is_stmt 0 view .LVU947
 3205 000e 8DF80830 		strb	r3, [sp, #8]
1112:Drivers/Sensors/LPS22DF/lps22df_reg.c ****   lps22df_ctrl_reg4_t ctrl_reg4 = {0};
 3206              		.loc 1 1112 3 is_stmt 1 view .LVU948
 3207              		.loc 1 1112 23 is_stmt 0 view .LVU949
 3208 0012 8DF80430 		strb	r3, [sp, #4]
1113:Drivers/Sensors/LPS22DF/lps22df_reg.c ****   uint8_t reg[2] = {0};
 3209              		.loc 1 1113 3 is_stmt 1 view .LVU950
 3210              		.loc 1 1113 11 is_stmt 0 view .LVU951
 3211 0016 ADF80030 		strh	r3, [sp]	@ movhi
1114:Drivers/Sensors/LPS22DF/lps22df_reg.c ****   int32_t ret = 0;
 3212              		.loc 1 1114 3 is_stmt 1 view .LVU952
 3213              	.LVL245:
1115:Drivers/Sensors/LPS22DF/lps22df_reg.c **** 
1116:Drivers/Sensors/LPS22DF/lps22df_reg.c ****   ret = lps22df_read_reg(ctx, LPS22DF_CTRL_REG3, reg, 2);
 3214              		.loc 1 1116 3 view .LVU953
 3215              		.loc 1 1116 9 is_stmt 0 view .LVU954
ARM GAS  /tmp/ccy7DkP9.s 			page 85


 3216 001a 0223     		movs	r3, #2
 3217 001c 6A46     		mov	r2, sp
 3218 001e 1221     		movs	r1, #18
 3219              	.LVL246:
 3220              		.loc 1 1116 9 view .LVU955
 3221 0020 FFF7FEFF 		bl	lps22df_read_reg
 3222              	.LVL247:
 3223              		.loc 1 1116 9 view .LVU956
 3224 0024 0446     		mov	r4, r0
 3225              	.LVL248:
1117:Drivers/Sensors/LPS22DF/lps22df_reg.c ****   ret += lps22df_read_reg(ctx, LPS22DF_INTERRUPT_CFG,
 3226              		.loc 1 1117 3 is_stmt 1 view .LVU957
 3227              		.loc 1 1117 10 is_stmt 0 view .LVU958
 3228 0026 0123     		movs	r3, #1
 3229 0028 03AA     		add	r2, sp, #12
 3230 002a 0B21     		movs	r1, #11
 3231 002c 3046     		mov	r0, r6
 3232              	.LVL249:
 3233              		.loc 1 1117 10 view .LVU959
 3234 002e FFF7FEFF 		bl	lps22df_read_reg
 3235              	.LVL250:
1118:Drivers/Sensors/LPS22DF/lps22df_reg.c ****                           (uint8_t *)&interrupt_cfg, 1);
1119:Drivers/Sensors/LPS22DF/lps22df_reg.c ****   if (ret != 0)
 3236              		.loc 1 1119 3 is_stmt 1 view .LVU960
 3237              		.loc 1 1119 6 is_stmt 0 view .LVU961
 3238 0032 2418     		adds	r4, r4, r0
 3239              	.LVL251:
 3240              		.loc 1 1119 6 view .LVU962
 3241 0034 02D0     		beq	.L199
 3242              	.L196:
1120:Drivers/Sensors/LPS22DF/lps22df_reg.c ****   {
1121:Drivers/Sensors/LPS22DF/lps22df_reg.c ****     return ret;
1122:Drivers/Sensors/LPS22DF/lps22df_reg.c ****   }
1123:Drivers/Sensors/LPS22DF/lps22df_reg.c **** 
1124:Drivers/Sensors/LPS22DF/lps22df_reg.c ****   bytecpy((uint8_t *)&ctrl_reg3, &reg[0]);
1125:Drivers/Sensors/LPS22DF/lps22df_reg.c ****   bytecpy((uint8_t *)&ctrl_reg4, &reg[1]);
1126:Drivers/Sensors/LPS22DF/lps22df_reg.c **** 
1127:Drivers/Sensors/LPS22DF/lps22df_reg.c ****   val->active_low = ctrl_reg3.int_h_l;
1128:Drivers/Sensors/LPS22DF/lps22df_reg.c ****   val->drdy_latched = ~ctrl_reg4.drdy_pls;
1129:Drivers/Sensors/LPS22DF/lps22df_reg.c ****   val->int_latched = interrupt_cfg.lir;
1130:Drivers/Sensors/LPS22DF/lps22df_reg.c **** 
1131:Drivers/Sensors/LPS22DF/lps22df_reg.c ****   return ret;
1132:Drivers/Sensors/LPS22DF/lps22df_reg.c **** }
 3243              		.loc 1 1132 1 view .LVU963
 3244 0036 2046     		mov	r0, r4
 3245 0038 04B0     		add	sp, sp, #16
 3246              	.LCFI90:
 3247              		.cfi_remember_state
 3248              		.cfi_def_cfa_offset 16
 3249              		@ sp needed
 3250 003a 70BD     		pop	{r4, r5, r6, pc}
 3251              	.LVL252:
 3252              	.L199:
 3253              	.LCFI91:
 3254              		.cfi_restore_state
1124:Drivers/Sensors/LPS22DF/lps22df_reg.c ****   bytecpy((uint8_t *)&ctrl_reg4, &reg[1]);
 3255              		.loc 1 1124 3 is_stmt 1 view .LVU964
ARM GAS  /tmp/ccy7DkP9.s 			page 86


 3256 003c 6946     		mov	r1, sp
 3257 003e 02A8     		add	r0, sp, #8
 3258 0040 FFF7FEFF 		bl	bytecpy
 3259              	.LVL253:
1125:Drivers/Sensors/LPS22DF/lps22df_reg.c **** 
 3260              		.loc 1 1125 3 view .LVU965
 3261 0044 0DF10101 		add	r1, sp, #1
 3262 0048 01A8     		add	r0, sp, #4
 3263 004a FFF7FEFF 		bl	bytecpy
 3264              	.LVL254:
1127:Drivers/Sensors/LPS22DF/lps22df_reg.c ****   val->drdy_latched = ~ctrl_reg4.drdy_pls;
 3265              		.loc 1 1127 3 view .LVU966
1127:Drivers/Sensors/LPS22DF/lps22df_reg.c ****   val->drdy_latched = ~ctrl_reg4.drdy_pls;
 3266              		.loc 1 1127 30 is_stmt 0 view .LVU967
 3267 004e 9DF80830 		ldrb	r3, [sp, #8]	@ zero_extendqisi2
 3268 0052 C3F3C003 		ubfx	r3, r3, #3, #1
1127:Drivers/Sensors/LPS22DF/lps22df_reg.c ****   val->drdy_latched = ~ctrl_reg4.drdy_pls;
 3269              		.loc 1 1127 19 view .LVU968
 3270 0056 2A78     		ldrb	r2, [r5]	@ zero_extendqisi2
 3271 0058 63F34102 		bfi	r2, r3, #1, #1
 3272 005c 2A70     		strb	r2, [r5]
1128:Drivers/Sensors/LPS22DF/lps22df_reg.c ****   val->int_latched = interrupt_cfg.lir;
 3273              		.loc 1 1128 3 is_stmt 1 view .LVU969
1128:Drivers/Sensors/LPS22DF/lps22df_reg.c ****   val->int_latched = interrupt_cfg.lir;
 3274              		.loc 1 1128 33 is_stmt 0 view .LVU970
 3275 005e 9DF80430 		ldrb	r3, [sp, #4]	@ zero_extendqisi2
 3276 0062 C3F38013 		ubfx	r3, r3, #6, #1
1128:Drivers/Sensors/LPS22DF/lps22df_reg.c ****   val->int_latched = interrupt_cfg.lir;
 3277              		.loc 1 1128 23 view .LVU971
 3278 0066 83F00103 		eor	r3, r3, #1
1128:Drivers/Sensors/LPS22DF/lps22df_reg.c ****   val->int_latched = interrupt_cfg.lir;
 3279              		.loc 1 1128 21 view .LVU972
 3280 006a D2B2     		uxtb	r2, r2
 3281 006c 63F38202 		bfi	r2, r3, #2, #1
 3282 0070 2A70     		strb	r2, [r5]
1129:Drivers/Sensors/LPS22DF/lps22df_reg.c **** 
 3283              		.loc 1 1129 3 is_stmt 1 view .LVU973
1129:Drivers/Sensors/LPS22DF/lps22df_reg.c **** 
 3284              		.loc 1 1129 35 is_stmt 0 view .LVU974
 3285 0072 9DF80C30 		ldrb	r3, [sp, #12]	@ zero_extendqisi2
 3286 0076 C3F38003 		ubfx	r3, r3, #2, #1
1129:Drivers/Sensors/LPS22DF/lps22df_reg.c **** 
 3287              		.loc 1 1129 20 view .LVU975
 3288 007a D2B2     		uxtb	r2, r2
 3289 007c 63F30002 		bfi	r2, r3, #0, #1
 3290 0080 2A70     		strb	r2, [r5]
1131:Drivers/Sensors/LPS22DF/lps22df_reg.c **** }
 3291              		.loc 1 1131 3 is_stmt 1 view .LVU976
1131:Drivers/Sensors/LPS22DF/lps22df_reg.c **** }
 3292              		.loc 1 1131 10 is_stmt 0 view .LVU977
 3293 0082 D8E7     		b	.L196
 3294              		.cfi_endproc
 3295              	.LFE28:
 3297              		.section	.text.lps22df_pin_int_route_set,"ax",%progbits
 3298              		.align	1
 3299              		.global	lps22df_pin_int_route_set
 3300              		.syntax unified
ARM GAS  /tmp/ccy7DkP9.s 			page 87


 3301              		.thumb
 3302              		.thumb_func
 3304              	lps22df_pin_int_route_set:
 3305              	.LVL255:
 3306              	.LFB29:
1133:Drivers/Sensors/LPS22DF/lps22df_reg.c **** 
1134:Drivers/Sensors/LPS22DF/lps22df_reg.c **** /**
1135:Drivers/Sensors/LPS22DF/lps22df_reg.c ****   * @brief  Route interrupt signals on int1 pin.[set]
1136:Drivers/Sensors/LPS22DF/lps22df_reg.c ****   *
1137:Drivers/Sensors/LPS22DF/lps22df_reg.c ****   * @param  ctx   communication interface handler.(ptr)
1138:Drivers/Sensors/LPS22DF/lps22df_reg.c ****   * @param  val   the signals to route on int1 pin.(ptr)
1139:Drivers/Sensors/LPS22DF/lps22df_reg.c ****   * @retval       interface status (MANDATORY: return 0 -> no Error)
1140:Drivers/Sensors/LPS22DF/lps22df_reg.c ****   *
1141:Drivers/Sensors/LPS22DF/lps22df_reg.c ****   */
1142:Drivers/Sensors/LPS22DF/lps22df_reg.c **** int32_t lps22df_pin_int_route_set(const stmdev_ctx_t *ctx,
1143:Drivers/Sensors/LPS22DF/lps22df_reg.c ****                                   lps22df_pin_int_route_t *val)
1144:Drivers/Sensors/LPS22DF/lps22df_reg.c **** {
 3307              		.loc 1 1144 1 is_stmt 1 view -0
 3308              		.cfi_startproc
 3309              		@ args = 0, pretend = 0, frame = 8
 3310              		@ frame_needed = 0, uses_anonymous_args = 0
 3311              		.loc 1 1144 1 is_stmt 0 view .LVU979
 3312 0000 30B5     		push	{r4, r5, lr}
 3313              	.LCFI92:
 3314              		.cfi_def_cfa_offset 12
 3315              		.cfi_offset 4, -12
 3316              		.cfi_offset 5, -8
 3317              		.cfi_offset 14, -4
 3318 0002 83B0     		sub	sp, sp, #12
 3319              	.LCFI93:
 3320              		.cfi_def_cfa_offset 24
 3321 0004 0546     		mov	r5, r0
 3322 0006 0C46     		mov	r4, r1
1145:Drivers/Sensors/LPS22DF/lps22df_reg.c ****   lps22df_ctrl_reg4_t ctrl_reg4 = {0};
 3323              		.loc 1 1145 3 is_stmt 1 view .LVU980
 3324              		.loc 1 1145 23 is_stmt 0 view .LVU981
 3325 0008 0023     		movs	r3, #0
 3326 000a 8DF80430 		strb	r3, [sp, #4]
1146:Drivers/Sensors/LPS22DF/lps22df_reg.c ****   int32_t ret = 0;
 3327              		.loc 1 1146 3 is_stmt 1 view .LVU982
 3328              	.LVL256:
1147:Drivers/Sensors/LPS22DF/lps22df_reg.c **** 
1148:Drivers/Sensors/LPS22DF/lps22df_reg.c ****   ret = lps22df_read_reg(ctx, LPS22DF_CTRL_REG4, (uint8_t *)&ctrl_reg4, 1);
 3329              		.loc 1 1148 3 view .LVU983
 3330              		.loc 1 1148 9 is_stmt 0 view .LVU984
 3331 000e 0123     		movs	r3, #1
 3332 0010 01AA     		add	r2, sp, #4
 3333 0012 1321     		movs	r1, #19
 3334              	.LVL257:
 3335              		.loc 1 1148 9 view .LVU985
 3336 0014 FFF7FEFF 		bl	lps22df_read_reg
 3337              	.LVL258:
1149:Drivers/Sensors/LPS22DF/lps22df_reg.c ****   if (ret == 0)
 3338              		.loc 1 1149 3 is_stmt 1 view .LVU986
 3339              		.loc 1 1149 6 is_stmt 0 view .LVU987
 3340 0018 08B1     		cbz	r0, .L203
 3341              	.LVL259:
ARM GAS  /tmp/ccy7DkP9.s 			page 88


 3342              	.L200:
1150:Drivers/Sensors/LPS22DF/lps22df_reg.c ****   {
1151:Drivers/Sensors/LPS22DF/lps22df_reg.c ****     ctrl_reg4.drdy = val->drdy_pres;
1152:Drivers/Sensors/LPS22DF/lps22df_reg.c ****     ctrl_reg4.int_f_wtm = val->fifo_th;
1153:Drivers/Sensors/LPS22DF/lps22df_reg.c ****     ctrl_reg4.int_f_ovr = val->fifo_ovr;
1154:Drivers/Sensors/LPS22DF/lps22df_reg.c ****     ctrl_reg4.int_f_full = val->fifo_full;
1155:Drivers/Sensors/LPS22DF/lps22df_reg.c **** 
1156:Drivers/Sensors/LPS22DF/lps22df_reg.c ****     ret = lps22df_write_reg(ctx, LPS22DF_CTRL_REG4, (uint8_t *)&ctrl_reg4, 1);
1157:Drivers/Sensors/LPS22DF/lps22df_reg.c ****   }
1158:Drivers/Sensors/LPS22DF/lps22df_reg.c ****   return ret;
1159:Drivers/Sensors/LPS22DF/lps22df_reg.c **** }
 3343              		.loc 1 1159 1 view .LVU988
 3344 001a 03B0     		add	sp, sp, #12
 3345              	.LCFI94:
 3346              		.cfi_remember_state
 3347              		.cfi_def_cfa_offset 12
 3348              		@ sp needed
 3349 001c 30BD     		pop	{r4, r5, pc}
 3350              	.LVL260:
 3351              	.L203:
 3352              	.LCFI95:
 3353              		.cfi_restore_state
1151:Drivers/Sensors/LPS22DF/lps22df_reg.c ****     ctrl_reg4.int_f_wtm = val->fifo_th;
 3354              		.loc 1 1151 5 is_stmt 1 view .LVU989
1151:Drivers/Sensors/LPS22DF/lps22df_reg.c ****     ctrl_reg4.int_f_wtm = val->fifo_th;
 3355              		.loc 1 1151 25 is_stmt 0 view .LVU990
 3356 001e 2378     		ldrb	r3, [r4]	@ zero_extendqisi2
1151:Drivers/Sensors/LPS22DF/lps22df_reg.c ****     ctrl_reg4.int_f_wtm = val->fifo_th;
 3357              		.loc 1 1151 20 view .LVU991
 3358 0020 9DF80420 		ldrb	r2, [sp, #4]	@ zero_extendqisi2
 3359 0024 63F34512 		bfi	r2, r3, #5, #1
 3360 0028 8DF80420 		strb	r2, [sp, #4]
1152:Drivers/Sensors/LPS22DF/lps22df_reg.c ****     ctrl_reg4.int_f_ovr = val->fifo_ovr;
 3361              		.loc 1 1152 5 is_stmt 1 view .LVU992
1152:Drivers/Sensors/LPS22DF/lps22df_reg.c ****     ctrl_reg4.int_f_ovr = val->fifo_ovr;
 3362              		.loc 1 1152 30 is_stmt 0 view .LVU993
 3363 002c C3F34001 		ubfx	r1, r3, #1, #1
1152:Drivers/Sensors/LPS22DF/lps22df_reg.c ****     ctrl_reg4.int_f_ovr = val->fifo_ovr;
 3364              		.loc 1 1152 25 view .LVU994
 3365 0030 D2B2     		uxtb	r2, r2
 3366 0032 61F34102 		bfi	r2, r1, #1, #1
 3367 0036 8DF80420 		strb	r2, [sp, #4]
1153:Drivers/Sensors/LPS22DF/lps22df_reg.c ****     ctrl_reg4.int_f_full = val->fifo_full;
 3368              		.loc 1 1153 5 is_stmt 1 view .LVU995
1153:Drivers/Sensors/LPS22DF/lps22df_reg.c ****     ctrl_reg4.int_f_full = val->fifo_full;
 3369              		.loc 1 1153 30 is_stmt 0 view .LVU996
 3370 003a C3F38001 		ubfx	r1, r3, #2, #1
1153:Drivers/Sensors/LPS22DF/lps22df_reg.c ****     ctrl_reg4.int_f_full = val->fifo_full;
 3371              		.loc 1 1153 25 view .LVU997
 3372 003e D2B2     		uxtb	r2, r2
 3373 0040 61F30002 		bfi	r2, r1, #0, #1
 3374 0044 8DF80420 		strb	r2, [sp, #4]
1154:Drivers/Sensors/LPS22DF/lps22df_reg.c **** 
 3375              		.loc 1 1154 5 is_stmt 1 view .LVU998
1154:Drivers/Sensors/LPS22DF/lps22df_reg.c **** 
 3376              		.loc 1 1154 31 is_stmt 0 view .LVU999
 3377 0048 C3F3C003 		ubfx	r3, r3, #3, #1
ARM GAS  /tmp/ccy7DkP9.s 			page 89


1154:Drivers/Sensors/LPS22DF/lps22df_reg.c **** 
 3378              		.loc 1 1154 26 view .LVU1000
 3379 004c D2B2     		uxtb	r2, r2
 3380 004e 63F38202 		bfi	r2, r3, #2, #1
 3381 0052 8DF80420 		strb	r2, [sp, #4]
1156:Drivers/Sensors/LPS22DF/lps22df_reg.c ****   }
 3382              		.loc 1 1156 5 is_stmt 1 view .LVU1001
1156:Drivers/Sensors/LPS22DF/lps22df_reg.c ****   }
 3383              		.loc 1 1156 11 is_stmt 0 view .LVU1002
 3384 0056 0123     		movs	r3, #1
 3385              	.LVL261:
1156:Drivers/Sensors/LPS22DF/lps22df_reg.c ****   }
 3386              		.loc 1 1156 11 view .LVU1003
 3387 0058 01AA     		add	r2, sp, #4
 3388 005a 1321     		movs	r1, #19
 3389 005c 2846     		mov	r0, r5
 3390 005e FFF7FEFF 		bl	lps22df_write_reg
 3391              	.LVL262:
1158:Drivers/Sensors/LPS22DF/lps22df_reg.c **** }
 3392              		.loc 1 1158 3 is_stmt 1 view .LVU1004
1158:Drivers/Sensors/LPS22DF/lps22df_reg.c **** }
 3393              		.loc 1 1158 10 is_stmt 0 view .LVU1005
 3394 0062 DAE7     		b	.L200
 3395              		.cfi_endproc
 3396              	.LFE29:
 3398              		.section	.text.lps22df_pin_int_route_get,"ax",%progbits
 3399              		.align	1
 3400              		.global	lps22df_pin_int_route_get
 3401              		.syntax unified
 3402              		.thumb
 3403              		.thumb_func
 3405              	lps22df_pin_int_route_get:
 3406              	.LVL263:
 3407              	.LFB30:
1160:Drivers/Sensors/LPS22DF/lps22df_reg.c **** 
1161:Drivers/Sensors/LPS22DF/lps22df_reg.c **** /**
1162:Drivers/Sensors/LPS22DF/lps22df_reg.c ****   * @brief  Route interrupt signals on int1 pin.[get]
1163:Drivers/Sensors/LPS22DF/lps22df_reg.c ****   *
1164:Drivers/Sensors/LPS22DF/lps22df_reg.c ****   * @param  ctx   communication interface handler.(ptr)
1165:Drivers/Sensors/LPS22DF/lps22df_reg.c ****   * @param  val   the signals that are routed on int1 pin.(ptr)
1166:Drivers/Sensors/LPS22DF/lps22df_reg.c ****   * @retval       interface status (MANDATORY: return 0 -> no Error)
1167:Drivers/Sensors/LPS22DF/lps22df_reg.c ****   *
1168:Drivers/Sensors/LPS22DF/lps22df_reg.c ****   */
1169:Drivers/Sensors/LPS22DF/lps22df_reg.c **** int32_t lps22df_pin_int_route_get(const stmdev_ctx_t *ctx,
1170:Drivers/Sensors/LPS22DF/lps22df_reg.c ****                                   lps22df_pin_int_route_t *val)
1171:Drivers/Sensors/LPS22DF/lps22df_reg.c **** {
 3408              		.loc 1 1171 1 is_stmt 1 view -0
 3409              		.cfi_startproc
 3410              		@ args = 0, pretend = 0, frame = 8
 3411              		@ frame_needed = 0, uses_anonymous_args = 0
 3412              		.loc 1 1171 1 is_stmt 0 view .LVU1007
 3413 0000 10B5     		push	{r4, lr}
 3414              	.LCFI96:
 3415              		.cfi_def_cfa_offset 8
 3416              		.cfi_offset 4, -8
 3417              		.cfi_offset 14, -4
 3418 0002 82B0     		sub	sp, sp, #8
ARM GAS  /tmp/ccy7DkP9.s 			page 90


 3419              	.LCFI97:
 3420              		.cfi_def_cfa_offset 16
 3421 0004 0C46     		mov	r4, r1
1172:Drivers/Sensors/LPS22DF/lps22df_reg.c ****   lps22df_ctrl_reg4_t ctrl_reg4 = {0};
 3422              		.loc 1 1172 3 is_stmt 1 view .LVU1008
 3423              		.loc 1 1172 23 is_stmt 0 view .LVU1009
 3424 0006 0023     		movs	r3, #0
 3425 0008 8DF80430 		strb	r3, [sp, #4]
1173:Drivers/Sensors/LPS22DF/lps22df_reg.c ****   int32_t ret = {0};
 3426              		.loc 1 1173 3 is_stmt 1 view .LVU1010
 3427              	.LVL264:
1174:Drivers/Sensors/LPS22DF/lps22df_reg.c **** 
1175:Drivers/Sensors/LPS22DF/lps22df_reg.c ****   ret = lps22df_read_reg(ctx, LPS22DF_CTRL_REG4, (uint8_t *)&ctrl_reg4, 1);
 3428              		.loc 1 1175 3 view .LVU1011
 3429              		.loc 1 1175 9 is_stmt 0 view .LVU1012
 3430 000c 0123     		movs	r3, #1
 3431 000e 01AA     		add	r2, sp, #4
 3432 0010 1321     		movs	r1, #19
 3433              	.LVL265:
 3434              		.loc 1 1175 9 view .LVU1013
 3435 0012 FFF7FEFF 		bl	lps22df_read_reg
 3436              	.LVL266:
1176:Drivers/Sensors/LPS22DF/lps22df_reg.c ****   if (ret != 0)
 3437              		.loc 1 1176 3 is_stmt 1 view .LVU1014
 3438              		.loc 1 1176 6 is_stmt 0 view .LVU1015
 3439 0016 B8B9     		cbnz	r0, .L204
1177:Drivers/Sensors/LPS22DF/lps22df_reg.c ****   {
1178:Drivers/Sensors/LPS22DF/lps22df_reg.c ****     return ret;
1179:Drivers/Sensors/LPS22DF/lps22df_reg.c ****   }
1180:Drivers/Sensors/LPS22DF/lps22df_reg.c **** 
1181:Drivers/Sensors/LPS22DF/lps22df_reg.c ****   val->drdy_pres =  ctrl_reg4.drdy;
 3440              		.loc 1 1181 3 is_stmt 1 view .LVU1016
 3441              		.loc 1 1181 30 is_stmt 0 view .LVU1017
 3442 0018 9DF80430 		ldrb	r3, [sp, #4]	@ zero_extendqisi2
 3443 001c C3F34011 		ubfx	r1, r3, #5, #1
 3444              		.loc 1 1181 18 view .LVU1018
 3445 0020 2278     		ldrb	r2, [r4]	@ zero_extendqisi2
 3446 0022 61F30002 		bfi	r2, r1, #0, #1
 3447 0026 2270     		strb	r2, [r4]
1182:Drivers/Sensors/LPS22DF/lps22df_reg.c ****   val->fifo_th = ctrl_reg4.int_f_wtm;
 3448              		.loc 1 1182 3 is_stmt 1 view .LVU1019
 3449              		.loc 1 1182 27 is_stmt 0 view .LVU1020
 3450 0028 C3F34001 		ubfx	r1, r3, #1, #1
 3451              		.loc 1 1182 16 view .LVU1021
 3452 002c D2B2     		uxtb	r2, r2
 3453 002e 61F34102 		bfi	r2, r1, #1, #1
 3454 0032 2270     		strb	r2, [r4]
1183:Drivers/Sensors/LPS22DF/lps22df_reg.c ****   val->fifo_ovr = ctrl_reg4.int_f_ovr;
 3455              		.loc 1 1183 3 is_stmt 1 view .LVU1022
 3456              		.loc 1 1183 17 is_stmt 0 view .LVU1023
 3457 0034 D2B2     		uxtb	r2, r2
 3458 0036 63F38202 		bfi	r2, r3, #2, #1
 3459 003a 2270     		strb	r2, [r4]
1184:Drivers/Sensors/LPS22DF/lps22df_reg.c ****   val->fifo_full = ctrl_reg4.int_f_full;
 3460              		.loc 1 1184 3 is_stmt 1 view .LVU1024
 3461              		.loc 1 1184 29 is_stmt 0 view .LVU1025
 3462 003c C3F38003 		ubfx	r3, r3, #2, #1
ARM GAS  /tmp/ccy7DkP9.s 			page 91


 3463              		.loc 1 1184 18 view .LVU1026
 3464 0040 D2B2     		uxtb	r2, r2
 3465 0042 63F3C302 		bfi	r2, r3, #3, #1
 3466 0046 2270     		strb	r2, [r4]
1185:Drivers/Sensors/LPS22DF/lps22df_reg.c **** 
1186:Drivers/Sensors/LPS22DF/lps22df_reg.c ****   return ret;
 3467              		.loc 1 1186 3 is_stmt 1 view .LVU1027
 3468              	.L204:
1187:Drivers/Sensors/LPS22DF/lps22df_reg.c **** 
1188:Drivers/Sensors/LPS22DF/lps22df_reg.c **** }
 3469              		.loc 1 1188 1 is_stmt 0 view .LVU1028
 3470 0048 02B0     		add	sp, sp, #8
 3471              	.LCFI98:
 3472              		.cfi_def_cfa_offset 8
 3473              		@ sp needed
 3474 004a 10BD     		pop	{r4, pc}
 3475              		.loc 1 1188 1 view .LVU1029
 3476              		.cfi_endproc
 3477              	.LFE30:
 3479              		.section	.text.lps22df_int_on_threshold_mode_set,"ax",%progbits
 3480              		.align	1
 3481              		.global	lps22df_int_on_threshold_mode_set
 3482              		.syntax unified
 3483              		.thumb
 3484              		.thumb_func
 3486              	lps22df_int_on_threshold_mode_set:
 3487              	.LVL267:
 3488              	.LFB31:
1189:Drivers/Sensors/LPS22DF/lps22df_reg.c **** 
1190:Drivers/Sensors/LPS22DF/lps22df_reg.c **** /**
1191:Drivers/Sensors/LPS22DF/lps22df_reg.c ****   * @}
1192:Drivers/Sensors/LPS22DF/lps22df_reg.c ****   *
1193:Drivers/Sensors/LPS22DF/lps22df_reg.c ****   */
1194:Drivers/Sensors/LPS22DF/lps22df_reg.c **** 
1195:Drivers/Sensors/LPS22DF/lps22df_reg.c **** /**
1196:Drivers/Sensors/LPS22DF/lps22df_reg.c ****   * @defgroup     Interrupt on threshold functions
1197:Drivers/Sensors/LPS22DF/lps22df_reg.c ****   * @brief        This section groups all the functions concerning
1198:Drivers/Sensors/LPS22DF/lps22df_reg.c ****   *               the wake up functionality.
1199:Drivers/Sensors/LPS22DF/lps22df_reg.c ****   * @{
1200:Drivers/Sensors/LPS22DF/lps22df_reg.c ****   *
1201:Drivers/Sensors/LPS22DF/lps22df_reg.c ****   */
1202:Drivers/Sensors/LPS22DF/lps22df_reg.c **** 
1203:Drivers/Sensors/LPS22DF/lps22df_reg.c **** /**
1204:Drivers/Sensors/LPS22DF/lps22df_reg.c ****   * @brief  Configuration of Wake-up and Wake-up to Sleep .[set]
1205:Drivers/Sensors/LPS22DF/lps22df_reg.c ****   *
1206:Drivers/Sensors/LPS22DF/lps22df_reg.c ****   * @param  ctx   communication interface handler.(ptr)
1207:Drivers/Sensors/LPS22DF/lps22df_reg.c ****   * @param  val   parameters of configuration.(ptr)
1208:Drivers/Sensors/LPS22DF/lps22df_reg.c ****   * @retval       interface status (MANDATORY: return 0 -> no Error)
1209:Drivers/Sensors/LPS22DF/lps22df_reg.c ****   *
1210:Drivers/Sensors/LPS22DF/lps22df_reg.c ****   */
1211:Drivers/Sensors/LPS22DF/lps22df_reg.c **** int32_t lps22df_int_on_threshold_mode_set(const stmdev_ctx_t *ctx,
1212:Drivers/Sensors/LPS22DF/lps22df_reg.c ****                                           lps22df_int_th_md_t *val)
1213:Drivers/Sensors/LPS22DF/lps22df_reg.c **** {
 3489              		.loc 1 1213 1 is_stmt 1 view -0
 3490              		.cfi_startproc
 3491              		@ args = 0, pretend = 0, frame = 24
 3492              		@ frame_needed = 0, uses_anonymous_args = 0
ARM GAS  /tmp/ccy7DkP9.s 			page 92


 3493              		.loc 1 1213 1 is_stmt 0 view .LVU1031
 3494 0000 30B5     		push	{r4, r5, lr}
 3495              	.LCFI99:
 3496              		.cfi_def_cfa_offset 12
 3497              		.cfi_offset 4, -12
 3498              		.cfi_offset 5, -8
 3499              		.cfi_offset 14, -4
 3500 0002 87B0     		sub	sp, sp, #28
 3501              	.LCFI100:
 3502              		.cfi_def_cfa_offset 40
 3503 0004 0546     		mov	r5, r0
 3504 0006 0C46     		mov	r4, r1
1214:Drivers/Sensors/LPS22DF/lps22df_reg.c ****   lps22df_ctrl_reg4_t ctrl_reg4 = {0};
 3505              		.loc 1 1214 3 is_stmt 1 view .LVU1032
 3506              		.loc 1 1214 23 is_stmt 0 view .LVU1033
 3507 0008 0023     		movs	r3, #0
 3508 000a 8DF81430 		strb	r3, [sp, #20]
1215:Drivers/Sensors/LPS22DF/lps22df_reg.c ****   lps22df_interrupt_cfg_t interrupt_cfg = {0};
 3509              		.loc 1 1215 3 is_stmt 1 view .LVU1034
 3510              		.loc 1 1215 27 is_stmt 0 view .LVU1035
 3511 000e 8DF81030 		strb	r3, [sp, #16]
1216:Drivers/Sensors/LPS22DF/lps22df_reg.c ****   lps22df_ths_p_l_t ths_p_l = {0};
 3512              		.loc 1 1216 3 is_stmt 1 view .LVU1036
 3513              		.loc 1 1216 21 is_stmt 0 view .LVU1037
 3514 0012 8DF80C30 		strb	r3, [sp, #12]
1217:Drivers/Sensors/LPS22DF/lps22df_reg.c ****   lps22df_ths_p_h_t ths_p_h = {0};
 3515              		.loc 1 1217 3 is_stmt 1 view .LVU1038
 3516              		.loc 1 1217 21 is_stmt 0 view .LVU1039
 3517 0016 8DF80830 		strb	r3, [sp, #8]
1218:Drivers/Sensors/LPS22DF/lps22df_reg.c ****   uint8_t reg[3] = {0};
 3518              		.loc 1 1218 3 is_stmt 1 view .LVU1040
 3519              		.loc 1 1218 11 is_stmt 0 view .LVU1041
 3520 001a ADF80430 		strh	r3, [sp, #4]	@ movhi
 3521 001e 8DF80630 		strb	r3, [sp, #6]
1219:Drivers/Sensors/LPS22DF/lps22df_reg.c ****   int32_t ret = {0};
 3522              		.loc 1 1219 3 is_stmt 1 view .LVU1042
 3523              	.LVL268:
1220:Drivers/Sensors/LPS22DF/lps22df_reg.c **** 
1221:Drivers/Sensors/LPS22DF/lps22df_reg.c ****   ret = lps22df_read_reg(ctx, LPS22DF_INTERRUPT_CFG, reg, 3);
 3524              		.loc 1 1221 3 view .LVU1043
 3525              		.loc 1 1221 9 is_stmt 0 view .LVU1044
 3526 0022 0323     		movs	r3, #3
 3527 0024 01AA     		add	r2, sp, #4
 3528 0026 0B21     		movs	r1, #11
 3529              	.LVL269:
 3530              		.loc 1 1221 9 view .LVU1045
 3531 0028 FFF7FEFF 		bl	lps22df_read_reg
 3532              	.LVL270:
1222:Drivers/Sensors/LPS22DF/lps22df_reg.c ****   if (ret == 0)
 3533              		.loc 1 1222 3 is_stmt 1 view .LVU1046
 3534              		.loc 1 1222 6 is_stmt 0 view .LVU1047
 3535 002c 08B1     		cbz	r0, .L210
 3536              	.LVL271:
 3537              	.L207:
1223:Drivers/Sensors/LPS22DF/lps22df_reg.c ****   {
1224:Drivers/Sensors/LPS22DF/lps22df_reg.c ****     bytecpy((uint8_t *)&interrupt_cfg, &reg[0]);
1225:Drivers/Sensors/LPS22DF/lps22df_reg.c ****     bytecpy((uint8_t *)&ths_p_l, &reg[1]);
ARM GAS  /tmp/ccy7DkP9.s 			page 93


1226:Drivers/Sensors/LPS22DF/lps22df_reg.c ****     bytecpy((uint8_t *)&ths_p_h, &reg[2]);
1227:Drivers/Sensors/LPS22DF/lps22df_reg.c **** 
1228:Drivers/Sensors/LPS22DF/lps22df_reg.c ****     interrupt_cfg.phe = val->over_th;
1229:Drivers/Sensors/LPS22DF/lps22df_reg.c ****     interrupt_cfg.ple = val->under_th;
1230:Drivers/Sensors/LPS22DF/lps22df_reg.c ****     ths_p_h.ths = (uint8_t)(val->threshold / 256U) & 0x7FU;
1231:Drivers/Sensors/LPS22DF/lps22df_reg.c ****     ths_p_l.ths = (uint8_t)(val->threshold - (ths_p_h.ths * 256U));
1232:Drivers/Sensors/LPS22DF/lps22df_reg.c **** 
1233:Drivers/Sensors/LPS22DF/lps22df_reg.c ****     bytecpy(&reg[0], (uint8_t *)&interrupt_cfg);
1234:Drivers/Sensors/LPS22DF/lps22df_reg.c ****     bytecpy(&reg[1], (uint8_t *)&ths_p_l);
1235:Drivers/Sensors/LPS22DF/lps22df_reg.c ****     bytecpy(&reg[2], (uint8_t *)&ths_p_h);
1236:Drivers/Sensors/LPS22DF/lps22df_reg.c **** 
1237:Drivers/Sensors/LPS22DF/lps22df_reg.c ****     ret = lps22df_write_reg(ctx, LPS22DF_INTERRUPT_CFG, reg, 3);
1238:Drivers/Sensors/LPS22DF/lps22df_reg.c ****   }
1239:Drivers/Sensors/LPS22DF/lps22df_reg.c **** 
1240:Drivers/Sensors/LPS22DF/lps22df_reg.c ****   if (ret == 0)
1241:Drivers/Sensors/LPS22DF/lps22df_reg.c ****   {
1242:Drivers/Sensors/LPS22DF/lps22df_reg.c ****     ret = lps22df_read_reg(ctx, LPS22DF_CTRL_REG4, (uint8_t *)&ctrl_reg4, 1);
1243:Drivers/Sensors/LPS22DF/lps22df_reg.c ****     if (ret == 0)
1244:Drivers/Sensors/LPS22DF/lps22df_reg.c ****     {
1245:Drivers/Sensors/LPS22DF/lps22df_reg.c ****       ctrl_reg4.int_en = PROPERTY_ENABLE;
1246:Drivers/Sensors/LPS22DF/lps22df_reg.c ****       ret = lps22df_write_reg(ctx, LPS22DF_CTRL_REG4, (uint8_t *)&ctrl_reg4, 1);
1247:Drivers/Sensors/LPS22DF/lps22df_reg.c ****     }
1248:Drivers/Sensors/LPS22DF/lps22df_reg.c ****   }
1249:Drivers/Sensors/LPS22DF/lps22df_reg.c **** 
1250:Drivers/Sensors/LPS22DF/lps22df_reg.c ****   return ret;
1251:Drivers/Sensors/LPS22DF/lps22df_reg.c **** }
 3538              		.loc 1 1251 1 view .LVU1048
 3539 002e 07B0     		add	sp, sp, #28
 3540              	.LCFI101:
 3541              		.cfi_remember_state
 3542              		.cfi_def_cfa_offset 12
 3543              		@ sp needed
 3544 0030 30BD     		pop	{r4, r5, pc}
 3545              	.LVL272:
 3546              	.L210:
 3547              	.LCFI102:
 3548              		.cfi_restore_state
1224:Drivers/Sensors/LPS22DF/lps22df_reg.c ****     bytecpy((uint8_t *)&ths_p_l, &reg[1]);
 3549              		.loc 1 1224 5 is_stmt 1 view .LVU1049
 3550 0032 01A9     		add	r1, sp, #4
 3551 0034 04A8     		add	r0, sp, #16
 3552 0036 FFF7FEFF 		bl	bytecpy
 3553              	.LVL273:
1225:Drivers/Sensors/LPS22DF/lps22df_reg.c ****     bytecpy((uint8_t *)&ths_p_h, &reg[2]);
 3554              		.loc 1 1225 5 view .LVU1050
 3555 003a 0DF10501 		add	r1, sp, #5
 3556 003e 03A8     		add	r0, sp, #12
 3557 0040 FFF7FEFF 		bl	bytecpy
 3558              	.LVL274:
1226:Drivers/Sensors/LPS22DF/lps22df_reg.c **** 
 3559              		.loc 1 1226 5 view .LVU1051
 3560 0044 0DF10601 		add	r1, sp, #6
 3561 0048 02A8     		add	r0, sp, #8
 3562 004a FFF7FEFF 		bl	bytecpy
 3563              	.LVL275:
1228:Drivers/Sensors/LPS22DF/lps22df_reg.c ****     interrupt_cfg.ple = val->under_th;
 3564              		.loc 1 1228 5 view .LVU1052
ARM GAS  /tmp/ccy7DkP9.s 			page 94


1228:Drivers/Sensors/LPS22DF/lps22df_reg.c ****     interrupt_cfg.ple = val->under_th;
 3565              		.loc 1 1228 28 is_stmt 0 view .LVU1053
 3566 004e A378     		ldrb	r3, [r4, #2]	@ zero_extendqisi2
1228:Drivers/Sensors/LPS22DF/lps22df_reg.c ****     interrupt_cfg.ple = val->under_th;
 3567              		.loc 1 1228 23 view .LVU1054
 3568 0050 9DF81020 		ldrb	r2, [sp, #16]	@ zero_extendqisi2
 3569 0054 63F30002 		bfi	r2, r3, #0, #1
 3570 0058 8DF81020 		strb	r2, [sp, #16]
1229:Drivers/Sensors/LPS22DF/lps22df_reg.c ****     ths_p_h.ths = (uint8_t)(val->threshold / 256U) & 0x7FU;
 3571              		.loc 1 1229 5 is_stmt 1 view .LVU1055
1229:Drivers/Sensors/LPS22DF/lps22df_reg.c ****     ths_p_h.ths = (uint8_t)(val->threshold / 256U) & 0x7FU;
 3572              		.loc 1 1229 28 is_stmt 0 view .LVU1056
 3573 005c C3F34003 		ubfx	r3, r3, #1, #1
1229:Drivers/Sensors/LPS22DF/lps22df_reg.c ****     ths_p_h.ths = (uint8_t)(val->threshold / 256U) & 0x7FU;
 3574              		.loc 1 1229 23 view .LVU1057
 3575 0060 D2B2     		uxtb	r2, r2
 3576 0062 63F34102 		bfi	r2, r3, #1, #1
 3577 0066 8DF81020 		strb	r2, [sp, #16]
1230:Drivers/Sensors/LPS22DF/lps22df_reg.c ****     ths_p_l.ths = (uint8_t)(val->threshold - (ths_p_h.ths * 256U));
 3578              		.loc 1 1230 5 is_stmt 1 view .LVU1058
1230:Drivers/Sensors/LPS22DF/lps22df_reg.c ****     ths_p_l.ths = (uint8_t)(val->threshold - (ths_p_h.ths * 256U));
 3579              		.loc 1 1230 32 is_stmt 0 view .LVU1059
 3580 006a 2388     		ldrh	r3, [r4]
1230:Drivers/Sensors/LPS22DF/lps22df_reg.c ****     ths_p_l.ths = (uint8_t)(val->threshold - (ths_p_h.ths * 256U));
 3581              		.loc 1 1230 52 view .LVU1060
 3582 006c C3F30621 		ubfx	r1, r3, #8, #7
1230:Drivers/Sensors/LPS22DF/lps22df_reg.c ****     ths_p_l.ths = (uint8_t)(val->threshold - (ths_p_h.ths * 256U));
 3583              		.loc 1 1230 17 view .LVU1061
 3584 0070 9DF80820 		ldrb	r2, [sp, #8]	@ zero_extendqisi2
 3585 0074 61F30602 		bfi	r2, r1, #0, #7
 3586 0078 8DF80820 		strb	r2, [sp, #8]
1231:Drivers/Sensors/LPS22DF/lps22df_reg.c **** 
 3587              		.loc 1 1231 5 is_stmt 1 view .LVU1062
1231:Drivers/Sensors/LPS22DF/lps22df_reg.c **** 
 3588              		.loc 1 1231 17 is_stmt 0 view .LVU1063
 3589 007c 8DF80C30 		strb	r3, [sp, #12]
1233:Drivers/Sensors/LPS22DF/lps22df_reg.c ****     bytecpy(&reg[1], (uint8_t *)&ths_p_l);
 3590              		.loc 1 1233 5 is_stmt 1 view .LVU1064
 3591 0080 04A9     		add	r1, sp, #16
 3592 0082 01A8     		add	r0, sp, #4
 3593 0084 FFF7FEFF 		bl	bytecpy
 3594              	.LVL276:
1234:Drivers/Sensors/LPS22DF/lps22df_reg.c ****     bytecpy(&reg[2], (uint8_t *)&ths_p_h);
 3595              		.loc 1 1234 5 view .LVU1065
 3596 0088 03A9     		add	r1, sp, #12
 3597 008a 0DF10500 		add	r0, sp, #5
 3598 008e FFF7FEFF 		bl	bytecpy
 3599              	.LVL277:
1235:Drivers/Sensors/LPS22DF/lps22df_reg.c **** 
 3600              		.loc 1 1235 5 view .LVU1066
 3601 0092 02A9     		add	r1, sp, #8
 3602 0094 0DF10600 		add	r0, sp, #6
 3603 0098 FFF7FEFF 		bl	bytecpy
 3604              	.LVL278:
1237:Drivers/Sensors/LPS22DF/lps22df_reg.c ****   }
 3605              		.loc 1 1237 5 view .LVU1067
1237:Drivers/Sensors/LPS22DF/lps22df_reg.c ****   }
ARM GAS  /tmp/ccy7DkP9.s 			page 95


 3606              		.loc 1 1237 11 is_stmt 0 view .LVU1068
 3607 009c 0323     		movs	r3, #3
 3608              	.LVL279:
1237:Drivers/Sensors/LPS22DF/lps22df_reg.c ****   }
 3609              		.loc 1 1237 11 view .LVU1069
 3610 009e 01AA     		add	r2, sp, #4
 3611 00a0 0B21     		movs	r1, #11
 3612 00a2 2846     		mov	r0, r5
 3613 00a4 FFF7FEFF 		bl	lps22df_write_reg
 3614              	.LVL280:
1240:Drivers/Sensors/LPS22DF/lps22df_reg.c ****   {
 3615              		.loc 1 1240 3 is_stmt 1 view .LVU1070
1240:Drivers/Sensors/LPS22DF/lps22df_reg.c ****   {
 3616              		.loc 1 1240 6 is_stmt 0 view .LVU1071
 3617 00a8 0028     		cmp	r0, #0
 3618 00aa C0D1     		bne	.L207
1242:Drivers/Sensors/LPS22DF/lps22df_reg.c ****     if (ret == 0)
 3619              		.loc 1 1242 5 is_stmt 1 view .LVU1072
1242:Drivers/Sensors/LPS22DF/lps22df_reg.c ****     if (ret == 0)
 3620              		.loc 1 1242 11 is_stmt 0 view .LVU1073
 3621 00ac 0123     		movs	r3, #1
 3622 00ae 05AA     		add	r2, sp, #20
 3623 00b0 1321     		movs	r1, #19
 3624 00b2 2846     		mov	r0, r5
 3625              	.LVL281:
1242:Drivers/Sensors/LPS22DF/lps22df_reg.c ****     if (ret == 0)
 3626              		.loc 1 1242 11 view .LVU1074
 3627 00b4 FFF7FEFF 		bl	lps22df_read_reg
 3628              	.LVL282:
1243:Drivers/Sensors/LPS22DF/lps22df_reg.c ****     {
 3629              		.loc 1 1243 5 is_stmt 1 view .LVU1075
1243:Drivers/Sensors/LPS22DF/lps22df_reg.c ****     {
 3630              		.loc 1 1243 8 is_stmt 0 view .LVU1076
 3631 00b8 0028     		cmp	r0, #0
 3632 00ba B8D1     		bne	.L207
1245:Drivers/Sensors/LPS22DF/lps22df_reg.c ****       ret = lps22df_write_reg(ctx, LPS22DF_CTRL_REG4, (uint8_t *)&ctrl_reg4, 1);
 3633              		.loc 1 1245 7 is_stmt 1 view .LVU1077
1245:Drivers/Sensors/LPS22DF/lps22df_reg.c ****       ret = lps22df_write_reg(ctx, LPS22DF_CTRL_REG4, (uint8_t *)&ctrl_reg4, 1);
 3634              		.loc 1 1245 24 is_stmt 0 view .LVU1078
 3635 00bc 9DF81430 		ldrb	r3, [sp, #20]	@ zero_extendqisi2
 3636 00c0 43F01003 		orr	r3, r3, #16
 3637 00c4 8DF81430 		strb	r3, [sp, #20]
1246:Drivers/Sensors/LPS22DF/lps22df_reg.c ****     }
 3638              		.loc 1 1246 7 is_stmt 1 view .LVU1079
1246:Drivers/Sensors/LPS22DF/lps22df_reg.c ****     }
 3639              		.loc 1 1246 13 is_stmt 0 view .LVU1080
 3640 00c8 0123     		movs	r3, #1
 3641 00ca 05AA     		add	r2, sp, #20
 3642 00cc 1321     		movs	r1, #19
 3643 00ce 2846     		mov	r0, r5
 3644              	.LVL283:
1246:Drivers/Sensors/LPS22DF/lps22df_reg.c ****     }
 3645              		.loc 1 1246 13 view .LVU1081
 3646 00d0 FFF7FEFF 		bl	lps22df_write_reg
 3647              	.LVL284:
1250:Drivers/Sensors/LPS22DF/lps22df_reg.c **** }
 3648              		.loc 1 1250 3 is_stmt 1 view .LVU1082
ARM GAS  /tmp/ccy7DkP9.s 			page 96


1250:Drivers/Sensors/LPS22DF/lps22df_reg.c **** }
 3649              		.loc 1 1250 10 is_stmt 0 view .LVU1083
 3650 00d4 ABE7     		b	.L207
 3651              		.cfi_endproc
 3652              	.LFE31:
 3654              		.section	.text.lps22df_int_on_threshold_mode_get,"ax",%progbits
 3655              		.align	1
 3656              		.global	lps22df_int_on_threshold_mode_get
 3657              		.syntax unified
 3658              		.thumb
 3659              		.thumb_func
 3661              	lps22df_int_on_threshold_mode_get:
 3662              	.LVL285:
 3663              	.LFB32:
1252:Drivers/Sensors/LPS22DF/lps22df_reg.c **** 
1253:Drivers/Sensors/LPS22DF/lps22df_reg.c **** /**
1254:Drivers/Sensors/LPS22DF/lps22df_reg.c ****   * @brief  Configuration of Wake-up and Wake-up to Sleep .[set]
1255:Drivers/Sensors/LPS22DF/lps22df_reg.c ****   *
1256:Drivers/Sensors/LPS22DF/lps22df_reg.c ****   * @param  ctx   communication interface handler.(ptr)
1257:Drivers/Sensors/LPS22DF/lps22df_reg.c ****   * @param  val   parameters of configuration.(ptr)
1258:Drivers/Sensors/LPS22DF/lps22df_reg.c ****   * @retval       interface status (MANDATORY: return 0 -> no Error)
1259:Drivers/Sensors/LPS22DF/lps22df_reg.c ****   *
1260:Drivers/Sensors/LPS22DF/lps22df_reg.c ****   */
1261:Drivers/Sensors/LPS22DF/lps22df_reg.c **** int32_t lps22df_int_on_threshold_mode_get(const stmdev_ctx_t *ctx,
1262:Drivers/Sensors/LPS22DF/lps22df_reg.c ****                                           lps22df_int_th_md_t *val)
1263:Drivers/Sensors/LPS22DF/lps22df_reg.c **** {
 3664              		.loc 1 1263 1 is_stmt 1 view -0
 3665              		.cfi_startproc
 3666              		@ args = 0, pretend = 0, frame = 16
 3667              		@ frame_needed = 0, uses_anonymous_args = 0
 3668              		.loc 1 1263 1 is_stmt 0 view .LVU1085
 3669 0000 30B5     		push	{r4, r5, lr}
 3670              	.LCFI103:
 3671              		.cfi_def_cfa_offset 12
 3672              		.cfi_offset 4, -12
 3673              		.cfi_offset 5, -8
 3674              		.cfi_offset 14, -4
 3675 0002 85B0     		sub	sp, sp, #20
 3676              	.LCFI104:
 3677              		.cfi_def_cfa_offset 32
 3678 0004 0C46     		mov	r4, r1
1264:Drivers/Sensors/LPS22DF/lps22df_reg.c ****   lps22df_interrupt_cfg_t interrupt_cfg = {0};
 3679              		.loc 1 1264 3 is_stmt 1 view .LVU1086
 3680              		.loc 1 1264 27 is_stmt 0 view .LVU1087
 3681 0006 0023     		movs	r3, #0
 3682 0008 8DF80C30 		strb	r3, [sp, #12]
1265:Drivers/Sensors/LPS22DF/lps22df_reg.c ****   lps22df_ths_p_l_t ths_p_l = {0};
 3683              		.loc 1 1265 3 is_stmt 1 view .LVU1088
 3684              		.loc 1 1265 21 is_stmt 0 view .LVU1089
 3685 000c 8DF80830 		strb	r3, [sp, #8]
1266:Drivers/Sensors/LPS22DF/lps22df_reg.c ****   lps22df_ths_p_h_t ths_p_h = {0};
 3686              		.loc 1 1266 3 is_stmt 1 view .LVU1090
 3687              		.loc 1 1266 21 is_stmt 0 view .LVU1091
 3688 0010 8DF80430 		strb	r3, [sp, #4]
1267:Drivers/Sensors/LPS22DF/lps22df_reg.c ****   uint8_t reg[3] = {0};
 3689              		.loc 1 1267 3 is_stmt 1 view .LVU1092
 3690              		.loc 1 1267 11 is_stmt 0 view .LVU1093
ARM GAS  /tmp/ccy7DkP9.s 			page 97


 3691 0014 ADF80030 		strh	r3, [sp]	@ movhi
 3692 0018 8DF80230 		strb	r3, [sp, #2]
1268:Drivers/Sensors/LPS22DF/lps22df_reg.c ****   int32_t ret = {0};
 3693              		.loc 1 1268 3 is_stmt 1 view .LVU1094
 3694              	.LVL286:
1269:Drivers/Sensors/LPS22DF/lps22df_reg.c **** 
1270:Drivers/Sensors/LPS22DF/lps22df_reg.c ****   ret = lps22df_read_reg(ctx, LPS22DF_INTERRUPT_CFG, reg, 3);
 3695              		.loc 1 1270 3 view .LVU1095
 3696              		.loc 1 1270 9 is_stmt 0 view .LVU1096
 3697 001c 0323     		movs	r3, #3
 3698 001e 6A46     		mov	r2, sp
 3699 0020 0B21     		movs	r1, #11
 3700              	.LVL287:
 3701              		.loc 1 1270 9 view .LVU1097
 3702 0022 FFF7FEFF 		bl	lps22df_read_reg
 3703              	.LVL288:
1271:Drivers/Sensors/LPS22DF/lps22df_reg.c ****   if (ret != 0)
 3704              		.loc 1 1271 3 is_stmt 1 view .LVU1098
 3705              		.loc 1 1271 6 is_stmt 0 view .LVU1099
 3706 0026 0546     		mov	r5, r0
 3707 0028 10B1     		cbz	r0, .L214
 3708              	.LVL289:
 3709              	.L211:
1272:Drivers/Sensors/LPS22DF/lps22df_reg.c ****   {
1273:Drivers/Sensors/LPS22DF/lps22df_reg.c ****     return ret;
1274:Drivers/Sensors/LPS22DF/lps22df_reg.c ****   }
1275:Drivers/Sensors/LPS22DF/lps22df_reg.c **** 
1276:Drivers/Sensors/LPS22DF/lps22df_reg.c ****   bytecpy((uint8_t *)&interrupt_cfg, &reg[0]);
1277:Drivers/Sensors/LPS22DF/lps22df_reg.c ****   bytecpy((uint8_t *)&ths_p_l, &reg[1]);
1278:Drivers/Sensors/LPS22DF/lps22df_reg.c ****   bytecpy((uint8_t *)&ths_p_h, &reg[2]);
1279:Drivers/Sensors/LPS22DF/lps22df_reg.c **** 
1280:Drivers/Sensors/LPS22DF/lps22df_reg.c ****   val->over_th = interrupt_cfg.phe;
1281:Drivers/Sensors/LPS22DF/lps22df_reg.c ****   val->under_th = interrupt_cfg.ple;
1282:Drivers/Sensors/LPS22DF/lps22df_reg.c ****   val->threshold = (uint16_t)(ths_p_l.ths
1283:Drivers/Sensors/LPS22DF/lps22df_reg.c ****                               | ((uint16_t)ths_p_h.ths << 8));
1284:Drivers/Sensors/LPS22DF/lps22df_reg.c **** 
1285:Drivers/Sensors/LPS22DF/lps22df_reg.c ****   return ret;
1286:Drivers/Sensors/LPS22DF/lps22df_reg.c **** }
 3710              		.loc 1 1286 1 view .LVU1100
 3711 002a 2846     		mov	r0, r5
 3712 002c 05B0     		add	sp, sp, #20
 3713              	.LCFI105:
 3714              		.cfi_remember_state
 3715              		.cfi_def_cfa_offset 12
 3716              		@ sp needed
 3717 002e 30BD     		pop	{r4, r5, pc}
 3718              	.LVL290:
 3719              	.L214:
 3720              	.LCFI106:
 3721              		.cfi_restore_state
1276:Drivers/Sensors/LPS22DF/lps22df_reg.c ****   bytecpy((uint8_t *)&ths_p_l, &reg[1]);
 3722              		.loc 1 1276 3 is_stmt 1 view .LVU1101
 3723 0030 6946     		mov	r1, sp
 3724 0032 03A8     		add	r0, sp, #12
 3725              	.LVL291:
1276:Drivers/Sensors/LPS22DF/lps22df_reg.c ****   bytecpy((uint8_t *)&ths_p_l, &reg[1]);
 3726              		.loc 1 1276 3 is_stmt 0 view .LVU1102
ARM GAS  /tmp/ccy7DkP9.s 			page 98


 3727 0034 FFF7FEFF 		bl	bytecpy
 3728              	.LVL292:
1277:Drivers/Sensors/LPS22DF/lps22df_reg.c ****   bytecpy((uint8_t *)&ths_p_h, &reg[2]);
 3729              		.loc 1 1277 3 is_stmt 1 view .LVU1103
 3730 0038 0DF10101 		add	r1, sp, #1
 3731 003c 02A8     		add	r0, sp, #8
 3732 003e FFF7FEFF 		bl	bytecpy
 3733              	.LVL293:
1278:Drivers/Sensors/LPS22DF/lps22df_reg.c **** 
 3734              		.loc 1 1278 3 view .LVU1104
 3735 0042 0DF10201 		add	r1, sp, #2
 3736 0046 01A8     		add	r0, sp, #4
 3737 0048 FFF7FEFF 		bl	bytecpy
 3738              	.LVL294:
1280:Drivers/Sensors/LPS22DF/lps22df_reg.c ****   val->under_th = interrupt_cfg.ple;
 3739              		.loc 1 1280 3 view .LVU1105
1280:Drivers/Sensors/LPS22DF/lps22df_reg.c ****   val->under_th = interrupt_cfg.ple;
 3740              		.loc 1 1280 31 is_stmt 0 view .LVU1106
 3741 004c 9DF80C30 		ldrb	r3, [sp, #12]	@ zero_extendqisi2
1280:Drivers/Sensors/LPS22DF/lps22df_reg.c ****   val->under_th = interrupt_cfg.ple;
 3742              		.loc 1 1280 16 view .LVU1107
 3743 0050 A278     		ldrb	r2, [r4, #2]	@ zero_extendqisi2
 3744 0052 63F30002 		bfi	r2, r3, #0, #1
 3745 0056 A270     		strb	r2, [r4, #2]
1281:Drivers/Sensors/LPS22DF/lps22df_reg.c ****   val->threshold = (uint16_t)(ths_p_l.ths
 3746              		.loc 1 1281 3 is_stmt 1 view .LVU1108
1281:Drivers/Sensors/LPS22DF/lps22df_reg.c ****   val->threshold = (uint16_t)(ths_p_l.ths
 3747              		.loc 1 1281 32 is_stmt 0 view .LVU1109
 3748 0058 C3F34003 		ubfx	r3, r3, #1, #1
1281:Drivers/Sensors/LPS22DF/lps22df_reg.c ****   val->threshold = (uint16_t)(ths_p_l.ths
 3749              		.loc 1 1281 17 view .LVU1110
 3750 005c D2B2     		uxtb	r2, r2
 3751 005e 63F34102 		bfi	r2, r3, #1, #1
 3752 0062 A270     		strb	r2, [r4, #2]
1282:Drivers/Sensors/LPS22DF/lps22df_reg.c ****                               | ((uint16_t)ths_p_h.ths << 8));
 3753              		.loc 1 1282 3 is_stmt 1 view .LVU1111
1282:Drivers/Sensors/LPS22DF/lps22df_reg.c ****                               | ((uint16_t)ths_p_h.ths << 8));
 3754              		.loc 1 1282 38 is_stmt 0 view .LVU1112
 3755 0064 9DF80830 		ldrb	r3, [sp, #8]	@ zero_extendqisi2
1283:Drivers/Sensors/LPS22DF/lps22df_reg.c **** 
 3756              		.loc 1 1283 51 view .LVU1113
 3757 0068 9DF80420 		ldrb	r2, [sp, #4]	@ zero_extendqisi2
 3758 006c 02F07F02 		and	r2, r2, #127
1282:Drivers/Sensors/LPS22DF/lps22df_reg.c ****                               | ((uint16_t)ths_p_h.ths << 8));
 3759              		.loc 1 1282 20 view .LVU1114
 3760 0070 43EA0223 		orr	r3, r3, r2, lsl #8
1282:Drivers/Sensors/LPS22DF/lps22df_reg.c ****                               | ((uint16_t)ths_p_h.ths << 8));
 3761              		.loc 1 1282 18 view .LVU1115
 3762 0074 2380     		strh	r3, [r4]	@ movhi
1285:Drivers/Sensors/LPS22DF/lps22df_reg.c **** }
 3763              		.loc 1 1285 3 is_stmt 1 view .LVU1116
1285:Drivers/Sensors/LPS22DF/lps22df_reg.c **** }
 3764              		.loc 1 1285 10 is_stmt 0 view .LVU1117
 3765 0076 D8E7     		b	.L211
 3766              		.cfi_endproc
 3767              	.LFE32:
 3769              		.section	.text.lps22df_reference_mode_set,"ax",%progbits
ARM GAS  /tmp/ccy7DkP9.s 			page 99


 3770              		.align	1
 3771              		.global	lps22df_reference_mode_set
 3772              		.syntax unified
 3773              		.thumb
 3774              		.thumb_func
 3776              	lps22df_reference_mode_set:
 3777              	.LVL295:
 3778              	.LFB33:
1287:Drivers/Sensors/LPS22DF/lps22df_reg.c **** 
1288:Drivers/Sensors/LPS22DF/lps22df_reg.c **** /**
1289:Drivers/Sensors/LPS22DF/lps22df_reg.c ****   * @}
1290:Drivers/Sensors/LPS22DF/lps22df_reg.c ****   *
1291:Drivers/Sensors/LPS22DF/lps22df_reg.c ****   */
1292:Drivers/Sensors/LPS22DF/lps22df_reg.c **** 
1293:Drivers/Sensors/LPS22DF/lps22df_reg.c **** /**
1294:Drivers/Sensors/LPS22DF/lps22df_reg.c ****   * @defgroup     Reference value of pressure
1295:Drivers/Sensors/LPS22DF/lps22df_reg.c ****   * @brief        This section groups all the functions concerning
1296:Drivers/Sensors/LPS22DF/lps22df_reg.c ****   *               the wake up functionality.
1297:Drivers/Sensors/LPS22DF/lps22df_reg.c ****   * @{
1298:Drivers/Sensors/LPS22DF/lps22df_reg.c ****   *
1299:Drivers/Sensors/LPS22DF/lps22df_reg.c ****   */
1300:Drivers/Sensors/LPS22DF/lps22df_reg.c **** 
1301:Drivers/Sensors/LPS22DF/lps22df_reg.c **** /**
1302:Drivers/Sensors/LPS22DF/lps22df_reg.c ****   * @brief  Configuration of Wake-up and Wake-up to Sleep .[set]
1303:Drivers/Sensors/LPS22DF/lps22df_reg.c ****   *
1304:Drivers/Sensors/LPS22DF/lps22df_reg.c ****   * @param  ctx   communication interface handler.(ptr)
1305:Drivers/Sensors/LPS22DF/lps22df_reg.c ****   * @param  val   parameters of configuration.(ptr)
1306:Drivers/Sensors/LPS22DF/lps22df_reg.c ****   * @retval       interface status (MANDATORY: return 0 -> no Error)
1307:Drivers/Sensors/LPS22DF/lps22df_reg.c ****   *
1308:Drivers/Sensors/LPS22DF/lps22df_reg.c ****   */
1309:Drivers/Sensors/LPS22DF/lps22df_reg.c **** int32_t lps22df_reference_mode_set(const stmdev_ctx_t *ctx, lps22df_ref_md_t *val)
1310:Drivers/Sensors/LPS22DF/lps22df_reg.c **** {
 3779              		.loc 1 1310 1 is_stmt 1 view -0
 3780              		.cfi_startproc
 3781              		@ args = 0, pretend = 0, frame = 8
 3782              		@ frame_needed = 0, uses_anonymous_args = 0
 3783              		.loc 1 1310 1 is_stmt 0 view .LVU1119
 3784 0000 30B5     		push	{r4, r5, lr}
 3785              	.LCFI107:
 3786              		.cfi_def_cfa_offset 12
 3787              		.cfi_offset 4, -12
 3788              		.cfi_offset 5, -8
 3789              		.cfi_offset 14, -4
 3790 0002 83B0     		sub	sp, sp, #12
 3791              	.LCFI108:
 3792              		.cfi_def_cfa_offset 24
 3793 0004 0546     		mov	r5, r0
 3794 0006 0C46     		mov	r4, r1
1311:Drivers/Sensors/LPS22DF/lps22df_reg.c ****   lps22df_interrupt_cfg_t interrupt_cfg = {0};
 3795              		.loc 1 1311 3 is_stmt 1 view .LVU1120
 3796              		.loc 1 1311 27 is_stmt 0 view .LVU1121
 3797 0008 0023     		movs	r3, #0
 3798 000a 8DF80430 		strb	r3, [sp, #4]
1312:Drivers/Sensors/LPS22DF/lps22df_reg.c ****   int32_t ret = {0};
 3799              		.loc 1 1312 3 is_stmt 1 view .LVU1122
 3800              	.LVL296:
1313:Drivers/Sensors/LPS22DF/lps22df_reg.c **** 
ARM GAS  /tmp/ccy7DkP9.s 			page 100


1314:Drivers/Sensors/LPS22DF/lps22df_reg.c ****   ret = lps22df_read_reg(ctx, LPS22DF_INTERRUPT_CFG,
 3801              		.loc 1 1314 3 view .LVU1123
 3802              		.loc 1 1314 9 is_stmt 0 view .LVU1124
 3803 000e 0123     		movs	r3, #1
 3804 0010 01AA     		add	r2, sp, #4
 3805 0012 0B21     		movs	r1, #11
 3806              	.LVL297:
 3807              		.loc 1 1314 9 view .LVU1125
 3808 0014 FFF7FEFF 		bl	lps22df_read_reg
 3809              	.LVL298:
1315:Drivers/Sensors/LPS22DF/lps22df_reg.c ****                          (uint8_t *)&interrupt_cfg, 1);
1316:Drivers/Sensors/LPS22DF/lps22df_reg.c ****   if (ret == 0)
 3810              		.loc 1 1316 3 is_stmt 1 view .LVU1126
 3811              		.loc 1 1316 6 is_stmt 0 view .LVU1127
 3812 0018 08B1     		cbz	r0, .L218
 3813              	.LVL299:
 3814              	.L215:
1317:Drivers/Sensors/LPS22DF/lps22df_reg.c ****   {
1318:Drivers/Sensors/LPS22DF/lps22df_reg.c **** 
1319:Drivers/Sensors/LPS22DF/lps22df_reg.c ****     interrupt_cfg.autozero = val->get_ref;
1320:Drivers/Sensors/LPS22DF/lps22df_reg.c ****     interrupt_cfg.autorefp = (uint8_t)val->apply_ref & 0x01U;
1321:Drivers/Sensors/LPS22DF/lps22df_reg.c **** 
1322:Drivers/Sensors/LPS22DF/lps22df_reg.c ****     interrupt_cfg.reset_az  = ((uint8_t)val->apply_ref & 0x02U) >> 1;
1323:Drivers/Sensors/LPS22DF/lps22df_reg.c ****     interrupt_cfg.reset_arp = ((uint8_t)val->apply_ref & 0x02U) >> 1;
1324:Drivers/Sensors/LPS22DF/lps22df_reg.c **** 
1325:Drivers/Sensors/LPS22DF/lps22df_reg.c ****     ret = lps22df_write_reg(ctx, LPS22DF_INTERRUPT_CFG,
1326:Drivers/Sensors/LPS22DF/lps22df_reg.c ****                             (uint8_t *)&interrupt_cfg, 1);
1327:Drivers/Sensors/LPS22DF/lps22df_reg.c ****   }
1328:Drivers/Sensors/LPS22DF/lps22df_reg.c ****   return ret;
1329:Drivers/Sensors/LPS22DF/lps22df_reg.c **** }
 3815              		.loc 1 1329 1 view .LVU1128
 3816 001a 03B0     		add	sp, sp, #12
 3817              	.LCFI109:
 3818              		.cfi_remember_state
 3819              		.cfi_def_cfa_offset 12
 3820              		@ sp needed
 3821 001c 30BD     		pop	{r4, r5, pc}
 3822              	.LVL300:
 3823              	.L218:
 3824              	.LCFI110:
 3825              		.cfi_restore_state
1319:Drivers/Sensors/LPS22DF/lps22df_reg.c ****     interrupt_cfg.autorefp = (uint8_t)val->apply_ref & 0x01U;
 3826              		.loc 1 1319 5 is_stmt 1 view .LVU1129
1319:Drivers/Sensors/LPS22DF/lps22df_reg.c ****     interrupt_cfg.autorefp = (uint8_t)val->apply_ref & 0x01U;
 3827              		.loc 1 1319 33 is_stmt 0 view .LVU1130
 3828 001e 6278     		ldrb	r2, [r4, #1]	@ zero_extendqisi2
1319:Drivers/Sensors/LPS22DF/lps22df_reg.c ****     interrupt_cfg.autorefp = (uint8_t)val->apply_ref & 0x01U;
 3829              		.loc 1 1319 28 view .LVU1131
 3830 0020 9DF80430 		ldrb	r3, [sp, #4]	@ zero_extendqisi2
 3831 0024 62F34513 		bfi	r3, r2, #5, #1
 3832 0028 8DF80430 		strb	r3, [sp, #4]
1320:Drivers/Sensors/LPS22DF/lps22df_reg.c **** 
 3833              		.loc 1 1320 5 is_stmt 1 view .LVU1132
1320:Drivers/Sensors/LPS22DF/lps22df_reg.c **** 
 3834              		.loc 1 1320 42 is_stmt 0 view .LVU1133
 3835 002c 2378     		ldrb	r3, [r4]	@ zero_extendqisi2
1320:Drivers/Sensors/LPS22DF/lps22df_reg.c **** 
ARM GAS  /tmp/ccy7DkP9.s 			page 101


 3836              		.loc 1 1320 28 view .LVU1134
 3837 002e 9DF80420 		ldrb	r2, [sp, #4]	@ zero_extendqisi2
 3838 0032 63F3C712 		bfi	r2, r3, #7, #1
 3839 0036 8DF80420 		strb	r2, [sp, #4]
1322:Drivers/Sensors/LPS22DF/lps22df_reg.c ****     interrupt_cfg.reset_arp = ((uint8_t)val->apply_ref & 0x02U) >> 1;
 3840              		.loc 1 1322 5 is_stmt 1 view .LVU1135
1322:Drivers/Sensors/LPS22DF/lps22df_reg.c ****     interrupt_cfg.reset_arp = ((uint8_t)val->apply_ref & 0x02U) >> 1;
 3841              		.loc 1 1322 65 is_stmt 0 view .LVU1136
 3842 003a C3F34003 		ubfx	r3, r3, #1, #1
1322:Drivers/Sensors/LPS22DF/lps22df_reg.c ****     interrupt_cfg.reset_arp = ((uint8_t)val->apply_ref & 0x02U) >> 1;
 3843              		.loc 1 1322 29 view .LVU1137
 3844 003e D2B2     		uxtb	r2, r2
 3845 0040 63F30412 		bfi	r2, r3, #4, #1
 3846 0044 8DF80420 		strb	r2, [sp, #4]
1323:Drivers/Sensors/LPS22DF/lps22df_reg.c **** 
 3847              		.loc 1 1323 5 is_stmt 1 view .LVU1138
1323:Drivers/Sensors/LPS22DF/lps22df_reg.c **** 
 3848              		.loc 1 1323 29 is_stmt 0 view .LVU1139
 3849 0048 D2B2     		uxtb	r2, r2
 3850 004a 63F38612 		bfi	r2, r3, #6, #1
 3851 004e 8DF80420 		strb	r2, [sp, #4]
1325:Drivers/Sensors/LPS22DF/lps22df_reg.c ****                             (uint8_t *)&interrupt_cfg, 1);
 3852              		.loc 1 1325 5 is_stmt 1 view .LVU1140
1325:Drivers/Sensors/LPS22DF/lps22df_reg.c ****                             (uint8_t *)&interrupt_cfg, 1);
 3853              		.loc 1 1325 11 is_stmt 0 view .LVU1141
 3854 0052 0123     		movs	r3, #1
 3855              	.LVL301:
1325:Drivers/Sensors/LPS22DF/lps22df_reg.c ****                             (uint8_t *)&interrupt_cfg, 1);
 3856              		.loc 1 1325 11 view .LVU1142
 3857 0054 01AA     		add	r2, sp, #4
 3858 0056 0B21     		movs	r1, #11
 3859 0058 2846     		mov	r0, r5
 3860 005a FFF7FEFF 		bl	lps22df_write_reg
 3861              	.LVL302:
1328:Drivers/Sensors/LPS22DF/lps22df_reg.c **** }
 3862              		.loc 1 1328 3 is_stmt 1 view .LVU1143
1328:Drivers/Sensors/LPS22DF/lps22df_reg.c **** }
 3863              		.loc 1 1328 10 is_stmt 0 view .LVU1144
 3864 005e DCE7     		b	.L215
 3865              		.cfi_endproc
 3866              	.LFE33:
 3868              		.section	.text.lps22df_reference_mode_get,"ax",%progbits
 3869              		.align	1
 3870              		.global	lps22df_reference_mode_get
 3871              		.syntax unified
 3872              		.thumb
 3873              		.thumb_func
 3875              	lps22df_reference_mode_get:
 3876              	.LVL303:
 3877              	.LFB34:
1330:Drivers/Sensors/LPS22DF/lps22df_reg.c **** 
1331:Drivers/Sensors/LPS22DF/lps22df_reg.c **** /**
1332:Drivers/Sensors/LPS22DF/lps22df_reg.c ****   * @brief  Configuration of Wake-up and Wake-up to Sleep .[set]
1333:Drivers/Sensors/LPS22DF/lps22df_reg.c ****   *
1334:Drivers/Sensors/LPS22DF/lps22df_reg.c ****   * @param  ctx   communication interface handler.(ptr)
1335:Drivers/Sensors/LPS22DF/lps22df_reg.c ****   * @param  val   parameters of configuration.(ptr)
1336:Drivers/Sensors/LPS22DF/lps22df_reg.c ****   * @retval       interface status (MANDATORY: return 0 -> no Error)
ARM GAS  /tmp/ccy7DkP9.s 			page 102


1337:Drivers/Sensors/LPS22DF/lps22df_reg.c ****   *
1338:Drivers/Sensors/LPS22DF/lps22df_reg.c ****   */
1339:Drivers/Sensors/LPS22DF/lps22df_reg.c **** int32_t lps22df_reference_mode_get(const stmdev_ctx_t *ctx, lps22df_ref_md_t *val)
1340:Drivers/Sensors/LPS22DF/lps22df_reg.c **** {
 3878              		.loc 1 1340 1 is_stmt 1 view -0
 3879              		.cfi_startproc
 3880              		@ args = 0, pretend = 0, frame = 8
 3881              		@ frame_needed = 0, uses_anonymous_args = 0
 3882              		.loc 1 1340 1 is_stmt 0 view .LVU1146
 3883 0000 10B5     		push	{r4, lr}
 3884              	.LCFI111:
 3885              		.cfi_def_cfa_offset 8
 3886              		.cfi_offset 4, -8
 3887              		.cfi_offset 14, -4
 3888 0002 82B0     		sub	sp, sp, #8
 3889              	.LCFI112:
 3890              		.cfi_def_cfa_offset 16
 3891 0004 0C46     		mov	r4, r1
1341:Drivers/Sensors/LPS22DF/lps22df_reg.c ****   lps22df_interrupt_cfg_t interrupt_cfg = {0};
 3892              		.loc 1 1341 3 is_stmt 1 view .LVU1147
 3893              		.loc 1 1341 27 is_stmt 0 view .LVU1148
 3894 0006 0023     		movs	r3, #0
 3895 0008 8DF80430 		strb	r3, [sp, #4]
1342:Drivers/Sensors/LPS22DF/lps22df_reg.c ****   int32_t ret = {0};
 3896              		.loc 1 1342 3 is_stmt 1 view .LVU1149
 3897              	.LVL304:
1343:Drivers/Sensors/LPS22DF/lps22df_reg.c **** 
1344:Drivers/Sensors/LPS22DF/lps22df_reg.c ****   ret = lps22df_read_reg(ctx, LPS22DF_INTERRUPT_CFG,
 3898              		.loc 1 1344 3 view .LVU1150
 3899              		.loc 1 1344 9 is_stmt 0 view .LVU1151
 3900 000c 0123     		movs	r3, #1
 3901 000e 01AA     		add	r2, sp, #4
 3902 0010 0B21     		movs	r1, #11
 3903              	.LVL305:
 3904              		.loc 1 1344 9 view .LVU1152
 3905 0012 FFF7FEFF 		bl	lps22df_read_reg
 3906              	.LVL306:
1345:Drivers/Sensors/LPS22DF/lps22df_reg.c ****                          (uint8_t *)&interrupt_cfg, 1);
1346:Drivers/Sensors/LPS22DF/lps22df_reg.c ****   if (ret != 0)
 3907              		.loc 1 1346 3 is_stmt 1 view .LVU1153
 3908              		.loc 1 1346 6 is_stmt 0 view .LVU1154
 3909 0016 B0B9     		cbnz	r0, .L219
1347:Drivers/Sensors/LPS22DF/lps22df_reg.c ****   {
1348:Drivers/Sensors/LPS22DF/lps22df_reg.c ****     return ret;
1349:Drivers/Sensors/LPS22DF/lps22df_reg.c ****   }
1350:Drivers/Sensors/LPS22DF/lps22df_reg.c **** 
1351:Drivers/Sensors/LPS22DF/lps22df_reg.c ****   switch ((interrupt_cfg.reset_az << 1) |
 3910              		.loc 1 1351 3 is_stmt 1 view .LVU1155
 3911              		.loc 1 1351 25 is_stmt 0 view .LVU1156
 3912 0018 9DF80430 		ldrb	r3, [sp, #4]	@ zero_extendqisi2
 3913 001c C3F30012 		ubfx	r2, r3, #4, #1
1352:Drivers/Sensors/LPS22DF/lps22df_reg.c ****           interrupt_cfg.autorefp)
 3914              		.loc 1 1352 24 view .LVU1157
 3915 0020 DB09     		lsrs	r3, r3, #7
1351:Drivers/Sensors/LPS22DF/lps22df_reg.c ****           interrupt_cfg.autorefp)
 3916              		.loc 1 1351 3 view .LVU1158
 3917 0022 53EA4203 		orrs	r3, r3, r2, lsl #1
ARM GAS  /tmp/ccy7DkP9.s 			page 103


 3918 0026 04D0     		beq	.L221
 3919 0028 012B     		cmp	r3, #1
 3920 002a 0ED0     		beq	.L222
1353:Drivers/Sensors/LPS22DF/lps22df_reg.c ****   {
1354:Drivers/Sensors/LPS22DF/lps22df_reg.c ****     case 0x00:
1355:Drivers/Sensors/LPS22DF/lps22df_reg.c ****       val->apply_ref = LPS22DF_OUT_AND_INTERRUPT;
1356:Drivers/Sensors/LPS22DF/lps22df_reg.c ****       break;
1357:Drivers/Sensors/LPS22DF/lps22df_reg.c ****     case 0x01:
1358:Drivers/Sensors/LPS22DF/lps22df_reg.c ****       val->apply_ref = LPS22DF_ONLY_INTERRUPT;
1359:Drivers/Sensors/LPS22DF/lps22df_reg.c ****       break;
1360:Drivers/Sensors/LPS22DF/lps22df_reg.c **** 
1361:Drivers/Sensors/LPS22DF/lps22df_reg.c ****     // mainly for 0x02 value
1362:Drivers/Sensors/LPS22DF/lps22df_reg.c ****     default:
1363:Drivers/Sensors/LPS22DF/lps22df_reg.c ****       val->apply_ref = LPS22DF_RST_REFS;
 3921              		.loc 1 1363 7 is_stmt 1 view .LVU1159
 3922              		.loc 1 1363 22 is_stmt 0 view .LVU1160
 3923 002c 0223     		movs	r3, #2
 3924 002e 2370     		strb	r3, [r4]
1364:Drivers/Sensors/LPS22DF/lps22df_reg.c ****       break;
 3925              		.loc 1 1364 7 is_stmt 1 view .LVU1161
 3926 0030 01E0     		b	.L224
 3927              	.L221:
1355:Drivers/Sensors/LPS22DF/lps22df_reg.c ****       break;
 3928              		.loc 1 1355 7 view .LVU1162
1355:Drivers/Sensors/LPS22DF/lps22df_reg.c ****       break;
 3929              		.loc 1 1355 22 is_stmt 0 view .LVU1163
 3930 0032 0023     		movs	r3, #0
 3931 0034 2370     		strb	r3, [r4]
1356:Drivers/Sensors/LPS22DF/lps22df_reg.c ****     case 0x01:
 3932              		.loc 1 1356 7 is_stmt 1 view .LVU1164
 3933              	.L224:
1365:Drivers/Sensors/LPS22DF/lps22df_reg.c ****   }
1366:Drivers/Sensors/LPS22DF/lps22df_reg.c ****   val->get_ref = interrupt_cfg.autozero;
 3934              		.loc 1 1366 3 view .LVU1165
 3935              		.loc 1 1366 31 is_stmt 0 view .LVU1166
 3936 0036 9DF80430 		ldrb	r3, [sp, #4]	@ zero_extendqisi2
 3937 003a C3F34013 		ubfx	r3, r3, #5, #1
 3938              		.loc 1 1366 16 view .LVU1167
 3939 003e 6278     		ldrb	r2, [r4, #1]	@ zero_extendqisi2
 3940 0040 63F30002 		bfi	r2, r3, #0, #1
 3941 0044 6270     		strb	r2, [r4, #1]
1367:Drivers/Sensors/LPS22DF/lps22df_reg.c **** 
1368:Drivers/Sensors/LPS22DF/lps22df_reg.c ****   return ret;
 3942              		.loc 1 1368 3 is_stmt 1 view .LVU1168
 3943              	.L219:
1369:Drivers/Sensors/LPS22DF/lps22df_reg.c **** }
 3944              		.loc 1 1369 1 is_stmt 0 view .LVU1169
 3945 0046 02B0     		add	sp, sp, #8
 3946              	.LCFI113:
 3947              		.cfi_remember_state
 3948              		.cfi_def_cfa_offset 8
 3949              		@ sp needed
 3950 0048 10BD     		pop	{r4, pc}
 3951              	.LVL307:
 3952              	.L222:
 3953              	.LCFI114:
 3954              		.cfi_restore_state
ARM GAS  /tmp/ccy7DkP9.s 			page 104


1358:Drivers/Sensors/LPS22DF/lps22df_reg.c ****       break;
 3955              		.loc 1 1358 7 is_stmt 1 view .LVU1170
1358:Drivers/Sensors/LPS22DF/lps22df_reg.c ****       break;
 3956              		.loc 1 1358 22 is_stmt 0 view .LVU1171
 3957 004a 0123     		movs	r3, #1
 3958              	.LVL308:
1358:Drivers/Sensors/LPS22DF/lps22df_reg.c ****       break;
 3959              		.loc 1 1358 22 view .LVU1172
 3960 004c 2370     		strb	r3, [r4]
1359:Drivers/Sensors/LPS22DF/lps22df_reg.c **** 
 3961              		.loc 1 1359 7 is_stmt 1 view .LVU1173
 3962 004e F2E7     		b	.L224
 3963              		.cfi_endproc
 3964              	.LFE34:
 3966              		.section	.text.lps22df_opc_set,"ax",%progbits
 3967              		.align	1
 3968              		.global	lps22df_opc_set
 3969              		.syntax unified
 3970              		.thumb
 3971              		.thumb_func
 3973              	lps22df_opc_set:
 3974              	.LVL309:
 3975              	.LFB35:
1370:Drivers/Sensors/LPS22DF/lps22df_reg.c **** 
1371:Drivers/Sensors/LPS22DF/lps22df_reg.c **** 
1372:Drivers/Sensors/LPS22DF/lps22df_reg.c **** /**
1373:Drivers/Sensors/LPS22DF/lps22df_reg.c ****   * @brief  Configuration of Wake-up and Wake-up to Sleep .[set]
1374:Drivers/Sensors/LPS22DF/lps22df_reg.c ****   *
1375:Drivers/Sensors/LPS22DF/lps22df_reg.c ****   * @param  ctx   communication interface handler.(ptr)
1376:Drivers/Sensors/LPS22DF/lps22df_reg.c ****   * @param  val   parameters of configuration.(ptr)
1377:Drivers/Sensors/LPS22DF/lps22df_reg.c ****   * @retval       interface status (MANDATORY: return 0 -> no Error)
1378:Drivers/Sensors/LPS22DF/lps22df_reg.c ****   *
1379:Drivers/Sensors/LPS22DF/lps22df_reg.c ****   */
1380:Drivers/Sensors/LPS22DF/lps22df_reg.c **** int32_t lps22df_opc_set(const stmdev_ctx_t *ctx, int16_t val)
1381:Drivers/Sensors/LPS22DF/lps22df_reg.c **** {
 3976              		.loc 1 1381 1 view -0
 3977              		.cfi_startproc
 3978              		@ args = 0, pretend = 0, frame = 8
 3979              		@ frame_needed = 0, uses_anonymous_args = 0
 3980              		.loc 1 1381 1 is_stmt 0 view .LVU1175
 3981 0000 00B5     		push	{lr}
 3982              	.LCFI115:
 3983              		.cfi_def_cfa_offset 4
 3984              		.cfi_offset 14, -4
 3985 0002 83B0     		sub	sp, sp, #12
 3986              	.LCFI116:
 3987              		.cfi_def_cfa_offset 16
1382:Drivers/Sensors/LPS22DF/lps22df_reg.c ****   uint8_t reg[2] = {0};
 3988              		.loc 1 1382 3 is_stmt 1 view .LVU1176
 3989              		.loc 1 1382 11 is_stmt 0 view .LVU1177
 3990 0004 0023     		movs	r3, #0
 3991 0006 ADF80430 		strh	r3, [sp, #4]	@ movhi
1383:Drivers/Sensors/LPS22DF/lps22df_reg.c ****   int32_t ret = {0};
 3992              		.loc 1 1383 3 is_stmt 1 view .LVU1178
 3993              	.LVL310:
1384:Drivers/Sensors/LPS22DF/lps22df_reg.c **** 
1385:Drivers/Sensors/LPS22DF/lps22df_reg.c ****   reg[1] = (uint8_t)(((uint16_t)val & 0xFF00U) / 256U);
ARM GAS  /tmp/ccy7DkP9.s 			page 105


 3994              		.loc 1 1385 3 view .LVU1179
 3995              		.loc 1 1385 12 is_stmt 0 view .LVU1180
 3996 000a C1F30723 		ubfx	r3, r1, #8, #8
 3997              		.loc 1 1385 10 view .LVU1181
 3998 000e 8DF80530 		strb	r3, [sp, #5]
1386:Drivers/Sensors/LPS22DF/lps22df_reg.c ****   reg[0] = (uint8_t)((uint16_t)val & 0x00FFU);
 3999              		.loc 1 1386 3 is_stmt 1 view .LVU1182
 4000              		.loc 1 1386 10 is_stmt 0 view .LVU1183
 4001 0012 8DF80410 		strb	r1, [sp, #4]
1387:Drivers/Sensors/LPS22DF/lps22df_reg.c **** 
1388:Drivers/Sensors/LPS22DF/lps22df_reg.c ****   ret = lps22df_write_reg(ctx, LPS22DF_RPDS_L, reg, 2);
 4002              		.loc 1 1388 3 is_stmt 1 view .LVU1184
 4003              		.loc 1 1388 9 is_stmt 0 view .LVU1185
 4004 0016 0223     		movs	r3, #2
 4005 0018 01AA     		add	r2, sp, #4
 4006 001a 1A21     		movs	r1, #26
 4007              	.LVL311:
 4008              		.loc 1 1388 9 view .LVU1186
 4009 001c FFF7FEFF 		bl	lps22df_write_reg
 4010              	.LVL312:
1389:Drivers/Sensors/LPS22DF/lps22df_reg.c **** 
1390:Drivers/Sensors/LPS22DF/lps22df_reg.c ****   return ret;
 4011              		.loc 1 1390 3 is_stmt 1 view .LVU1187
1391:Drivers/Sensors/LPS22DF/lps22df_reg.c **** }
 4012              		.loc 1 1391 1 is_stmt 0 view .LVU1188
 4013 0020 03B0     		add	sp, sp, #12
 4014              	.LCFI117:
 4015              		.cfi_def_cfa_offset 4
 4016              		@ sp needed
 4017 0022 5DF804FB 		ldr	pc, [sp], #4
 4018              		.cfi_endproc
 4019              	.LFE35:
 4021              		.section	.text.lps22df_opc_get,"ax",%progbits
 4022              		.align	1
 4023              		.global	lps22df_opc_get
 4024              		.syntax unified
 4025              		.thumb
 4026              		.thumb_func
 4028              	lps22df_opc_get:
 4029              	.LVL313:
 4030              	.LFB36:
1392:Drivers/Sensors/LPS22DF/lps22df_reg.c **** 
1393:Drivers/Sensors/LPS22DF/lps22df_reg.c **** /**
1394:Drivers/Sensors/LPS22DF/lps22df_reg.c ****   * @brief  Configuration of Wake-up and Wake-up to Sleep .[set]
1395:Drivers/Sensors/LPS22DF/lps22df_reg.c ****   *
1396:Drivers/Sensors/LPS22DF/lps22df_reg.c ****   * @param  ctx   communication interface handler.(ptr)
1397:Drivers/Sensors/LPS22DF/lps22df_reg.c ****   * @param  val   parameters of configuration.(ptr)
1398:Drivers/Sensors/LPS22DF/lps22df_reg.c ****   * @retval       interface status (MANDATORY: return 0 -> no Error)
1399:Drivers/Sensors/LPS22DF/lps22df_reg.c ****   *
1400:Drivers/Sensors/LPS22DF/lps22df_reg.c ****   */
1401:Drivers/Sensors/LPS22DF/lps22df_reg.c **** int32_t lps22df_opc_get(const stmdev_ctx_t *ctx, int16_t *val)
1402:Drivers/Sensors/LPS22DF/lps22df_reg.c **** {
 4031              		.loc 1 1402 1 is_stmt 1 view -0
 4032              		.cfi_startproc
 4033              		@ args = 0, pretend = 0, frame = 8
 4034              		@ frame_needed = 0, uses_anonymous_args = 0
 4035              		.loc 1 1402 1 is_stmt 0 view .LVU1190
ARM GAS  /tmp/ccy7DkP9.s 			page 106


 4036 0000 10B5     		push	{r4, lr}
 4037              	.LCFI118:
 4038              		.cfi_def_cfa_offset 8
 4039              		.cfi_offset 4, -8
 4040              		.cfi_offset 14, -4
 4041 0002 82B0     		sub	sp, sp, #8
 4042              	.LCFI119:
 4043              		.cfi_def_cfa_offset 16
 4044 0004 0C46     		mov	r4, r1
1403:Drivers/Sensors/LPS22DF/lps22df_reg.c ****   uint8_t reg[2] = {0};
 4045              		.loc 1 1403 3 is_stmt 1 view .LVU1191
 4046              		.loc 1 1403 11 is_stmt 0 view .LVU1192
 4047 0006 0023     		movs	r3, #0
 4048 0008 ADF80430 		strh	r3, [sp, #4]	@ movhi
1404:Drivers/Sensors/LPS22DF/lps22df_reg.c ****   int32_t ret = {0};
 4049              		.loc 1 1404 3 is_stmt 1 view .LVU1193
 4050              	.LVL314:
1405:Drivers/Sensors/LPS22DF/lps22df_reg.c **** 
1406:Drivers/Sensors/LPS22DF/lps22df_reg.c ****   ret = lps22df_read_reg(ctx, LPS22DF_RPDS_L, reg, 2);
 4051              		.loc 1 1406 3 view .LVU1194
 4052              		.loc 1 1406 9 is_stmt 0 view .LVU1195
 4053 000c 0223     		movs	r3, #2
 4054 000e 01AA     		add	r2, sp, #4
 4055 0010 1A21     		movs	r1, #26
 4056              	.LVL315:
 4057              		.loc 1 1406 9 view .LVU1196
 4058 0012 FFF7FEFF 		bl	lps22df_read_reg
 4059              	.LVL316:
1407:Drivers/Sensors/LPS22DF/lps22df_reg.c ****   if (ret != 0)
 4060              		.loc 1 1407 3 is_stmt 1 view .LVU1197
 4061              		.loc 1 1407 6 is_stmt 0 view .LVU1198
 4062 0016 30B9     		cbnz	r0, .L229
1408:Drivers/Sensors/LPS22DF/lps22df_reg.c ****   {
1409:Drivers/Sensors/LPS22DF/lps22df_reg.c ****     return ret;
1410:Drivers/Sensors/LPS22DF/lps22df_reg.c ****   }
1411:Drivers/Sensors/LPS22DF/lps22df_reg.c **** 
1412:Drivers/Sensors/LPS22DF/lps22df_reg.c ****   *val = (int16_t)(reg[0] | ((uint16_t)reg[1] << 8));
 4063              		.loc 1 1412 3 is_stmt 1 view .LVU1199
 4064              		.loc 1 1412 23 is_stmt 0 view .LVU1200
 4065 0018 9DF80430 		ldrb	r3, [sp, #4]	@ zero_extendqisi2
 4066              		.loc 1 1412 43 view .LVU1201
 4067 001c 9DF80520 		ldrb	r2, [sp, #5]	@ zero_extendqisi2
 4068              		.loc 1 1412 10 view .LVU1202
 4069 0020 43EA0223 		orr	r3, r3, r2, lsl #8
 4070              		.loc 1 1412 8 view .LVU1203
 4071 0024 2380     		strh	r3, [r4]	@ movhi
1413:Drivers/Sensors/LPS22DF/lps22df_reg.c **** 
1414:Drivers/Sensors/LPS22DF/lps22df_reg.c ****   return ret;
 4072              		.loc 1 1414 3 is_stmt 1 view .LVU1204
 4073              	.L229:
1415:Drivers/Sensors/LPS22DF/lps22df_reg.c **** }
 4074              		.loc 1 1415 1 is_stmt 0 view .LVU1205
 4075 0026 02B0     		add	sp, sp, #8
 4076              	.LCFI120:
 4077              		.cfi_def_cfa_offset 8
 4078              		@ sp needed
 4079 0028 10BD     		pop	{r4, pc}
ARM GAS  /tmp/ccy7DkP9.s 			page 107


 4080              		.loc 1 1415 1 view .LVU1206
 4081              		.cfi_endproc
 4082              	.LFE36:
 4084              		.text
 4085              	.Letext0:
 4086              		.file 2 "/opt/st/stm32cubeclt_1.20.0/GNU-tools-for-STM32/arm-none-eabi/include/machine/_default_ty
 4087              		.file 3 "/opt/st/stm32cubeclt_1.20.0/GNU-tools-for-STM32/arm-none-eabi/include/sys/_stdint.h"
 4088              		.file 4 "/opt/st/stm32cubeclt_1.20.0/GNU-tools-for-STM32/arm-none-eabi/include/math.h"
 4089              		.file 5 "Drivers/Sensors/LPS22DF/lps22df_reg.h"
ARM GAS  /tmp/ccy7DkP9.s 			page 108


DEFINED SYMBOLS
                            *ABS*:00000000 lps22df_reg.c
     /tmp/ccy7DkP9.s:22     .text.bytecpy:00000000 $t
     /tmp/ccy7DkP9.s:27     .text.bytecpy:00000000 bytecpy
     /tmp/ccy7DkP9.s:52     .text.lps22df_read_reg:00000000 $t
     /tmp/ccy7DkP9.s:58     .text.lps22df_read_reg:00000000 lps22df_read_reg
     /tmp/ccy7DkP9.s:102    .text.lps22df_write_reg:00000000 $t
     /tmp/ccy7DkP9.s:108    .text.lps22df_write_reg:00000000 lps22df_write_reg
     /tmp/ccy7DkP9.s:152    .text.lps22df_from_lsb_to_hPa:00000000 $t
     /tmp/ccy7DkP9.s:158    .text.lps22df_from_lsb_to_hPa:00000000 lps22df_from_lsb_to_hPa
     /tmp/ccy7DkP9.s:178    .text.lps22df_from_lsb_to_hPa:00000014 $d
     /tmp/ccy7DkP9.s:183    .text.lps22df_from_lsb_to_celsius:00000000 $t
     /tmp/ccy7DkP9.s:189    .text.lps22df_from_lsb_to_celsius:00000000 lps22df_from_lsb_to_celsius
     /tmp/ccy7DkP9.s:209    .text.lps22df_from_lsb_to_celsius:00000014 $d
     /tmp/ccy7DkP9.s:214    .text.lps22df_id_get:00000000 $t
     /tmp/ccy7DkP9.s:220    .text.lps22df_id_get:00000000 lps22df_id_get
     /tmp/ccy7DkP9.s:268    .text.lps22df_bus_mode_set:00000000 $t
     /tmp/ccy7DkP9.s:274    .text.lps22df_bus_mode_set:00000000 lps22df_bus_mode_set
     /tmp/ccy7DkP9.s:418    .text.lps22df_bus_mode_get:00000000 $t
     /tmp/ccy7DkP9.s:424    .text.lps22df_bus_mode_get:00000000 lps22df_bus_mode_get
     /tmp/ccy7DkP9.s:510    .text.lps22df_bus_mode_get:00000050 $d
     /tmp/ccy7DkP9.s:581    .text.lps22df_bus_mode_get:0000009c $d
     /tmp/ccy7DkP9.s:585    .text.lps22df_bus_mode_get:000000a0 $t
     /tmp/ccy7DkP9.s:634    .text.lps22df_status_get:00000000 $t
     /tmp/ccy7DkP9.s:640    .text.lps22df_status_get:00000000 lps22df_status_get
     /tmp/ccy7DkP9.s:822    .text.lps22df_init_set:00000000 $t
     /tmp/ccy7DkP9.s:828    .text.lps22df_init_set:00000000 lps22df_init_set
     /tmp/ccy7DkP9.s:1143   .text.lps22df_pin_conf_set:00000000 $t
     /tmp/ccy7DkP9.s:1149   .text.lps22df_pin_conf_set:00000000 lps22df_pin_conf_set
     /tmp/ccy7DkP9.s:1301   .text.lps22df_pin_conf_get:00000000 $t
     /tmp/ccy7DkP9.s:1307   .text.lps22df_pin_conf_get:00000000 lps22df_pin_conf_get
     /tmp/ccy7DkP9.s:1424   .text.lps22df_all_sources_get:00000000 $t
     /tmp/ccy7DkP9.s:1430   .text.lps22df_all_sources_get:00000000 lps22df_all_sources_get
     /tmp/ccy7DkP9.s:1583   .text.lps22df_mode_set:00000000 $t
     /tmp/ccy7DkP9.s:1589   .text.lps22df_mode_set:00000000 lps22df_mode_set
     /tmp/ccy7DkP9.s:1708   .text.lps22df_mode_get:00000000 $t
     /tmp/ccy7DkP9.s:1714   .text.lps22df_mode_get:00000000 lps22df_mode_get
     /tmp/ccy7DkP9.s:1792   .text.lps22df_mode_get:0000004a $d
     /tmp/ccy7DkP9.s:1818   .text.lps22df_mode_get:00000068 $d
     /tmp/ccy7DkP9.s:1826   .text.lps22df_mode_get:00000070 $t
     /tmp/ccy7DkP9.s:1999   .text.lps22df_trigger_sw:00000000 $t
     /tmp/ccy7DkP9.s:2005   .text.lps22df_trigger_sw:00000000 lps22df_trigger_sw
     /tmp/ccy7DkP9.s:2084   .text.lps22df_data_get:00000000 $t
     /tmp/ccy7DkP9.s:2090   .text.lps22df_data_get:00000000 lps22df_data_get
     /tmp/ccy7DkP9.s:2189   .text.lps22df_pressure_raw_get:00000000 $t
     /tmp/ccy7DkP9.s:2195   .text.lps22df_pressure_raw_get:00000000 lps22df_pressure_raw_get
     /tmp/ccy7DkP9.s:2267   .text.lps22df_temperature_raw_get:00000000 $t
     /tmp/ccy7DkP9.s:2273   .text.lps22df_temperature_raw_get:00000000 lps22df_temperature_raw_get
     /tmp/ccy7DkP9.s:2330   .text.lps22df_fifo_mode_set:00000000 $t
     /tmp/ccy7DkP9.s:2336   .text.lps22df_fifo_mode_set:00000000 lps22df_fifo_mode_set
     /tmp/ccy7DkP9.s:2415   .text.lps22df_fifo_mode_get:00000000 $t
     /tmp/ccy7DkP9.s:2421   .text.lps22df_fifo_mode_get:00000000 lps22df_fifo_mode_get
     /tmp/ccy7DkP9.s:2470   .text.lps22df_fifo_mode_get:0000002e $d
     /tmp/ccy7DkP9.s:2478   .text.lps22df_fifo_mode_get:00000036 $t
     /tmp/ccy7DkP9.s:2545   .text.lps22df_fifo_watermark_set:00000000 $t
     /tmp/ccy7DkP9.s:2551   .text.lps22df_fifo_watermark_set:00000000 lps22df_fifo_watermark_set
     /tmp/ccy7DkP9.s:2635   .text.lps22df_fifo_watermark_get:00000000 $t
ARM GAS  /tmp/ccy7DkP9.s 			page 109


     /tmp/ccy7DkP9.s:2641   .text.lps22df_fifo_watermark_get:00000000 lps22df_fifo_watermark_get
     /tmp/ccy7DkP9.s:2695   .text.lps22df_fifo_stop_on_wtm_set:00000000 $t
     /tmp/ccy7DkP9.s:2701   .text.lps22df_fifo_stop_on_wtm_set:00000000 lps22df_fifo_stop_on_wtm_set
     /tmp/ccy7DkP9.s:2776   .text.lps22df_fifo_stop_on_wtm_get:00000000 $t
     /tmp/ccy7DkP9.s:2782   .text.lps22df_fifo_stop_on_wtm_get:00000000 lps22df_fifo_stop_on_wtm_get
     /tmp/ccy7DkP9.s:2839   .text.lps22df_fifo_level_get:00000000 $t
     /tmp/ccy7DkP9.s:2845   .text.lps22df_fifo_level_get:00000000 lps22df_fifo_level_get
     /tmp/ccy7DkP9.s:2898   .text.lps22df_fifo_data_get:00000000 $t
     /tmp/ccy7DkP9.s:2904   .text.lps22df_fifo_data_get:00000000 lps22df_fifo_data_get
     /tmp/ccy7DkP9.s:3013   .text.lps22df_interrupt_mode_set:00000000 $t
     /tmp/ccy7DkP9.s:3019   .text.lps22df_interrupt_mode_set:00000000 lps22df_interrupt_mode_set
     /tmp/ccy7DkP9.s:3173   .text.lps22df_interrupt_mode_get:00000000 $t
     /tmp/ccy7DkP9.s:3179   .text.lps22df_interrupt_mode_get:00000000 lps22df_interrupt_mode_get
     /tmp/ccy7DkP9.s:3298   .text.lps22df_pin_int_route_set:00000000 $t
     /tmp/ccy7DkP9.s:3304   .text.lps22df_pin_int_route_set:00000000 lps22df_pin_int_route_set
     /tmp/ccy7DkP9.s:3399   .text.lps22df_pin_int_route_get:00000000 $t
     /tmp/ccy7DkP9.s:3405   .text.lps22df_pin_int_route_get:00000000 lps22df_pin_int_route_get
     /tmp/ccy7DkP9.s:3480   .text.lps22df_int_on_threshold_mode_set:00000000 $t
     /tmp/ccy7DkP9.s:3486   .text.lps22df_int_on_threshold_mode_set:00000000 lps22df_int_on_threshold_mode_set
     /tmp/ccy7DkP9.s:3655   .text.lps22df_int_on_threshold_mode_get:00000000 $t
     /tmp/ccy7DkP9.s:3661   .text.lps22df_int_on_threshold_mode_get:00000000 lps22df_int_on_threshold_mode_get
     /tmp/ccy7DkP9.s:3770   .text.lps22df_reference_mode_set:00000000 $t
     /tmp/ccy7DkP9.s:3776   .text.lps22df_reference_mode_set:00000000 lps22df_reference_mode_set
     /tmp/ccy7DkP9.s:3869   .text.lps22df_reference_mode_get:00000000 $t
     /tmp/ccy7DkP9.s:3875   .text.lps22df_reference_mode_get:00000000 lps22df_reference_mode_get
     /tmp/ccy7DkP9.s:3967   .text.lps22df_opc_set:00000000 $t
     /tmp/ccy7DkP9.s:3973   .text.lps22df_opc_set:00000000 lps22df_opc_set
     /tmp/ccy7DkP9.s:4022   .text.lps22df_opc_get:00000000 $t
     /tmp/ccy7DkP9.s:4028   .text.lps22df_opc_get:00000000 lps22df_opc_get
     /tmp/ccy7DkP9.s:515    .text.lps22df_bus_mode_get:00000055 $d
     /tmp/ccy7DkP9.s:515    .text.lps22df_bus_mode_get:00000056 $t
     /tmp/ccy7DkP9.s:1801   .text.lps22df_mode_get:00000053 $d
     /tmp/ccy7DkP9.s:1801   .text.lps22df_mode_get:00000054 $t

NO UNDEFINED SYMBOLS
