ARM GAS  /tmp/ccbJcx0I.s 			page 1


   1              		.cpu cortex-m33
   2              		.arch armv8-m.main
   3              		.fpu fpv5-sp-d16
   4              		.arch_extension dsp
   5              		.eabi_attribute 27, 1
   6              		.eabi_attribute 28, 1
   7              		.eabi_attribute 20, 1
   8              		.eabi_attribute 21, 1
   9              		.eabi_attribute 23, 3
  10              		.eabi_attribute 24, 1
  11              		.eabi_attribute 25, 1
  12              		.eabi_attribute 26, 1
  13              		.eabi_attribute 30, 1
  14              		.eabi_attribute 34, 1
  15              		.eabi_attribute 18, 4
  16              		.file	"main.c"
  17              		.text
  18              	.Ltext0:
  19              		.cfi_sections	.debug_frame
  20              		.file 1 "Core/Src/main.c"
  21              		.section	.text.METAI_normalize,"ax",%progbits
  22              		.align	1
  23              		.syntax unified
  24              		.thumb
  25              		.thumb_func
  27              	METAI_normalize:
  28              	.LVL0:
  29              	.LFB160:
  30              		.file 2 "Core/Inc/metai_v2_config.h"
   1:Core/Inc/metai_v2_config.h **** /**
   2:Core/Inc/metai_v2_config.h ****  * @file   metai_v2_config.h
   3:Core/Inc/metai_v2_config.h ****  * @brief  Configuration MetAI v2 pour STM32U545RE-Q
   4:Core/Inc/metai_v2_config.h ****  *         Genere automatiquement par le notebook MetAI_v2.
   5:Core/Inc/metai_v2_config.h ****  *
   6:Core/Inc/metai_v2_config.h ****  * Workflow firmware :
   7:Core/Inc/metai_v2_config.h ****  *   1. Charger metai_v2_int8.tflite dans CubeAI / STEdgeAI
   8:Core/Inc/metai_v2_config.h ****  *   2. Inclure ce header dans Core/Inc/
   9:Core/Inc/metai_v2_config.h ****  *   3. Appeler METAI_normalize() puis METAI_quantize_input()
  10:Core/Inc/metai_v2_config.h ****  *      avant chaque appel ai_run().
  11:Core/Inc/metai_v2_config.h ****  */
  12:Core/Inc/metai_v2_config.h **** #pragma once
  13:Core/Inc/metai_v2_config.h **** #include <stdint.h>
  14:Core/Inc/metai_v2_config.h **** #include <math.h>
  15:Core/Inc/metai_v2_config.h **** 
  16:Core/Inc/metai_v2_config.h **** /* -- Dimensions ---------------------------------------------------- */
  17:Core/Inc/metai_v2_config.h **** #define METAI_NUM_FEATURES  18
  18:Core/Inc/metai_v2_config.h **** #define METAI_NUM_CLASSES   9
  19:Core/Inc/metai_v2_config.h **** 
  20:Core/Inc/metai_v2_config.h **** /* -- Normalisation min-max ----------------------------------------- */
  21:Core/Inc/metai_v2_config.h **** /* x_norm[i] = (x_raw[i] - X_MIN[i]) / X_RANGE[i]  resultat dans [0,1] */
  22:Core/Inc/metai_v2_config.h **** static const float METAI_X_MIN[18] = {-9.1000004f, 980.4000244f, 18.0000000f, -9.1000004f, 980.4000
  23:Core/Inc/metai_v2_config.h **** static const float METAI_X_RANGE[18] = {44.1999969f, 62.7999268f, 82.0000000f, 44.1999969f, 62.7999
  24:Core/Inc/metai_v2_config.h **** 
  25:Core/Inc/metai_v2_config.h **** /* -- Quantification INT8 ------------------------------------------ */
  26:Core/Inc/metai_v2_config.h **** /* Entree : quant[i] = roundf(norm[i] / INPUT_SCALE + INPUT_ZP)       */
  27:Core/Inc/metai_v2_config.h **** /* Sortie : prob[i]  = (out_i8[i] - OUTPUT_ZP) * OUTPUT_SCALE         */
  28:Core/Inc/metai_v2_config.h **** #define METAI_INPUT_SCALE       0.00392157f
ARM GAS  /tmp/ccbJcx0I.s 			page 2


  29:Core/Inc/metai_v2_config.h **** #define METAI_INPUT_ZERO_POINT  -128
  30:Core/Inc/metai_v2_config.h **** #define METAI_OUTPUT_SCALE      0.00390625f
  31:Core/Inc/metai_v2_config.h **** #define METAI_OUTPUT_ZERO_POINT -128
  32:Core/Inc/metai_v2_config.h **** 
  33:Core/Inc/metai_v2_config.h **** /* -- Noms des classes (UART debug) --------------------------------- */
  34:Core/Inc/metai_v2_config.h **** static const char* const METAI_CLASS_NAMES[9] = {
  35:Core/Inc/metai_v2_config.h ****   "Clair / Ensoleille",
  36:Core/Inc/metai_v2_config.h ****   "Peu nuageux",
  37:Core/Inc/metai_v2_config.h ****   "Partiellement nuageux",
  38:Core/Inc/metai_v2_config.h ****   "Nuageux / Couvert",
  39:Core/Inc/metai_v2_config.h ****   "Pluie",
  40:Core/Inc/metai_v2_config.h ****   "Averses",
  41:Core/Inc/metai_v2_config.h ****   "Neige",
  42:Core/Inc/metai_v2_config.h ****   "Orage",
  43:Core/Inc/metai_v2_config.h ****   "Brouillard / Brume"
  44:Core/Inc/metai_v2_config.h **** };
  45:Core/Inc/metai_v2_config.h **** 
  46:Core/Inc/metai_v2_config.h **** /* -- Noms des features (UART debug) -------------------------------- */
  47:Core/Inc/metai_v2_config.h **** static const char* const METAI_FEAT_NAMES[18] = {
  48:Core/Inc/metai_v2_config.h ****   "temp_t0",
  49:Core/Inc/metai_v2_config.h ****   "pres_t0",
  50:Core/Inc/metai_v2_config.h ****   "rhum_t0",
  51:Core/Inc/metai_v2_config.h ****   "temp_t3",
  52:Core/Inc/metai_v2_config.h ****   "pres_t3",
  53:Core/Inc/metai_v2_config.h ****   "rhum_t3",
  54:Core/Inc/metai_v2_config.h ****   "temp_t6",
  55:Core/Inc/metai_v2_config.h ****   "pres_t6",
  56:Core/Inc/metai_v2_config.h ****   "rhum_t6",
  57:Core/Inc/metai_v2_config.h ****   "dtemp_3h",
  58:Core/Inc/metai_v2_config.h ****   "dpres_3h",
  59:Core/Inc/metai_v2_config.h ****   "drhum_3h",
  60:Core/Inc/metai_v2_config.h ****   "dtemp_6h",
  61:Core/Inc/metai_v2_config.h ****   "dpres_6h",
  62:Core/Inc/metai_v2_config.h ****   "drhum_6h",
  63:Core/Inc/metai_v2_config.h ****   "dew_point",
  64:Core/Inc/metai_v2_config.h ****   "hour_sin",
  65:Core/Inc/metai_v2_config.h ****   "hour_cos"
  66:Core/Inc/metai_v2_config.h **** };
  67:Core/Inc/metai_v2_config.h **** 
  68:Core/Inc/metai_v2_config.h **** /* -- Normalisation inline ------------------------------------------ */
  69:Core/Inc/metai_v2_config.h **** static inline void METAI_normalize(const float* raw, float* norm) {
  31              		.loc 2 69 67 view -0
  32              		.cfi_startproc
  33              		@ args = 0, pretend = 0, frame = 0
  34              		@ frame_needed = 0, uses_anonymous_args = 0
  35              		@ link register save eliminated.
  70:Core/Inc/metai_v2_config.h ****   for (int i = 0; i < METAI_NUM_FEATURES; i++) {
  36              		.loc 2 70 3 view .LVU1
  37              	.LBB4:
  38              		.loc 2 70 8 view .LVU2
  39              		.loc 2 70 12 is_stmt 0 view .LVU3
  40 0000 0023     		movs	r3, #0
  41              	.LVL1:
  42              		.loc 2 70 21 is_stmt 1 discriminator 1 view .LVU4
  43 0002 112B     		cmp	r3, #17
  44 0004 2EDC     		bgt	.L10
  45              	.LBE4:
ARM GAS  /tmp/ccbJcx0I.s 			page 3


  69:Core/Inc/metai_v2_config.h ****   for (int i = 0; i < METAI_NUM_FEATURES; i++) {
  46              		.loc 2 69 67 is_stmt 0 view .LVU5
  47 0006 10B4     		push	{r4}
  48              	.LCFI0:
  49              		.cfi_def_cfa_offset 4
  50              		.cfi_offset 4, -4
  51 0008 07E0     		b	.L4
  52              	.LVL2:
  53              	.L5:
  54              	.LBB7:
  55              	.LBB5:
  71:Core/Inc/metai_v2_config.h ****     float v = (raw[i] - METAI_X_MIN[i]) / METAI_X_RANGE[i];
  72:Core/Inc/metai_v2_config.h ****     if (v < 0.0f) v = 0.0f;
  56              		.loc 2 72 21 discriminator 1 view .LVU6
  57 000a DFED177A 		vldr.32	s15, .L12
  58              	.LVL3:
  59              	.L3:
  73:Core/Inc/metai_v2_config.h ****     if (v > 1.0f) v = 1.0f;
  74:Core/Inc/metai_v2_config.h ****     norm[i] = v;
  60              		.loc 2 74 5 is_stmt 1 view .LVU7
  61              		.loc 2 74 9 is_stmt 0 view .LVU8
  62 000e 0A44     		add	r2, r2, r1
  63              		.loc 2 74 13 view .LVU9
  64 0010 C2ED007A 		vstr.32	s15, [r2]
  65              	.LBE5:
  70:Core/Inc/metai_v2_config.h ****     float v = (raw[i] - METAI_X_MIN[i]) / METAI_X_RANGE[i];
  66              		.loc 2 70 44 is_stmt 1 discriminator 2 view .LVU10
  67 0014 0133     		adds	r3, r3, #1
  68              	.LVL4:
  70:Core/Inc/metai_v2_config.h ****     float v = (raw[i] - METAI_X_MIN[i]) / METAI_X_RANGE[i];
  69              		.loc 2 70 21 discriminator 1 view .LVU11
  70 0016 112B     		cmp	r3, #17
  71 0018 21DC     		bgt	.L11
  72              	.LVL5:
  73              	.L4:
  74              	.LBB6:
  71:Core/Inc/metai_v2_config.h ****     float v = (raw[i] - METAI_X_MIN[i]) / METAI_X_RANGE[i];
  75              		.loc 2 71 5 view .LVU12
  71:Core/Inc/metai_v2_config.h ****     float v = (raw[i] - METAI_X_MIN[i]) / METAI_X_RANGE[i];
  76              		.loc 2 71 19 is_stmt 0 view .LVU13
  77 001a 9A00     		lsls	r2, r3, #2
  78 001c 00EB8304 		add	r4, r0, r3, lsl #2
  79 0020 94ED007A 		vldr.32	s14, [r4]
  71:Core/Inc/metai_v2_config.h ****     float v = (raw[i] - METAI_X_MIN[i]) / METAI_X_RANGE[i];
  80              		.loc 2 71 36 view .LVU14
  81 0024 114C     		ldr	r4, .L12+4
  82 0026 04EB8304 		add	r4, r4, r3, lsl #2
  83 002a D4ED007A 		vldr.32	s15, [r4]
  71:Core/Inc/metai_v2_config.h ****     float v = (raw[i] - METAI_X_MIN[i]) / METAI_X_RANGE[i];
  84              		.loc 2 71 23 view .LVU15
  85 002e 37EE677A 		vsub.f32	s14, s14, s15
  71:Core/Inc/metai_v2_config.h ****     float v = (raw[i] - METAI_X_MIN[i]) / METAI_X_RANGE[i];
  86              		.loc 2 71 56 view .LVU16
  87 0032 0F4C     		ldr	r4, .L12+8
  88 0034 04EB830C 		add	ip, r4, r3, lsl #2
  89 0038 DCED006A 		vldr.32	s13, [ip]
  71:Core/Inc/metai_v2_config.h ****     float v = (raw[i] - METAI_X_MIN[i]) / METAI_X_RANGE[i];
ARM GAS  /tmp/ccbJcx0I.s 			page 4


  90              		.loc 2 71 11 view .LVU17
  91 003c C7EE267A 		vdiv.f32	s15, s14, s13
  92              	.LVL6:
  72:Core/Inc/metai_v2_config.h ****     if (v > 1.0f) v = 1.0f;
  93              		.loc 2 72 5 is_stmt 1 view .LVU18
  72:Core/Inc/metai_v2_config.h ****     if (v > 1.0f) v = 1.0f;
  94              		.loc 2 72 8 is_stmt 0 view .LVU19
  95 0040 F5EEC07A 		vcmpe.f32	s15, #0
  96 0044 F1EE10FA 		vmrs	APSR_nzcv, FPSCR
  97 0048 DFD4     		bmi	.L5
  73:Core/Inc/metai_v2_config.h ****     if (v > 1.0f) v = 1.0f;
  98              		.loc 2 73 5 is_stmt 1 view .LVU20
  73:Core/Inc/metai_v2_config.h ****     if (v > 1.0f) v = 1.0f;
  99              		.loc 2 73 8 is_stmt 0 view .LVU21
 100 004a B7EE007A 		vmov.f32	s14, #1.0e+0
 101 004e F4EEC77A 		vcmpe.f32	s15, s14
 102 0052 F1EE10FA 		vmrs	APSR_nzcv, FPSCR
 103 0056 DADD     		ble	.L3
  73:Core/Inc/metai_v2_config.h ****     if (v > 1.0f) v = 1.0f;
 104              		.loc 2 73 21 discriminator 1 view .LVU22
 105 0058 F7EE007A 		vmov.f32	s15, #1.0e+0
 106              	.LVL7:
  73:Core/Inc/metai_v2_config.h ****     if (v > 1.0f) v = 1.0f;
 107              		.loc 2 73 21 discriminator 1 view .LVU23
 108 005c D7E7     		b	.L3
 109              	.LVL8:
 110              	.L11:
  73:Core/Inc/metai_v2_config.h ****     if (v > 1.0f) v = 1.0f;
 111              		.loc 2 73 21 discriminator 1 view .LVU24
 112              	.LBE6:
 113              	.LBE7:
  75:Core/Inc/metai_v2_config.h ****   }
  76:Core/Inc/metai_v2_config.h **** }
 114              		.loc 2 76 1 view .LVU25
 115 005e 5DF8044B 		ldr	r4, [sp], #4
 116              	.LCFI1:
 117              		.cfi_restore 4
 118              		.cfi_def_cfa_offset 0
 119 0062 7047     		bx	lr
 120              	.LVL9:
 121              	.L10:
 122              		.loc 2 76 1 view .LVU26
 123 0064 7047     		bx	lr
 124              	.L13:
 125 0066 00BF     		.align	2
 126              	.L12:
 127 0068 00000000 		.word	0
 128 006c 00000000 		.word	METAI_X_MIN
 129 0070 00000000 		.word	METAI_X_RANGE
 130              		.cfi_endproc
 131              	.LFE160:
 133              		.section	.text.METAI_quantize_input,"ax",%progbits
 134              		.align	1
 135              		.syntax unified
 136              		.thumb
 137              		.thumb_func
 139              	METAI_quantize_input:
ARM GAS  /tmp/ccbJcx0I.s 			page 5


 140              	.LVL10:
 141              	.LFB161:
  77:Core/Inc/metai_v2_config.h **** 
  78:Core/Inc/metai_v2_config.h **** /* -- Quantification entree inline ---------------------------------- */
  79:Core/Inc/metai_v2_config.h **** static inline void METAI_quantize_input(const float* norm, int8_t* quant) {
 142              		.loc 2 79 75 is_stmt 1 view -0
 143              		.cfi_startproc
 144              		@ args = 0, pretend = 0, frame = 0
 145              		@ frame_needed = 0, uses_anonymous_args = 0
 146              		@ link register save eliminated.
  80:Core/Inc/metai_v2_config.h ****   for (int i = 0; i < METAI_NUM_FEATURES; i++) {
 147              		.loc 2 80 3 view .LVU28
 148              	.LBB8:
 149              		.loc 2 80 8 view .LVU29
 150              		.loc 2 80 12 is_stmt 0 view .LVU30
 151 0000 0022     		movs	r2, #0
 152              		.loc 2 80 3 view .LVU31
 153 0002 0CE0     		b	.L15
 154              	.LVL11:
 155              	.L18:
 156              	.LBB9:
  81:Core/Inc/metai_v2_config.h ****     float q = norm[i] / METAI_INPUT_SCALE + (float)METAI_INPUT_ZERO_POINT;
  82:Core/Inc/metai_v2_config.h ****     if (q >  127.0f) q =  127.0f;
 157              		.loc 2 82 24 discriminator 1 view .LVU32
 158 0004 DFED167A 		vldr.32	s15, .L21
 159              	.LVL12:
 160              	.L16:
  83:Core/Inc/metai_v2_config.h ****     if (q < -128.0f) q = -128.0f;
  84:Core/Inc/metai_v2_config.h ****     quant[i] = (int8_t)(q + 0.5f);
 161              		.loc 2 84 5 is_stmt 1 view .LVU33
 162              		.loc 2 84 27 is_stmt 0 view .LVU34
 163 0008 B6EE007A 		vmov.f32	s14, #5.0e-1
 164 000c 77EE877A 		vadd.f32	s15, s15, s14
 165              	.LVL13:
 166              		.loc 2 84 16 view .LVU35
 167 0010 FDEEE77A 		vcvt.s32.f32	s15, s15
 168 0014 17EE903A 		vmov	r3, s15	@ int
 169              		.loc 2 84 14 view .LVU36
 170 0018 01F80C30 		strb	r3, [r1, ip]
 171              	.LBE9:
  80:Core/Inc/metai_v2_config.h ****     float q = norm[i] / METAI_INPUT_SCALE + (float)METAI_INPUT_ZERO_POINT;
 172              		.loc 2 80 44 is_stmt 1 discriminator 2 view .LVU37
 173 001c 0132     		adds	r2, r2, #1
 174              	.LVL14:
 175              	.L15:
  80:Core/Inc/metai_v2_config.h ****     float q = norm[i] / METAI_INPUT_SCALE + (float)METAI_INPUT_ZERO_POINT;
 176              		.loc 2 80 21 discriminator 1 view .LVU38
 177 001e 112A     		cmp	r2, #17
 178 0020 1DDC     		bgt	.L20
 179              	.LBB10:
  81:Core/Inc/metai_v2_config.h ****     float q = norm[i] / METAI_INPUT_SCALE + (float)METAI_INPUT_ZERO_POINT;
 180              		.loc 2 81 5 view .LVU39
  81:Core/Inc/metai_v2_config.h ****     float q = norm[i] / METAI_INPUT_SCALE + (float)METAI_INPUT_ZERO_POINT;
 181              		.loc 2 81 19 is_stmt 0 view .LVU40
 182 0022 9446     		mov	ip, r2
 183 0024 00EB8203 		add	r3, r0, r2, lsl #2
 184 0028 D3ED006A 		vldr.32	s13, [r3]
ARM GAS  /tmp/ccbJcx0I.s 			page 6


  81:Core/Inc/metai_v2_config.h ****     float q = norm[i] / METAI_INPUT_SCALE + (float)METAI_INPUT_ZERO_POINT;
 185              		.loc 2 81 23 view .LVU41
 186 002c 9FED0D7A 		vldr.32	s14, .L21+4
 187 0030 C6EE877A 		vdiv.f32	s15, s13, s14
  81:Core/Inc/metai_v2_config.h ****     float q = norm[i] / METAI_INPUT_SCALE + (float)METAI_INPUT_ZERO_POINT;
 188              		.loc 2 81 11 view .LVU42
 189 0034 9FED0C7A 		vldr.32	s14, .L21+8
 190 0038 77EEC77A 		vsub.f32	s15, s15, s14
 191              	.LVL15:
  82:Core/Inc/metai_v2_config.h ****     if (q < -128.0f) q = -128.0f;
 192              		.loc 2 82 5 is_stmt 1 view .LVU43
  82:Core/Inc/metai_v2_config.h ****     if (q < -128.0f) q = -128.0f;
 193              		.loc 2 82 8 is_stmt 0 view .LVU44
 194 003c 9FED087A 		vldr.32	s14, .L21
 195 0040 F4EEC77A 		vcmpe.f32	s15, s14
 196 0044 F1EE10FA 		vmrs	APSR_nzcv, FPSCR
 197 0048 DCDC     		bgt	.L18
  83:Core/Inc/metai_v2_config.h ****     if (q < -128.0f) q = -128.0f;
 198              		.loc 2 83 5 is_stmt 1 view .LVU45
  83:Core/Inc/metai_v2_config.h ****     if (q < -128.0f) q = -128.0f;
 199              		.loc 2 83 8 is_stmt 0 view .LVU46
 200 004a 9FED087A 		vldr.32	s14, .L21+12
 201 004e F4EEC77A 		vcmpe.f32	s15, s14
 202 0052 F1EE10FA 		vmrs	APSR_nzcv, FPSCR
 203 0056 D7D5     		bpl	.L16
  83:Core/Inc/metai_v2_config.h ****     if (q < -128.0f) q = -128.0f;
 204              		.loc 2 83 24 discriminator 1 view .LVU47
 205 0058 DFED047A 		vldr.32	s15, .L21+12
 206              	.LVL16:
  83:Core/Inc/metai_v2_config.h ****     if (q < -128.0f) q = -128.0f;
 207              		.loc 2 83 24 discriminator 1 view .LVU48
 208 005c D4E7     		b	.L16
 209              	.LVL17:
 210              	.L20:
  83:Core/Inc/metai_v2_config.h ****     if (q < -128.0f) q = -128.0f;
 211              		.loc 2 83 24 discriminator 1 view .LVU49
 212              	.LBE10:
 213              	.LBE8:
  85:Core/Inc/metai_v2_config.h ****   }
  86:Core/Inc/metai_v2_config.h **** }
 214              		.loc 2 86 1 view .LVU50
 215 005e 7047     		bx	lr
 216              	.L22:
 217              		.align	2
 218              	.L21:
 219 0060 0000FE42 		.word	1123942400
 220 0064 8380803B 		.word	998277251
 221 0068 00000043 		.word	1124073472
 222 006c 000000C3 		.word	-1023410176
 223              		.cfi_endproc
 224              	.LFE161:
 226              		.section	.text.metai_clipf,"ax",%progbits
 227              		.align	1
 228              		.syntax unified
 229              		.thumb
 230              		.thumb_func
 232              	metai_clipf:
ARM GAS  /tmp/ccbJcx0I.s 			page 7


 233              	.LVL18:
 234              	.LFB163:
   1:Core/Src/main.c **** /* USER CODE BEGIN Header */
   2:Core/Src/main.c **** /**
   3:Core/Src/main.c ****   ******************************************************************************
   4:Core/Src/main.c ****   * @file           : main.c
   5:Core/Src/main.c ****   * @brief          : Main program body
   6:Core/Src/main.c ****   ******************************************************************************
   7:Core/Src/main.c ****   * @attention
   8:Core/Src/main.c ****   *
   9:Core/Src/main.c ****   * Copyright (c) 2026 STMicroelectronics.
  10:Core/Src/main.c ****   * All rights reserved.
  11:Core/Src/main.c ****   *
  12:Core/Src/main.c ****   * This software is licensed under terms that can be found in the LICENSE file
  13:Core/Src/main.c ****   * in the root directory of this software component.
  14:Core/Src/main.c ****   * If no LICENSE file comes with this software, it is provided AS-IS.
  15:Core/Src/main.c ****   *
  16:Core/Src/main.c ****   ******************************************************************************
  17:Core/Src/main.c ****   */
  18:Core/Src/main.c **** /* USER CODE END Header */
  19:Core/Src/main.c **** /* Includes ------------------------------------------------------------------*/
  20:Core/Src/main.c **** #include "main.h"
  21:Core/Src/main.c **** #include "app_x-cube-ai.h"
  22:Core/Src/main.c **** 
  23:Core/Src/main.c **** /* Private includes ----------------------------------------------------------*/
  24:Core/Src/main.c **** /* USER CODE BEGIN Includes */
  25:Core/Src/main.c **** #include <math.h>
  26:Core/Src/main.c **** #include "metai_v2_config.h"
  27:Core/Src/main.c **** #include "lps22df_app.h"
  28:Core/Src/main.c **** #include "sht40x_driver_interface.h"
  29:Core/Src/main.c **** #include "stts22h_app.h"
  30:Core/Src/main.c **** #include "lora.h"
  31:Core/Src/main.c **** /* USER CODE END Includes */
  32:Core/Src/main.c **** 
  33:Core/Src/main.c **** /* Private typedef -----------------------------------------------------------*/
  34:Core/Src/main.c **** /* USER CODE BEGIN PTD */
  35:Core/Src/main.c **** typedef struct
  36:Core/Src/main.c **** {
  37:Core/Src/main.c ****   float temp;
  38:Core/Src/main.c ****   float pres;
  39:Core/Src/main.c ****   float rhum;
  40:Core/Src/main.c ****   uint32_t tick_ms;
  41:Core/Src/main.c **** } metai_sample_t;
  42:Core/Src/main.c **** 
  43:Core/Src/main.c **** /* USER CODE END PTD */
  44:Core/Src/main.c **** 
  45:Core/Src/main.c **** /* Private define ------------------------------------------------------------*/
  46:Core/Src/main.c **** /* USER CODE BEGIN PD */
  47:Core/Src/main.c **** 
  48:Core/Src/main.c **** /* USER CODE END PD */
  49:Core/Src/main.c **** 
  50:Core/Src/main.c **** /* Private macro -------------------------------------------------------------*/
  51:Core/Src/main.c **** /* USER CODE BEGIN PM */
  52:Core/Src/main.c **** 
  53:Core/Src/main.c **** /* USER CODE END PM */
  54:Core/Src/main.c **** 
  55:Core/Src/main.c **** /* Private variables ---------------------------------------------------------*/
ARM GAS  /tmp/ccbJcx0I.s 			page 8


  56:Core/Src/main.c **** 
  57:Core/Src/main.c **** __IO uint32_t BspButtonState = BUTTON_RELEASED;
  58:Core/Src/main.c **** 
  59:Core/Src/main.c **** I2C_HandleTypeDef hi2c1;
  60:Core/Src/main.c **** 
  61:Core/Src/main.c **** UART_HandleTypeDef hlpuart1;
  62:Core/Src/main.c **** UART_HandleTypeDef huart1;
  63:Core/Src/main.c **** 
  64:Core/Src/main.c **** /* USER CODE BEGIN PV */
  65:Core/Src/main.c **** static metai_sample_t metai_hist[3] = {0};
  66:Core/Src/main.c **** static uint8_t metai_hist_count = 0;
  67:Core/Src/main.c **** static uint32_t metai_next_sample_tick = 0U;
  68:Core/Src/main.c **** static uint8_t metai_sampling_started = 0U;
  69:Core/Src/main.c **** 
  70:Core/Src/main.c **** #define METAI_SAMPLE_INTERVAL_MS 120000UL
  71:Core/Src/main.c **** #define METAI_POLL_DELAY_MS 5000UL
  72:Core/Src/main.c **** 
  73:Core/Src/main.c **** /* USER CODE END PV */
  74:Core/Src/main.c **** 
  75:Core/Src/main.c **** /* Private function prototypes -----------------------------------------------*/
  76:Core/Src/main.c **** void SystemClock_Config(void);
  77:Core/Src/main.c **** static void SystemPower_Config(void);
  78:Core/Src/main.c **** static void MX_GPIO_Init(void);
  79:Core/Src/main.c **** static void MX_ICACHE_Init(void);
  80:Core/Src/main.c **** static void MX_I2C1_Init(void);
  81:Core/Src/main.c **** static void MX_LPUART1_UART_Init(void);
  82:Core/Src/main.c **** static void MX_USART1_UART_Init(void);
  83:Core/Src/main.c **** /* USER CODE BEGIN PFP */
  84:Core/Src/main.c **** static float metai_clipf(float x, float lo, float hi);
  85:Core/Src/main.c **** static void metai_push_sample(float temp, float pres, float rhum, uint32_t tick_ms);
  86:Core/Src/main.c **** static uint8_t metai_sample_due(uint32_t now_ms);
  87:Core/Src/main.c **** static void metai_build_raw_features(float raw[METAI_NUM_FEATURES]);
  88:Core/Src/main.c **** static void metai_normalize_and_quantize(const float raw[METAI_NUM_FEATURES], int8_t qin[METAI_NUM_
  89:Core/Src/main.c **** static void metai_decode_output(const int8_t out_i8[METAI_NUM_CLASSES], uint8_t* class_idx, uint8_t
  90:Core/Src/main.c **** 
  91:Core/Src/main.c **** /* USER CODE END PFP */
  92:Core/Src/main.c **** 
  93:Core/Src/main.c **** /* Private user code ---------------------------------------------------------*/
  94:Core/Src/main.c **** /* USER CODE BEGIN 0 */
  95:Core/Src/main.c **** static float metai_clipf(float x, float lo, float hi)
  96:Core/Src/main.c **** {
 235              		.loc 1 96 1 is_stmt 1 view -0
 236              		.cfi_startproc
 237              		@ args = 0, pretend = 0, frame = 0
 238              		@ frame_needed = 0, uses_anonymous_args = 0
 239              		@ link register save eliminated.
  97:Core/Src/main.c ****   if (x < lo)
 240              		.loc 1 97 3 view .LVU52
 241              		.loc 1 97 6 is_stmt 0 view .LVU53
 242 0000 B4EEE00A 		vcmpe.f32	s0, s1
 243 0004 F1EE10FA 		vmrs	APSR_nzcv, FPSCR
 244 0008 05D4     		bmi	.L25
  98:Core/Src/main.c ****   {
  99:Core/Src/main.c ****     return lo;
 100:Core/Src/main.c ****   }
 101:Core/Src/main.c ****   if (x > hi)
 245              		.loc 1 101 3 is_stmt 1 view .LVU54
ARM GAS  /tmp/ccbJcx0I.s 			page 9


 246              		.loc 1 101 6 is_stmt 0 view .LVU55
 247 000a B4EEC10A 		vcmpe.f32	s0, s2
 248 000e F1EE10FA 		vmrs	APSR_nzcv, FPSCR
 249 0012 03DC     		bgt	.L26
 250 0014 7047     		bx	lr
 251              	.L25:
  99:Core/Src/main.c ****   }
 252              		.loc 1 99 12 view .LVU56
 253 0016 B0EE600A 		vmov.f32	s0, s1
 254              	.LVL19:
  99:Core/Src/main.c ****   }
 255              		.loc 1 99 12 view .LVU57
 256 001a 7047     		bx	lr
 257              	.LVL20:
 258              	.L26:
 102:Core/Src/main.c ****   {
 103:Core/Src/main.c ****     return hi;
 259              		.loc 1 103 12 view .LVU58
 260 001c B0EE410A 		vmov.f32	s0, s2
 261              	.LVL21:
 104:Core/Src/main.c ****   }
 105:Core/Src/main.c ****   return x;
 106:Core/Src/main.c **** }
 262              		.loc 1 106 1 view .LVU59
 263 0020 7047     		bx	lr
 264              		.cfi_endproc
 265              	.LFE163:
 267              		.section	.text.metai_push_sample,"ax",%progbits
 268              		.align	1
 269              		.syntax unified
 270              		.thumb
 271              		.thumb_func
 273              	metai_push_sample:
 274              	.LVL22:
 275              	.LFB164:
 107:Core/Src/main.c **** 
 108:Core/Src/main.c **** static void metai_push_sample(float temp, float pres, float rhum, uint32_t tick_ms)
 109:Core/Src/main.c **** {
 276              		.loc 1 109 1 is_stmt 1 view -0
 277              		.cfi_startproc
 278              		@ args = 0, pretend = 0, frame = 0
 279              		@ frame_needed = 0, uses_anonymous_args = 0
 280              		.loc 1 109 1 is_stmt 0 view .LVU61
 281 0000 30B5     		push	{r4, r5, lr}
 282              	.LCFI2:
 283              		.cfi_def_cfa_offset 12
 284              		.cfi_offset 4, -12
 285              		.cfi_offset 5, -8
 286              		.cfi_offset 14, -4
 287 0002 0546     		mov	r5, r0
 110:Core/Src/main.c ****   metai_hist[2] = metai_hist[1];
 288              		.loc 1 110 3 is_stmt 1 view .LVU62
 289              		.loc 1 110 17 is_stmt 0 view .LVU63
 290 0004 0D4C     		ldr	r4, .L30
 291 0006 04F1200E 		add	lr, r4, #32
 292 000a 04F1100C 		add	ip, r4, #16
 293 000e 9CE80F00 		ldm	ip, {r0, r1, r2, r3}
ARM GAS  /tmp/ccbJcx0I.s 			page 10


 294              	.LVL23:
 295              		.loc 1 110 17 view .LVU64
 296 0012 8EE80F00 		stm	lr, {r0, r1, r2, r3}
 111:Core/Src/main.c ****   metai_hist[1] = metai_hist[0];
 297              		.loc 1 111 3 is_stmt 1 view .LVU65
 298              		.loc 1 111 17 is_stmt 0 view .LVU66
 299 0016 94E80F00 		ldm	r4, {r0, r1, r2, r3}
 300 001a 8CE80F00 		stm	ip, {r0, r1, r2, r3}
 112:Core/Src/main.c ****   metai_hist[0].temp = temp;
 301              		.loc 1 112 3 is_stmt 1 view .LVU67
 302              		.loc 1 112 22 is_stmt 0 view .LVU68
 303 001e 84ED000A 		vstr.32	s0, [r4]
 113:Core/Src/main.c ****   metai_hist[0].pres = pres;
 304              		.loc 1 113 3 is_stmt 1 view .LVU69
 305              		.loc 1 113 22 is_stmt 0 view .LVU70
 306 0022 C4ED010A 		vstr.32	s1, [r4, #4]
 114:Core/Src/main.c ****   metai_hist[0].rhum = rhum;
 307              		.loc 1 114 3 is_stmt 1 view .LVU71
 308              		.loc 1 114 22 is_stmt 0 view .LVU72
 309 0026 84ED021A 		vstr.32	s2, [r4, #8]
 115:Core/Src/main.c ****   metai_hist[0].tick_ms = tick_ms;
 310              		.loc 1 115 3 is_stmt 1 view .LVU73
 311              		.loc 1 115 25 is_stmt 0 view .LVU74
 312 002a E560     		str	r5, [r4, #12]
 116:Core/Src/main.c **** 
 117:Core/Src/main.c ****   if (metai_hist_count < 3U)
 313              		.loc 1 117 3 is_stmt 1 view .LVU75
 314              		.loc 1 117 24 is_stmt 0 view .LVU76
 315 002c 044B     		ldr	r3, .L30+4
 316 002e 1B78     		ldrb	r3, [r3]	@ zero_extendqisi2
 317              		.loc 1 117 6 view .LVU77
 318 0030 022B     		cmp	r3, #2
 319 0032 02D8     		bhi	.L27
 118:Core/Src/main.c ****   {
 119:Core/Src/main.c ****     metai_hist_count++;
 320              		.loc 1 119 5 is_stmt 1 view .LVU78
 321              		.loc 1 119 21 is_stmt 0 view .LVU79
 322 0034 0133     		adds	r3, r3, #1
 323 0036 024A     		ldr	r2, .L30+4
 324 0038 1370     		strb	r3, [r2]
 325              	.L27:
 120:Core/Src/main.c ****   }
 121:Core/Src/main.c **** }
 326              		.loc 1 121 1 view .LVU80
 327 003a 30BD     		pop	{r4, r5, pc}
 328              	.LVL24:
 329              	.L31:
 330              		.loc 1 121 1 view .LVU81
 331              		.align	2
 332              	.L30:
 333 003c 00000000 		.word	metai_hist
 334 0040 00000000 		.word	metai_hist_count
 335              		.cfi_endproc
 336              	.LFE164:
 338              		.section	.text.metai_sample_due,"ax",%progbits
 339              		.align	1
 340              		.syntax unified
ARM GAS  /tmp/ccbJcx0I.s 			page 11


 341              		.thumb
 342              		.thumb_func
 344              	metai_sample_due:
 345              	.LVL25:
 346              	.LFB165:
 122:Core/Src/main.c **** 
 123:Core/Src/main.c **** static uint8_t metai_sample_due(uint32_t now_ms)
 124:Core/Src/main.c **** {
 347              		.loc 1 124 1 is_stmt 1 view -0
 348              		.cfi_startproc
 349              		@ args = 0, pretend = 0, frame = 0
 350              		@ frame_needed = 0, uses_anonymous_args = 0
 351              		@ link register save eliminated.
 125:Core/Src/main.c ****   if (!metai_sampling_started)
 352              		.loc 1 125 3 view .LVU83
 353              		.loc 1 125 7 is_stmt 0 view .LVU84
 354 0000 064B     		ldr	r3, .L36
 355 0002 1B78     		ldrb	r3, [r3]	@ zero_extendqisi2
 356              		.loc 1 125 6 view .LVU85
 357 0004 33B1     		cbz	r3, .L34
 126:Core/Src/main.c ****   {
 127:Core/Src/main.c ****     return 1U;
 128:Core/Src/main.c ****   }
 129:Core/Src/main.c **** 
 130:Core/Src/main.c ****   return ((int32_t)(now_ms - metai_next_sample_tick) >= 0) ? 1U : 0U;
 358              		.loc 1 130 3 is_stmt 1 view .LVU86
 359              		.loc 1 130 28 is_stmt 0 view .LVU87
 360 0006 064B     		ldr	r3, .L36+4
 361 0008 1B68     		ldr	r3, [r3]
 362 000a C01A     		subs	r0, r0, r3
 363              	.LVL26:
 364              		.loc 1 130 65 view .LVU88
 365 000c 0028     		cmp	r0, #0
 366 000e 03DB     		blt	.L35
 367              		.loc 1 130 65 discriminator 1 view .LVU89
 368 0010 0120     		movs	r0, #1
 369 0012 7047     		bx	lr
 370              	.LVL27:
 371              	.L34:
 127:Core/Src/main.c ****   }
 372              		.loc 1 127 12 view .LVU90
 373 0014 0120     		movs	r0, #1
 374              	.LVL28:
 127:Core/Src/main.c ****   }
 375              		.loc 1 127 12 view .LVU91
 376 0016 7047     		bx	lr
 377              	.L35:
 378              		.loc 1 130 65 discriminator 2 view .LVU92
 379 0018 0020     		movs	r0, #0
 131:Core/Src/main.c **** }
 380              		.loc 1 131 1 view .LVU93
 381 001a 7047     		bx	lr
 382              	.L37:
 383              		.align	2
 384              	.L36:
 385 001c 00000000 		.word	metai_sampling_started
 386 0020 00000000 		.word	metai_next_sample_tick
ARM GAS  /tmp/ccbJcx0I.s 			page 12


 387              		.cfi_endproc
 388              	.LFE165:
 390              		.section	.text.metai_normalize_and_quantize,"ax",%progbits
 391              		.align	1
 392              		.syntax unified
 393              		.thumb
 394              		.thumb_func
 396              	metai_normalize_and_quantize:
 397              	.LVL29:
 398              	.LFB167:
 132:Core/Src/main.c **** 
 133:Core/Src/main.c **** static void metai_build_raw_features(float raw[METAI_NUM_FEATURES])
 134:Core/Src/main.c **** {
 135:Core/Src/main.c ****   const metai_sample_t* t0 = &metai_hist[0];
 136:Core/Src/main.c ****   const metai_sample_t* t3 = &metai_hist[1];
 137:Core/Src/main.c ****   const metai_sample_t* t6 = &metai_hist[2];
 138:Core/Src/main.c **** 
 139:Core/Src/main.c ****   const float dew = t0->temp - (100.0f - t0->rhum) / 5.0f;
 140:Core/Src/main.c ****   const float hour = (float)((t0->tick_ms / 3600000UL) % 24UL);
 141:Core/Src/main.c ****   const float hour_sin = sinf(2.0f * 3.14159265359f * hour / 24.0f);
 142:Core/Src/main.c ****   const float hour_cos = cosf(2.0f * 3.14159265359f * hour / 24.0f);
 143:Core/Src/main.c **** 
 144:Core/Src/main.c ****   raw[0] = t0->temp;
 145:Core/Src/main.c ****   raw[1] = t0->pres;
 146:Core/Src/main.c ****   raw[2] = t0->rhum;
 147:Core/Src/main.c **** 
 148:Core/Src/main.c ****   raw[3] = t3->temp;
 149:Core/Src/main.c ****   raw[4] = t3->pres;
 150:Core/Src/main.c ****   raw[5] = t3->rhum;
 151:Core/Src/main.c **** 
 152:Core/Src/main.c ****   raw[6] = t6->temp;
 153:Core/Src/main.c ****   raw[7] = t6->pres;
 154:Core/Src/main.c ****   raw[8] = t6->rhum;
 155:Core/Src/main.c **** 
 156:Core/Src/main.c ****   raw[9] = t0->temp - t3->temp;
 157:Core/Src/main.c ****   raw[10] = t0->pres - t3->pres;
 158:Core/Src/main.c ****   raw[11] = t0->rhum - t3->rhum;
 159:Core/Src/main.c **** 
 160:Core/Src/main.c ****   raw[12] = t0->temp - t6->temp;
 161:Core/Src/main.c ****   raw[13] = t0->pres - t6->pres;
 162:Core/Src/main.c ****   raw[14] = t0->rhum - t6->rhum;
 163:Core/Src/main.c **** 
 164:Core/Src/main.c ****   raw[15] = dew;
 165:Core/Src/main.c ****   raw[16] = hour_sin;
 166:Core/Src/main.c ****   raw[17] = hour_cos;
 167:Core/Src/main.c **** }
 168:Core/Src/main.c **** 
 169:Core/Src/main.c **** static void metai_normalize_and_quantize(const float raw[METAI_NUM_FEATURES], int8_t qin[METAI_NUM_
 170:Core/Src/main.c **** {
 399              		.loc 1 170 1 is_stmt 1 view -0
 400              		.cfi_startproc
 401              		@ args = 0, pretend = 0, frame = 72
 402              		@ frame_needed = 0, uses_anonymous_args = 0
 403              		.loc 1 170 1 is_stmt 0 view .LVU95
 404 0000 10B5     		push	{r4, lr}
 405              	.LCFI3:
 406              		.cfi_def_cfa_offset 8
ARM GAS  /tmp/ccbJcx0I.s 			page 13


 407              		.cfi_offset 4, -8
 408              		.cfi_offset 14, -4
 409 0002 92B0     		sub	sp, sp, #72
 410              	.LCFI4:
 411              		.cfi_def_cfa_offset 80
 412 0004 0C46     		mov	r4, r1
 171:Core/Src/main.c ****   float norm[METAI_NUM_FEATURES];
 413              		.loc 1 171 3 is_stmt 1 view .LVU96
 172:Core/Src/main.c ****   METAI_normalize(raw, norm);
 414              		.loc 1 172 3 view .LVU97
 415 0006 6946     		mov	r1, sp
 416              	.LVL30:
 417              		.loc 1 172 3 is_stmt 0 view .LVU98
 418 0008 FFF7FEFF 		bl	METAI_normalize
 419              	.LVL31:
 173:Core/Src/main.c ****   METAI_quantize_input(norm, qin);
 420              		.loc 1 173 3 is_stmt 1 view .LVU99
 421 000c 2146     		mov	r1, r4
 422 000e 6846     		mov	r0, sp
 423 0010 FFF7FEFF 		bl	METAI_quantize_input
 424              	.LVL32:
 174:Core/Src/main.c **** }
 425              		.loc 1 174 1 is_stmt 0 view .LVU100
 426 0014 12B0     		add	sp, sp, #72
 427              	.LCFI5:
 428              		.cfi_def_cfa_offset 8
 429              		@ sp needed
 430 0016 10BD     		pop	{r4, pc}
 431              		.loc 1 174 1 view .LVU101
 432              		.cfi_endproc
 433              	.LFE167:
 435              		.section	.text.MX_GPIO_Init,"ax",%progbits
 436              		.align	1
 437              		.syntax unified
 438              		.thumb
 439              		.thumb_func
 441              	MX_GPIO_Init:
 442              	.LFB176:
 175:Core/Src/main.c **** 
 176:Core/Src/main.c **** static void metai_decode_output(const int8_t out_i8[METAI_NUM_CLASSES], uint8_t* class_idx, uint8_t
 177:Core/Src/main.c **** {
 178:Core/Src/main.c ****   uint8_t best_idx = 0U;
 179:Core/Src/main.c ****   int8_t best_raw = out_i8[0];
 180:Core/Src/main.c **** 
 181:Core/Src/main.c ****   for (uint8_t i = 1U; i < METAI_NUM_CLASSES; i++)
 182:Core/Src/main.c ****   {
 183:Core/Src/main.c ****     if (out_i8[i] > best_raw)
 184:Core/Src/main.c ****     {
 185:Core/Src/main.c ****       best_raw = out_i8[i];
 186:Core/Src/main.c ****       best_idx = i;
 187:Core/Src/main.c ****     }
 188:Core/Src/main.c ****   }
 189:Core/Src/main.c **** 
 190:Core/Src/main.c ****   {
 191:Core/Src/main.c ****     float prob = ((float)best_raw - (float)METAI_OUTPUT_ZERO_POINT) * METAI_OUTPUT_SCALE;
 192:Core/Src/main.c ****     prob = metai_clipf(prob, 0.0f, 1.0f);
 193:Core/Src/main.c ****     *class_idx = best_idx;
ARM GAS  /tmp/ccbJcx0I.s 			page 14


 194:Core/Src/main.c ****     *confidence_pct = (uint8_t)lroundf(prob * 100.0f);
 195:Core/Src/main.c ****   }
 196:Core/Src/main.c **** }
 197:Core/Src/main.c **** 
 198:Core/Src/main.c **** /* USER CODE END 0 */
 199:Core/Src/main.c **** 
 200:Core/Src/main.c **** /**
 201:Core/Src/main.c ****   * @brief  The application entry point.
 202:Core/Src/main.c ****   * @retval int
 203:Core/Src/main.c ****   */
 204:Core/Src/main.c **** int main(void)
 205:Core/Src/main.c **** {
 206:Core/Src/main.c **** 
 207:Core/Src/main.c ****   /* USER CODE BEGIN 1 */
 208:Core/Src/main.c **** 
 209:Core/Src/main.c ****   /* USER CODE END 1 */
 210:Core/Src/main.c **** 
 211:Core/Src/main.c ****   /* MCU Configuration--------------------------------------------------------*/
 212:Core/Src/main.c **** 
 213:Core/Src/main.c ****   /* Reset of all peripherals, Initializes the Flash interface and the Systick. */
 214:Core/Src/main.c ****   HAL_Init();
 215:Core/Src/main.c **** 
 216:Core/Src/main.c ****   /* USER CODE BEGIN Init */
 217:Core/Src/main.c **** 
 218:Core/Src/main.c ****   /* USER CODE END Init */
 219:Core/Src/main.c **** 
 220:Core/Src/main.c ****   /* Configure the System Power */
 221:Core/Src/main.c ****   SystemPower_Config();
 222:Core/Src/main.c **** 
 223:Core/Src/main.c ****   /* Configure the system clock */
 224:Core/Src/main.c ****   SystemClock_Config();
 225:Core/Src/main.c **** 
 226:Core/Src/main.c ****   /* USER CODE BEGIN SysInit */
 227:Core/Src/main.c **** 
 228:Core/Src/main.c ****   /* USER CODE END SysInit */
 229:Core/Src/main.c **** 
 230:Core/Src/main.c ****   /* Initialize all configured peripherals */
 231:Core/Src/main.c ****   MX_GPIO_Init();
 232:Core/Src/main.c ****   MX_ICACHE_Init();
 233:Core/Src/main.c ****   MX_I2C1_Init();
 234:Core/Src/main.c ****   MX_LPUART1_UART_Init();
 235:Core/Src/main.c ****   MX_USART1_UART_Init();
 236:Core/Src/main.c ****   MX_X_CUBE_AI_Init();
 237:Core/Src/main.c ****   /* USER CODE BEGIN 2 */
 238:Core/Src/main.c **** 
 239:Core/Src/main.c ****   /* USER CODE END 2 */
 240:Core/Src/main.c **** 
 241:Core/Src/main.c ****   /* Initialize led */
 242:Core/Src/main.c ****   BSP_LED_Init(LED_GREEN);
 243:Core/Src/main.c **** 
 244:Core/Src/main.c ****   /* Initialize USER push-button, will be used to trigger an interrupt each time it's pressed.*/
 245:Core/Src/main.c ****   BSP_PB_Init(BUTTON_USER, BUTTON_MODE_EXTI);
 246:Core/Src/main.c **** 
 247:Core/Src/main.c ****   /* USER CODE BEGIN BSP */
 248:Core/Src/main.c **** 
 249:Core/Src/main.c ****   /* -- Sample board code to send message over COM1 port ---- */
 250:Core/Src/main.c ****   printf("Welcome to STM32 world !\r \n");
ARM GAS  /tmp/ccbJcx0I.s 			page 15


 251:Core/Src/main.c **** 
 252:Core/Src/main.c ****   /* -- Sample board code to switch on led ---- */
 253:Core/Src/main.c ****   BSP_LED_On(LED_GREEN);
 254:Core/Src/main.c **** 
 255:Core/Src/main.c ****   /* USER CODE END BSP */
 256:Core/Src/main.c **** 
 257:Core/Src/main.c ****   /* Infinite loop */
 258:Core/Src/main.c ****   /* USER CODE BEGIN WHILE */
 259:Core/Src/main.c **** 
 260:Core/Src/main.c ****   // Configure the LoRa module
 261:Core/Src/main.c ****   printf("Lora module configuration\r\n");
 262:Core/Src/main.c ****   config_Lora();
 263:Core/Src/main.c **** 
 264:Core/Src/main.c ****   // Print the list of I2C devices found on the I2C1 bus (IKS4A1) 
 265:Core/Src/main.c ****   printf("Scanning I2C1 bus for devices...\r\n");
 266:Core/Src/main.c ****   uint8_t i2c1_buffer[1];
 267:Core/Src/main.c ****   for (uint16_t i = 1; i < 128; i++)
 268:Core/Src/main.c ****   {
 269:Core/Src/main.c ****     if (HAL_I2C_Master_Receive(&hi2c1, (i << 1), i2c1_buffer, 1, 100) == HAL_OK)
 270:Core/Src/main.c ****     {
 271:Core/Src/main.c ****       printf("Device found at address 0x%02X\r\n", i);
 272:Core/Src/main.c ****     }
 273:Core/Src/main.c ****   }
 274:Core/Src/main.c **** 
 275:Core/Src/main.c ****   // Initialize the STTS22H temperature sensor
 276:Core/Src/main.c ****   STTS22H_Object_t stts22h_obj = {0};
 277:Core/Src/main.c ****   Temperature_Init(&stts22h_obj);
 278:Core/Src/main.c **** 
 279:Core/Src/main.c ****   // Initialize the LPS22DF pressure sensor
 280:Core/Src/main.c ****   lps22df_data_t lps22df_data = {0};
 281:Core/Src/main.c ****   Pressure_Init();
 282:Core/Src/main.c **** 
 283:Core/Src/main.c ****   // Initialize the SHT40 temperature and humidity sensor
 284:Core/Src/main.c ****   sht40x_data_t sht40x_data = {0};
 285:Core/Src/main.c ****   if (sht40x_basic_initialize(SHT40_AD1B_VARIANT) != 0)
 286:Core/Src/main.c ****   {
 287:Core/Src/main.c ****     printf("Failed to initialize SHT40 sensor\r\n");
 288:Core/Src/main.c ****   }
 289:Core/Src/main.c ****   else
 290:Core/Src/main.c ****   {
 291:Core/Src/main.c ****     printf("SHT40 sensor initialized successfully\r\n");
 292:Core/Src/main.c ****   }
 293:Core/Src/main.c **** 
 294:Core/Src/main.c **** 
 295:Core/Src/main.c ****   while (1)
 296:Core/Src/main.c ****   {
 297:Core/Src/main.c ****     const uint32_t now_ms = HAL_GetTick();
 298:Core/Src/main.c ****     if (metai_sample_due(now_ms) != 0U)
 299:Core/Src/main.c ****     {
 300:Core/Src/main.c ****       // Switch on the LED to indicate that we are about to read the sensors
 301:Core/Src/main.c ****       BSP_LED_On(LED_GREEN);
 302:Core/Src/main.c **** 
 303:Core/Src/main.c ****       // Reveille le lora
 304:Core/Src/main.c ****       lora_WakeUp();
 305:Core/Src/main.c ****       HAL_Delay(100); // Wait for the LoRa module to wake up before sending AT commands
 306:Core/Src/main.c **** 
 307:Core/Src/main.c ****       // Read temperature from the STTS22H sensor and print it
ARM GAS  /tmp/ccbJcx0I.s 			page 16


 308:Core/Src/main.c ****       float temperature;
 309:Core/Src/main.c ****       Temperature_Read(&stts22h_obj, &temperature);
 310:Core/Src/main.c **** 
 311:Core/Src/main.c ****       // Read pressure and temperature from the LPS22DF sensor and store them
 312:Core/Src/main.c ****       float pressure, temperature_lps22df;
 313:Core/Src/main.c ****       Pressure_Read(lps22df_data, &pressure, &temperature_lps22df);
 314:Core/Src/main.c **** 
 315:Core/Src/main.c ****       // Read temperature and humidity from the SHT40 sensor and print them
 316:Core/Src/main.c ****       float temperature_sht40x, humidity;
 317:Core/Src/main.c ****       Humidity_Temperature_Read(&sht40x_data, &temperature_sht40x, &humidity);
 318:Core/Src/main.c **** 
 319:Core/Src/main.c ****       // Print the sensor readings
 320:Core/Src/main.c ****       printf("############################################################\r \n");
 321:Core/Src/main.c ****       printf("STTS22H Temperature: %.2f C\r \n", temperature);
 322:Core/Src/main.c ****       printf("LPS22DF Pressure: %.2f hPa\r \n", pressure);
 323:Core/Src/main.c ****       printf("SHT40 Humidity: %.2f %%\r \n", humidity);
 324:Core/Src/main.c ****       printf("############################################################\r \n");
 325:Core/Src/main.c ****       printf("\r \n");
 326:Core/Src/main.c **** 
 327:Core/Src/main.c ****       metai_push_sample(temperature, pressure, humidity, now_ms);
 328:Core/Src/main.c ****       metai_sampling_started = 1U;
 329:Core/Src/main.c ****       metai_next_sample_tick = now_ms + METAI_SAMPLE_INTERVAL_MS; // 2 min pour test
 330:Core/Src/main.c **** 
 331:Core/Src/main.c ****       if (metai_hist_count >= 3U)
 332:Core/Src/main.c ****       {
 333:Core/Src/main.c ****         uint8_t ai_class = 0, ai_confidence = 0;
 334:Core/Src/main.c ****         float metai_raw[METAI_NUM_FEATURES] = {0.0f};
 335:Core/Src/main.c ****         int8_t metai_qin[METAI_NUM_FEATURES] = {0};
 336:Core/Src/main.c ****         int8_t metai_out[METAI_NUM_CLASSES] = {0};
 337:Core/Src/main.c **** 
 338:Core/Src/main.c ****         metai_build_raw_features(metai_raw);
 339:Core/Src/main.c ****         metai_normalize_and_quantize(metai_raw, metai_qin);
 340:Core/Src/main.c **** 
 341:Core/Src/main.c ****         for (uint32_t i = 0; i < METAI_NUM_FEATURES; i++)
 342:Core/Src/main.c ****         {
 343:Core/Src/main.c ****           data_ins[0][i] = metai_qin[i];
 344:Core/Src/main.c ****         }
 345:Core/Src/main.c **** 
 346:Core/Src/main.c ****         if (MX_X_CUBE_AI_Run() != 0)
 347:Core/Src/main.c ****         {
 348:Core/Src/main.c ****           for (uint32_t i = 0; i < METAI_NUM_CLASSES; i++)
 349:Core/Src/main.c ****           {
 350:Core/Src/main.c ****             metai_out[i] = (int8_t)data_outs[0][i];
 351:Core/Src/main.c ****           }
 352:Core/Src/main.c ****           metai_decode_output(metai_out, &ai_class, &ai_confidence);
 353:Core/Src/main.c ****           printf("AI Prediction: %u (%s), confidence=%u%%\r\n",
 354:Core/Src/main.c ****                  ai_class,
 355:Core/Src/main.c ****                  METAI_CLASS_NAMES[ai_class],
 356:Core/Src/main.c ****                  ai_confidence);
 357:Core/Src/main.c **** 
 358:Core/Src/main.c ****           // Send the sensor readings and AI prediction over LoRa
 359:Core/Src/main.c ****           lora_envoi_data(temperature, pressure, humidity, ai_class, ai_confidence);
 360:Core/Src/main.c ****           HAL_Delay(1000); // Wait for 1 second to ensure the data is sent before sleeping the LoRa
 361:Core/Src/main.c ****         }
 362:Core/Src/main.c ****         else
 363:Core/Src/main.c ****         {
 364:Core/Src/main.c ****           printf("AI inference failed\r\n");
ARM GAS  /tmp/ccbJcx0I.s 			page 17


 365:Core/Src/main.c ****         }
 366:Core/Src/main.c ****       }
 367:Core/Src/main.c ****       else
 368:Core/Src/main.c ****       {
 369:Core/Src/main.c ****         printf("Waiting for 2min history: %u/3 samples ready\r\n", metai_hist_count);
 370:Core/Src/main.c ****       }
 371:Core/Src/main.c **** 
 372:Core/Src/main.c ****       // Met le lora en sleep
 373:Core/Src/main.c ****       lora_Sleep();
 374:Core/Src/main.c **** 
 375:Core/Src/main.c ****       // Switch off the LED to indicate that we have finished reading the sensors
 376:Core/Src/main.c ****       BSP_LED_Off(LED_GREEN);
 377:Core/Src/main.c ****     }
 378:Core/Src/main.c **** 
 379:Core/Src/main.c ****     /* USER CODE END WHILE */
 380:Core/Src/main.c **** 
 381:Core/Src/main.c ****     /* USER CODE BEGIN 3 */
 382:Core/Src/main.c **** 
 383:Core/Src/main.c ****     HAL_Delay(METAI_POLL_DELAY_MS); // Poll every 5 seconds for the next sample window
 384:Core/Src/main.c ****   }
 385:Core/Src/main.c ****   /* USER CODE END 3 */
 386:Core/Src/main.c **** }
 387:Core/Src/main.c **** 
 388:Core/Src/main.c **** /**
 389:Core/Src/main.c ****   * @brief System Clock Configuration
 390:Core/Src/main.c ****   * @retval None
 391:Core/Src/main.c ****   */
 392:Core/Src/main.c **** void SystemClock_Config(void)
 393:Core/Src/main.c **** {
 394:Core/Src/main.c ****   RCC_OscInitTypeDef RCC_OscInitStruct = {0};
 395:Core/Src/main.c ****   RCC_ClkInitTypeDef RCC_ClkInitStruct = {0};
 396:Core/Src/main.c **** 
 397:Core/Src/main.c ****   /** Configure the main internal regulator output voltage
 398:Core/Src/main.c ****   */
 399:Core/Src/main.c ****   if (HAL_PWREx_ControlVoltageScaling(PWR_REGULATOR_VOLTAGE_SCALE4) != HAL_OK)
 400:Core/Src/main.c ****   {
 401:Core/Src/main.c ****     Error_Handler();
 402:Core/Src/main.c ****   }
 403:Core/Src/main.c **** 
 404:Core/Src/main.c ****   /** Initializes the CPU, AHB and APB buses clocks
 405:Core/Src/main.c ****   */
 406:Core/Src/main.c ****   RCC_OscInitStruct.OscillatorType = RCC_OSCILLATORTYPE_MSI;
 407:Core/Src/main.c ****   RCC_OscInitStruct.MSIState = RCC_MSI_ON;
 408:Core/Src/main.c ****   RCC_OscInitStruct.MSICalibrationValue = RCC_MSICALIBRATION_DEFAULT;
 409:Core/Src/main.c ****   RCC_OscInitStruct.MSIClockRange = RCC_MSIRANGE_4;
 410:Core/Src/main.c ****   RCC_OscInitStruct.PLL.PLLState = RCC_PLL_NONE;
 411:Core/Src/main.c ****   if (HAL_RCC_OscConfig(&RCC_OscInitStruct) != HAL_OK)
 412:Core/Src/main.c ****   {
 413:Core/Src/main.c ****     Error_Handler();
 414:Core/Src/main.c ****   }
 415:Core/Src/main.c **** 
 416:Core/Src/main.c ****   /** Initializes the CPU, AHB and APB buses clocks
 417:Core/Src/main.c ****   */
 418:Core/Src/main.c ****   RCC_ClkInitStruct.ClockType = RCC_CLOCKTYPE_HCLK|RCC_CLOCKTYPE_SYSCLK
 419:Core/Src/main.c ****                               |RCC_CLOCKTYPE_PCLK1|RCC_CLOCKTYPE_PCLK2
 420:Core/Src/main.c ****                               |RCC_CLOCKTYPE_PCLK3;
 421:Core/Src/main.c ****   RCC_ClkInitStruct.SYSCLKSource = RCC_SYSCLKSOURCE_MSI;
ARM GAS  /tmp/ccbJcx0I.s 			page 18


 422:Core/Src/main.c ****   RCC_ClkInitStruct.AHBCLKDivider = RCC_SYSCLK_DIV1;
 423:Core/Src/main.c ****   RCC_ClkInitStruct.APB1CLKDivider = RCC_HCLK_DIV1;
 424:Core/Src/main.c ****   RCC_ClkInitStruct.APB2CLKDivider = RCC_HCLK_DIV1;
 425:Core/Src/main.c ****   RCC_ClkInitStruct.APB3CLKDivider = RCC_HCLK_DIV1;
 426:Core/Src/main.c **** 
 427:Core/Src/main.c ****   if (HAL_RCC_ClockConfig(&RCC_ClkInitStruct, FLASH_LATENCY_0) != HAL_OK)
 428:Core/Src/main.c ****   {
 429:Core/Src/main.c ****     Error_Handler();
 430:Core/Src/main.c ****   }
 431:Core/Src/main.c **** }
 432:Core/Src/main.c **** 
 433:Core/Src/main.c **** /**
 434:Core/Src/main.c ****   * @brief Power Configuration
 435:Core/Src/main.c ****   * @retval None
 436:Core/Src/main.c ****   */
 437:Core/Src/main.c **** static void SystemPower_Config(void)
 438:Core/Src/main.c **** {
 439:Core/Src/main.c **** 
 440:Core/Src/main.c ****   /*
 441:Core/Src/main.c ****    * Switch to SMPS regulator instead of LDO
 442:Core/Src/main.c ****    */
 443:Core/Src/main.c ****   if (HAL_PWREx_ConfigSupply(PWR_SMPS_SUPPLY) != HAL_OK)
 444:Core/Src/main.c ****   {
 445:Core/Src/main.c ****     Error_Handler();
 446:Core/Src/main.c ****   }
 447:Core/Src/main.c **** /* USER CODE BEGIN PWR */
 448:Core/Src/main.c **** /* USER CODE END PWR */
 449:Core/Src/main.c **** }
 450:Core/Src/main.c **** 
 451:Core/Src/main.c **** /**
 452:Core/Src/main.c ****   * @brief I2C1 Initialization Function
 453:Core/Src/main.c ****   * @param None
 454:Core/Src/main.c ****   * @retval None
 455:Core/Src/main.c ****   */
 456:Core/Src/main.c **** static void MX_I2C1_Init(void)
 457:Core/Src/main.c **** {
 458:Core/Src/main.c **** 
 459:Core/Src/main.c ****   /* USER CODE BEGIN I2C1_Init 0 */
 460:Core/Src/main.c **** 
 461:Core/Src/main.c ****   /* USER CODE END I2C1_Init 0 */
 462:Core/Src/main.c **** 
 463:Core/Src/main.c ****   /* USER CODE BEGIN I2C1_Init 1 */
 464:Core/Src/main.c **** 
 465:Core/Src/main.c ****   /* USER CODE END I2C1_Init 1 */
 466:Core/Src/main.c ****   hi2c1.Instance = I2C1;
 467:Core/Src/main.c ****   hi2c1.Init.Timing = 0x00000E14;
 468:Core/Src/main.c ****   hi2c1.Init.OwnAddress1 = 0;
 469:Core/Src/main.c ****   hi2c1.Init.AddressingMode = I2C_ADDRESSINGMODE_7BIT;
 470:Core/Src/main.c ****   hi2c1.Init.DualAddressMode = I2C_DUALADDRESS_DISABLE;
 471:Core/Src/main.c ****   hi2c1.Init.OwnAddress2 = 0;
 472:Core/Src/main.c ****   hi2c1.Init.OwnAddress2Masks = I2C_OA2_NOMASK;
 473:Core/Src/main.c ****   hi2c1.Init.GeneralCallMode = I2C_GENERALCALL_DISABLE;
 474:Core/Src/main.c ****   hi2c1.Init.NoStretchMode = I2C_NOSTRETCH_DISABLE;
 475:Core/Src/main.c ****   if (HAL_I2C_Init(&hi2c1) != HAL_OK)
 476:Core/Src/main.c ****   {
 477:Core/Src/main.c ****     Error_Handler();
 478:Core/Src/main.c ****   }
ARM GAS  /tmp/ccbJcx0I.s 			page 19


 479:Core/Src/main.c **** 
 480:Core/Src/main.c ****   /** Configure Analogue filter
 481:Core/Src/main.c ****   */
 482:Core/Src/main.c ****   if (HAL_I2CEx_ConfigAnalogFilter(&hi2c1, I2C_ANALOGFILTER_ENABLE) != HAL_OK)
 483:Core/Src/main.c ****   {
 484:Core/Src/main.c ****     Error_Handler();
 485:Core/Src/main.c ****   }
 486:Core/Src/main.c **** 
 487:Core/Src/main.c ****   /** Configure Digital filter
 488:Core/Src/main.c ****   */
 489:Core/Src/main.c ****   if (HAL_I2CEx_ConfigDigitalFilter(&hi2c1, 0) != HAL_OK)
 490:Core/Src/main.c ****   {
 491:Core/Src/main.c ****     Error_Handler();
 492:Core/Src/main.c ****   }
 493:Core/Src/main.c ****   /* USER CODE BEGIN I2C1_Init 2 */
 494:Core/Src/main.c **** 
 495:Core/Src/main.c ****   /* USER CODE END I2C1_Init 2 */
 496:Core/Src/main.c **** 
 497:Core/Src/main.c **** }
 498:Core/Src/main.c **** 
 499:Core/Src/main.c **** /**
 500:Core/Src/main.c ****   * @brief ICACHE Initialization Function
 501:Core/Src/main.c ****   * @param None
 502:Core/Src/main.c ****   * @retval None
 503:Core/Src/main.c ****   */
 504:Core/Src/main.c **** static void MX_ICACHE_Init(void)
 505:Core/Src/main.c **** {
 506:Core/Src/main.c **** 
 507:Core/Src/main.c ****   /* USER CODE BEGIN ICACHE_Init 0 */
 508:Core/Src/main.c **** 
 509:Core/Src/main.c ****   /* USER CODE END ICACHE_Init 0 */
 510:Core/Src/main.c **** 
 511:Core/Src/main.c ****   /* USER CODE BEGIN ICACHE_Init 1 */
 512:Core/Src/main.c **** 
 513:Core/Src/main.c ****   /* USER CODE END ICACHE_Init 1 */
 514:Core/Src/main.c **** 
 515:Core/Src/main.c ****   /** Enable instruction cache in 1-way (direct mapped cache)
 516:Core/Src/main.c ****   */
 517:Core/Src/main.c ****   if (HAL_ICACHE_ConfigAssociativityMode(ICACHE_1WAY) != HAL_OK)
 518:Core/Src/main.c ****   {
 519:Core/Src/main.c ****     Error_Handler();
 520:Core/Src/main.c ****   }
 521:Core/Src/main.c ****   if (HAL_ICACHE_Enable() != HAL_OK)
 522:Core/Src/main.c ****   {
 523:Core/Src/main.c ****     Error_Handler();
 524:Core/Src/main.c ****   }
 525:Core/Src/main.c ****   /* USER CODE BEGIN ICACHE_Init 2 */
 526:Core/Src/main.c **** 
 527:Core/Src/main.c ****   /* USER CODE END ICACHE_Init 2 */
 528:Core/Src/main.c **** 
 529:Core/Src/main.c **** }
 530:Core/Src/main.c **** 
 531:Core/Src/main.c **** /**
 532:Core/Src/main.c ****   * @brief LPUART1 Initialization Function
 533:Core/Src/main.c ****   * @param None
 534:Core/Src/main.c ****   * @retval None
 535:Core/Src/main.c ****   */
ARM GAS  /tmp/ccbJcx0I.s 			page 20


 536:Core/Src/main.c **** static void MX_LPUART1_UART_Init(void)
 537:Core/Src/main.c **** {
 538:Core/Src/main.c **** 
 539:Core/Src/main.c ****   /* USER CODE BEGIN LPUART1_Init 0 */
 540:Core/Src/main.c **** 
 541:Core/Src/main.c ****   /* USER CODE END LPUART1_Init 0 */
 542:Core/Src/main.c **** 
 543:Core/Src/main.c ****   /* USER CODE BEGIN LPUART1_Init 1 */
 544:Core/Src/main.c **** 
 545:Core/Src/main.c ****   /* USER CODE END LPUART1_Init 1 */
 546:Core/Src/main.c ****   hlpuart1.Instance = LPUART1;
 547:Core/Src/main.c ****   hlpuart1.Init.BaudRate = 9600;
 548:Core/Src/main.c ****   hlpuart1.Init.WordLength = UART_WORDLENGTH_8B;
 549:Core/Src/main.c ****   hlpuart1.Init.StopBits = UART_STOPBITS_1;
 550:Core/Src/main.c ****   hlpuart1.Init.Parity = UART_PARITY_NONE;
 551:Core/Src/main.c ****   hlpuart1.Init.Mode = UART_MODE_TX_RX;
 552:Core/Src/main.c ****   hlpuart1.Init.HwFlowCtl = UART_HWCONTROL_NONE;
 553:Core/Src/main.c ****   hlpuart1.Init.OneBitSampling = UART_ONE_BIT_SAMPLE_DISABLE;
 554:Core/Src/main.c ****   hlpuart1.Init.ClockPrescaler = UART_PRESCALER_DIV1;
 555:Core/Src/main.c ****   hlpuart1.AdvancedInit.AdvFeatureInit = UART_ADVFEATURE_NO_INIT;
 556:Core/Src/main.c ****   hlpuart1.FifoMode = UART_FIFOMODE_DISABLE;
 557:Core/Src/main.c ****   if (HAL_UART_Init(&hlpuart1) != HAL_OK)
 558:Core/Src/main.c ****   {
 559:Core/Src/main.c ****     Error_Handler();
 560:Core/Src/main.c ****   }
 561:Core/Src/main.c ****   if (HAL_UARTEx_SetTxFifoThreshold(&hlpuart1, UART_TXFIFO_THRESHOLD_1_8) != HAL_OK)
 562:Core/Src/main.c ****   {
 563:Core/Src/main.c ****     Error_Handler();
 564:Core/Src/main.c ****   }
 565:Core/Src/main.c ****   if (HAL_UARTEx_SetRxFifoThreshold(&hlpuart1, UART_RXFIFO_THRESHOLD_1_8) != HAL_OK)
 566:Core/Src/main.c ****   {
 567:Core/Src/main.c ****     Error_Handler();
 568:Core/Src/main.c ****   }
 569:Core/Src/main.c ****   if (HAL_UARTEx_DisableFifoMode(&hlpuart1) != HAL_OK)
 570:Core/Src/main.c ****   {
 571:Core/Src/main.c ****     Error_Handler();
 572:Core/Src/main.c ****   }
 573:Core/Src/main.c ****   /* USER CODE BEGIN LPUART1_Init 2 */
 574:Core/Src/main.c **** 
 575:Core/Src/main.c ****   /* USER CODE END LPUART1_Init 2 */
 576:Core/Src/main.c **** 
 577:Core/Src/main.c **** }
 578:Core/Src/main.c **** 
 579:Core/Src/main.c **** /**
 580:Core/Src/main.c ****   * @brief USART1 Initialization Function
 581:Core/Src/main.c ****   * @param None
 582:Core/Src/main.c ****   * @retval None
 583:Core/Src/main.c ****   */
 584:Core/Src/main.c **** static void MX_USART1_UART_Init(void)
 585:Core/Src/main.c **** {
 586:Core/Src/main.c **** 
 587:Core/Src/main.c ****   /* USER CODE BEGIN USART1_Init 0 */
 588:Core/Src/main.c **** 
 589:Core/Src/main.c ****   /* USER CODE END USART1_Init 0 */
 590:Core/Src/main.c **** 
 591:Core/Src/main.c ****   /* USER CODE BEGIN USART1_Init 1 */
 592:Core/Src/main.c **** 
ARM GAS  /tmp/ccbJcx0I.s 			page 21


 593:Core/Src/main.c ****   /* USER CODE END USART1_Init 1 */
 594:Core/Src/main.c ****   huart1.Instance = USART1;
 595:Core/Src/main.c ****   huart1.Init.BaudRate = 115200;
 596:Core/Src/main.c ****   huart1.Init.WordLength = UART_WORDLENGTH_8B;
 597:Core/Src/main.c ****   huart1.Init.StopBits = UART_STOPBITS_1;
 598:Core/Src/main.c ****   huart1.Init.Parity = UART_PARITY_NONE;
 599:Core/Src/main.c ****   huart1.Init.Mode = UART_MODE_TX_RX;
 600:Core/Src/main.c ****   huart1.Init.HwFlowCtl = UART_HWCONTROL_NONE;
 601:Core/Src/main.c ****   huart1.Init.OverSampling = UART_OVERSAMPLING_16;
 602:Core/Src/main.c ****   huart1.Init.OneBitSampling = UART_ONE_BIT_SAMPLE_DISABLE;
 603:Core/Src/main.c ****   huart1.Init.ClockPrescaler = UART_PRESCALER_DIV1;
 604:Core/Src/main.c ****   huart1.AdvancedInit.AdvFeatureInit = UART_ADVFEATURE_NO_INIT;
 605:Core/Src/main.c ****   if (HAL_UART_Init(&huart1) != HAL_OK)
 606:Core/Src/main.c ****   {
 607:Core/Src/main.c ****     Error_Handler();
 608:Core/Src/main.c ****   }
 609:Core/Src/main.c ****   if (HAL_UARTEx_SetTxFifoThreshold(&huart1, UART_TXFIFO_THRESHOLD_1_8) != HAL_OK)
 610:Core/Src/main.c ****   {
 611:Core/Src/main.c ****     Error_Handler();
 612:Core/Src/main.c ****   }
 613:Core/Src/main.c ****   if (HAL_UARTEx_SetRxFifoThreshold(&huart1, UART_RXFIFO_THRESHOLD_1_8) != HAL_OK)
 614:Core/Src/main.c ****   {
 615:Core/Src/main.c ****     Error_Handler();
 616:Core/Src/main.c ****   }
 617:Core/Src/main.c ****   if (HAL_UARTEx_DisableFifoMode(&huart1) != HAL_OK)
 618:Core/Src/main.c ****   {
 619:Core/Src/main.c ****     Error_Handler();
 620:Core/Src/main.c ****   }
 621:Core/Src/main.c ****   /* USER CODE BEGIN USART1_Init 2 */
 622:Core/Src/main.c **** 
 623:Core/Src/main.c ****   /* USER CODE END USART1_Init 2 */
 624:Core/Src/main.c **** 
 625:Core/Src/main.c **** }
 626:Core/Src/main.c **** 
 627:Core/Src/main.c **** /**
 628:Core/Src/main.c ****   * @brief GPIO Initialization Function
 629:Core/Src/main.c ****   * @param None
 630:Core/Src/main.c ****   * @retval None
 631:Core/Src/main.c ****   */
 632:Core/Src/main.c **** static void MX_GPIO_Init(void)
 633:Core/Src/main.c **** {
 443              		.loc 1 633 1 is_stmt 1 view -0
 444              		.cfi_startproc
 445              		@ args = 0, pretend = 0, frame = 8
 446              		@ frame_needed = 0, uses_anonymous_args = 0
 447              		@ link register save eliminated.
 448 0000 82B0     		sub	sp, sp, #8
 449              	.LCFI6:
 450              		.cfi_def_cfa_offset 8
 634:Core/Src/main.c ****   /* USER CODE BEGIN MX_GPIO_Init_1 */
 635:Core/Src/main.c **** 
 636:Core/Src/main.c ****   /* USER CODE END MX_GPIO_Init_1 */
 637:Core/Src/main.c **** 
 638:Core/Src/main.c ****   /* GPIO Ports Clock Enable */
 639:Core/Src/main.c ****   __HAL_RCC_GPIOA_CLK_ENABLE();
 451              		.loc 1 639 3 view .LVU103
 452              	.LBB11:
ARM GAS  /tmp/ccbJcx0I.s 			page 22


 453              		.loc 1 639 3 view .LVU104
 454              		.loc 1 639 3 view .LVU105
 455 0002 0D4B     		ldr	r3, .L42
 456 0004 D3F88C20 		ldr	r2, [r3, #140]
 457 0008 42F00102 		orr	r2, r2, #1
 458 000c C3F88C20 		str	r2, [r3, #140]
 459              		.loc 1 639 3 view .LVU106
 460 0010 D3F88C20 		ldr	r2, [r3, #140]
 461 0014 02F00102 		and	r2, r2, #1
 462 0018 0092     		str	r2, [sp]
 463              		.loc 1 639 3 view .LVU107
 464 001a 009A     		ldr	r2, [sp]
 465              	.LBE11:
 466              		.loc 1 639 3 view .LVU108
 640:Core/Src/main.c ****   __HAL_RCC_GPIOB_CLK_ENABLE();
 467              		.loc 1 640 3 view .LVU109
 468              	.LBB12:
 469              		.loc 1 640 3 view .LVU110
 470              		.loc 1 640 3 view .LVU111
 471 001c D3F88C20 		ldr	r2, [r3, #140]
 472 0020 42F00202 		orr	r2, r2, #2
 473 0024 C3F88C20 		str	r2, [r3, #140]
 474              		.loc 1 640 3 view .LVU112
 475 0028 D3F88C30 		ldr	r3, [r3, #140]
 476 002c 03F00203 		and	r3, r3, #2
 477 0030 0193     		str	r3, [sp, #4]
 478              		.loc 1 640 3 view .LVU113
 479 0032 019B     		ldr	r3, [sp, #4]
 480              	.LBE12:
 481              		.loc 1 640 3 view .LVU114
 641:Core/Src/main.c **** 
 642:Core/Src/main.c ****   /* USER CODE BEGIN MX_GPIO_Init_2 */
 643:Core/Src/main.c **** 
 644:Core/Src/main.c ****   /* USER CODE END MX_GPIO_Init_2 */
 645:Core/Src/main.c **** }
 482              		.loc 1 645 1 is_stmt 0 view .LVU115
 483 0034 02B0     		add	sp, sp, #8
 484              	.LCFI7:
 485              		.cfi_def_cfa_offset 0
 486              		@ sp needed
 487 0036 7047     		bx	lr
 488              	.L43:
 489              		.align	2
 490              	.L42:
 491 0038 000C0246 		.word	1174539264
 492              		.cfi_endproc
 493              	.LFE176:
 495              		.section	.text.metai_build_raw_features,"ax",%progbits
 496              		.align	1
 497              		.syntax unified
 498              		.thumb
 499              		.thumb_func
 501              	metai_build_raw_features:
 502              	.LVL33:
 503              	.LFB166:
 134:Core/Src/main.c ****   const metai_sample_t* t0 = &metai_hist[0];
 504              		.loc 1 134 1 is_stmt 1 view -0
ARM GAS  /tmp/ccbJcx0I.s 			page 23


 505              		.cfi_startproc
 506              		@ args = 0, pretend = 0, frame = 0
 507              		@ frame_needed = 0, uses_anonymous_args = 0
 134:Core/Src/main.c ****   const metai_sample_t* t0 = &metai_hist[0];
 508              		.loc 1 134 1 is_stmt 0 view .LVU117
 509 0000 70B5     		push	{r4, r5, r6, lr}
 510              	.LCFI8:
 511              		.cfi_def_cfa_offset 16
 512              		.cfi_offset 4, -16
 513              		.cfi_offset 5, -12
 514              		.cfi_offset 6, -8
 515              		.cfi_offset 14, -4
 516 0002 2DED048B 		vpush.64	{d8, d9}
 517              	.LCFI9:
 518              		.cfi_def_cfa_offset 32
 519              		.cfi_offset 80, -32
 520              		.cfi_offset 81, -28
 521              		.cfi_offset 82, -24
 522              		.cfi_offset 83, -20
 523 0006 0446     		mov	r4, r0
 135:Core/Src/main.c ****   const metai_sample_t* t3 = &metai_hist[1];
 524              		.loc 1 135 3 is_stmt 1 view .LVU118
 525              	.LVL34:
 136:Core/Src/main.c ****   const metai_sample_t* t6 = &metai_hist[2];
 526              		.loc 1 136 3 view .LVU119
 137:Core/Src/main.c **** 
 527              		.loc 1 137 3 view .LVU120
 139:Core/Src/main.c ****   const float hour = (float)((t0->tick_ms / 3600000UL) % 24UL);
 528              		.loc 1 139 3 view .LVU121
 139:Core/Src/main.c ****   const float hour = (float)((t0->tick_ms / 3600000UL) % 24UL);
 529              		.loc 1 139 23 is_stmt 0 view .LVU122
 530 0008 384D     		ldr	r5, .L46
 531 000a D5ED008A 		vldr.32	s17, [r5]
 139:Core/Src/main.c ****   const float hour = (float)((t0->tick_ms / 3600000UL) % 24UL);
 532              		.loc 1 139 44 view .LVU123
 533 000e 95ED028A 		vldr.32	s16, [r5, #8]
 139:Core/Src/main.c ****   const float hour = (float)((t0->tick_ms / 3600000UL) % 24UL);
 534              		.loc 1 139 40 view .LVU124
 535 0012 DFED377A 		vldr.32	s15, .L46+4
 536 0016 77EEC87A 		vsub.f32	s15, s15, s16
 139:Core/Src/main.c ****   const float hour = (float)((t0->tick_ms / 3600000UL) % 24UL);
 537              		.loc 1 139 52 view .LVU125
 538 001a B1EE047A 		vmov.f32	s14, #5.0e+0
 539 001e 87EE879A 		vdiv.f32	s18, s15, s14
 139:Core/Src/main.c ****   const float hour = (float)((t0->tick_ms / 3600000UL) % 24UL);
 540              		.loc 1 139 15 view .LVU126
 541 0022 38EEC99A 		vsub.f32	s18, s17, s18
 542              	.LVL35:
 140:Core/Src/main.c ****   const float hour_sin = sinf(2.0f * 3.14159265359f * hour / 24.0f);
 543              		.loc 1 140 3 is_stmt 1 view .LVU127
 140:Core/Src/main.c ****   const float hour_sin = sinf(2.0f * 3.14159265359f * hour / 24.0f);
 544              		.loc 1 140 33 is_stmt 0 view .LVU128
 545 0026 EA68     		ldr	r2, [r5, #12]
 140:Core/Src/main.c ****   const float hour_sin = sinf(2.0f * 3.14159265359f * hour / 24.0f);
 546              		.loc 1 140 43 view .LVU129
 547 0028 324B     		ldr	r3, .L46+8
 548 002a A3FB0232 		umull	r3, r2, r3, r2
ARM GAS  /tmp/ccbJcx0I.s 			page 24


 549 002e 520D     		lsrs	r2, r2, #21
 140:Core/Src/main.c ****   const float hour_sin = sinf(2.0f * 3.14159265359f * hour / 24.0f);
 550              		.loc 1 140 56 view .LVU130
 551 0030 314B     		ldr	r3, .L46+12
 552 0032 A3FB0213 		umull	r1, r3, r3, r2
 553 0036 1B09     		lsrs	r3, r3, #4
 554 0038 03EB4303 		add	r3, r3, r3, lsl #1
 555 003c A2EBC303 		sub	r3, r2, r3, lsl #3
 140:Core/Src/main.c ****   const float hour_sin = sinf(2.0f * 3.14159265359f * hour / 24.0f);
 556              		.loc 1 140 15 view .LVU131
 557 0040 07EE903A 		vmov	s15, r3	@ int
 558 0044 F8EE677A 		vcvt.f32.u32	s15, s15
 559              	.LVL36:
 141:Core/Src/main.c ****   const float hour_cos = cosf(2.0f * 3.14159265359f * hour / 24.0f);
 560              		.loc 1 141 3 is_stmt 1 view .LVU132
 141:Core/Src/main.c ****   const float hour_cos = cosf(2.0f * 3.14159265359f * hour / 24.0f);
 561              		.loc 1 141 53 is_stmt 0 view .LVU133
 562 0048 9FED2C7A 		vldr.32	s14, .L46+16
 563 004c 67EE877A 		vmul.f32	s15, s15, s14
 564              	.LVL37:
 141:Core/Src/main.c ****   const float hour_cos = cosf(2.0f * 3.14159265359f * hour / 24.0f);
 565              		.loc 1 141 26 view .LVU134
 566 0050 B3EE087A 		vmov.f32	s14, #2.4e+1
 567 0054 C7EE879A 		vdiv.f32	s19, s15, s14
 568 0058 B0EE690A 		vmov.f32	s0, s19
 569 005c FFF7FEFF 		bl	sinf
 570              	.LVL38:
 141:Core/Src/main.c ****   const float hour_cos = cosf(2.0f * 3.14159265359f * hour / 24.0f);
 571              		.loc 1 141 26 view .LVU135
 572 0060 10EE106A 		vmov	r6, s0
 573              	.LVL39:
 142:Core/Src/main.c **** 
 574              		.loc 1 142 3 is_stmt 1 view .LVU136
 142:Core/Src/main.c **** 
 575              		.loc 1 142 26 is_stmt 0 view .LVU137
 576 0064 B0EE690A 		vmov.f32	s0, s19
 577 0068 FFF7FEFF 		bl	cosf
 578              	.LVL40:
 144:Core/Src/main.c ****   raw[1] = t0->pres;
 579              		.loc 1 144 3 is_stmt 1 view .LVU138
 144:Core/Src/main.c ****   raw[1] = t0->pres;
 580              		.loc 1 144 10 is_stmt 0 view .LVU139
 581 006c C4ED008A 		vstr.32	s17, [r4]
 145:Core/Src/main.c ****   raw[2] = t0->rhum;
 582              		.loc 1 145 3 is_stmt 1 view .LVU140
 145:Core/Src/main.c ****   raw[2] = t0->rhum;
 583              		.loc 1 145 14 is_stmt 0 view .LVU141
 584 0070 D5ED017A 		vldr.32	s15, [r5, #4]
 145:Core/Src/main.c ****   raw[2] = t0->rhum;
 585              		.loc 1 145 10 view .LVU142
 586 0074 C4ED017A 		vstr.32	s15, [r4, #4]
 146:Core/Src/main.c **** 
 587              		.loc 1 146 3 is_stmt 1 view .LVU143
 146:Core/Src/main.c **** 
 588              		.loc 1 146 10 is_stmt 0 view .LVU144
 589 0078 84ED028A 		vstr.32	s16, [r4, #8]
 148:Core/Src/main.c ****   raw[4] = t3->pres;
ARM GAS  /tmp/ccbJcx0I.s 			page 25


 590              		.loc 1 148 3 is_stmt 1 view .LVU145
 148:Core/Src/main.c ****   raw[4] = t3->pres;
 591              		.loc 1 148 14 is_stmt 0 view .LVU146
 592 007c 95ED046A 		vldr.32	s12, [r5, #16]
 148:Core/Src/main.c ****   raw[4] = t3->pres;
 593              		.loc 1 148 10 view .LVU147
 594 0080 84ED036A 		vstr.32	s12, [r4, #12]
 149:Core/Src/main.c ****   raw[5] = t3->rhum;
 595              		.loc 1 149 3 is_stmt 1 view .LVU148
 149:Core/Src/main.c ****   raw[5] = t3->rhum;
 596              		.loc 1 149 14 is_stmt 0 view .LVU149
 597 0084 D5ED056A 		vldr.32	s13, [r5, #20]
 149:Core/Src/main.c ****   raw[5] = t3->rhum;
 598              		.loc 1 149 10 view .LVU150
 599 0088 C4ED046A 		vstr.32	s13, [r4, #16]
 150:Core/Src/main.c **** 
 600              		.loc 1 150 3 is_stmt 1 view .LVU151
 150:Core/Src/main.c **** 
 601              		.loc 1 150 14 is_stmt 0 view .LVU152
 602 008c 95ED067A 		vldr.32	s14, [r5, #24]
 150:Core/Src/main.c **** 
 603              		.loc 1 150 10 view .LVU153
 604 0090 84ED057A 		vstr.32	s14, [r4, #20]
 152:Core/Src/main.c ****   raw[7] = t6->pres;
 605              		.loc 1 152 3 is_stmt 1 view .LVU154
 152:Core/Src/main.c ****   raw[7] = t6->pres;
 606              		.loc 1 152 14 is_stmt 0 view .LVU155
 607 0094 D5ED084A 		vldr.32	s9, [r5, #32]
 152:Core/Src/main.c ****   raw[7] = t6->pres;
 608              		.loc 1 152 10 view .LVU156
 609 0098 C4ED064A 		vstr.32	s9, [r4, #24]
 153:Core/Src/main.c ****   raw[8] = t6->rhum;
 610              		.loc 1 153 3 is_stmt 1 view .LVU157
 153:Core/Src/main.c ****   raw[8] = t6->rhum;
 611              		.loc 1 153 14 is_stmt 0 view .LVU158
 612 009c 95ED095A 		vldr.32	s10, [r5, #36]
 153:Core/Src/main.c ****   raw[8] = t6->rhum;
 613              		.loc 1 153 10 view .LVU159
 614 00a0 84ED075A 		vstr.32	s10, [r4, #28]
 154:Core/Src/main.c **** 
 615              		.loc 1 154 3 is_stmt 1 view .LVU160
 154:Core/Src/main.c **** 
 616              		.loc 1 154 14 is_stmt 0 view .LVU161
 617 00a4 D5ED0A5A 		vldr.32	s11, [r5, #40]
 154:Core/Src/main.c **** 
 618              		.loc 1 154 10 view .LVU162
 619 00a8 C4ED085A 		vstr.32	s11, [r4, #32]
 156:Core/Src/main.c ****   raw[10] = t0->pres - t3->pres;
 620              		.loc 1 156 3 is_stmt 1 view .LVU163
 156:Core/Src/main.c ****   raw[10] = t0->pres - t3->pres;
 621              		.loc 1 156 21 is_stmt 0 view .LVU164
 622 00ac 38EEC66A 		vsub.f32	s12, s17, s12
 156:Core/Src/main.c ****   raw[10] = t0->pres - t3->pres;
 623              		.loc 1 156 10 view .LVU165
 624 00b0 84ED096A 		vstr.32	s12, [r4, #36]
 157:Core/Src/main.c ****   raw[11] = t0->rhum - t3->rhum;
 625              		.loc 1 157 3 is_stmt 1 view .LVU166
ARM GAS  /tmp/ccbJcx0I.s 			page 26


 157:Core/Src/main.c ****   raw[11] = t0->rhum - t3->rhum;
 626              		.loc 1 157 22 is_stmt 0 view .LVU167
 627 00b4 77EEE66A 		vsub.f32	s13, s15, s13
 157:Core/Src/main.c ****   raw[11] = t0->rhum - t3->rhum;
 628              		.loc 1 157 11 view .LVU168
 629 00b8 C4ED0A6A 		vstr.32	s13, [r4, #40]
 158:Core/Src/main.c **** 
 630              		.loc 1 158 3 is_stmt 1 view .LVU169
 158:Core/Src/main.c **** 
 631              		.loc 1 158 22 is_stmt 0 view .LVU170
 632 00bc 38EE477A 		vsub.f32	s14, s16, s14
 158:Core/Src/main.c **** 
 633              		.loc 1 158 11 view .LVU171
 634 00c0 84ED0B7A 		vstr.32	s14, [r4, #44]
 160:Core/Src/main.c ****   raw[13] = t0->pres - t6->pres;
 635              		.loc 1 160 3 is_stmt 1 view .LVU172
 160:Core/Src/main.c ****   raw[13] = t0->pres - t6->pres;
 636              		.loc 1 160 22 is_stmt 0 view .LVU173
 637 00c4 78EEE48A 		vsub.f32	s17, s17, s9
 160:Core/Src/main.c ****   raw[13] = t0->pres - t6->pres;
 638              		.loc 1 160 11 view .LVU174
 639 00c8 C4ED0C8A 		vstr.32	s17, [r4, #48]
 161:Core/Src/main.c ****   raw[14] = t0->rhum - t6->rhum;
 640              		.loc 1 161 3 is_stmt 1 view .LVU175
 161:Core/Src/main.c ****   raw[14] = t0->rhum - t6->rhum;
 641              		.loc 1 161 22 is_stmt 0 view .LVU176
 642 00cc 77EEC57A 		vsub.f32	s15, s15, s10
 161:Core/Src/main.c ****   raw[14] = t0->rhum - t6->rhum;
 643              		.loc 1 161 11 view .LVU177
 644 00d0 C4ED0D7A 		vstr.32	s15, [r4, #52]
 162:Core/Src/main.c **** 
 645              		.loc 1 162 3 is_stmt 1 view .LVU178
 162:Core/Src/main.c **** 
 646              		.loc 1 162 22 is_stmt 0 view .LVU179
 647 00d4 38EE658A 		vsub.f32	s16, s16, s11
 162:Core/Src/main.c **** 
 648              		.loc 1 162 11 view .LVU180
 649 00d8 84ED0E8A 		vstr.32	s16, [r4, #56]
 164:Core/Src/main.c ****   raw[16] = hour_sin;
 650              		.loc 1 164 3 is_stmt 1 view .LVU181
 164:Core/Src/main.c ****   raw[16] = hour_sin;
 651              		.loc 1 164 11 is_stmt 0 view .LVU182
 652 00dc 84ED0F9A 		vstr.32	s18, [r4, #60]
 165:Core/Src/main.c ****   raw[17] = hour_cos;
 653              		.loc 1 165 3 is_stmt 1 view .LVU183
 165:Core/Src/main.c ****   raw[17] = hour_cos;
 654              		.loc 1 165 11 is_stmt 0 view .LVU184
 655 00e0 2664     		str	r6, [r4, #64]	@ float
 166:Core/Src/main.c **** }
 656              		.loc 1 166 3 is_stmt 1 view .LVU185
 166:Core/Src/main.c **** }
 657              		.loc 1 166 11 is_stmt 0 view .LVU186
 658 00e2 84ED110A 		vstr.32	s0, [r4, #68]
 167:Core/Src/main.c **** 
 659              		.loc 1 167 1 view .LVU187
 660 00e6 BDEC048B 		vldm	sp!, {d8-d9}
 661              	.LCFI10:
ARM GAS  /tmp/ccbJcx0I.s 			page 27


 662              		.cfi_restore 82
 663              		.cfi_restore 83
 664              		.cfi_restore 80
 665              		.cfi_restore 81
 666              		.cfi_def_cfa_offset 16
 667              	.LVL41:
 167:Core/Src/main.c **** 
 668              		.loc 1 167 1 view .LVU188
 669 00ea 70BD     		pop	{r4, r5, r6, pc}
 670              	.LVL42:
 671              	.L47:
 167:Core/Src/main.c **** 
 672              		.loc 1 167 1 view .LVU189
 673              		.align	2
 674              	.L46:
 675 00ec 00000000 		.word	metai_hist
 676 00f0 0000C842 		.word	1120403456
 677 00f4 B17C2195 		.word	-1792967503
 678 00f8 ABAAAAAA 		.word	-1431655765
 679 00fc DB0FC940 		.word	1086918619
 680              		.cfi_endproc
 681              	.LFE166:
 683              		.section	.text.metai_decode_output,"ax",%progbits
 684              		.align	1
 685              		.syntax unified
 686              		.thumb
 687              		.thumb_func
 689              	metai_decode_output:
 690              	.LVL43:
 691              	.LFB168:
 177:Core/Src/main.c ****   uint8_t best_idx = 0U;
 692              		.loc 1 177 1 is_stmt 1 view -0
 693              		.cfi_startproc
 694              		@ args = 0, pretend = 0, frame = 0
 695              		@ frame_needed = 0, uses_anonymous_args = 0
 177:Core/Src/main.c ****   uint8_t best_idx = 0U;
 696              		.loc 1 177 1 is_stmt 0 view .LVU191
 697 0000 70B5     		push	{r4, r5, r6, lr}
 698              	.LCFI11:
 699              		.cfi_def_cfa_offset 16
 700              		.cfi_offset 4, -16
 701              		.cfi_offset 5, -12
 702              		.cfi_offset 6, -8
 703              		.cfi_offset 14, -4
 704 0002 0E46     		mov	r6, r1
 705 0004 1546     		mov	r5, r2
 178:Core/Src/main.c ****   int8_t best_raw = out_i8[0];
 706              		.loc 1 178 3 is_stmt 1 view .LVU192
 707              	.LVL44:
 179:Core/Src/main.c **** 
 708              		.loc 1 179 3 view .LVU193
 179:Core/Src/main.c **** 
 709              		.loc 1 179 10 is_stmt 0 view .LVU194
 710 0006 90F900E0 		ldrsb	lr, [r0]
 711              	.LVL45:
 181:Core/Src/main.c ****   {
 712              		.loc 1 181 3 is_stmt 1 view .LVU195
ARM GAS  /tmp/ccbJcx0I.s 			page 28


 713              	.LBB13:
 181:Core/Src/main.c ****   {
 714              		.loc 1 181 8 view .LVU196
 181:Core/Src/main.c ****   {
 715              		.loc 1 181 16 is_stmt 0 view .LVU197
 716 000a 0123     		movs	r3, #1
 717              	.LBE13:
 178:Core/Src/main.c ****   int8_t best_raw = out_i8[0];
 718              		.loc 1 178 11 view .LVU198
 719 000c 0024     		movs	r4, #0
 720              	.LBB14:
 181:Core/Src/main.c ****   {
 721              		.loc 1 181 3 view .LVU199
 722 000e 01E0     		b	.L49
 723              	.LVL46:
 724              	.L50:
 181:Core/Src/main.c ****   {
 725              		.loc 1 181 48 is_stmt 1 discriminator 2 view .LVU200
 726 0010 0133     		adds	r3, r3, #1
 727              	.LVL47:
 181:Core/Src/main.c ****   {
 728              		.loc 1 181 48 is_stmt 0 discriminator 2 view .LVU201
 729 0012 DBB2     		uxtb	r3, r3
 730              	.LVL48:
 731              	.L49:
 181:Core/Src/main.c ****   {
 732              		.loc 1 181 26 is_stmt 1 discriminator 1 view .LVU202
 733 0014 082B     		cmp	r3, #8
 734 0016 06D8     		bhi	.L54
 183:Core/Src/main.c ****     {
 735              		.loc 1 183 5 view .LVU203
 183:Core/Src/main.c ****     {
 736              		.loc 1 183 15 is_stmt 0 view .LVU204
 737 0018 10F903C0 		ldrsb	ip, [r0, r3]
 183:Core/Src/main.c ****     {
 738              		.loc 1 183 8 view .LVU205
 739 001c F445     		cmp	ip, lr
 740 001e F7DD     		ble	.L50
 185:Core/Src/main.c ****       best_idx = i;
 741              		.loc 1 185 16 view .LVU206
 742 0020 E646     		mov	lr, ip
 743              	.LVL49:
 186:Core/Src/main.c ****     }
 744              		.loc 1 186 16 view .LVU207
 745 0022 1C46     		mov	r4, r3
 746              	.LVL50:
 186:Core/Src/main.c ****     }
 747              		.loc 1 186 16 view .LVU208
 748 0024 F4E7     		b	.L50
 749              	.LVL51:
 750              	.L54:
 186:Core/Src/main.c ****     }
 751              		.loc 1 186 16 view .LVU209
 752              	.LBE14:
 753              	.LBB15:
 191:Core/Src/main.c ****     prob = metai_clipf(prob, 0.0f, 1.0f);
 754              		.loc 1 191 5 is_stmt 1 view .LVU210
ARM GAS  /tmp/ccbJcx0I.s 			page 29


 191:Core/Src/main.c ****     prob = metai_clipf(prob, 0.0f, 1.0f);
 755              		.loc 1 191 19 is_stmt 0 view .LVU211
 756 0026 07EE90EA 		vmov	s15, lr	@ int
 757 002a F8EEE77A 		vcvt.f32.s32	s15, s15
 191:Core/Src/main.c ****     prob = metai_clipf(prob, 0.0f, 1.0f);
 758              		.loc 1 191 35 view .LVU212
 759 002e 9FED0B7A 		vldr.32	s14, .L55
 760 0032 77EE877A 		vadd.f32	s15, s15, s14
 761              	.LVL52:
 192:Core/Src/main.c ****     *class_idx = best_idx;
 762              		.loc 1 192 5 is_stmt 1 view .LVU213
 192:Core/Src/main.c ****     *class_idx = best_idx;
 763              		.loc 1 192 12 is_stmt 0 view .LVU214
 764 0036 B7EE001A 		vmov.f32	s2, #1.0e+0
 765 003a DFED090A 		vldr.32	s1, .L55+4
 766 003e 9FED090A 		vldr.32	s0, .L55+8
 767 0042 27EE800A 		vmul.f32	s0, s15, s0
 768              	.LVL53:
 192:Core/Src/main.c ****     *class_idx = best_idx;
 769              		.loc 1 192 12 view .LVU215
 770 0046 FFF7FEFF 		bl	metai_clipf
 771              	.LVL54:
 193:Core/Src/main.c ****     *confidence_pct = (uint8_t)lroundf(prob * 100.0f);
 772              		.loc 1 193 5 is_stmt 1 view .LVU216
 193:Core/Src/main.c ****     *confidence_pct = (uint8_t)lroundf(prob * 100.0f);
 773              		.loc 1 193 16 is_stmt 0 view .LVU217
 774 004a 3470     		strb	r4, [r6]
 194:Core/Src/main.c ****   }
 775              		.loc 1 194 5 is_stmt 1 view .LVU218
 194:Core/Src/main.c ****   }
 776              		.loc 1 194 32 is_stmt 0 view .LVU219
 777 004c DFED067A 		vldr.32	s15, .L55+12
 778 0050 20EE270A 		vmul.f32	s0, s0, s15
 779              	.LVL55:
 194:Core/Src/main.c ****   }
 780              		.loc 1 194 32 view .LVU220
 781 0054 FFF7FEFF 		bl	lroundf
 782              	.LVL56:
 194:Core/Src/main.c ****   }
 783              		.loc 1 194 21 discriminator 1 view .LVU221
 784 0058 2870     		strb	r0, [r5]
 785              	.LBE15:
 196:Core/Src/main.c **** 
 786              		.loc 1 196 1 view .LVU222
 787 005a 70BD     		pop	{r4, r5, r6, pc}
 788              	.LVL57:
 789              	.L56:
 196:Core/Src/main.c **** 
 790              		.loc 1 196 1 view .LVU223
 791              		.align	2
 792              	.L55:
 793 005c 00000043 		.word	1124073472
 794 0060 00000000 		.word	0
 795 0064 0000803B 		.word	998244352
 796 0068 0000C842 		.word	1120403456
 797              		.cfi_endproc
 798              	.LFE168:
ARM GAS  /tmp/ccbJcx0I.s 			page 30


 800              		.section	.text.__io_putchar,"ax",%progbits
 801              		.align	1
 802              		.global	__io_putchar
 803              		.syntax unified
 804              		.thumb
 805              		.thumb_func
 807              	__io_putchar:
 808              	.LVL58:
 809              	.LFB177:
 646:Core/Src/main.c **** 
 647:Core/Src/main.c **** /* USER CODE BEGIN 4 */
 648:Core/Src/main.c **** int __io_putchar(int ch)
 649:Core/Src/main.c **** {
 810              		.loc 1 649 1 is_stmt 1 view -0
 811              		.cfi_startproc
 812              		@ args = 0, pretend = 0, frame = 8
 813              		@ frame_needed = 0, uses_anonymous_args = 0
 814              		.loc 1 649 1 is_stmt 0 view .LVU225
 815 0000 00B5     		push	{lr}
 816              	.LCFI12:
 817              		.cfi_def_cfa_offset 4
 818              		.cfi_offset 14, -4
 819 0002 83B0     		sub	sp, sp, #12
 820              	.LCFI13:
 821              		.cfi_def_cfa_offset 16
 822 0004 0190     		str	r0, [sp, #4]
 650:Core/Src/main.c ****   HAL_UART_Transmit(&huart1, (uint8_t *)&ch, 1, HAL_MAX_DELAY);
 823              		.loc 1 650 3 is_stmt 1 view .LVU226
 824 0006 4FF0FF33 		mov	r3, #-1
 825 000a 0122     		movs	r2, #1
 826 000c 01A9     		add	r1, sp, #4
 827 000e 0348     		ldr	r0, .L59
 828              	.LVL59:
 829              		.loc 1 650 3 is_stmt 0 view .LVU227
 830 0010 FFF7FEFF 		bl	HAL_UART_Transmit
 831              	.LVL60:
 651:Core/Src/main.c ****   return ch;
 832              		.loc 1 651 3 is_stmt 1 view .LVU228
 652:Core/Src/main.c **** }
 833              		.loc 1 652 1 is_stmt 0 view .LVU229
 834 0014 0198     		ldr	r0, [sp, #4]
 835 0016 03B0     		add	sp, sp, #12
 836              	.LCFI14:
 837              		.cfi_def_cfa_offset 4
 838              		@ sp needed
 839 0018 5DF804FB 		ldr	pc, [sp], #4
 840              	.L60:
 841              		.align	2
 842              	.L59:
 843 001c 00000000 		.word	huart1
 844              		.cfi_endproc
 845              	.LFE177:
 847              		.section	.text.BSP_PB_Callback,"ax",%progbits
 848              		.align	1
 849              		.global	BSP_PB_Callback
 850              		.syntax unified
 851              		.thumb
ARM GAS  /tmp/ccbJcx0I.s 			page 31


 852              		.thumb_func
 854              	BSP_PB_Callback:
 855              	.LVL61:
 856              	.LFB178:
 653:Core/Src/main.c **** /* USER CODE END 4 */
 654:Core/Src/main.c **** 
 655:Core/Src/main.c **** /**
 656:Core/Src/main.c ****   * @brief BSP Push Button callback
 657:Core/Src/main.c ****   * @param Button Specifies the pressed button
 658:Core/Src/main.c ****   * @retval None
 659:Core/Src/main.c ****   */
 660:Core/Src/main.c **** void BSP_PB_Callback(Button_TypeDef Button)
 661:Core/Src/main.c **** {
 857              		.loc 1 661 1 is_stmt 1 view -0
 858              		.cfi_startproc
 859              		@ args = 0, pretend = 0, frame = 0
 860              		@ frame_needed = 0, uses_anonymous_args = 0
 861              		@ link register save eliminated.
 662:Core/Src/main.c ****   if (Button == BUTTON_USER)
 862              		.loc 1 662 3 view .LVU231
 863              		.loc 1 662 6 is_stmt 0 view .LVU232
 864 0000 10B9     		cbnz	r0, .L61
 663:Core/Src/main.c ****   {
 664:Core/Src/main.c ****     BspButtonState = BUTTON_PRESSED;
 865              		.loc 1 664 5 is_stmt 1 view .LVU233
 866              		.loc 1 664 20 is_stmt 0 view .LVU234
 867 0002 024B     		ldr	r3, .L63
 868 0004 0122     		movs	r2, #1
 869 0006 1A60     		str	r2, [r3]
 870              	.L61:
 665:Core/Src/main.c ****   }
 666:Core/Src/main.c **** }
 871              		.loc 1 666 1 view .LVU235
 872 0008 7047     		bx	lr
 873              	.L64:
 874 000a 00BF     		.align	2
 875              	.L63:
 876 000c 00000000 		.word	BspButtonState
 877              		.cfi_endproc
 878              	.LFE178:
 880              		.section	.text.Error_Handler,"ax",%progbits
 881              		.align	1
 882              		.global	Error_Handler
 883              		.syntax unified
 884              		.thumb
 885              		.thumb_func
 887              	Error_Handler:
 888              	.LFB179:
 667:Core/Src/main.c **** 
 668:Core/Src/main.c **** /**
 669:Core/Src/main.c ****   * @brief  This function is executed in case of error occurrence.
 670:Core/Src/main.c ****   * @retval None
 671:Core/Src/main.c ****   */
 672:Core/Src/main.c **** void Error_Handler(void)
 673:Core/Src/main.c **** {
 889              		.loc 1 673 1 is_stmt 1 view -0
 890              		.cfi_startproc
ARM GAS  /tmp/ccbJcx0I.s 			page 32


 891              		@ Volatile: function does not return.
 892              		@ args = 0, pretend = 0, frame = 0
 893              		@ frame_needed = 0, uses_anonymous_args = 0
 894              		@ link register save eliminated.
 674:Core/Src/main.c ****   /* USER CODE BEGIN Error_Handler_Debug */
 675:Core/Src/main.c ****   /* User can add his own implementation to report the HAL error return state */
 676:Core/Src/main.c ****   __disable_irq();
 895              		.loc 1 676 3 view .LVU237
 896              	.LBB16:
 897              	.LBI16:
 898              		.file 3 "Drivers/CMSIS/Include/cmsis_gcc.h"
   1:Drivers/CMSIS/Include/cmsis_gcc.h **** /**************************************************************************//**
   2:Drivers/CMSIS/Include/cmsis_gcc.h ****  * @file     cmsis_gcc.h
   3:Drivers/CMSIS/Include/cmsis_gcc.h ****  * @brief    CMSIS compiler GCC header file
   4:Drivers/CMSIS/Include/cmsis_gcc.h ****  * @version  V5.4.1
   5:Drivers/CMSIS/Include/cmsis_gcc.h ****  * @date     27. May 2021
   6:Drivers/CMSIS/Include/cmsis_gcc.h ****  ******************************************************************************/
   7:Drivers/CMSIS/Include/cmsis_gcc.h **** /*
   8:Drivers/CMSIS/Include/cmsis_gcc.h ****  * Copyright (c) 2009-2021 Arm Limited. All rights reserved.
   9:Drivers/CMSIS/Include/cmsis_gcc.h ****  *
  10:Drivers/CMSIS/Include/cmsis_gcc.h ****  * SPDX-License-Identifier: Apache-2.0
  11:Drivers/CMSIS/Include/cmsis_gcc.h ****  *
  12:Drivers/CMSIS/Include/cmsis_gcc.h ****  * Licensed under the Apache License, Version 2.0 (the License); you may
  13:Drivers/CMSIS/Include/cmsis_gcc.h ****  * not use this file except in compliance with the License.
  14:Drivers/CMSIS/Include/cmsis_gcc.h ****  * You may obtain a copy of the License at
  15:Drivers/CMSIS/Include/cmsis_gcc.h ****  *
  16:Drivers/CMSIS/Include/cmsis_gcc.h ****  * www.apache.org/licenses/LICENSE-2.0
  17:Drivers/CMSIS/Include/cmsis_gcc.h ****  *
  18:Drivers/CMSIS/Include/cmsis_gcc.h ****  * Unless required by applicable law or agreed to in writing, software
  19:Drivers/CMSIS/Include/cmsis_gcc.h ****  * distributed under the License is distributed on an AS IS BASIS, WITHOUT
  20:Drivers/CMSIS/Include/cmsis_gcc.h ****  * WARRANTIES OR CONDITIONS OF ANY KIND, either express or implied.
  21:Drivers/CMSIS/Include/cmsis_gcc.h ****  * See the License for the specific language governing permissions and
  22:Drivers/CMSIS/Include/cmsis_gcc.h ****  * limitations under the License.
  23:Drivers/CMSIS/Include/cmsis_gcc.h ****  */
  24:Drivers/CMSIS/Include/cmsis_gcc.h **** 
  25:Drivers/CMSIS/Include/cmsis_gcc.h **** #ifndef __CMSIS_GCC_H
  26:Drivers/CMSIS/Include/cmsis_gcc.h **** #define __CMSIS_GCC_H
  27:Drivers/CMSIS/Include/cmsis_gcc.h **** 
  28:Drivers/CMSIS/Include/cmsis_gcc.h **** /* ignore some GCC warnings */
  29:Drivers/CMSIS/Include/cmsis_gcc.h **** #pragma GCC diagnostic push
  30:Drivers/CMSIS/Include/cmsis_gcc.h **** #pragma GCC diagnostic ignored "-Wsign-conversion"
  31:Drivers/CMSIS/Include/cmsis_gcc.h **** #pragma GCC diagnostic ignored "-Wconversion"
  32:Drivers/CMSIS/Include/cmsis_gcc.h **** #pragma GCC diagnostic ignored "-Wunused-parameter"
  33:Drivers/CMSIS/Include/cmsis_gcc.h **** 
  34:Drivers/CMSIS/Include/cmsis_gcc.h **** /* Fallback for __has_builtin */
  35:Drivers/CMSIS/Include/cmsis_gcc.h **** #ifndef __has_builtin
  36:Drivers/CMSIS/Include/cmsis_gcc.h ****   #define __has_builtin(x) (0)
  37:Drivers/CMSIS/Include/cmsis_gcc.h **** #endif
  38:Drivers/CMSIS/Include/cmsis_gcc.h **** 
  39:Drivers/CMSIS/Include/cmsis_gcc.h **** /* CMSIS compiler specific defines */
  40:Drivers/CMSIS/Include/cmsis_gcc.h **** #ifndef   __ASM
  41:Drivers/CMSIS/Include/cmsis_gcc.h ****   #define __ASM                                  __asm
  42:Drivers/CMSIS/Include/cmsis_gcc.h **** #endif
  43:Drivers/CMSIS/Include/cmsis_gcc.h **** #ifndef   __INLINE
  44:Drivers/CMSIS/Include/cmsis_gcc.h ****   #define __INLINE                               inline
  45:Drivers/CMSIS/Include/cmsis_gcc.h **** #endif
  46:Drivers/CMSIS/Include/cmsis_gcc.h **** #ifndef   __STATIC_INLINE
ARM GAS  /tmp/ccbJcx0I.s 			page 33


  47:Drivers/CMSIS/Include/cmsis_gcc.h ****   #define __STATIC_INLINE                        static inline
  48:Drivers/CMSIS/Include/cmsis_gcc.h **** #endif
  49:Drivers/CMSIS/Include/cmsis_gcc.h **** #ifndef   __STATIC_FORCEINLINE
  50:Drivers/CMSIS/Include/cmsis_gcc.h ****   #define __STATIC_FORCEINLINE                   __attribute__((always_inline)) static inline
  51:Drivers/CMSIS/Include/cmsis_gcc.h **** #endif
  52:Drivers/CMSIS/Include/cmsis_gcc.h **** #ifndef   __NO_RETURN
  53:Drivers/CMSIS/Include/cmsis_gcc.h ****   #define __NO_RETURN                            __attribute__((__noreturn__))
  54:Drivers/CMSIS/Include/cmsis_gcc.h **** #endif
  55:Drivers/CMSIS/Include/cmsis_gcc.h **** #ifndef   __USED
  56:Drivers/CMSIS/Include/cmsis_gcc.h ****   #define __USED                                 __attribute__((used))
  57:Drivers/CMSIS/Include/cmsis_gcc.h **** #endif
  58:Drivers/CMSIS/Include/cmsis_gcc.h **** #ifndef   __WEAK
  59:Drivers/CMSIS/Include/cmsis_gcc.h ****   #define __WEAK                                 __attribute__((weak))
  60:Drivers/CMSIS/Include/cmsis_gcc.h **** #endif
  61:Drivers/CMSIS/Include/cmsis_gcc.h **** #ifndef   __PACKED
  62:Drivers/CMSIS/Include/cmsis_gcc.h ****   #define __PACKED                               __attribute__((packed, aligned(1)))
  63:Drivers/CMSIS/Include/cmsis_gcc.h **** #endif
  64:Drivers/CMSIS/Include/cmsis_gcc.h **** #ifndef   __PACKED_STRUCT
  65:Drivers/CMSIS/Include/cmsis_gcc.h ****   #define __PACKED_STRUCT                        struct __attribute__((packed, aligned(1)))
  66:Drivers/CMSIS/Include/cmsis_gcc.h **** #endif
  67:Drivers/CMSIS/Include/cmsis_gcc.h **** #ifndef   __PACKED_UNION
  68:Drivers/CMSIS/Include/cmsis_gcc.h ****   #define __PACKED_UNION                         union __attribute__((packed, aligned(1)))
  69:Drivers/CMSIS/Include/cmsis_gcc.h **** #endif
  70:Drivers/CMSIS/Include/cmsis_gcc.h **** #ifndef   __UNALIGNED_UINT32        /* deprecated */
  71:Drivers/CMSIS/Include/cmsis_gcc.h ****   #pragma GCC diagnostic push
  72:Drivers/CMSIS/Include/cmsis_gcc.h ****   #pragma GCC diagnostic ignored "-Wpacked"
  73:Drivers/CMSIS/Include/cmsis_gcc.h ****   #pragma GCC diagnostic ignored "-Wattributes"
  74:Drivers/CMSIS/Include/cmsis_gcc.h ****   struct __attribute__((packed)) T_UINT32 { uint32_t v; };
  75:Drivers/CMSIS/Include/cmsis_gcc.h ****   #pragma GCC diagnostic pop
  76:Drivers/CMSIS/Include/cmsis_gcc.h ****   #define __UNALIGNED_UINT32(x)                  (((struct T_UINT32 *)(x))->v)
  77:Drivers/CMSIS/Include/cmsis_gcc.h **** #endif
  78:Drivers/CMSIS/Include/cmsis_gcc.h **** #ifndef   __UNALIGNED_UINT16_WRITE
  79:Drivers/CMSIS/Include/cmsis_gcc.h ****   #pragma GCC diagnostic push
  80:Drivers/CMSIS/Include/cmsis_gcc.h ****   #pragma GCC diagnostic ignored "-Wpacked"
  81:Drivers/CMSIS/Include/cmsis_gcc.h ****   #pragma GCC diagnostic ignored "-Wattributes"
  82:Drivers/CMSIS/Include/cmsis_gcc.h ****   __PACKED_STRUCT T_UINT16_WRITE { uint16_t v; };
  83:Drivers/CMSIS/Include/cmsis_gcc.h ****   #pragma GCC diagnostic pop
  84:Drivers/CMSIS/Include/cmsis_gcc.h ****   #define __UNALIGNED_UINT16_WRITE(addr, val)    (void)((((struct T_UINT16_WRITE *)(void *)(addr))-
  85:Drivers/CMSIS/Include/cmsis_gcc.h **** #endif
  86:Drivers/CMSIS/Include/cmsis_gcc.h **** #ifndef   __UNALIGNED_UINT16_READ
  87:Drivers/CMSIS/Include/cmsis_gcc.h ****   #pragma GCC diagnostic push
  88:Drivers/CMSIS/Include/cmsis_gcc.h ****   #pragma GCC diagnostic ignored "-Wpacked"
  89:Drivers/CMSIS/Include/cmsis_gcc.h ****   #pragma GCC diagnostic ignored "-Wattributes"
  90:Drivers/CMSIS/Include/cmsis_gcc.h ****   __PACKED_STRUCT T_UINT16_READ { uint16_t v; };
  91:Drivers/CMSIS/Include/cmsis_gcc.h ****   #pragma GCC diagnostic pop
  92:Drivers/CMSIS/Include/cmsis_gcc.h ****   #define __UNALIGNED_UINT16_READ(addr)          (((const struct T_UINT16_READ *)(const void *)(add
  93:Drivers/CMSIS/Include/cmsis_gcc.h **** #endif
  94:Drivers/CMSIS/Include/cmsis_gcc.h **** #ifndef   __UNALIGNED_UINT32_WRITE
  95:Drivers/CMSIS/Include/cmsis_gcc.h ****   #pragma GCC diagnostic push
  96:Drivers/CMSIS/Include/cmsis_gcc.h ****   #pragma GCC diagnostic ignored "-Wpacked"
  97:Drivers/CMSIS/Include/cmsis_gcc.h ****   #pragma GCC diagnostic ignored "-Wattributes"
  98:Drivers/CMSIS/Include/cmsis_gcc.h ****   __PACKED_STRUCT T_UINT32_WRITE { uint32_t v; };
  99:Drivers/CMSIS/Include/cmsis_gcc.h ****   #pragma GCC diagnostic pop
 100:Drivers/CMSIS/Include/cmsis_gcc.h ****   #define __UNALIGNED_UINT32_WRITE(addr, val)    (void)((((struct T_UINT32_WRITE *)(void *)(addr))-
 101:Drivers/CMSIS/Include/cmsis_gcc.h **** #endif
 102:Drivers/CMSIS/Include/cmsis_gcc.h **** #ifndef   __UNALIGNED_UINT32_READ
 103:Drivers/CMSIS/Include/cmsis_gcc.h ****   #pragma GCC diagnostic push
ARM GAS  /tmp/ccbJcx0I.s 			page 34


 104:Drivers/CMSIS/Include/cmsis_gcc.h ****   #pragma GCC diagnostic ignored "-Wpacked"
 105:Drivers/CMSIS/Include/cmsis_gcc.h ****   #pragma GCC diagnostic ignored "-Wattributes"
 106:Drivers/CMSIS/Include/cmsis_gcc.h ****   __PACKED_STRUCT T_UINT32_READ { uint32_t v; };
 107:Drivers/CMSIS/Include/cmsis_gcc.h ****   #pragma GCC diagnostic pop
 108:Drivers/CMSIS/Include/cmsis_gcc.h ****   #define __UNALIGNED_UINT32_READ(addr)          (((const struct T_UINT32_READ *)(const void *)(add
 109:Drivers/CMSIS/Include/cmsis_gcc.h **** #endif
 110:Drivers/CMSIS/Include/cmsis_gcc.h **** #ifndef   __ALIGNED
 111:Drivers/CMSIS/Include/cmsis_gcc.h ****   #define __ALIGNED(x)                           __attribute__((aligned(x)))
 112:Drivers/CMSIS/Include/cmsis_gcc.h **** #endif
 113:Drivers/CMSIS/Include/cmsis_gcc.h **** #ifndef   __RESTRICT
 114:Drivers/CMSIS/Include/cmsis_gcc.h ****   #define __RESTRICT                             __restrict
 115:Drivers/CMSIS/Include/cmsis_gcc.h **** #endif
 116:Drivers/CMSIS/Include/cmsis_gcc.h **** #ifndef   __COMPILER_BARRIER
 117:Drivers/CMSIS/Include/cmsis_gcc.h ****   #define __COMPILER_BARRIER()                   __ASM volatile("":::"memory")
 118:Drivers/CMSIS/Include/cmsis_gcc.h **** #endif
 119:Drivers/CMSIS/Include/cmsis_gcc.h **** 
 120:Drivers/CMSIS/Include/cmsis_gcc.h **** /* #########################  Startup and Lowlevel Init  ######################## */
 121:Drivers/CMSIS/Include/cmsis_gcc.h **** 
 122:Drivers/CMSIS/Include/cmsis_gcc.h **** #ifndef __PROGRAM_START
 123:Drivers/CMSIS/Include/cmsis_gcc.h **** 
 124:Drivers/CMSIS/Include/cmsis_gcc.h **** /**
 125:Drivers/CMSIS/Include/cmsis_gcc.h ****   \brief   Initializes data and bss sections
 126:Drivers/CMSIS/Include/cmsis_gcc.h ****   \details This default implementations initialized all data and additional bss
 127:Drivers/CMSIS/Include/cmsis_gcc.h ****            sections relying on .copy.table and .zero.table specified properly
 128:Drivers/CMSIS/Include/cmsis_gcc.h ****            in the used linker script.
 129:Drivers/CMSIS/Include/cmsis_gcc.h **** 
 130:Drivers/CMSIS/Include/cmsis_gcc.h ****  */
 131:Drivers/CMSIS/Include/cmsis_gcc.h **** __STATIC_FORCEINLINE __NO_RETURN void __cmsis_start(void)
 132:Drivers/CMSIS/Include/cmsis_gcc.h **** {
 133:Drivers/CMSIS/Include/cmsis_gcc.h ****   extern void _start(void) __NO_RETURN;
 134:Drivers/CMSIS/Include/cmsis_gcc.h **** 
 135:Drivers/CMSIS/Include/cmsis_gcc.h ****   typedef struct {
 136:Drivers/CMSIS/Include/cmsis_gcc.h ****     uint32_t const* src;
 137:Drivers/CMSIS/Include/cmsis_gcc.h ****     uint32_t* dest;
 138:Drivers/CMSIS/Include/cmsis_gcc.h ****     uint32_t  wlen;
 139:Drivers/CMSIS/Include/cmsis_gcc.h ****   } __copy_table_t;
 140:Drivers/CMSIS/Include/cmsis_gcc.h **** 
 141:Drivers/CMSIS/Include/cmsis_gcc.h ****   typedef struct {
 142:Drivers/CMSIS/Include/cmsis_gcc.h ****     uint32_t* dest;
 143:Drivers/CMSIS/Include/cmsis_gcc.h ****     uint32_t  wlen;
 144:Drivers/CMSIS/Include/cmsis_gcc.h ****   } __zero_table_t;
 145:Drivers/CMSIS/Include/cmsis_gcc.h **** 
 146:Drivers/CMSIS/Include/cmsis_gcc.h ****   extern const __copy_table_t __copy_table_start__;
 147:Drivers/CMSIS/Include/cmsis_gcc.h ****   extern const __copy_table_t __copy_table_end__;
 148:Drivers/CMSIS/Include/cmsis_gcc.h ****   extern const __zero_table_t __zero_table_start__;
 149:Drivers/CMSIS/Include/cmsis_gcc.h ****   extern const __zero_table_t __zero_table_end__;
 150:Drivers/CMSIS/Include/cmsis_gcc.h **** 
 151:Drivers/CMSIS/Include/cmsis_gcc.h ****   for (__copy_table_t const* pTable = &__copy_table_start__; pTable < &__copy_table_end__; ++pTable
 152:Drivers/CMSIS/Include/cmsis_gcc.h ****     for(uint32_t i=0u; i<pTable->wlen; ++i) {
 153:Drivers/CMSIS/Include/cmsis_gcc.h ****       pTable->dest[i] = pTable->src[i];
 154:Drivers/CMSIS/Include/cmsis_gcc.h ****     }
 155:Drivers/CMSIS/Include/cmsis_gcc.h ****   }
 156:Drivers/CMSIS/Include/cmsis_gcc.h **** 
 157:Drivers/CMSIS/Include/cmsis_gcc.h ****   for (__zero_table_t const* pTable = &__zero_table_start__; pTable < &__zero_table_end__; ++pTable
 158:Drivers/CMSIS/Include/cmsis_gcc.h ****     for(uint32_t i=0u; i<pTable->wlen; ++i) {
 159:Drivers/CMSIS/Include/cmsis_gcc.h ****       pTable->dest[i] = 0u;
 160:Drivers/CMSIS/Include/cmsis_gcc.h ****     }
ARM GAS  /tmp/ccbJcx0I.s 			page 35


 161:Drivers/CMSIS/Include/cmsis_gcc.h ****   }
 162:Drivers/CMSIS/Include/cmsis_gcc.h **** 
 163:Drivers/CMSIS/Include/cmsis_gcc.h ****   _start();
 164:Drivers/CMSIS/Include/cmsis_gcc.h **** }
 165:Drivers/CMSIS/Include/cmsis_gcc.h **** 
 166:Drivers/CMSIS/Include/cmsis_gcc.h **** #define __PROGRAM_START           __cmsis_start
 167:Drivers/CMSIS/Include/cmsis_gcc.h **** #endif
 168:Drivers/CMSIS/Include/cmsis_gcc.h **** 
 169:Drivers/CMSIS/Include/cmsis_gcc.h **** #ifndef __INITIAL_SP
 170:Drivers/CMSIS/Include/cmsis_gcc.h **** #define __INITIAL_SP              __StackTop
 171:Drivers/CMSIS/Include/cmsis_gcc.h **** #endif
 172:Drivers/CMSIS/Include/cmsis_gcc.h **** 
 173:Drivers/CMSIS/Include/cmsis_gcc.h **** #ifndef __STACK_LIMIT
 174:Drivers/CMSIS/Include/cmsis_gcc.h **** #define __STACK_LIMIT             __StackLimit
 175:Drivers/CMSIS/Include/cmsis_gcc.h **** #endif
 176:Drivers/CMSIS/Include/cmsis_gcc.h **** 
 177:Drivers/CMSIS/Include/cmsis_gcc.h **** #ifndef __VECTOR_TABLE
 178:Drivers/CMSIS/Include/cmsis_gcc.h **** #define __VECTOR_TABLE            __Vectors
 179:Drivers/CMSIS/Include/cmsis_gcc.h **** #endif
 180:Drivers/CMSIS/Include/cmsis_gcc.h **** 
 181:Drivers/CMSIS/Include/cmsis_gcc.h **** #ifndef __VECTOR_TABLE_ATTRIBUTE
 182:Drivers/CMSIS/Include/cmsis_gcc.h **** #define __VECTOR_TABLE_ATTRIBUTE  __attribute__((used, section(".vectors")))
 183:Drivers/CMSIS/Include/cmsis_gcc.h **** #endif
 184:Drivers/CMSIS/Include/cmsis_gcc.h **** 
 185:Drivers/CMSIS/Include/cmsis_gcc.h **** #if defined (__ARM_FEATURE_CMSE) && (__ARM_FEATURE_CMSE == 3U)
 186:Drivers/CMSIS/Include/cmsis_gcc.h **** #ifndef __STACK_SEAL
 187:Drivers/CMSIS/Include/cmsis_gcc.h **** #define __STACK_SEAL              __StackSeal
 188:Drivers/CMSIS/Include/cmsis_gcc.h **** #endif
 189:Drivers/CMSIS/Include/cmsis_gcc.h **** 
 190:Drivers/CMSIS/Include/cmsis_gcc.h **** #ifndef __TZ_STACK_SEAL_SIZE
 191:Drivers/CMSIS/Include/cmsis_gcc.h **** #define __TZ_STACK_SEAL_SIZE      8U
 192:Drivers/CMSIS/Include/cmsis_gcc.h **** #endif
 193:Drivers/CMSIS/Include/cmsis_gcc.h **** 
 194:Drivers/CMSIS/Include/cmsis_gcc.h **** #ifndef __TZ_STACK_SEAL_VALUE
 195:Drivers/CMSIS/Include/cmsis_gcc.h **** #define __TZ_STACK_SEAL_VALUE     0xFEF5EDA5FEF5EDA5ULL
 196:Drivers/CMSIS/Include/cmsis_gcc.h **** #endif
 197:Drivers/CMSIS/Include/cmsis_gcc.h **** 
 198:Drivers/CMSIS/Include/cmsis_gcc.h **** 
 199:Drivers/CMSIS/Include/cmsis_gcc.h **** __STATIC_FORCEINLINE void __TZ_set_STACKSEAL_S (uint32_t* stackTop) {
 200:Drivers/CMSIS/Include/cmsis_gcc.h ****   *((uint64_t *)stackTop) = __TZ_STACK_SEAL_VALUE;
 201:Drivers/CMSIS/Include/cmsis_gcc.h **** }
 202:Drivers/CMSIS/Include/cmsis_gcc.h **** #endif
 203:Drivers/CMSIS/Include/cmsis_gcc.h **** 
 204:Drivers/CMSIS/Include/cmsis_gcc.h **** 
 205:Drivers/CMSIS/Include/cmsis_gcc.h **** /* ##########################  Core Instruction Access  ######################### */
 206:Drivers/CMSIS/Include/cmsis_gcc.h **** /** \defgroup CMSIS_Core_InstructionInterface CMSIS Core Instruction Interface
 207:Drivers/CMSIS/Include/cmsis_gcc.h ****   Access to dedicated instructions
 208:Drivers/CMSIS/Include/cmsis_gcc.h ****   @{
 209:Drivers/CMSIS/Include/cmsis_gcc.h **** */
 210:Drivers/CMSIS/Include/cmsis_gcc.h **** 
 211:Drivers/CMSIS/Include/cmsis_gcc.h **** /* Define macros for porting to both thumb1 and thumb2.
 212:Drivers/CMSIS/Include/cmsis_gcc.h ****  * For thumb1, use low register (r0-r7), specified by constraint "l"
 213:Drivers/CMSIS/Include/cmsis_gcc.h ****  * Otherwise, use general registers, specified by constraint "r" */
 214:Drivers/CMSIS/Include/cmsis_gcc.h **** #if defined (__thumb__) && !defined (__thumb2__)
 215:Drivers/CMSIS/Include/cmsis_gcc.h **** #define __CMSIS_GCC_OUT_REG(r) "=l" (r)
 216:Drivers/CMSIS/Include/cmsis_gcc.h **** #define __CMSIS_GCC_RW_REG(r) "+l" (r)
 217:Drivers/CMSIS/Include/cmsis_gcc.h **** #define __CMSIS_GCC_USE_REG(r) "l" (r)
ARM GAS  /tmp/ccbJcx0I.s 			page 36


 218:Drivers/CMSIS/Include/cmsis_gcc.h **** #else
 219:Drivers/CMSIS/Include/cmsis_gcc.h **** #define __CMSIS_GCC_OUT_REG(r) "=r" (r)
 220:Drivers/CMSIS/Include/cmsis_gcc.h **** #define __CMSIS_GCC_RW_REG(r) "+r" (r)
 221:Drivers/CMSIS/Include/cmsis_gcc.h **** #define __CMSIS_GCC_USE_REG(r) "r" (r)
 222:Drivers/CMSIS/Include/cmsis_gcc.h **** #endif
 223:Drivers/CMSIS/Include/cmsis_gcc.h **** 
 224:Drivers/CMSIS/Include/cmsis_gcc.h **** /**
 225:Drivers/CMSIS/Include/cmsis_gcc.h ****   \brief   No Operation
 226:Drivers/CMSIS/Include/cmsis_gcc.h ****   \details No Operation does nothing. This instruction can be used for code alignment purposes.
 227:Drivers/CMSIS/Include/cmsis_gcc.h ****  */
 228:Drivers/CMSIS/Include/cmsis_gcc.h **** #define __NOP()                             __ASM volatile ("nop")
 229:Drivers/CMSIS/Include/cmsis_gcc.h **** 
 230:Drivers/CMSIS/Include/cmsis_gcc.h **** /**
 231:Drivers/CMSIS/Include/cmsis_gcc.h ****   \brief   Wait For Interrupt
 232:Drivers/CMSIS/Include/cmsis_gcc.h ****   \details Wait For Interrupt is a hint instruction that suspends execution until one of a number o
 233:Drivers/CMSIS/Include/cmsis_gcc.h ****  */
 234:Drivers/CMSIS/Include/cmsis_gcc.h **** #define __WFI()                             __ASM volatile ("wfi":::"memory")
 235:Drivers/CMSIS/Include/cmsis_gcc.h **** 
 236:Drivers/CMSIS/Include/cmsis_gcc.h **** 
 237:Drivers/CMSIS/Include/cmsis_gcc.h **** /**
 238:Drivers/CMSIS/Include/cmsis_gcc.h ****   \brief   Wait For Event
 239:Drivers/CMSIS/Include/cmsis_gcc.h ****   \details Wait For Event is a hint instruction that permits the processor to enter
 240:Drivers/CMSIS/Include/cmsis_gcc.h ****            a low-power state until one of a number of events occurs.
 241:Drivers/CMSIS/Include/cmsis_gcc.h ****  */
 242:Drivers/CMSIS/Include/cmsis_gcc.h **** #define __WFE()                             __ASM volatile ("wfe":::"memory")
 243:Drivers/CMSIS/Include/cmsis_gcc.h **** 
 244:Drivers/CMSIS/Include/cmsis_gcc.h **** 
 245:Drivers/CMSIS/Include/cmsis_gcc.h **** /**
 246:Drivers/CMSIS/Include/cmsis_gcc.h ****   \brief   Send Event
 247:Drivers/CMSIS/Include/cmsis_gcc.h ****   \details Send Event is a hint instruction. It causes an event to be signaled to the CPU.
 248:Drivers/CMSIS/Include/cmsis_gcc.h ****  */
 249:Drivers/CMSIS/Include/cmsis_gcc.h **** #define __SEV()                             __ASM volatile ("sev")
 250:Drivers/CMSIS/Include/cmsis_gcc.h **** 
 251:Drivers/CMSIS/Include/cmsis_gcc.h **** 
 252:Drivers/CMSIS/Include/cmsis_gcc.h **** /**
 253:Drivers/CMSIS/Include/cmsis_gcc.h ****   \brief   Instruction Synchronization Barrier
 254:Drivers/CMSIS/Include/cmsis_gcc.h ****   \details Instruction Synchronization Barrier flushes the pipeline in the processor,
 255:Drivers/CMSIS/Include/cmsis_gcc.h ****            so that all instructions following the ISB are fetched from cache or memory,
 256:Drivers/CMSIS/Include/cmsis_gcc.h ****            after the instruction has been completed.
 257:Drivers/CMSIS/Include/cmsis_gcc.h ****  */
 258:Drivers/CMSIS/Include/cmsis_gcc.h **** __STATIC_FORCEINLINE void __ISB(void)
 259:Drivers/CMSIS/Include/cmsis_gcc.h **** {
 260:Drivers/CMSIS/Include/cmsis_gcc.h ****   __ASM volatile ("isb 0xF":::"memory");
 261:Drivers/CMSIS/Include/cmsis_gcc.h **** }
 262:Drivers/CMSIS/Include/cmsis_gcc.h **** 
 263:Drivers/CMSIS/Include/cmsis_gcc.h **** 
 264:Drivers/CMSIS/Include/cmsis_gcc.h **** /**
 265:Drivers/CMSIS/Include/cmsis_gcc.h ****   \brief   Data Synchronization Barrier
 266:Drivers/CMSIS/Include/cmsis_gcc.h ****   \details Acts as a special kind of Data Memory Barrier.
 267:Drivers/CMSIS/Include/cmsis_gcc.h ****            It completes when all explicit memory accesses before this instruction complete.
 268:Drivers/CMSIS/Include/cmsis_gcc.h ****  */
 269:Drivers/CMSIS/Include/cmsis_gcc.h **** __STATIC_FORCEINLINE void __DSB(void)
 270:Drivers/CMSIS/Include/cmsis_gcc.h **** {
 271:Drivers/CMSIS/Include/cmsis_gcc.h ****   __ASM volatile ("dsb 0xF":::"memory");
 272:Drivers/CMSIS/Include/cmsis_gcc.h **** }
 273:Drivers/CMSIS/Include/cmsis_gcc.h **** 
 274:Drivers/CMSIS/Include/cmsis_gcc.h **** 
ARM GAS  /tmp/ccbJcx0I.s 			page 37


 275:Drivers/CMSIS/Include/cmsis_gcc.h **** /**
 276:Drivers/CMSIS/Include/cmsis_gcc.h ****   \brief   Data Memory Barrier
 277:Drivers/CMSIS/Include/cmsis_gcc.h ****   \details Ensures the apparent order of the explicit memory operations before
 278:Drivers/CMSIS/Include/cmsis_gcc.h ****            and after the instruction, without ensuring their completion.
 279:Drivers/CMSIS/Include/cmsis_gcc.h ****  */
 280:Drivers/CMSIS/Include/cmsis_gcc.h **** __STATIC_FORCEINLINE void __DMB(void)
 281:Drivers/CMSIS/Include/cmsis_gcc.h **** {
 282:Drivers/CMSIS/Include/cmsis_gcc.h ****   __ASM volatile ("dmb 0xF":::"memory");
 283:Drivers/CMSIS/Include/cmsis_gcc.h **** }
 284:Drivers/CMSIS/Include/cmsis_gcc.h **** 
 285:Drivers/CMSIS/Include/cmsis_gcc.h **** 
 286:Drivers/CMSIS/Include/cmsis_gcc.h **** /**
 287:Drivers/CMSIS/Include/cmsis_gcc.h ****   \brief   Reverse byte order (32 bit)
 288:Drivers/CMSIS/Include/cmsis_gcc.h ****   \details Reverses the byte order in unsigned integer value. For example, 0x12345678 becomes 0x785
 289:Drivers/CMSIS/Include/cmsis_gcc.h ****   \param [in]    value  Value to reverse
 290:Drivers/CMSIS/Include/cmsis_gcc.h ****   \return               Reversed value
 291:Drivers/CMSIS/Include/cmsis_gcc.h ****  */
 292:Drivers/CMSIS/Include/cmsis_gcc.h **** __STATIC_FORCEINLINE uint32_t __REV(uint32_t value)
 293:Drivers/CMSIS/Include/cmsis_gcc.h **** {
 294:Drivers/CMSIS/Include/cmsis_gcc.h **** #if (__GNUC__ > 4) || (__GNUC__ == 4 && __GNUC_MINOR__ >= 5)
 295:Drivers/CMSIS/Include/cmsis_gcc.h ****   return __builtin_bswap32(value);
 296:Drivers/CMSIS/Include/cmsis_gcc.h **** #else
 297:Drivers/CMSIS/Include/cmsis_gcc.h ****   uint32_t result;
 298:Drivers/CMSIS/Include/cmsis_gcc.h **** 
 299:Drivers/CMSIS/Include/cmsis_gcc.h ****   __ASM ("rev %0, %1" : __CMSIS_GCC_OUT_REG (result) : __CMSIS_GCC_USE_REG (value) );
 300:Drivers/CMSIS/Include/cmsis_gcc.h ****   return result;
 301:Drivers/CMSIS/Include/cmsis_gcc.h **** #endif
 302:Drivers/CMSIS/Include/cmsis_gcc.h **** }
 303:Drivers/CMSIS/Include/cmsis_gcc.h **** 
 304:Drivers/CMSIS/Include/cmsis_gcc.h **** 
 305:Drivers/CMSIS/Include/cmsis_gcc.h **** /**
 306:Drivers/CMSIS/Include/cmsis_gcc.h ****   \brief   Reverse byte order (16 bit)
 307:Drivers/CMSIS/Include/cmsis_gcc.h ****   \details Reverses the byte order within each halfword of a word. For example, 0x12345678 becomes 
 308:Drivers/CMSIS/Include/cmsis_gcc.h ****   \param [in]    value  Value to reverse
 309:Drivers/CMSIS/Include/cmsis_gcc.h ****   \return               Reversed value
 310:Drivers/CMSIS/Include/cmsis_gcc.h ****  */
 311:Drivers/CMSIS/Include/cmsis_gcc.h **** __STATIC_FORCEINLINE uint32_t __REV16(uint32_t value)
 312:Drivers/CMSIS/Include/cmsis_gcc.h **** {
 313:Drivers/CMSIS/Include/cmsis_gcc.h ****   uint32_t result;
 314:Drivers/CMSIS/Include/cmsis_gcc.h **** 
 315:Drivers/CMSIS/Include/cmsis_gcc.h ****   __ASM ("rev16 %0, %1" : __CMSIS_GCC_OUT_REG (result) : __CMSIS_GCC_USE_REG (value) );
 316:Drivers/CMSIS/Include/cmsis_gcc.h ****   return result;
 317:Drivers/CMSIS/Include/cmsis_gcc.h **** }
 318:Drivers/CMSIS/Include/cmsis_gcc.h **** 
 319:Drivers/CMSIS/Include/cmsis_gcc.h **** 
 320:Drivers/CMSIS/Include/cmsis_gcc.h **** /**
 321:Drivers/CMSIS/Include/cmsis_gcc.h ****   \brief   Reverse byte order (16 bit)
 322:Drivers/CMSIS/Include/cmsis_gcc.h ****   \details Reverses the byte order in a 16-bit value and returns the signed 16-bit result. For exam
 323:Drivers/CMSIS/Include/cmsis_gcc.h ****   \param [in]    value  Value to reverse
 324:Drivers/CMSIS/Include/cmsis_gcc.h ****   \return               Reversed value
 325:Drivers/CMSIS/Include/cmsis_gcc.h ****  */
 326:Drivers/CMSIS/Include/cmsis_gcc.h **** __STATIC_FORCEINLINE int16_t __REVSH(int16_t value)
 327:Drivers/CMSIS/Include/cmsis_gcc.h **** {
 328:Drivers/CMSIS/Include/cmsis_gcc.h **** #if (__GNUC__ > 4) || (__GNUC__ == 4 && __GNUC_MINOR__ >= 8)
 329:Drivers/CMSIS/Include/cmsis_gcc.h ****   return (int16_t)__builtin_bswap16(value);
 330:Drivers/CMSIS/Include/cmsis_gcc.h **** #else
 331:Drivers/CMSIS/Include/cmsis_gcc.h ****   int16_t result;
ARM GAS  /tmp/ccbJcx0I.s 			page 38


 332:Drivers/CMSIS/Include/cmsis_gcc.h **** 
 333:Drivers/CMSIS/Include/cmsis_gcc.h ****   __ASM ("revsh %0, %1" : __CMSIS_GCC_OUT_REG (result) : __CMSIS_GCC_USE_REG (value) );
 334:Drivers/CMSIS/Include/cmsis_gcc.h ****   return result;
 335:Drivers/CMSIS/Include/cmsis_gcc.h **** #endif
 336:Drivers/CMSIS/Include/cmsis_gcc.h **** }
 337:Drivers/CMSIS/Include/cmsis_gcc.h **** 
 338:Drivers/CMSIS/Include/cmsis_gcc.h **** 
 339:Drivers/CMSIS/Include/cmsis_gcc.h **** /**
 340:Drivers/CMSIS/Include/cmsis_gcc.h ****   \brief   Rotate Right in unsigned value (32 bit)
 341:Drivers/CMSIS/Include/cmsis_gcc.h ****   \details Rotate Right (immediate) provides the value of the contents of a register rotated by a v
 342:Drivers/CMSIS/Include/cmsis_gcc.h ****   \param [in]    op1  Value to rotate
 343:Drivers/CMSIS/Include/cmsis_gcc.h ****   \param [in]    op2  Number of Bits to rotate
 344:Drivers/CMSIS/Include/cmsis_gcc.h ****   \return               Rotated value
 345:Drivers/CMSIS/Include/cmsis_gcc.h ****  */
 346:Drivers/CMSIS/Include/cmsis_gcc.h **** __STATIC_FORCEINLINE uint32_t __ROR(uint32_t op1, uint32_t op2)
 347:Drivers/CMSIS/Include/cmsis_gcc.h **** {
 348:Drivers/CMSIS/Include/cmsis_gcc.h ****   op2 %= 32U;
 349:Drivers/CMSIS/Include/cmsis_gcc.h ****   if (op2 == 0U)
 350:Drivers/CMSIS/Include/cmsis_gcc.h ****   {
 351:Drivers/CMSIS/Include/cmsis_gcc.h ****     return op1;
 352:Drivers/CMSIS/Include/cmsis_gcc.h ****   }
 353:Drivers/CMSIS/Include/cmsis_gcc.h ****   return (op1 >> op2) | (op1 << (32U - op2));
 354:Drivers/CMSIS/Include/cmsis_gcc.h **** }
 355:Drivers/CMSIS/Include/cmsis_gcc.h **** 
 356:Drivers/CMSIS/Include/cmsis_gcc.h **** 
 357:Drivers/CMSIS/Include/cmsis_gcc.h **** /**
 358:Drivers/CMSIS/Include/cmsis_gcc.h ****   \brief   Breakpoint
 359:Drivers/CMSIS/Include/cmsis_gcc.h ****   \details Causes the processor to enter Debug state.
 360:Drivers/CMSIS/Include/cmsis_gcc.h ****            Debug tools can use this to investigate system state when the instruction at a particula
 361:Drivers/CMSIS/Include/cmsis_gcc.h ****   \param [in]    value  is ignored by the processor.
 362:Drivers/CMSIS/Include/cmsis_gcc.h ****                  If required, a debugger can use it to store additional information about the break
 363:Drivers/CMSIS/Include/cmsis_gcc.h ****  */
 364:Drivers/CMSIS/Include/cmsis_gcc.h **** #define __BKPT(value)                       __ASM volatile ("bkpt "#value)
 365:Drivers/CMSIS/Include/cmsis_gcc.h **** 
 366:Drivers/CMSIS/Include/cmsis_gcc.h **** 
 367:Drivers/CMSIS/Include/cmsis_gcc.h **** /**
 368:Drivers/CMSIS/Include/cmsis_gcc.h ****   \brief   Reverse bit order of value
 369:Drivers/CMSIS/Include/cmsis_gcc.h ****   \details Reverses the bit order of the given value.
 370:Drivers/CMSIS/Include/cmsis_gcc.h ****   \param [in]    value  Value to reverse
 371:Drivers/CMSIS/Include/cmsis_gcc.h ****   \return               Reversed value
 372:Drivers/CMSIS/Include/cmsis_gcc.h ****  */
 373:Drivers/CMSIS/Include/cmsis_gcc.h **** __STATIC_FORCEINLINE uint32_t __RBIT(uint32_t value)
 374:Drivers/CMSIS/Include/cmsis_gcc.h **** {
 375:Drivers/CMSIS/Include/cmsis_gcc.h ****   uint32_t result;
 376:Drivers/CMSIS/Include/cmsis_gcc.h **** 
 377:Drivers/CMSIS/Include/cmsis_gcc.h **** #if ((defined (__ARM_ARCH_7M__      ) && (__ARM_ARCH_7M__      == 1)) || \
 378:Drivers/CMSIS/Include/cmsis_gcc.h ****      (defined (__ARM_ARCH_7EM__     ) && (__ARM_ARCH_7EM__     == 1)) || \
 379:Drivers/CMSIS/Include/cmsis_gcc.h ****      (defined (__ARM_ARCH_8M_MAIN__ ) && (__ARM_ARCH_8M_MAIN__ == 1))    )
 380:Drivers/CMSIS/Include/cmsis_gcc.h ****    __ASM ("rbit %0, %1" : "=r" (result) : "r" (value) );
 381:Drivers/CMSIS/Include/cmsis_gcc.h **** #else
 382:Drivers/CMSIS/Include/cmsis_gcc.h ****   uint32_t s = (4U /*sizeof(v)*/ * 8U) - 1U; /* extra shift needed at end */
 383:Drivers/CMSIS/Include/cmsis_gcc.h **** 
 384:Drivers/CMSIS/Include/cmsis_gcc.h ****   result = value;                      /* r will be reversed bits of v; first get LSB of v */
 385:Drivers/CMSIS/Include/cmsis_gcc.h ****   for (value >>= 1U; value != 0U; value >>= 1U)
 386:Drivers/CMSIS/Include/cmsis_gcc.h ****   {
 387:Drivers/CMSIS/Include/cmsis_gcc.h ****     result <<= 1U;
 388:Drivers/CMSIS/Include/cmsis_gcc.h ****     result |= value & 1U;
ARM GAS  /tmp/ccbJcx0I.s 			page 39


 389:Drivers/CMSIS/Include/cmsis_gcc.h ****     s--;
 390:Drivers/CMSIS/Include/cmsis_gcc.h ****   }
 391:Drivers/CMSIS/Include/cmsis_gcc.h ****   result <<= s;                        /* shift when v's highest bits are zero */
 392:Drivers/CMSIS/Include/cmsis_gcc.h **** #endif
 393:Drivers/CMSIS/Include/cmsis_gcc.h ****   return result;
 394:Drivers/CMSIS/Include/cmsis_gcc.h **** }
 395:Drivers/CMSIS/Include/cmsis_gcc.h **** 
 396:Drivers/CMSIS/Include/cmsis_gcc.h **** 
 397:Drivers/CMSIS/Include/cmsis_gcc.h **** /**
 398:Drivers/CMSIS/Include/cmsis_gcc.h ****   \brief   Count leading zeros
 399:Drivers/CMSIS/Include/cmsis_gcc.h ****   \details Counts the number of leading zeros of a data value.
 400:Drivers/CMSIS/Include/cmsis_gcc.h ****   \param [in]  value  Value to count the leading zeros
 401:Drivers/CMSIS/Include/cmsis_gcc.h ****   \return             number of leading zeros in value
 402:Drivers/CMSIS/Include/cmsis_gcc.h ****  */
 403:Drivers/CMSIS/Include/cmsis_gcc.h **** __STATIC_FORCEINLINE uint8_t __CLZ(uint32_t value)
 404:Drivers/CMSIS/Include/cmsis_gcc.h **** {
 405:Drivers/CMSIS/Include/cmsis_gcc.h ****   /* Even though __builtin_clz produces a CLZ instruction on ARM, formally
 406:Drivers/CMSIS/Include/cmsis_gcc.h ****      __builtin_clz(0) is undefined behaviour, so handle this case specially.
 407:Drivers/CMSIS/Include/cmsis_gcc.h ****      This guarantees ARM-compatible results if happening to compile on a non-ARM
 408:Drivers/CMSIS/Include/cmsis_gcc.h ****      target, and ensures the compiler doesn't decide to activate any
 409:Drivers/CMSIS/Include/cmsis_gcc.h ****      optimisations using the logic "value was passed to __builtin_clz, so it
 410:Drivers/CMSIS/Include/cmsis_gcc.h ****      is non-zero".
 411:Drivers/CMSIS/Include/cmsis_gcc.h ****      ARM GCC 7.3 and possibly earlier will optimise this test away, leaving a
 412:Drivers/CMSIS/Include/cmsis_gcc.h ****      single CLZ instruction.
 413:Drivers/CMSIS/Include/cmsis_gcc.h ****    */
 414:Drivers/CMSIS/Include/cmsis_gcc.h ****   if (value == 0U)
 415:Drivers/CMSIS/Include/cmsis_gcc.h ****   {
 416:Drivers/CMSIS/Include/cmsis_gcc.h ****     return 32U;
 417:Drivers/CMSIS/Include/cmsis_gcc.h ****   }
 418:Drivers/CMSIS/Include/cmsis_gcc.h ****   return __builtin_clz(value);
 419:Drivers/CMSIS/Include/cmsis_gcc.h **** }
 420:Drivers/CMSIS/Include/cmsis_gcc.h **** 
 421:Drivers/CMSIS/Include/cmsis_gcc.h **** 
 422:Drivers/CMSIS/Include/cmsis_gcc.h **** #if ((defined (__ARM_ARCH_7M__      ) && (__ARM_ARCH_7M__      == 1)) || \
 423:Drivers/CMSIS/Include/cmsis_gcc.h ****      (defined (__ARM_ARCH_7EM__     ) && (__ARM_ARCH_7EM__     == 1)) || \
 424:Drivers/CMSIS/Include/cmsis_gcc.h ****      (defined (__ARM_ARCH_8M_MAIN__ ) && (__ARM_ARCH_8M_MAIN__ == 1)) || \
 425:Drivers/CMSIS/Include/cmsis_gcc.h ****      (defined (__ARM_ARCH_8M_BASE__ ) && (__ARM_ARCH_8M_BASE__ == 1))    )
 426:Drivers/CMSIS/Include/cmsis_gcc.h **** /**
 427:Drivers/CMSIS/Include/cmsis_gcc.h ****   \brief   LDR Exclusive (8 bit)
 428:Drivers/CMSIS/Include/cmsis_gcc.h ****   \details Executes a exclusive LDR instruction for 8 bit value.
 429:Drivers/CMSIS/Include/cmsis_gcc.h ****   \param [in]    ptr  Pointer to data
 430:Drivers/CMSIS/Include/cmsis_gcc.h ****   \return             value of type uint8_t at (*ptr)
 431:Drivers/CMSIS/Include/cmsis_gcc.h ****  */
 432:Drivers/CMSIS/Include/cmsis_gcc.h **** __STATIC_FORCEINLINE uint8_t __LDREXB(volatile uint8_t *addr)
 433:Drivers/CMSIS/Include/cmsis_gcc.h **** {
 434:Drivers/CMSIS/Include/cmsis_gcc.h ****     uint32_t result;
 435:Drivers/CMSIS/Include/cmsis_gcc.h **** 
 436:Drivers/CMSIS/Include/cmsis_gcc.h **** #if (__GNUC__ > 4) || (__GNUC__ == 4 && __GNUC_MINOR__ >= 8)
 437:Drivers/CMSIS/Include/cmsis_gcc.h ****    __ASM volatile ("ldrexb %0, %1" : "=r" (result) : "Q" (*addr) );
 438:Drivers/CMSIS/Include/cmsis_gcc.h **** #else
 439:Drivers/CMSIS/Include/cmsis_gcc.h ****     /* Prior to GCC 4.8, "Q" will be expanded to [rx, #0] which is not
 440:Drivers/CMSIS/Include/cmsis_gcc.h ****        accepted by assembler. So has to use following less efficient pattern.
 441:Drivers/CMSIS/Include/cmsis_gcc.h ****     */
 442:Drivers/CMSIS/Include/cmsis_gcc.h ****    __ASM volatile ("ldrexb %0, [%1]" : "=r" (result) : "r" (addr) : "memory" );
 443:Drivers/CMSIS/Include/cmsis_gcc.h **** #endif
 444:Drivers/CMSIS/Include/cmsis_gcc.h ****    return ((uint8_t) result);    /* Add explicit type cast here */
 445:Drivers/CMSIS/Include/cmsis_gcc.h **** }
ARM GAS  /tmp/ccbJcx0I.s 			page 40


 446:Drivers/CMSIS/Include/cmsis_gcc.h **** 
 447:Drivers/CMSIS/Include/cmsis_gcc.h **** 
 448:Drivers/CMSIS/Include/cmsis_gcc.h **** /**
 449:Drivers/CMSIS/Include/cmsis_gcc.h ****   \brief   LDR Exclusive (16 bit)
 450:Drivers/CMSIS/Include/cmsis_gcc.h ****   \details Executes a exclusive LDR instruction for 16 bit values.
 451:Drivers/CMSIS/Include/cmsis_gcc.h ****   \param [in]    ptr  Pointer to data
 452:Drivers/CMSIS/Include/cmsis_gcc.h ****   \return        value of type uint16_t at (*ptr)
 453:Drivers/CMSIS/Include/cmsis_gcc.h ****  */
 454:Drivers/CMSIS/Include/cmsis_gcc.h **** __STATIC_FORCEINLINE uint16_t __LDREXH(volatile uint16_t *addr)
 455:Drivers/CMSIS/Include/cmsis_gcc.h **** {
 456:Drivers/CMSIS/Include/cmsis_gcc.h ****     uint32_t result;
 457:Drivers/CMSIS/Include/cmsis_gcc.h **** 
 458:Drivers/CMSIS/Include/cmsis_gcc.h **** #if (__GNUC__ > 4) || (__GNUC__ == 4 && __GNUC_MINOR__ >= 8)
 459:Drivers/CMSIS/Include/cmsis_gcc.h ****    __ASM volatile ("ldrexh %0, %1" : "=r" (result) : "Q" (*addr) );
 460:Drivers/CMSIS/Include/cmsis_gcc.h **** #else
 461:Drivers/CMSIS/Include/cmsis_gcc.h ****     /* Prior to GCC 4.8, "Q" will be expanded to [rx, #0] which is not
 462:Drivers/CMSIS/Include/cmsis_gcc.h ****        accepted by assembler. So has to use following less efficient pattern.
 463:Drivers/CMSIS/Include/cmsis_gcc.h ****     */
 464:Drivers/CMSIS/Include/cmsis_gcc.h ****    __ASM volatile ("ldrexh %0, [%1]" : "=r" (result) : "r" (addr) : "memory" );
 465:Drivers/CMSIS/Include/cmsis_gcc.h **** #endif
 466:Drivers/CMSIS/Include/cmsis_gcc.h ****    return ((uint16_t) result);    /* Add explicit type cast here */
 467:Drivers/CMSIS/Include/cmsis_gcc.h **** }
 468:Drivers/CMSIS/Include/cmsis_gcc.h **** 
 469:Drivers/CMSIS/Include/cmsis_gcc.h **** 
 470:Drivers/CMSIS/Include/cmsis_gcc.h **** /**
 471:Drivers/CMSIS/Include/cmsis_gcc.h ****   \brief   LDR Exclusive (32 bit)
 472:Drivers/CMSIS/Include/cmsis_gcc.h ****   \details Executes a exclusive LDR instruction for 32 bit values.
 473:Drivers/CMSIS/Include/cmsis_gcc.h ****   \param [in]    ptr  Pointer to data
 474:Drivers/CMSIS/Include/cmsis_gcc.h ****   \return        value of type uint32_t at (*ptr)
 475:Drivers/CMSIS/Include/cmsis_gcc.h ****  */
 476:Drivers/CMSIS/Include/cmsis_gcc.h **** __STATIC_FORCEINLINE uint32_t __LDREXW(volatile uint32_t *addr)
 477:Drivers/CMSIS/Include/cmsis_gcc.h **** {
 478:Drivers/CMSIS/Include/cmsis_gcc.h ****     uint32_t result;
 479:Drivers/CMSIS/Include/cmsis_gcc.h **** 
 480:Drivers/CMSIS/Include/cmsis_gcc.h ****    __ASM volatile ("ldrex %0, %1" : "=r" (result) : "Q" (*addr) );
 481:Drivers/CMSIS/Include/cmsis_gcc.h ****    return(result);
 482:Drivers/CMSIS/Include/cmsis_gcc.h **** }
 483:Drivers/CMSIS/Include/cmsis_gcc.h **** 
 484:Drivers/CMSIS/Include/cmsis_gcc.h **** 
 485:Drivers/CMSIS/Include/cmsis_gcc.h **** /**
 486:Drivers/CMSIS/Include/cmsis_gcc.h ****   \brief   STR Exclusive (8 bit)
 487:Drivers/CMSIS/Include/cmsis_gcc.h ****   \details Executes a exclusive STR instruction for 8 bit values.
 488:Drivers/CMSIS/Include/cmsis_gcc.h ****   \param [in]  value  Value to store
 489:Drivers/CMSIS/Include/cmsis_gcc.h ****   \param [in]    ptr  Pointer to location
 490:Drivers/CMSIS/Include/cmsis_gcc.h ****   \return          0  Function succeeded
 491:Drivers/CMSIS/Include/cmsis_gcc.h ****   \return          1  Function failed
 492:Drivers/CMSIS/Include/cmsis_gcc.h ****  */
 493:Drivers/CMSIS/Include/cmsis_gcc.h **** __STATIC_FORCEINLINE uint32_t __STREXB(uint8_t value, volatile uint8_t *addr)
 494:Drivers/CMSIS/Include/cmsis_gcc.h **** {
 495:Drivers/CMSIS/Include/cmsis_gcc.h ****    uint32_t result;
 496:Drivers/CMSIS/Include/cmsis_gcc.h **** 
 497:Drivers/CMSIS/Include/cmsis_gcc.h ****    __ASM volatile ("strexb %0, %2, %1" : "=&r" (result), "=Q" (*addr) : "r" ((uint32_t)value) );
 498:Drivers/CMSIS/Include/cmsis_gcc.h ****    return(result);
 499:Drivers/CMSIS/Include/cmsis_gcc.h **** }
 500:Drivers/CMSIS/Include/cmsis_gcc.h **** 
 501:Drivers/CMSIS/Include/cmsis_gcc.h **** 
 502:Drivers/CMSIS/Include/cmsis_gcc.h **** /**
ARM GAS  /tmp/ccbJcx0I.s 			page 41


 503:Drivers/CMSIS/Include/cmsis_gcc.h ****   \brief   STR Exclusive (16 bit)
 504:Drivers/CMSIS/Include/cmsis_gcc.h ****   \details Executes a exclusive STR instruction for 16 bit values.
 505:Drivers/CMSIS/Include/cmsis_gcc.h ****   \param [in]  value  Value to store
 506:Drivers/CMSIS/Include/cmsis_gcc.h ****   \param [in]    ptr  Pointer to location
 507:Drivers/CMSIS/Include/cmsis_gcc.h ****   \return          0  Function succeeded
 508:Drivers/CMSIS/Include/cmsis_gcc.h ****   \return          1  Function failed
 509:Drivers/CMSIS/Include/cmsis_gcc.h ****  */
 510:Drivers/CMSIS/Include/cmsis_gcc.h **** __STATIC_FORCEINLINE uint32_t __STREXH(uint16_t value, volatile uint16_t *addr)
 511:Drivers/CMSIS/Include/cmsis_gcc.h **** {
 512:Drivers/CMSIS/Include/cmsis_gcc.h ****    uint32_t result;
 513:Drivers/CMSIS/Include/cmsis_gcc.h **** 
 514:Drivers/CMSIS/Include/cmsis_gcc.h ****    __ASM volatile ("strexh %0, %2, %1" : "=&r" (result), "=Q" (*addr) : "r" ((uint32_t)value) );
 515:Drivers/CMSIS/Include/cmsis_gcc.h ****    return(result);
 516:Drivers/CMSIS/Include/cmsis_gcc.h **** }
 517:Drivers/CMSIS/Include/cmsis_gcc.h **** 
 518:Drivers/CMSIS/Include/cmsis_gcc.h **** 
 519:Drivers/CMSIS/Include/cmsis_gcc.h **** /**
 520:Drivers/CMSIS/Include/cmsis_gcc.h ****   \brief   STR Exclusive (32 bit)
 521:Drivers/CMSIS/Include/cmsis_gcc.h ****   \details Executes a exclusive STR instruction for 32 bit values.
 522:Drivers/CMSIS/Include/cmsis_gcc.h ****   \param [in]  value  Value to store
 523:Drivers/CMSIS/Include/cmsis_gcc.h ****   \param [in]    ptr  Pointer to location
 524:Drivers/CMSIS/Include/cmsis_gcc.h ****   \return          0  Function succeeded
 525:Drivers/CMSIS/Include/cmsis_gcc.h ****   \return          1  Function failed
 526:Drivers/CMSIS/Include/cmsis_gcc.h ****  */
 527:Drivers/CMSIS/Include/cmsis_gcc.h **** __STATIC_FORCEINLINE uint32_t __STREXW(uint32_t value, volatile uint32_t *addr)
 528:Drivers/CMSIS/Include/cmsis_gcc.h **** {
 529:Drivers/CMSIS/Include/cmsis_gcc.h ****    uint32_t result;
 530:Drivers/CMSIS/Include/cmsis_gcc.h **** 
 531:Drivers/CMSIS/Include/cmsis_gcc.h ****    __ASM volatile ("strex %0, %2, %1" : "=&r" (result), "=Q" (*addr) : "r" (value) );
 532:Drivers/CMSIS/Include/cmsis_gcc.h ****    return(result);
 533:Drivers/CMSIS/Include/cmsis_gcc.h **** }
 534:Drivers/CMSIS/Include/cmsis_gcc.h **** 
 535:Drivers/CMSIS/Include/cmsis_gcc.h **** 
 536:Drivers/CMSIS/Include/cmsis_gcc.h **** /**
 537:Drivers/CMSIS/Include/cmsis_gcc.h ****   \brief   Remove the exclusive lock
 538:Drivers/CMSIS/Include/cmsis_gcc.h ****   \details Removes the exclusive lock which is created by LDREX.
 539:Drivers/CMSIS/Include/cmsis_gcc.h ****  */
 540:Drivers/CMSIS/Include/cmsis_gcc.h **** __STATIC_FORCEINLINE void __CLREX(void)
 541:Drivers/CMSIS/Include/cmsis_gcc.h **** {
 542:Drivers/CMSIS/Include/cmsis_gcc.h ****   __ASM volatile ("clrex" ::: "memory");
 543:Drivers/CMSIS/Include/cmsis_gcc.h **** }
 544:Drivers/CMSIS/Include/cmsis_gcc.h **** 
 545:Drivers/CMSIS/Include/cmsis_gcc.h **** #endif /* ((defined (__ARM_ARCH_7M__      ) && (__ARM_ARCH_7M__      == 1)) || \
 546:Drivers/CMSIS/Include/cmsis_gcc.h ****            (defined (__ARM_ARCH_7EM__     ) && (__ARM_ARCH_7EM__     == 1)) || \
 547:Drivers/CMSIS/Include/cmsis_gcc.h ****            (defined (__ARM_ARCH_8M_MAIN__ ) && (__ARM_ARCH_8M_MAIN__ == 1)) || \
 548:Drivers/CMSIS/Include/cmsis_gcc.h ****            (defined (__ARM_ARCH_8M_BASE__ ) && (__ARM_ARCH_8M_BASE__ == 1))    ) */
 549:Drivers/CMSIS/Include/cmsis_gcc.h **** 
 550:Drivers/CMSIS/Include/cmsis_gcc.h **** 
 551:Drivers/CMSIS/Include/cmsis_gcc.h **** #if ((defined (__ARM_ARCH_7M__      ) && (__ARM_ARCH_7M__      == 1)) || \
 552:Drivers/CMSIS/Include/cmsis_gcc.h ****      (defined (__ARM_ARCH_7EM__     ) && (__ARM_ARCH_7EM__     == 1)) || \
 553:Drivers/CMSIS/Include/cmsis_gcc.h ****      (defined (__ARM_ARCH_8M_MAIN__ ) && (__ARM_ARCH_8M_MAIN__ == 1))    )
 554:Drivers/CMSIS/Include/cmsis_gcc.h **** /**
 555:Drivers/CMSIS/Include/cmsis_gcc.h ****   \brief   Signed Saturate
 556:Drivers/CMSIS/Include/cmsis_gcc.h ****   \details Saturates a signed value.
 557:Drivers/CMSIS/Include/cmsis_gcc.h ****   \param [in]  ARG1  Value to be saturated
 558:Drivers/CMSIS/Include/cmsis_gcc.h ****   \param [in]  ARG2  Bit position to saturate to (1..32)
 559:Drivers/CMSIS/Include/cmsis_gcc.h ****   \return             Saturated value
ARM GAS  /tmp/ccbJcx0I.s 			page 42


 560:Drivers/CMSIS/Include/cmsis_gcc.h ****  */
 561:Drivers/CMSIS/Include/cmsis_gcc.h **** #define __SSAT(ARG1, ARG2) \
 562:Drivers/CMSIS/Include/cmsis_gcc.h **** __extension__ \
 563:Drivers/CMSIS/Include/cmsis_gcc.h **** ({                          \
 564:Drivers/CMSIS/Include/cmsis_gcc.h ****   int32_t __RES, __ARG1 = (ARG1); \
 565:Drivers/CMSIS/Include/cmsis_gcc.h ****   __ASM volatile ("ssat %0, %1, %2" : "=r" (__RES) :  "I" (ARG2), "r" (__ARG1) : "cc" ); \
 566:Drivers/CMSIS/Include/cmsis_gcc.h ****   __RES; \
 567:Drivers/CMSIS/Include/cmsis_gcc.h ****  })
 568:Drivers/CMSIS/Include/cmsis_gcc.h **** 
 569:Drivers/CMSIS/Include/cmsis_gcc.h **** 
 570:Drivers/CMSIS/Include/cmsis_gcc.h **** /**
 571:Drivers/CMSIS/Include/cmsis_gcc.h ****   \brief   Unsigned Saturate
 572:Drivers/CMSIS/Include/cmsis_gcc.h ****   \details Saturates an unsigned value.
 573:Drivers/CMSIS/Include/cmsis_gcc.h ****   \param [in]  ARG1  Value to be saturated
 574:Drivers/CMSIS/Include/cmsis_gcc.h ****   \param [in]  ARG2  Bit position to saturate to (0..31)
 575:Drivers/CMSIS/Include/cmsis_gcc.h ****   \return             Saturated value
 576:Drivers/CMSIS/Include/cmsis_gcc.h ****  */
 577:Drivers/CMSIS/Include/cmsis_gcc.h **** #define __USAT(ARG1, ARG2) \
 578:Drivers/CMSIS/Include/cmsis_gcc.h **** __extension__ \
 579:Drivers/CMSIS/Include/cmsis_gcc.h **** ({                          \
 580:Drivers/CMSIS/Include/cmsis_gcc.h ****   uint32_t __RES, __ARG1 = (ARG1); \
 581:Drivers/CMSIS/Include/cmsis_gcc.h ****   __ASM volatile ("usat %0, %1, %2" : "=r" (__RES) :  "I" (ARG2), "r" (__ARG1) : "cc" ); \
 582:Drivers/CMSIS/Include/cmsis_gcc.h ****   __RES; \
 583:Drivers/CMSIS/Include/cmsis_gcc.h ****  })
 584:Drivers/CMSIS/Include/cmsis_gcc.h **** 
 585:Drivers/CMSIS/Include/cmsis_gcc.h **** 
 586:Drivers/CMSIS/Include/cmsis_gcc.h **** /**
 587:Drivers/CMSIS/Include/cmsis_gcc.h ****   \brief   Rotate Right with Extend (32 bit)
 588:Drivers/CMSIS/Include/cmsis_gcc.h ****   \details Moves each bit of a bitstring right by one bit.
 589:Drivers/CMSIS/Include/cmsis_gcc.h ****            The carry input is shifted in at the left end of the bitstring.
 590:Drivers/CMSIS/Include/cmsis_gcc.h ****   \param [in]    value  Value to rotate
 591:Drivers/CMSIS/Include/cmsis_gcc.h ****   \return               Rotated value
 592:Drivers/CMSIS/Include/cmsis_gcc.h ****  */
 593:Drivers/CMSIS/Include/cmsis_gcc.h **** __STATIC_FORCEINLINE uint32_t __RRX(uint32_t value)
 594:Drivers/CMSIS/Include/cmsis_gcc.h **** {
 595:Drivers/CMSIS/Include/cmsis_gcc.h ****   uint32_t result;
 596:Drivers/CMSIS/Include/cmsis_gcc.h **** 
 597:Drivers/CMSIS/Include/cmsis_gcc.h ****   __ASM volatile ("rrx %0, %1" : __CMSIS_GCC_OUT_REG (result) : __CMSIS_GCC_USE_REG (value) );
 598:Drivers/CMSIS/Include/cmsis_gcc.h ****   return(result);
 599:Drivers/CMSIS/Include/cmsis_gcc.h **** }
 600:Drivers/CMSIS/Include/cmsis_gcc.h **** 
 601:Drivers/CMSIS/Include/cmsis_gcc.h **** 
 602:Drivers/CMSIS/Include/cmsis_gcc.h **** /**
 603:Drivers/CMSIS/Include/cmsis_gcc.h ****   \brief   LDRT Unprivileged (8 bit)
 604:Drivers/CMSIS/Include/cmsis_gcc.h ****   \details Executes a Unprivileged LDRT instruction for 8 bit value.
 605:Drivers/CMSIS/Include/cmsis_gcc.h ****   \param [in]    ptr  Pointer to data
 606:Drivers/CMSIS/Include/cmsis_gcc.h ****   \return             value of type uint8_t at (*ptr)
 607:Drivers/CMSIS/Include/cmsis_gcc.h ****  */
 608:Drivers/CMSIS/Include/cmsis_gcc.h **** __STATIC_FORCEINLINE uint8_t __LDRBT(volatile uint8_t *ptr)
 609:Drivers/CMSIS/Include/cmsis_gcc.h **** {
 610:Drivers/CMSIS/Include/cmsis_gcc.h ****     uint32_t result;
 611:Drivers/CMSIS/Include/cmsis_gcc.h **** 
 612:Drivers/CMSIS/Include/cmsis_gcc.h **** #if (__GNUC__ > 4) || (__GNUC__ == 4 && __GNUC_MINOR__ >= 8)
 613:Drivers/CMSIS/Include/cmsis_gcc.h ****    __ASM volatile ("ldrbt %0, %1" : "=r" (result) : "Q" (*ptr) );
 614:Drivers/CMSIS/Include/cmsis_gcc.h **** #else
 615:Drivers/CMSIS/Include/cmsis_gcc.h ****     /* Prior to GCC 4.8, "Q" will be expanded to [rx, #0] which is not
 616:Drivers/CMSIS/Include/cmsis_gcc.h ****        accepted by assembler. So has to use following less efficient pattern.
ARM GAS  /tmp/ccbJcx0I.s 			page 43


 617:Drivers/CMSIS/Include/cmsis_gcc.h ****     */
 618:Drivers/CMSIS/Include/cmsis_gcc.h ****    __ASM volatile ("ldrbt %0, [%1]" : "=r" (result) : "r" (ptr) : "memory" );
 619:Drivers/CMSIS/Include/cmsis_gcc.h **** #endif
 620:Drivers/CMSIS/Include/cmsis_gcc.h ****    return ((uint8_t) result);    /* Add explicit type cast here */
 621:Drivers/CMSIS/Include/cmsis_gcc.h **** }
 622:Drivers/CMSIS/Include/cmsis_gcc.h **** 
 623:Drivers/CMSIS/Include/cmsis_gcc.h **** 
 624:Drivers/CMSIS/Include/cmsis_gcc.h **** /**
 625:Drivers/CMSIS/Include/cmsis_gcc.h ****   \brief   LDRT Unprivileged (16 bit)
 626:Drivers/CMSIS/Include/cmsis_gcc.h ****   \details Executes a Unprivileged LDRT instruction for 16 bit values.
 627:Drivers/CMSIS/Include/cmsis_gcc.h ****   \param [in]    ptr  Pointer to data
 628:Drivers/CMSIS/Include/cmsis_gcc.h ****   \return        value of type uint16_t at (*ptr)
 629:Drivers/CMSIS/Include/cmsis_gcc.h ****  */
 630:Drivers/CMSIS/Include/cmsis_gcc.h **** __STATIC_FORCEINLINE uint16_t __LDRHT(volatile uint16_t *ptr)
 631:Drivers/CMSIS/Include/cmsis_gcc.h **** {
 632:Drivers/CMSIS/Include/cmsis_gcc.h ****     uint32_t result;
 633:Drivers/CMSIS/Include/cmsis_gcc.h **** 
 634:Drivers/CMSIS/Include/cmsis_gcc.h **** #if (__GNUC__ > 4) || (__GNUC__ == 4 && __GNUC_MINOR__ >= 8)
 635:Drivers/CMSIS/Include/cmsis_gcc.h ****    __ASM volatile ("ldrht %0, %1" : "=r" (result) : "Q" (*ptr) );
 636:Drivers/CMSIS/Include/cmsis_gcc.h **** #else
 637:Drivers/CMSIS/Include/cmsis_gcc.h ****     /* Prior to GCC 4.8, "Q" will be expanded to [rx, #0] which is not
 638:Drivers/CMSIS/Include/cmsis_gcc.h ****        accepted by assembler. So has to use following less efficient pattern.
 639:Drivers/CMSIS/Include/cmsis_gcc.h ****     */
 640:Drivers/CMSIS/Include/cmsis_gcc.h ****    __ASM volatile ("ldrht %0, [%1]" : "=r" (result) : "r" (ptr) : "memory" );
 641:Drivers/CMSIS/Include/cmsis_gcc.h **** #endif
 642:Drivers/CMSIS/Include/cmsis_gcc.h ****    return ((uint16_t) result);    /* Add explicit type cast here */
 643:Drivers/CMSIS/Include/cmsis_gcc.h **** }
 644:Drivers/CMSIS/Include/cmsis_gcc.h **** 
 645:Drivers/CMSIS/Include/cmsis_gcc.h **** 
 646:Drivers/CMSIS/Include/cmsis_gcc.h **** /**
 647:Drivers/CMSIS/Include/cmsis_gcc.h ****   \brief   LDRT Unprivileged (32 bit)
 648:Drivers/CMSIS/Include/cmsis_gcc.h ****   \details Executes a Unprivileged LDRT instruction for 32 bit values.
 649:Drivers/CMSIS/Include/cmsis_gcc.h ****   \param [in]    ptr  Pointer to data
 650:Drivers/CMSIS/Include/cmsis_gcc.h ****   \return        value of type uint32_t at (*ptr)
 651:Drivers/CMSIS/Include/cmsis_gcc.h ****  */
 652:Drivers/CMSIS/Include/cmsis_gcc.h **** __STATIC_FORCEINLINE uint32_t __LDRT(volatile uint32_t *ptr)
 653:Drivers/CMSIS/Include/cmsis_gcc.h **** {
 654:Drivers/CMSIS/Include/cmsis_gcc.h ****     uint32_t result;
 655:Drivers/CMSIS/Include/cmsis_gcc.h **** 
 656:Drivers/CMSIS/Include/cmsis_gcc.h ****    __ASM volatile ("ldrt %0, %1" : "=r" (result) : "Q" (*ptr) );
 657:Drivers/CMSIS/Include/cmsis_gcc.h ****    return(result);
 658:Drivers/CMSIS/Include/cmsis_gcc.h **** }
 659:Drivers/CMSIS/Include/cmsis_gcc.h **** 
 660:Drivers/CMSIS/Include/cmsis_gcc.h **** 
 661:Drivers/CMSIS/Include/cmsis_gcc.h **** /**
 662:Drivers/CMSIS/Include/cmsis_gcc.h ****   \brief   STRT Unprivileged (8 bit)
 663:Drivers/CMSIS/Include/cmsis_gcc.h ****   \details Executes a Unprivileged STRT instruction for 8 bit values.
 664:Drivers/CMSIS/Include/cmsis_gcc.h ****   \param [in]  value  Value to store
 665:Drivers/CMSIS/Include/cmsis_gcc.h ****   \param [in]    ptr  Pointer to location
 666:Drivers/CMSIS/Include/cmsis_gcc.h ****  */
 667:Drivers/CMSIS/Include/cmsis_gcc.h **** __STATIC_FORCEINLINE void __STRBT(uint8_t value, volatile uint8_t *ptr)
 668:Drivers/CMSIS/Include/cmsis_gcc.h **** {
 669:Drivers/CMSIS/Include/cmsis_gcc.h ****    __ASM volatile ("strbt %1, %0" : "=Q" (*ptr) : "r" ((uint32_t)value) );
 670:Drivers/CMSIS/Include/cmsis_gcc.h **** }
 671:Drivers/CMSIS/Include/cmsis_gcc.h **** 
 672:Drivers/CMSIS/Include/cmsis_gcc.h **** 
 673:Drivers/CMSIS/Include/cmsis_gcc.h **** /**
ARM GAS  /tmp/ccbJcx0I.s 			page 44


 674:Drivers/CMSIS/Include/cmsis_gcc.h ****   \brief   STRT Unprivileged (16 bit)
 675:Drivers/CMSIS/Include/cmsis_gcc.h ****   \details Executes a Unprivileged STRT instruction for 16 bit values.
 676:Drivers/CMSIS/Include/cmsis_gcc.h ****   \param [in]  value  Value to store
 677:Drivers/CMSIS/Include/cmsis_gcc.h ****   \param [in]    ptr  Pointer to location
 678:Drivers/CMSIS/Include/cmsis_gcc.h ****  */
 679:Drivers/CMSIS/Include/cmsis_gcc.h **** __STATIC_FORCEINLINE void __STRHT(uint16_t value, volatile uint16_t *ptr)
 680:Drivers/CMSIS/Include/cmsis_gcc.h **** {
 681:Drivers/CMSIS/Include/cmsis_gcc.h ****    __ASM volatile ("strht %1, %0" : "=Q" (*ptr) : "r" ((uint32_t)value) );
 682:Drivers/CMSIS/Include/cmsis_gcc.h **** }
 683:Drivers/CMSIS/Include/cmsis_gcc.h **** 
 684:Drivers/CMSIS/Include/cmsis_gcc.h **** 
 685:Drivers/CMSIS/Include/cmsis_gcc.h **** /**
 686:Drivers/CMSIS/Include/cmsis_gcc.h ****   \brief   STRT Unprivileged (32 bit)
 687:Drivers/CMSIS/Include/cmsis_gcc.h ****   \details Executes a Unprivileged STRT instruction for 32 bit values.
 688:Drivers/CMSIS/Include/cmsis_gcc.h ****   \param [in]  value  Value to store
 689:Drivers/CMSIS/Include/cmsis_gcc.h ****   \param [in]    ptr  Pointer to location
 690:Drivers/CMSIS/Include/cmsis_gcc.h ****  */
 691:Drivers/CMSIS/Include/cmsis_gcc.h **** __STATIC_FORCEINLINE void __STRT(uint32_t value, volatile uint32_t *ptr)
 692:Drivers/CMSIS/Include/cmsis_gcc.h **** {
 693:Drivers/CMSIS/Include/cmsis_gcc.h ****    __ASM volatile ("strt %1, %0" : "=Q" (*ptr) : "r" (value) );
 694:Drivers/CMSIS/Include/cmsis_gcc.h **** }
 695:Drivers/CMSIS/Include/cmsis_gcc.h **** 
 696:Drivers/CMSIS/Include/cmsis_gcc.h **** #else  /* ((defined (__ARM_ARCH_7M__      ) && (__ARM_ARCH_7M__      == 1)) || \
 697:Drivers/CMSIS/Include/cmsis_gcc.h ****            (defined (__ARM_ARCH_7EM__     ) && (__ARM_ARCH_7EM__     == 1)) || \
 698:Drivers/CMSIS/Include/cmsis_gcc.h ****            (defined (__ARM_ARCH_8M_MAIN__ ) && (__ARM_ARCH_8M_MAIN__ == 1))    ) */
 699:Drivers/CMSIS/Include/cmsis_gcc.h **** 
 700:Drivers/CMSIS/Include/cmsis_gcc.h **** /**
 701:Drivers/CMSIS/Include/cmsis_gcc.h ****   \brief   Signed Saturate
 702:Drivers/CMSIS/Include/cmsis_gcc.h ****   \details Saturates a signed value.
 703:Drivers/CMSIS/Include/cmsis_gcc.h ****   \param [in]  value  Value to be saturated
 704:Drivers/CMSIS/Include/cmsis_gcc.h ****   \param [in]    sat  Bit position to saturate to (1..32)
 705:Drivers/CMSIS/Include/cmsis_gcc.h ****   \return             Saturated value
 706:Drivers/CMSIS/Include/cmsis_gcc.h ****  */
 707:Drivers/CMSIS/Include/cmsis_gcc.h **** __STATIC_FORCEINLINE int32_t __SSAT(int32_t val, uint32_t sat)
 708:Drivers/CMSIS/Include/cmsis_gcc.h **** {
 709:Drivers/CMSIS/Include/cmsis_gcc.h ****   if ((sat >= 1U) && (sat <= 32U))
 710:Drivers/CMSIS/Include/cmsis_gcc.h ****   {
 711:Drivers/CMSIS/Include/cmsis_gcc.h ****     const int32_t max = (int32_t)((1U << (sat - 1U)) - 1U);
 712:Drivers/CMSIS/Include/cmsis_gcc.h ****     const int32_t min = -1 - max ;
 713:Drivers/CMSIS/Include/cmsis_gcc.h ****     if (val > max)
 714:Drivers/CMSIS/Include/cmsis_gcc.h ****     {
 715:Drivers/CMSIS/Include/cmsis_gcc.h ****       return max;
 716:Drivers/CMSIS/Include/cmsis_gcc.h ****     }
 717:Drivers/CMSIS/Include/cmsis_gcc.h ****     else if (val < min)
 718:Drivers/CMSIS/Include/cmsis_gcc.h ****     {
 719:Drivers/CMSIS/Include/cmsis_gcc.h ****       return min;
 720:Drivers/CMSIS/Include/cmsis_gcc.h ****     }
 721:Drivers/CMSIS/Include/cmsis_gcc.h ****   }
 722:Drivers/CMSIS/Include/cmsis_gcc.h ****   return val;
 723:Drivers/CMSIS/Include/cmsis_gcc.h **** }
 724:Drivers/CMSIS/Include/cmsis_gcc.h **** 
 725:Drivers/CMSIS/Include/cmsis_gcc.h **** /**
 726:Drivers/CMSIS/Include/cmsis_gcc.h ****   \brief   Unsigned Saturate
 727:Drivers/CMSIS/Include/cmsis_gcc.h ****   \details Saturates an unsigned value.
 728:Drivers/CMSIS/Include/cmsis_gcc.h ****   \param [in]  value  Value to be saturated
 729:Drivers/CMSIS/Include/cmsis_gcc.h ****   \param [in]    sat  Bit position to saturate to (0..31)
 730:Drivers/CMSIS/Include/cmsis_gcc.h ****   \return             Saturated value
ARM GAS  /tmp/ccbJcx0I.s 			page 45


 731:Drivers/CMSIS/Include/cmsis_gcc.h ****  */
 732:Drivers/CMSIS/Include/cmsis_gcc.h **** __STATIC_FORCEINLINE uint32_t __USAT(int32_t val, uint32_t sat)
 733:Drivers/CMSIS/Include/cmsis_gcc.h **** {
 734:Drivers/CMSIS/Include/cmsis_gcc.h ****   if (sat <= 31U)
 735:Drivers/CMSIS/Include/cmsis_gcc.h ****   {
 736:Drivers/CMSIS/Include/cmsis_gcc.h ****     const uint32_t max = ((1U << sat) - 1U);
 737:Drivers/CMSIS/Include/cmsis_gcc.h ****     if (val > (int32_t)max)
 738:Drivers/CMSIS/Include/cmsis_gcc.h ****     {
 739:Drivers/CMSIS/Include/cmsis_gcc.h ****       return max;
 740:Drivers/CMSIS/Include/cmsis_gcc.h ****     }
 741:Drivers/CMSIS/Include/cmsis_gcc.h ****     else if (val < 0)
 742:Drivers/CMSIS/Include/cmsis_gcc.h ****     {
 743:Drivers/CMSIS/Include/cmsis_gcc.h ****       return 0U;
 744:Drivers/CMSIS/Include/cmsis_gcc.h ****     }
 745:Drivers/CMSIS/Include/cmsis_gcc.h ****   }
 746:Drivers/CMSIS/Include/cmsis_gcc.h ****   return (uint32_t)val;
 747:Drivers/CMSIS/Include/cmsis_gcc.h **** }
 748:Drivers/CMSIS/Include/cmsis_gcc.h **** 
 749:Drivers/CMSIS/Include/cmsis_gcc.h **** #endif /* ((defined (__ARM_ARCH_7M__      ) && (__ARM_ARCH_7M__      == 1)) || \
 750:Drivers/CMSIS/Include/cmsis_gcc.h ****            (defined (__ARM_ARCH_7EM__     ) && (__ARM_ARCH_7EM__     == 1)) || \
 751:Drivers/CMSIS/Include/cmsis_gcc.h ****            (defined (__ARM_ARCH_8M_MAIN__ ) && (__ARM_ARCH_8M_MAIN__ == 1))    ) */
 752:Drivers/CMSIS/Include/cmsis_gcc.h **** 
 753:Drivers/CMSIS/Include/cmsis_gcc.h **** 
 754:Drivers/CMSIS/Include/cmsis_gcc.h **** #if ((defined (__ARM_ARCH_8M_MAIN__ ) && (__ARM_ARCH_8M_MAIN__ == 1)) || \
 755:Drivers/CMSIS/Include/cmsis_gcc.h ****      (defined (__ARM_ARCH_8M_BASE__ ) && (__ARM_ARCH_8M_BASE__ == 1))    )
 756:Drivers/CMSIS/Include/cmsis_gcc.h **** /**
 757:Drivers/CMSIS/Include/cmsis_gcc.h ****   \brief   Load-Acquire (8 bit)
 758:Drivers/CMSIS/Include/cmsis_gcc.h ****   \details Executes a LDAB instruction for 8 bit value.
 759:Drivers/CMSIS/Include/cmsis_gcc.h ****   \param [in]    ptr  Pointer to data
 760:Drivers/CMSIS/Include/cmsis_gcc.h ****   \return             value of type uint8_t at (*ptr)
 761:Drivers/CMSIS/Include/cmsis_gcc.h ****  */
 762:Drivers/CMSIS/Include/cmsis_gcc.h **** __STATIC_FORCEINLINE uint8_t __LDAB(volatile uint8_t *ptr)
 763:Drivers/CMSIS/Include/cmsis_gcc.h **** {
 764:Drivers/CMSIS/Include/cmsis_gcc.h ****     uint32_t result;
 765:Drivers/CMSIS/Include/cmsis_gcc.h **** 
 766:Drivers/CMSIS/Include/cmsis_gcc.h ****    __ASM volatile ("ldab %0, %1" : "=r" (result) : "Q" (*ptr) : "memory" );
 767:Drivers/CMSIS/Include/cmsis_gcc.h ****    return ((uint8_t) result);
 768:Drivers/CMSIS/Include/cmsis_gcc.h **** }
 769:Drivers/CMSIS/Include/cmsis_gcc.h **** 
 770:Drivers/CMSIS/Include/cmsis_gcc.h **** 
 771:Drivers/CMSIS/Include/cmsis_gcc.h **** /**
 772:Drivers/CMSIS/Include/cmsis_gcc.h ****   \brief   Load-Acquire (16 bit)
 773:Drivers/CMSIS/Include/cmsis_gcc.h ****   \details Executes a LDAH instruction for 16 bit values.
 774:Drivers/CMSIS/Include/cmsis_gcc.h ****   \param [in]    ptr  Pointer to data
 775:Drivers/CMSIS/Include/cmsis_gcc.h ****   \return        value of type uint16_t at (*ptr)
 776:Drivers/CMSIS/Include/cmsis_gcc.h ****  */
 777:Drivers/CMSIS/Include/cmsis_gcc.h **** __STATIC_FORCEINLINE uint16_t __LDAH(volatile uint16_t *ptr)
 778:Drivers/CMSIS/Include/cmsis_gcc.h **** {
 779:Drivers/CMSIS/Include/cmsis_gcc.h ****     uint32_t result;
 780:Drivers/CMSIS/Include/cmsis_gcc.h **** 
 781:Drivers/CMSIS/Include/cmsis_gcc.h ****    __ASM volatile ("ldah %0, %1" : "=r" (result) : "Q" (*ptr) : "memory" );
 782:Drivers/CMSIS/Include/cmsis_gcc.h ****    return ((uint16_t) result);
 783:Drivers/CMSIS/Include/cmsis_gcc.h **** }
 784:Drivers/CMSIS/Include/cmsis_gcc.h **** 
 785:Drivers/CMSIS/Include/cmsis_gcc.h **** 
 786:Drivers/CMSIS/Include/cmsis_gcc.h **** /**
 787:Drivers/CMSIS/Include/cmsis_gcc.h ****   \brief   Load-Acquire (32 bit)
ARM GAS  /tmp/ccbJcx0I.s 			page 46


 788:Drivers/CMSIS/Include/cmsis_gcc.h ****   \details Executes a LDA instruction for 32 bit values.
 789:Drivers/CMSIS/Include/cmsis_gcc.h ****   \param [in]    ptr  Pointer to data
 790:Drivers/CMSIS/Include/cmsis_gcc.h ****   \return        value of type uint32_t at (*ptr)
 791:Drivers/CMSIS/Include/cmsis_gcc.h ****  */
 792:Drivers/CMSIS/Include/cmsis_gcc.h **** __STATIC_FORCEINLINE uint32_t __LDA(volatile uint32_t *ptr)
 793:Drivers/CMSIS/Include/cmsis_gcc.h **** {
 794:Drivers/CMSIS/Include/cmsis_gcc.h ****     uint32_t result;
 795:Drivers/CMSIS/Include/cmsis_gcc.h **** 
 796:Drivers/CMSIS/Include/cmsis_gcc.h ****    __ASM volatile ("lda %0, %1" : "=r" (result) : "Q" (*ptr) : "memory" );
 797:Drivers/CMSIS/Include/cmsis_gcc.h ****    return(result);
 798:Drivers/CMSIS/Include/cmsis_gcc.h **** }
 799:Drivers/CMSIS/Include/cmsis_gcc.h **** 
 800:Drivers/CMSIS/Include/cmsis_gcc.h **** 
 801:Drivers/CMSIS/Include/cmsis_gcc.h **** /**
 802:Drivers/CMSIS/Include/cmsis_gcc.h ****   \brief   Store-Release (8 bit)
 803:Drivers/CMSIS/Include/cmsis_gcc.h ****   \details Executes a STLB instruction for 8 bit values.
 804:Drivers/CMSIS/Include/cmsis_gcc.h ****   \param [in]  value  Value to store
 805:Drivers/CMSIS/Include/cmsis_gcc.h ****   \param [in]    ptr  Pointer to location
 806:Drivers/CMSIS/Include/cmsis_gcc.h ****  */
 807:Drivers/CMSIS/Include/cmsis_gcc.h **** __STATIC_FORCEINLINE void __STLB(uint8_t value, volatile uint8_t *ptr)
 808:Drivers/CMSIS/Include/cmsis_gcc.h **** {
 809:Drivers/CMSIS/Include/cmsis_gcc.h ****    __ASM volatile ("stlb %1, %0" : "=Q" (*ptr) : "r" ((uint32_t)value) : "memory" );
 810:Drivers/CMSIS/Include/cmsis_gcc.h **** }
 811:Drivers/CMSIS/Include/cmsis_gcc.h **** 
 812:Drivers/CMSIS/Include/cmsis_gcc.h **** 
 813:Drivers/CMSIS/Include/cmsis_gcc.h **** /**
 814:Drivers/CMSIS/Include/cmsis_gcc.h ****   \brief   Store-Release (16 bit)
 815:Drivers/CMSIS/Include/cmsis_gcc.h ****   \details Executes a STLH instruction for 16 bit values.
 816:Drivers/CMSIS/Include/cmsis_gcc.h ****   \param [in]  value  Value to store
 817:Drivers/CMSIS/Include/cmsis_gcc.h ****   \param [in]    ptr  Pointer to location
 818:Drivers/CMSIS/Include/cmsis_gcc.h ****  */
 819:Drivers/CMSIS/Include/cmsis_gcc.h **** __STATIC_FORCEINLINE void __STLH(uint16_t value, volatile uint16_t *ptr)
 820:Drivers/CMSIS/Include/cmsis_gcc.h **** {
 821:Drivers/CMSIS/Include/cmsis_gcc.h ****    __ASM volatile ("stlh %1, %0" : "=Q" (*ptr) : "r" ((uint32_t)value) : "memory" );
 822:Drivers/CMSIS/Include/cmsis_gcc.h **** }
 823:Drivers/CMSIS/Include/cmsis_gcc.h **** 
 824:Drivers/CMSIS/Include/cmsis_gcc.h **** 
 825:Drivers/CMSIS/Include/cmsis_gcc.h **** /**
 826:Drivers/CMSIS/Include/cmsis_gcc.h ****   \brief   Store-Release (32 bit)
 827:Drivers/CMSIS/Include/cmsis_gcc.h ****   \details Executes a STL instruction for 32 bit values.
 828:Drivers/CMSIS/Include/cmsis_gcc.h ****   \param [in]  value  Value to store
 829:Drivers/CMSIS/Include/cmsis_gcc.h ****   \param [in]    ptr  Pointer to location
 830:Drivers/CMSIS/Include/cmsis_gcc.h ****  */
 831:Drivers/CMSIS/Include/cmsis_gcc.h **** __STATIC_FORCEINLINE void __STL(uint32_t value, volatile uint32_t *ptr)
 832:Drivers/CMSIS/Include/cmsis_gcc.h **** {
 833:Drivers/CMSIS/Include/cmsis_gcc.h ****    __ASM volatile ("stl %1, %0" : "=Q" (*ptr) : "r" ((uint32_t)value) : "memory" );
 834:Drivers/CMSIS/Include/cmsis_gcc.h **** }
 835:Drivers/CMSIS/Include/cmsis_gcc.h **** 
 836:Drivers/CMSIS/Include/cmsis_gcc.h **** 
 837:Drivers/CMSIS/Include/cmsis_gcc.h **** /**
 838:Drivers/CMSIS/Include/cmsis_gcc.h ****   \brief   Load-Acquire Exclusive (8 bit)
 839:Drivers/CMSIS/Include/cmsis_gcc.h ****   \details Executes a LDAB exclusive instruction for 8 bit value.
 840:Drivers/CMSIS/Include/cmsis_gcc.h ****   \param [in]    ptr  Pointer to data
 841:Drivers/CMSIS/Include/cmsis_gcc.h ****   \return             value of type uint8_t at (*ptr)
 842:Drivers/CMSIS/Include/cmsis_gcc.h ****  */
 843:Drivers/CMSIS/Include/cmsis_gcc.h **** __STATIC_FORCEINLINE uint8_t __LDAEXB(volatile uint8_t *ptr)
 844:Drivers/CMSIS/Include/cmsis_gcc.h **** {
ARM GAS  /tmp/ccbJcx0I.s 			page 47


 845:Drivers/CMSIS/Include/cmsis_gcc.h ****     uint32_t result;
 846:Drivers/CMSIS/Include/cmsis_gcc.h **** 
 847:Drivers/CMSIS/Include/cmsis_gcc.h ****    __ASM volatile ("ldaexb %0, %1" : "=r" (result) : "Q" (*ptr) : "memory" );
 848:Drivers/CMSIS/Include/cmsis_gcc.h ****    return ((uint8_t) result);
 849:Drivers/CMSIS/Include/cmsis_gcc.h **** }
 850:Drivers/CMSIS/Include/cmsis_gcc.h **** 
 851:Drivers/CMSIS/Include/cmsis_gcc.h **** 
 852:Drivers/CMSIS/Include/cmsis_gcc.h **** /**
 853:Drivers/CMSIS/Include/cmsis_gcc.h ****   \brief   Load-Acquire Exclusive (16 bit)
 854:Drivers/CMSIS/Include/cmsis_gcc.h ****   \details Executes a LDAH exclusive instruction for 16 bit values.
 855:Drivers/CMSIS/Include/cmsis_gcc.h ****   \param [in]    ptr  Pointer to data
 856:Drivers/CMSIS/Include/cmsis_gcc.h ****   \return        value of type uint16_t at (*ptr)
 857:Drivers/CMSIS/Include/cmsis_gcc.h ****  */
 858:Drivers/CMSIS/Include/cmsis_gcc.h **** __STATIC_FORCEINLINE uint16_t __LDAEXH(volatile uint16_t *ptr)
 859:Drivers/CMSIS/Include/cmsis_gcc.h **** {
 860:Drivers/CMSIS/Include/cmsis_gcc.h ****     uint32_t result;
 861:Drivers/CMSIS/Include/cmsis_gcc.h **** 
 862:Drivers/CMSIS/Include/cmsis_gcc.h ****    __ASM volatile ("ldaexh %0, %1" : "=r" (result) : "Q" (*ptr) : "memory" );
 863:Drivers/CMSIS/Include/cmsis_gcc.h ****    return ((uint16_t) result);
 864:Drivers/CMSIS/Include/cmsis_gcc.h **** }
 865:Drivers/CMSIS/Include/cmsis_gcc.h **** 
 866:Drivers/CMSIS/Include/cmsis_gcc.h **** 
 867:Drivers/CMSIS/Include/cmsis_gcc.h **** /**
 868:Drivers/CMSIS/Include/cmsis_gcc.h ****   \brief   Load-Acquire Exclusive (32 bit)
 869:Drivers/CMSIS/Include/cmsis_gcc.h ****   \details Executes a LDA exclusive instruction for 32 bit values.
 870:Drivers/CMSIS/Include/cmsis_gcc.h ****   \param [in]    ptr  Pointer to data
 871:Drivers/CMSIS/Include/cmsis_gcc.h ****   \return        value of type uint32_t at (*ptr)
 872:Drivers/CMSIS/Include/cmsis_gcc.h ****  */
 873:Drivers/CMSIS/Include/cmsis_gcc.h **** __STATIC_FORCEINLINE uint32_t __LDAEX(volatile uint32_t *ptr)
 874:Drivers/CMSIS/Include/cmsis_gcc.h **** {
 875:Drivers/CMSIS/Include/cmsis_gcc.h ****     uint32_t result;
 876:Drivers/CMSIS/Include/cmsis_gcc.h **** 
 877:Drivers/CMSIS/Include/cmsis_gcc.h ****    __ASM volatile ("ldaex %0, %1" : "=r" (result) : "Q" (*ptr) : "memory" );
 878:Drivers/CMSIS/Include/cmsis_gcc.h ****    return(result);
 879:Drivers/CMSIS/Include/cmsis_gcc.h **** }
 880:Drivers/CMSIS/Include/cmsis_gcc.h **** 
 881:Drivers/CMSIS/Include/cmsis_gcc.h **** 
 882:Drivers/CMSIS/Include/cmsis_gcc.h **** /**
 883:Drivers/CMSIS/Include/cmsis_gcc.h ****   \brief   Store-Release Exclusive (8 bit)
 884:Drivers/CMSIS/Include/cmsis_gcc.h ****   \details Executes a STLB exclusive instruction for 8 bit values.
 885:Drivers/CMSIS/Include/cmsis_gcc.h ****   \param [in]  value  Value to store
 886:Drivers/CMSIS/Include/cmsis_gcc.h ****   \param [in]    ptr  Pointer to location
 887:Drivers/CMSIS/Include/cmsis_gcc.h ****   \return          0  Function succeeded
 888:Drivers/CMSIS/Include/cmsis_gcc.h ****   \return          1  Function failed
 889:Drivers/CMSIS/Include/cmsis_gcc.h ****  */
 890:Drivers/CMSIS/Include/cmsis_gcc.h **** __STATIC_FORCEINLINE uint32_t __STLEXB(uint8_t value, volatile uint8_t *ptr)
 891:Drivers/CMSIS/Include/cmsis_gcc.h **** {
 892:Drivers/CMSIS/Include/cmsis_gcc.h ****    uint32_t result;
 893:Drivers/CMSIS/Include/cmsis_gcc.h **** 
 894:Drivers/CMSIS/Include/cmsis_gcc.h ****    __ASM volatile ("stlexb %0, %2, %1" : "=&r" (result), "=Q" (*ptr) : "r" ((uint32_t)value) : "mem
 895:Drivers/CMSIS/Include/cmsis_gcc.h ****    return(result);
 896:Drivers/CMSIS/Include/cmsis_gcc.h **** }
 897:Drivers/CMSIS/Include/cmsis_gcc.h **** 
 898:Drivers/CMSIS/Include/cmsis_gcc.h **** 
 899:Drivers/CMSIS/Include/cmsis_gcc.h **** /**
 900:Drivers/CMSIS/Include/cmsis_gcc.h ****   \brief   Store-Release Exclusive (16 bit)
 901:Drivers/CMSIS/Include/cmsis_gcc.h ****   \details Executes a STLH exclusive instruction for 16 bit values.
ARM GAS  /tmp/ccbJcx0I.s 			page 48


 902:Drivers/CMSIS/Include/cmsis_gcc.h ****   \param [in]  value  Value to store
 903:Drivers/CMSIS/Include/cmsis_gcc.h ****   \param [in]    ptr  Pointer to location
 904:Drivers/CMSIS/Include/cmsis_gcc.h ****   \return          0  Function succeeded
 905:Drivers/CMSIS/Include/cmsis_gcc.h ****   \return          1  Function failed
 906:Drivers/CMSIS/Include/cmsis_gcc.h ****  */
 907:Drivers/CMSIS/Include/cmsis_gcc.h **** __STATIC_FORCEINLINE uint32_t __STLEXH(uint16_t value, volatile uint16_t *ptr)
 908:Drivers/CMSIS/Include/cmsis_gcc.h **** {
 909:Drivers/CMSIS/Include/cmsis_gcc.h ****    uint32_t result;
 910:Drivers/CMSIS/Include/cmsis_gcc.h **** 
 911:Drivers/CMSIS/Include/cmsis_gcc.h ****    __ASM volatile ("stlexh %0, %2, %1" : "=&r" (result), "=Q" (*ptr) : "r" ((uint32_t)value) : "mem
 912:Drivers/CMSIS/Include/cmsis_gcc.h ****    return(result);
 913:Drivers/CMSIS/Include/cmsis_gcc.h **** }
 914:Drivers/CMSIS/Include/cmsis_gcc.h **** 
 915:Drivers/CMSIS/Include/cmsis_gcc.h **** 
 916:Drivers/CMSIS/Include/cmsis_gcc.h **** /**
 917:Drivers/CMSIS/Include/cmsis_gcc.h ****   \brief   Store-Release Exclusive (32 bit)
 918:Drivers/CMSIS/Include/cmsis_gcc.h ****   \details Executes a STL exclusive instruction for 32 bit values.
 919:Drivers/CMSIS/Include/cmsis_gcc.h ****   \param [in]  value  Value to store
 920:Drivers/CMSIS/Include/cmsis_gcc.h ****   \param [in]    ptr  Pointer to location
 921:Drivers/CMSIS/Include/cmsis_gcc.h ****   \return          0  Function succeeded
 922:Drivers/CMSIS/Include/cmsis_gcc.h ****   \return          1  Function failed
 923:Drivers/CMSIS/Include/cmsis_gcc.h ****  */
 924:Drivers/CMSIS/Include/cmsis_gcc.h **** __STATIC_FORCEINLINE uint32_t __STLEX(uint32_t value, volatile uint32_t *ptr)
 925:Drivers/CMSIS/Include/cmsis_gcc.h **** {
 926:Drivers/CMSIS/Include/cmsis_gcc.h ****    uint32_t result;
 927:Drivers/CMSIS/Include/cmsis_gcc.h **** 
 928:Drivers/CMSIS/Include/cmsis_gcc.h ****    __ASM volatile ("stlex %0, %2, %1" : "=&r" (result), "=Q" (*ptr) : "r" ((uint32_t)value) : "memo
 929:Drivers/CMSIS/Include/cmsis_gcc.h ****    return(result);
 930:Drivers/CMSIS/Include/cmsis_gcc.h **** }
 931:Drivers/CMSIS/Include/cmsis_gcc.h **** 
 932:Drivers/CMSIS/Include/cmsis_gcc.h **** #endif /* ((defined (__ARM_ARCH_8M_MAIN__ ) && (__ARM_ARCH_8M_MAIN__ == 1)) || \
 933:Drivers/CMSIS/Include/cmsis_gcc.h ****            (defined (__ARM_ARCH_8M_BASE__ ) && (__ARM_ARCH_8M_BASE__ == 1))    ) */
 934:Drivers/CMSIS/Include/cmsis_gcc.h **** 
 935:Drivers/CMSIS/Include/cmsis_gcc.h **** /*@}*/ /* end of group CMSIS_Core_InstructionInterface */
 936:Drivers/CMSIS/Include/cmsis_gcc.h **** 
 937:Drivers/CMSIS/Include/cmsis_gcc.h **** 
 938:Drivers/CMSIS/Include/cmsis_gcc.h **** /* ###########################  Core Function Access  ########################### */
 939:Drivers/CMSIS/Include/cmsis_gcc.h **** /** \ingroup  CMSIS_Core_FunctionInterface
 940:Drivers/CMSIS/Include/cmsis_gcc.h ****     \defgroup CMSIS_Core_RegAccFunctions CMSIS Core Register Access Functions
 941:Drivers/CMSIS/Include/cmsis_gcc.h ****   @{
 942:Drivers/CMSIS/Include/cmsis_gcc.h ****  */
 943:Drivers/CMSIS/Include/cmsis_gcc.h **** 
 944:Drivers/CMSIS/Include/cmsis_gcc.h **** /**
 945:Drivers/CMSIS/Include/cmsis_gcc.h ****   \brief   Enable IRQ Interrupts
 946:Drivers/CMSIS/Include/cmsis_gcc.h ****   \details Enables IRQ interrupts by clearing special-purpose register PRIMASK.
 947:Drivers/CMSIS/Include/cmsis_gcc.h ****            Can only be executed in Privileged modes.
 948:Drivers/CMSIS/Include/cmsis_gcc.h ****  */
 949:Drivers/CMSIS/Include/cmsis_gcc.h **** __STATIC_FORCEINLINE void __enable_irq(void)
 950:Drivers/CMSIS/Include/cmsis_gcc.h **** {
 951:Drivers/CMSIS/Include/cmsis_gcc.h ****   __ASM volatile ("cpsie i" : : : "memory");
 952:Drivers/CMSIS/Include/cmsis_gcc.h **** }
 953:Drivers/CMSIS/Include/cmsis_gcc.h **** 
 954:Drivers/CMSIS/Include/cmsis_gcc.h **** 
 955:Drivers/CMSIS/Include/cmsis_gcc.h **** /**
 956:Drivers/CMSIS/Include/cmsis_gcc.h ****   \brief   Disable IRQ Interrupts
 957:Drivers/CMSIS/Include/cmsis_gcc.h ****   \details Disables IRQ interrupts by setting special-purpose register PRIMASK.
 958:Drivers/CMSIS/Include/cmsis_gcc.h ****            Can only be executed in Privileged modes.
ARM GAS  /tmp/ccbJcx0I.s 			page 49


 959:Drivers/CMSIS/Include/cmsis_gcc.h ****  */
 960:Drivers/CMSIS/Include/cmsis_gcc.h **** __STATIC_FORCEINLINE void __disable_irq(void)
 899              		.loc 3 960 27 view .LVU238
 900              	.LBB17:
 961:Drivers/CMSIS/Include/cmsis_gcc.h **** {
 962:Drivers/CMSIS/Include/cmsis_gcc.h ****   __ASM volatile ("cpsid i" : : : "memory");
 901              		.loc 3 962 3 view .LVU239
 902              		.syntax unified
 903              	@ 962 "Drivers/CMSIS/Include/cmsis_gcc.h" 1
 904 0000 72B6     		cpsid i
 905              	@ 0 "" 2
 906              		.thumb
 907              		.syntax unified
 908              	.L66:
 909              	.LBE17:
 910              	.LBE16:
 677:Core/Src/main.c ****   while (1)
 911              		.loc 1 677 3 view .LVU240
 678:Core/Src/main.c ****   {
 679:Core/Src/main.c ****   }
 912              		.loc 1 679 3 view .LVU241
 677:Core/Src/main.c ****   while (1)
 913              		.loc 1 677 9 view .LVU242
 914 0002 FEE7     		b	.L66
 915              		.cfi_endproc
 916              	.LFE179:
 918              		.section	.text.SystemPower_Config,"ax",%progbits
 919              		.align	1
 920              		.syntax unified
 921              		.thumb
 922              		.thumb_func
 924              	SystemPower_Config:
 925              	.LFB171:
 438:Core/Src/main.c **** 
 926              		.loc 1 438 1 view -0
 927              		.cfi_startproc
 928              		@ args = 0, pretend = 0, frame = 0
 929              		@ frame_needed = 0, uses_anonymous_args = 0
 930 0000 08B5     		push	{r3, lr}
 931              	.LCFI15:
 932              		.cfi_def_cfa_offset 8
 933              		.cfi_offset 3, -8
 934              		.cfi_offset 14, -4
 443:Core/Src/main.c ****   {
 935              		.loc 1 443 3 view .LVU244
 443:Core/Src/main.c ****   {
 936              		.loc 1 443 7 is_stmt 0 view .LVU245
 937 0002 0220     		movs	r0, #2
 938 0004 FFF7FEFF 		bl	HAL_PWREx_ConfigSupply
 939              	.LVL62:
 443:Core/Src/main.c ****   {
 940              		.loc 1 443 6 discriminator 1 view .LVU246
 941 0008 00B9     		cbnz	r0, .L70
 449:Core/Src/main.c **** 
 942              		.loc 1 449 1 view .LVU247
 943 000a 08BD     		pop	{r3, pc}
 944              	.L70:
ARM GAS  /tmp/ccbJcx0I.s 			page 50


 445:Core/Src/main.c ****   }
 945              		.loc 1 445 5 is_stmt 1 view .LVU248
 946 000c FFF7FEFF 		bl	Error_Handler
 947              	.LVL63:
 948              		.cfi_endproc
 949              	.LFE171:
 951              		.section	.text.MX_ICACHE_Init,"ax",%progbits
 952              		.align	1
 953              		.syntax unified
 954              		.thumb
 955              		.thumb_func
 957              	MX_ICACHE_Init:
 958              	.LFB173:
 505:Core/Src/main.c **** 
 959              		.loc 1 505 1 view -0
 960              		.cfi_startproc
 961              		@ args = 0, pretend = 0, frame = 0
 962              		@ frame_needed = 0, uses_anonymous_args = 0
 963 0000 08B5     		push	{r3, lr}
 964              	.LCFI16:
 965              		.cfi_def_cfa_offset 8
 966              		.cfi_offset 3, -8
 967              		.cfi_offset 14, -4
 517:Core/Src/main.c ****   {
 968              		.loc 1 517 3 view .LVU250
 517:Core/Src/main.c ****   {
 969              		.loc 1 517 7 is_stmt 0 view .LVU251
 970 0002 0020     		movs	r0, #0
 971 0004 FFF7FEFF 		bl	HAL_ICACHE_ConfigAssociativityMode
 972              	.LVL64:
 517:Core/Src/main.c ****   {
 973              		.loc 1 517 6 discriminator 1 view .LVU252
 974 0008 18B9     		cbnz	r0, .L75
 521:Core/Src/main.c ****   {
 975              		.loc 1 521 3 is_stmt 1 view .LVU253
 521:Core/Src/main.c ****   {
 976              		.loc 1 521 7 is_stmt 0 view .LVU254
 977 000a FFF7FEFF 		bl	HAL_ICACHE_Enable
 978              	.LVL65:
 521:Core/Src/main.c ****   {
 979              		.loc 1 521 6 discriminator 1 view .LVU255
 980 000e 10B9     		cbnz	r0, .L76
 529:Core/Src/main.c **** 
 981              		.loc 1 529 1 view .LVU256
 982 0010 08BD     		pop	{r3, pc}
 983              	.L75:
 519:Core/Src/main.c ****   }
 984              		.loc 1 519 5 is_stmt 1 view .LVU257
 985 0012 FFF7FEFF 		bl	Error_Handler
 986              	.LVL66:
 987              	.L76:
 523:Core/Src/main.c ****   }
 988              		.loc 1 523 5 view .LVU258
 989 0016 FFF7FEFF 		bl	Error_Handler
 990              	.LVL67:
 991              		.cfi_endproc
 992              	.LFE173:
ARM GAS  /tmp/ccbJcx0I.s 			page 51


 994              		.section	.text.MX_I2C1_Init,"ax",%progbits
 995              		.align	1
 996              		.syntax unified
 997              		.thumb
 998              		.thumb_func
 1000              	MX_I2C1_Init:
 1001              	.LFB172:
 457:Core/Src/main.c **** 
 1002              		.loc 1 457 1 view -0
 1003              		.cfi_startproc
 1004              		@ args = 0, pretend = 0, frame = 0
 1005              		@ frame_needed = 0, uses_anonymous_args = 0
 1006 0000 08B5     		push	{r3, lr}
 1007              	.LCFI17:
 1008              		.cfi_def_cfa_offset 8
 1009              		.cfi_offset 3, -8
 1010              		.cfi_offset 14, -4
 466:Core/Src/main.c ****   hi2c1.Init.Timing = 0x00000E14;
 1011              		.loc 1 466 3 view .LVU260
 466:Core/Src/main.c ****   hi2c1.Init.Timing = 0x00000E14;
 1012              		.loc 1 466 18 is_stmt 0 view .LVU261
 1013 0002 1148     		ldr	r0, .L85
 1014 0004 114B     		ldr	r3, .L85+4
 1015 0006 0360     		str	r3, [r0]
 467:Core/Src/main.c ****   hi2c1.Init.OwnAddress1 = 0;
 1016              		.loc 1 467 3 is_stmt 1 view .LVU262
 467:Core/Src/main.c ****   hi2c1.Init.OwnAddress1 = 0;
 1017              		.loc 1 467 21 is_stmt 0 view .LVU263
 1018 0008 40F61463 		movw	r3, #3604
 1019 000c 4360     		str	r3, [r0, #4]
 468:Core/Src/main.c ****   hi2c1.Init.AddressingMode = I2C_ADDRESSINGMODE_7BIT;
 1020              		.loc 1 468 3 is_stmt 1 view .LVU264
 468:Core/Src/main.c ****   hi2c1.Init.AddressingMode = I2C_ADDRESSINGMODE_7BIT;
 1021              		.loc 1 468 26 is_stmt 0 view .LVU265
 1022 000e 0023     		movs	r3, #0
 1023 0010 8360     		str	r3, [r0, #8]
 469:Core/Src/main.c ****   hi2c1.Init.DualAddressMode = I2C_DUALADDRESS_DISABLE;
 1024              		.loc 1 469 3 is_stmt 1 view .LVU266
 469:Core/Src/main.c ****   hi2c1.Init.DualAddressMode = I2C_DUALADDRESS_DISABLE;
 1025              		.loc 1 469 29 is_stmt 0 view .LVU267
 1026 0012 0122     		movs	r2, #1
 1027 0014 C260     		str	r2, [r0, #12]
 470:Core/Src/main.c ****   hi2c1.Init.OwnAddress2 = 0;
 1028              		.loc 1 470 3 is_stmt 1 view .LVU268
 470:Core/Src/main.c ****   hi2c1.Init.OwnAddress2 = 0;
 1029              		.loc 1 470 30 is_stmt 0 view .LVU269
 1030 0016 0361     		str	r3, [r0, #16]
 471:Core/Src/main.c ****   hi2c1.Init.OwnAddress2Masks = I2C_OA2_NOMASK;
 1031              		.loc 1 471 3 is_stmt 1 view .LVU270
 471:Core/Src/main.c ****   hi2c1.Init.OwnAddress2Masks = I2C_OA2_NOMASK;
 1032              		.loc 1 471 26 is_stmt 0 view .LVU271
 1033 0018 4361     		str	r3, [r0, #20]
 472:Core/Src/main.c ****   hi2c1.Init.GeneralCallMode = I2C_GENERALCALL_DISABLE;
 1034              		.loc 1 472 3 is_stmt 1 view .LVU272
 472:Core/Src/main.c ****   hi2c1.Init.GeneralCallMode = I2C_GENERALCALL_DISABLE;
 1035              		.loc 1 472 31 is_stmt 0 view .LVU273
 1036 001a 8361     		str	r3, [r0, #24]
ARM GAS  /tmp/ccbJcx0I.s 			page 52


 473:Core/Src/main.c ****   hi2c1.Init.NoStretchMode = I2C_NOSTRETCH_DISABLE;
 1037              		.loc 1 473 3 is_stmt 1 view .LVU274
 473:Core/Src/main.c ****   hi2c1.Init.NoStretchMode = I2C_NOSTRETCH_DISABLE;
 1038              		.loc 1 473 30 is_stmt 0 view .LVU275
 1039 001c C361     		str	r3, [r0, #28]
 474:Core/Src/main.c ****   if (HAL_I2C_Init(&hi2c1) != HAL_OK)
 1040              		.loc 1 474 3 is_stmt 1 view .LVU276
 474:Core/Src/main.c ****   if (HAL_I2C_Init(&hi2c1) != HAL_OK)
 1041              		.loc 1 474 28 is_stmt 0 view .LVU277
 1042 001e 0362     		str	r3, [r0, #32]
 475:Core/Src/main.c ****   {
 1043              		.loc 1 475 3 is_stmt 1 view .LVU278
 475:Core/Src/main.c ****   {
 1044              		.loc 1 475 7 is_stmt 0 view .LVU279
 1045 0020 FFF7FEFF 		bl	HAL_I2C_Init
 1046              	.LVL68:
 475:Core/Src/main.c ****   {
 1047              		.loc 1 475 6 discriminator 1 view .LVU280
 1048 0024 50B9     		cbnz	r0, .L82
 482:Core/Src/main.c ****   {
 1049              		.loc 1 482 3 is_stmt 1 view .LVU281
 482:Core/Src/main.c ****   {
 1050              		.loc 1 482 7 is_stmt 0 view .LVU282
 1051 0026 0021     		movs	r1, #0
 1052 0028 0748     		ldr	r0, .L85
 1053 002a FFF7FEFF 		bl	HAL_I2CEx_ConfigAnalogFilter
 1054              	.LVL69:
 482:Core/Src/main.c ****   {
 1055              		.loc 1 482 6 discriminator 1 view .LVU283
 1056 002e 38B9     		cbnz	r0, .L83
 489:Core/Src/main.c ****   {
 1057              		.loc 1 489 3 is_stmt 1 view .LVU284
 489:Core/Src/main.c ****   {
 1058              		.loc 1 489 7 is_stmt 0 view .LVU285
 1059 0030 0021     		movs	r1, #0
 1060 0032 0548     		ldr	r0, .L85
 1061 0034 FFF7FEFF 		bl	HAL_I2CEx_ConfigDigitalFilter
 1062              	.LVL70:
 489:Core/Src/main.c ****   {
 1063              		.loc 1 489 6 discriminator 1 view .LVU286
 1064 0038 20B9     		cbnz	r0, .L84
 497:Core/Src/main.c **** 
 1065              		.loc 1 497 1 view .LVU287
 1066 003a 08BD     		pop	{r3, pc}
 1067              	.L82:
 477:Core/Src/main.c ****   }
 1068              		.loc 1 477 5 is_stmt 1 view .LVU288
 1069 003c FFF7FEFF 		bl	Error_Handler
 1070              	.LVL71:
 1071              	.L83:
 484:Core/Src/main.c ****   }
 1072              		.loc 1 484 5 view .LVU289
 1073 0040 FFF7FEFF 		bl	Error_Handler
 1074              	.LVL72:
 1075              	.L84:
 491:Core/Src/main.c ****   }
 1076              		.loc 1 491 5 view .LVU290
ARM GAS  /tmp/ccbJcx0I.s 			page 53


 1077 0044 FFF7FEFF 		bl	Error_Handler
 1078              	.LVL73:
 1079              	.L86:
 1080              		.align	2
 1081              	.L85:
 1082 0048 00000000 		.word	hi2c1
 1083 004c 00540040 		.word	1073763328
 1084              		.cfi_endproc
 1085              	.LFE172:
 1087              		.section	.text.MX_LPUART1_UART_Init,"ax",%progbits
 1088              		.align	1
 1089              		.syntax unified
 1090              		.thumb
 1091              		.thumb_func
 1093              	MX_LPUART1_UART_Init:
 1094              	.LFB174:
 537:Core/Src/main.c **** 
 1095              		.loc 1 537 1 view -0
 1096              		.cfi_startproc
 1097              		@ args = 0, pretend = 0, frame = 0
 1098              		@ frame_needed = 0, uses_anonymous_args = 0
 1099 0000 08B5     		push	{r3, lr}
 1100              	.LCFI18:
 1101              		.cfi_def_cfa_offset 8
 1102              		.cfi_offset 3, -8
 1103              		.cfi_offset 14, -4
 546:Core/Src/main.c ****   hlpuart1.Init.BaudRate = 9600;
 1104              		.loc 1 546 3 view .LVU292
 546:Core/Src/main.c ****   hlpuart1.Init.BaudRate = 9600;
 1105              		.loc 1 546 21 is_stmt 0 view .LVU293
 1106 0002 1548     		ldr	r0, .L97
 1107 0004 154B     		ldr	r3, .L97+4
 1108 0006 0360     		str	r3, [r0]
 547:Core/Src/main.c ****   hlpuart1.Init.WordLength = UART_WORDLENGTH_8B;
 1109              		.loc 1 547 3 is_stmt 1 view .LVU294
 547:Core/Src/main.c ****   hlpuart1.Init.WordLength = UART_WORDLENGTH_8B;
 1110              		.loc 1 547 26 is_stmt 0 view .LVU295
 1111 0008 4FF41653 		mov	r3, #9600
 1112 000c 4360     		str	r3, [r0, #4]
 548:Core/Src/main.c ****   hlpuart1.Init.StopBits = UART_STOPBITS_1;
 1113              		.loc 1 548 3 is_stmt 1 view .LVU296
 548:Core/Src/main.c ****   hlpuart1.Init.StopBits = UART_STOPBITS_1;
 1114              		.loc 1 548 28 is_stmt 0 view .LVU297
 1115 000e 0023     		movs	r3, #0
 1116 0010 8360     		str	r3, [r0, #8]
 549:Core/Src/main.c ****   hlpuart1.Init.Parity = UART_PARITY_NONE;
 1117              		.loc 1 549 3 is_stmt 1 view .LVU298
 549:Core/Src/main.c ****   hlpuart1.Init.Parity = UART_PARITY_NONE;
 1118              		.loc 1 549 26 is_stmt 0 view .LVU299
 1119 0012 C360     		str	r3, [r0, #12]
 550:Core/Src/main.c ****   hlpuart1.Init.Mode = UART_MODE_TX_RX;
 1120              		.loc 1 550 3 is_stmt 1 view .LVU300
 550:Core/Src/main.c ****   hlpuart1.Init.Mode = UART_MODE_TX_RX;
 1121              		.loc 1 550 24 is_stmt 0 view .LVU301
 1122 0014 0361     		str	r3, [r0, #16]
 551:Core/Src/main.c ****   hlpuart1.Init.HwFlowCtl = UART_HWCONTROL_NONE;
 1123              		.loc 1 551 3 is_stmt 1 view .LVU302
ARM GAS  /tmp/ccbJcx0I.s 			page 54


 551:Core/Src/main.c ****   hlpuart1.Init.HwFlowCtl = UART_HWCONTROL_NONE;
 1124              		.loc 1 551 22 is_stmt 0 view .LVU303
 1125 0016 0C22     		movs	r2, #12
 1126 0018 4261     		str	r2, [r0, #20]
 552:Core/Src/main.c ****   hlpuart1.Init.OneBitSampling = UART_ONE_BIT_SAMPLE_DISABLE;
 1127              		.loc 1 552 3 is_stmt 1 view .LVU304
 552:Core/Src/main.c ****   hlpuart1.Init.OneBitSampling = UART_ONE_BIT_SAMPLE_DISABLE;
 1128              		.loc 1 552 27 is_stmt 0 view .LVU305
 1129 001a 8361     		str	r3, [r0, #24]
 553:Core/Src/main.c ****   hlpuart1.Init.ClockPrescaler = UART_PRESCALER_DIV1;
 1130              		.loc 1 553 3 is_stmt 1 view .LVU306
 553:Core/Src/main.c ****   hlpuart1.Init.ClockPrescaler = UART_PRESCALER_DIV1;
 1131              		.loc 1 553 32 is_stmt 0 view .LVU307
 1132 001c 0362     		str	r3, [r0, #32]
 554:Core/Src/main.c ****   hlpuart1.AdvancedInit.AdvFeatureInit = UART_ADVFEATURE_NO_INIT;
 1133              		.loc 1 554 3 is_stmt 1 view .LVU308
 554:Core/Src/main.c ****   hlpuart1.AdvancedInit.AdvFeatureInit = UART_ADVFEATURE_NO_INIT;
 1134              		.loc 1 554 32 is_stmt 0 view .LVU309
 1135 001e 4362     		str	r3, [r0, #36]
 555:Core/Src/main.c ****   hlpuart1.FifoMode = UART_FIFOMODE_DISABLE;
 1136              		.loc 1 555 3 is_stmt 1 view .LVU310
 555:Core/Src/main.c ****   hlpuart1.FifoMode = UART_FIFOMODE_DISABLE;
 1137              		.loc 1 555 40 is_stmt 0 view .LVU311
 1138 0020 8362     		str	r3, [r0, #40]
 556:Core/Src/main.c ****   if (HAL_UART_Init(&hlpuart1) != HAL_OK)
 1139              		.loc 1 556 3 is_stmt 1 view .LVU312
 556:Core/Src/main.c ****   if (HAL_UART_Init(&hlpuart1) != HAL_OK)
 1140              		.loc 1 556 21 is_stmt 0 view .LVU313
 1141 0022 4366     		str	r3, [r0, #100]
 557:Core/Src/main.c ****   {
 1142              		.loc 1 557 3 is_stmt 1 view .LVU314
 557:Core/Src/main.c ****   {
 1143              		.loc 1 557 7 is_stmt 0 view .LVU315
 1144 0024 FFF7FEFF 		bl	HAL_UART_Init
 1145              	.LVL74:
 557:Core/Src/main.c ****   {
 1146              		.loc 1 557 6 discriminator 1 view .LVU316
 1147 0028 70B9     		cbnz	r0, .L93
 561:Core/Src/main.c ****   {
 1148              		.loc 1 561 3 is_stmt 1 view .LVU317
 561:Core/Src/main.c ****   {
 1149              		.loc 1 561 7 is_stmt 0 view .LVU318
 1150 002a 0021     		movs	r1, #0
 1151 002c 0A48     		ldr	r0, .L97
 1152 002e FFF7FEFF 		bl	HAL_UARTEx_SetTxFifoThreshold
 1153              	.LVL75:
 561:Core/Src/main.c ****   {
 1154              		.loc 1 561 6 discriminator 1 view .LVU319
 1155 0032 58B9     		cbnz	r0, .L94
 565:Core/Src/main.c ****   {
 1156              		.loc 1 565 3 is_stmt 1 view .LVU320
 565:Core/Src/main.c ****   {
 1157              		.loc 1 565 7 is_stmt 0 view .LVU321
 1158 0034 0021     		movs	r1, #0
 1159 0036 0848     		ldr	r0, .L97
 1160 0038 FFF7FEFF 		bl	HAL_UARTEx_SetRxFifoThreshold
 1161              	.LVL76:
ARM GAS  /tmp/ccbJcx0I.s 			page 55


 565:Core/Src/main.c ****   {
 1162              		.loc 1 565 6 discriminator 1 view .LVU322
 1163 003c 40B9     		cbnz	r0, .L95
 569:Core/Src/main.c ****   {
 1164              		.loc 1 569 3 is_stmt 1 view .LVU323
 569:Core/Src/main.c ****   {
 1165              		.loc 1 569 7 is_stmt 0 view .LVU324
 1166 003e 0648     		ldr	r0, .L97
 1167 0040 FFF7FEFF 		bl	HAL_UARTEx_DisableFifoMode
 1168              	.LVL77:
 569:Core/Src/main.c ****   {
 1169              		.loc 1 569 6 discriminator 1 view .LVU325
 1170 0044 30B9     		cbnz	r0, .L96
 577:Core/Src/main.c **** 
 1171              		.loc 1 577 1 view .LVU326
 1172 0046 08BD     		pop	{r3, pc}
 1173              	.L93:
 559:Core/Src/main.c ****   }
 1174              		.loc 1 559 5 is_stmt 1 view .LVU327
 1175 0048 FFF7FEFF 		bl	Error_Handler
 1176              	.LVL78:
 1177              	.L94:
 563:Core/Src/main.c ****   }
 1178              		.loc 1 563 5 view .LVU328
 1179 004c FFF7FEFF 		bl	Error_Handler
 1180              	.LVL79:
 1181              	.L95:
 567:Core/Src/main.c ****   }
 1182              		.loc 1 567 5 view .LVU329
 1183 0050 FFF7FEFF 		bl	Error_Handler
 1184              	.LVL80:
 1185              	.L96:
 571:Core/Src/main.c ****   }
 1186              		.loc 1 571 5 view .LVU330
 1187 0054 FFF7FEFF 		bl	Error_Handler
 1188              	.LVL81:
 1189              	.L98:
 1190              		.align	2
 1191              	.L97:
 1192 0058 00000000 		.word	hlpuart1
 1193 005c 00240046 		.word	1174414336
 1194              		.cfi_endproc
 1195              	.LFE174:
 1197              		.section	.text.MX_USART1_UART_Init,"ax",%progbits
 1198              		.align	1
 1199              		.syntax unified
 1200              		.thumb
 1201              		.thumb_func
 1203              	MX_USART1_UART_Init:
 1204              	.LFB175:
 585:Core/Src/main.c **** 
 1205              		.loc 1 585 1 view -0
 1206              		.cfi_startproc
 1207              		@ args = 0, pretend = 0, frame = 0
 1208              		@ frame_needed = 0, uses_anonymous_args = 0
 1209 0000 08B5     		push	{r3, lr}
 1210              	.LCFI19:
ARM GAS  /tmp/ccbJcx0I.s 			page 56


 1211              		.cfi_def_cfa_offset 8
 1212              		.cfi_offset 3, -8
 1213              		.cfi_offset 14, -4
 594:Core/Src/main.c ****   huart1.Init.BaudRate = 115200;
 1214              		.loc 1 594 3 view .LVU332
 594:Core/Src/main.c ****   huart1.Init.BaudRate = 115200;
 1215              		.loc 1 594 19 is_stmt 0 view .LVU333
 1216 0002 1548     		ldr	r0, .L109
 1217 0004 154B     		ldr	r3, .L109+4
 1218 0006 0360     		str	r3, [r0]
 595:Core/Src/main.c ****   huart1.Init.WordLength = UART_WORDLENGTH_8B;
 1219              		.loc 1 595 3 is_stmt 1 view .LVU334
 595:Core/Src/main.c ****   huart1.Init.WordLength = UART_WORDLENGTH_8B;
 1220              		.loc 1 595 24 is_stmt 0 view .LVU335
 1221 0008 4FF4E133 		mov	r3, #115200
 1222 000c 4360     		str	r3, [r0, #4]
 596:Core/Src/main.c ****   huart1.Init.StopBits = UART_STOPBITS_1;
 1223              		.loc 1 596 3 is_stmt 1 view .LVU336
 596:Core/Src/main.c ****   huart1.Init.StopBits = UART_STOPBITS_1;
 1224              		.loc 1 596 26 is_stmt 0 view .LVU337
 1225 000e 0023     		movs	r3, #0
 1226 0010 8360     		str	r3, [r0, #8]
 597:Core/Src/main.c ****   huart1.Init.Parity = UART_PARITY_NONE;
 1227              		.loc 1 597 3 is_stmt 1 view .LVU338
 597:Core/Src/main.c ****   huart1.Init.Parity = UART_PARITY_NONE;
 1228              		.loc 1 597 24 is_stmt 0 view .LVU339
 1229 0012 C360     		str	r3, [r0, #12]
 598:Core/Src/main.c ****   huart1.Init.Mode = UART_MODE_TX_RX;
 1230              		.loc 1 598 3 is_stmt 1 view .LVU340
 598:Core/Src/main.c ****   huart1.Init.Mode = UART_MODE_TX_RX;
 1231              		.loc 1 598 22 is_stmt 0 view .LVU341
 1232 0014 0361     		str	r3, [r0, #16]
 599:Core/Src/main.c ****   huart1.Init.HwFlowCtl = UART_HWCONTROL_NONE;
 1233              		.loc 1 599 3 is_stmt 1 view .LVU342
 599:Core/Src/main.c ****   huart1.Init.HwFlowCtl = UART_HWCONTROL_NONE;
 1234              		.loc 1 599 20 is_stmt 0 view .LVU343
 1235 0016 0C22     		movs	r2, #12
 1236 0018 4261     		str	r2, [r0, #20]
 600:Core/Src/main.c ****   huart1.Init.OverSampling = UART_OVERSAMPLING_16;
 1237              		.loc 1 600 3 is_stmt 1 view .LVU344
 600:Core/Src/main.c ****   huart1.Init.OverSampling = UART_OVERSAMPLING_16;
 1238              		.loc 1 600 25 is_stmt 0 view .LVU345
 1239 001a 8361     		str	r3, [r0, #24]
 601:Core/Src/main.c ****   huart1.Init.OneBitSampling = UART_ONE_BIT_SAMPLE_DISABLE;
 1240              		.loc 1 601 3 is_stmt 1 view .LVU346
 601:Core/Src/main.c ****   huart1.Init.OneBitSampling = UART_ONE_BIT_SAMPLE_DISABLE;
 1241              		.loc 1 601 28 is_stmt 0 view .LVU347
 1242 001c C361     		str	r3, [r0, #28]
 602:Core/Src/main.c ****   huart1.Init.ClockPrescaler = UART_PRESCALER_DIV1;
 1243              		.loc 1 602 3 is_stmt 1 view .LVU348
 602:Core/Src/main.c ****   huart1.Init.ClockPrescaler = UART_PRESCALER_DIV1;
 1244              		.loc 1 602 30 is_stmt 0 view .LVU349
 1245 001e 0362     		str	r3, [r0, #32]
 603:Core/Src/main.c ****   huart1.AdvancedInit.AdvFeatureInit = UART_ADVFEATURE_NO_INIT;
 1246              		.loc 1 603 3 is_stmt 1 view .LVU350
 603:Core/Src/main.c ****   huart1.AdvancedInit.AdvFeatureInit = UART_ADVFEATURE_NO_INIT;
 1247              		.loc 1 603 30 is_stmt 0 view .LVU351
ARM GAS  /tmp/ccbJcx0I.s 			page 57


 1248 0020 4362     		str	r3, [r0, #36]
 604:Core/Src/main.c ****   if (HAL_UART_Init(&huart1) != HAL_OK)
 1249              		.loc 1 604 3 is_stmt 1 view .LVU352
 604:Core/Src/main.c ****   if (HAL_UART_Init(&huart1) != HAL_OK)
 1250              		.loc 1 604 38 is_stmt 0 view .LVU353
 1251 0022 8362     		str	r3, [r0, #40]
 605:Core/Src/main.c ****   {
 1252              		.loc 1 605 3 is_stmt 1 view .LVU354
 605:Core/Src/main.c ****   {
 1253              		.loc 1 605 7 is_stmt 0 view .LVU355
 1254 0024 FFF7FEFF 		bl	HAL_UART_Init
 1255              	.LVL82:
 605:Core/Src/main.c ****   {
 1256              		.loc 1 605 6 discriminator 1 view .LVU356
 1257 0028 70B9     		cbnz	r0, .L105
 609:Core/Src/main.c ****   {
 1258              		.loc 1 609 3 is_stmt 1 view .LVU357
 609:Core/Src/main.c ****   {
 1259              		.loc 1 609 7 is_stmt 0 view .LVU358
 1260 002a 0021     		movs	r1, #0
 1261 002c 0A48     		ldr	r0, .L109
 1262 002e FFF7FEFF 		bl	HAL_UARTEx_SetTxFifoThreshold
 1263              	.LVL83:
 609:Core/Src/main.c ****   {
 1264              		.loc 1 609 6 discriminator 1 view .LVU359
 1265 0032 58B9     		cbnz	r0, .L106
 613:Core/Src/main.c ****   {
 1266              		.loc 1 613 3 is_stmt 1 view .LVU360
 613:Core/Src/main.c ****   {
 1267              		.loc 1 613 7 is_stmt 0 view .LVU361
 1268 0034 0021     		movs	r1, #0
 1269 0036 0848     		ldr	r0, .L109
 1270 0038 FFF7FEFF 		bl	HAL_UARTEx_SetRxFifoThreshold
 1271              	.LVL84:
 613:Core/Src/main.c ****   {
 1272              		.loc 1 613 6 discriminator 1 view .LVU362
 1273 003c 40B9     		cbnz	r0, .L107
 617:Core/Src/main.c ****   {
 1274              		.loc 1 617 3 is_stmt 1 view .LVU363
 617:Core/Src/main.c ****   {
 1275              		.loc 1 617 7 is_stmt 0 view .LVU364
 1276 003e 0648     		ldr	r0, .L109
 1277 0040 FFF7FEFF 		bl	HAL_UARTEx_DisableFifoMode
 1278              	.LVL85:
 617:Core/Src/main.c ****   {
 1279              		.loc 1 617 6 discriminator 1 view .LVU365
 1280 0044 30B9     		cbnz	r0, .L108
 625:Core/Src/main.c **** 
 1281              		.loc 1 625 1 view .LVU366
 1282 0046 08BD     		pop	{r3, pc}
 1283              	.L105:
 607:Core/Src/main.c ****   }
 1284              		.loc 1 607 5 is_stmt 1 view .LVU367
 1285 0048 FFF7FEFF 		bl	Error_Handler
 1286              	.LVL86:
 1287              	.L106:
 611:Core/Src/main.c ****   }
ARM GAS  /tmp/ccbJcx0I.s 			page 58


 1288              		.loc 1 611 5 view .LVU368
 1289 004c FFF7FEFF 		bl	Error_Handler
 1290              	.LVL87:
 1291              	.L107:
 615:Core/Src/main.c ****   }
 1292              		.loc 1 615 5 view .LVU369
 1293 0050 FFF7FEFF 		bl	Error_Handler
 1294              	.LVL88:
 1295              	.L108:
 619:Core/Src/main.c ****   }
 1296              		.loc 1 619 5 view .LVU370
 1297 0054 FFF7FEFF 		bl	Error_Handler
 1298              	.LVL89:
 1299              	.L110:
 1300              		.align	2
 1301              	.L109:
 1302 0058 00000000 		.word	huart1
 1303 005c 00380140 		.word	1073821696
 1304              		.cfi_endproc
 1305              	.LFE175:
 1307              		.section	.text.SystemClock_Config,"ax",%progbits
 1308              		.align	1
 1309              		.global	SystemClock_Config
 1310              		.syntax unified
 1311              		.thumb
 1312              		.thumb_func
 1314              	SystemClock_Config:
 1315              	.LFB170:
 393:Core/Src/main.c ****   RCC_OscInitTypeDef RCC_OscInitStruct = {0};
 1316              		.loc 1 393 1 view -0
 1317              		.cfi_startproc
 1318              		@ args = 0, pretend = 0, frame = 120
 1319              		@ frame_needed = 0, uses_anonymous_args = 0
 1320 0000 00B5     		push	{lr}
 1321              	.LCFI20:
 1322              		.cfi_def_cfa_offset 4
 1323              		.cfi_offset 14, -4
 1324 0002 9FB0     		sub	sp, sp, #124
 1325              	.LCFI21:
 1326              		.cfi_def_cfa_offset 128
 394:Core/Src/main.c ****   RCC_ClkInitTypeDef RCC_ClkInitStruct = {0};
 1327              		.loc 1 394 3 view .LVU372
 394:Core/Src/main.c ****   RCC_ClkInitTypeDef RCC_ClkInitStruct = {0};
 1328              		.loc 1 394 22 is_stmt 0 view .LVU373
 1329 0004 6022     		movs	r2, #96
 1330 0006 0021     		movs	r1, #0
 1331 0008 06A8     		add	r0, sp, #24
 1332 000a FFF7FEFF 		bl	memset
 1333              	.LVL90:
 395:Core/Src/main.c **** 
 1334              		.loc 1 395 3 is_stmt 1 view .LVU374
 395:Core/Src/main.c **** 
 1335              		.loc 1 395 22 is_stmt 0 view .LVU375
 1336 000e 0020     		movs	r0, #0
 1337 0010 0090     		str	r0, [sp]
 1338 0012 0190     		str	r0, [sp, #4]
 1339 0014 0290     		str	r0, [sp, #8]
ARM GAS  /tmp/ccbJcx0I.s 			page 59


 1340 0016 0390     		str	r0, [sp, #12]
 1341 0018 0490     		str	r0, [sp, #16]
 1342 001a 0590     		str	r0, [sp, #20]
 399:Core/Src/main.c ****   {
 1343              		.loc 1 399 3 is_stmt 1 view .LVU376
 399:Core/Src/main.c ****   {
 1344              		.loc 1 399 7 is_stmt 0 view .LVU377
 1345 001c FFF7FEFF 		bl	HAL_PWREx_ControlVoltageScaling
 1346              	.LVL91:
 399:Core/Src/main.c ****   {
 1347              		.loc 1 399 6 discriminator 1 view .LVU378
 1348 0020 E0B9     		cbnz	r0, .L116
 406:Core/Src/main.c ****   RCC_OscInitStruct.MSIState = RCC_MSI_ON;
 1349              		.loc 1 406 3 is_stmt 1 view .LVU379
 406:Core/Src/main.c ****   RCC_OscInitStruct.MSIState = RCC_MSI_ON;
 1350              		.loc 1 406 36 is_stmt 0 view .LVU380
 1351 0022 1023     		movs	r3, #16
 1352 0024 0693     		str	r3, [sp, #24]
 407:Core/Src/main.c ****   RCC_OscInitStruct.MSICalibrationValue = RCC_MSICALIBRATION_DEFAULT;
 1353              		.loc 1 407 3 is_stmt 1 view .LVU381
 407:Core/Src/main.c ****   RCC_OscInitStruct.MSICalibrationValue = RCC_MSICALIBRATION_DEFAULT;
 1354              		.loc 1 407 30 is_stmt 0 view .LVU382
 1355 0026 0122     		movs	r2, #1
 1356 0028 0D92     		str	r2, [sp, #52]
 408:Core/Src/main.c ****   RCC_OscInitStruct.MSIClockRange = RCC_MSIRANGE_4;
 1357              		.loc 1 408 3 is_stmt 1 view .LVU383
 408:Core/Src/main.c ****   RCC_OscInitStruct.MSIClockRange = RCC_MSIRANGE_4;
 1358              		.loc 1 408 41 is_stmt 0 view .LVU384
 1359 002a 0E93     		str	r3, [sp, #56]
 409:Core/Src/main.c ****   RCC_OscInitStruct.PLL.PLLState = RCC_PLL_NONE;
 1360              		.loc 1 409 3 is_stmt 1 view .LVU385
 409:Core/Src/main.c ****   RCC_OscInitStruct.PLL.PLLState = RCC_PLL_NONE;
 1361              		.loc 1 409 35 is_stmt 0 view .LVU386
 1362 002c 4FF08043 		mov	r3, #1073741824
 1363 0030 0F93     		str	r3, [sp, #60]
 410:Core/Src/main.c ****   if (HAL_RCC_OscConfig(&RCC_OscInitStruct) != HAL_OK)
 1364              		.loc 1 410 3 is_stmt 1 view .LVU387
 410:Core/Src/main.c ****   if (HAL_RCC_OscConfig(&RCC_OscInitStruct) != HAL_OK)
 1365              		.loc 1 410 34 is_stmt 0 view .LVU388
 1366 0032 0023     		movs	r3, #0
 1367 0034 1493     		str	r3, [sp, #80]
 411:Core/Src/main.c ****   {
 1368              		.loc 1 411 3 is_stmt 1 view .LVU389
 411:Core/Src/main.c ****   {
 1369              		.loc 1 411 7 is_stmt 0 view .LVU390
 1370 0036 06A8     		add	r0, sp, #24
 1371 0038 FFF7FEFF 		bl	HAL_RCC_OscConfig
 1372              	.LVL92:
 411:Core/Src/main.c ****   {
 1373              		.loc 1 411 6 discriminator 1 view .LVU391
 1374 003c 80B9     		cbnz	r0, .L117
 418:Core/Src/main.c ****                               |RCC_CLOCKTYPE_PCLK1|RCC_CLOCKTYPE_PCLK2
 1375              		.loc 1 418 3 is_stmt 1 view .LVU392
 418:Core/Src/main.c ****                               |RCC_CLOCKTYPE_PCLK1|RCC_CLOCKTYPE_PCLK2
 1376              		.loc 1 418 31 is_stmt 0 view .LVU393
 1377 003e 1F23     		movs	r3, #31
 1378 0040 0093     		str	r3, [sp]
ARM GAS  /tmp/ccbJcx0I.s 			page 60


 421:Core/Src/main.c ****   RCC_ClkInitStruct.AHBCLKDivider = RCC_SYSCLK_DIV1;
 1379              		.loc 1 421 3 is_stmt 1 view .LVU394
 421:Core/Src/main.c ****   RCC_ClkInitStruct.AHBCLKDivider = RCC_SYSCLK_DIV1;
 1380              		.loc 1 421 34 is_stmt 0 view .LVU395
 1381 0042 0021     		movs	r1, #0
 1382 0044 0191     		str	r1, [sp, #4]
 422:Core/Src/main.c ****   RCC_ClkInitStruct.APB1CLKDivider = RCC_HCLK_DIV1;
 1383              		.loc 1 422 3 is_stmt 1 view .LVU396
 422:Core/Src/main.c ****   RCC_ClkInitStruct.APB1CLKDivider = RCC_HCLK_DIV1;
 1384              		.loc 1 422 35 is_stmt 0 view .LVU397
 1385 0046 0291     		str	r1, [sp, #8]
 423:Core/Src/main.c ****   RCC_ClkInitStruct.APB2CLKDivider = RCC_HCLK_DIV1;
 1386              		.loc 1 423 3 is_stmt 1 view .LVU398
 423:Core/Src/main.c ****   RCC_ClkInitStruct.APB2CLKDivider = RCC_HCLK_DIV1;
 1387              		.loc 1 423 36 is_stmt 0 view .LVU399
 1388 0048 0391     		str	r1, [sp, #12]
 424:Core/Src/main.c ****   RCC_ClkInitStruct.APB3CLKDivider = RCC_HCLK_DIV1;
 1389              		.loc 1 424 3 is_stmt 1 view .LVU400
 424:Core/Src/main.c ****   RCC_ClkInitStruct.APB3CLKDivider = RCC_HCLK_DIV1;
 1390              		.loc 1 424 36 is_stmt 0 view .LVU401
 1391 004a 0491     		str	r1, [sp, #16]
 425:Core/Src/main.c **** 
 1392              		.loc 1 425 3 is_stmt 1 view .LVU402
 425:Core/Src/main.c **** 
 1393              		.loc 1 425 36 is_stmt 0 view .LVU403
 1394 004c 0591     		str	r1, [sp, #20]
 427:Core/Src/main.c ****   {
 1395              		.loc 1 427 3 is_stmt 1 view .LVU404
 427:Core/Src/main.c ****   {
 1396              		.loc 1 427 7 is_stmt 0 view .LVU405
 1397 004e 6846     		mov	r0, sp
 1398 0050 FFF7FEFF 		bl	HAL_RCC_ClockConfig
 1399              	.LVL93:
 427:Core/Src/main.c ****   {
 1400              		.loc 1 427 6 discriminator 1 view .LVU406
 1401 0054 30B9     		cbnz	r0, .L118
 431:Core/Src/main.c **** 
 1402              		.loc 1 431 1 view .LVU407
 1403 0056 1FB0     		add	sp, sp, #124
 1404              	.LCFI22:
 1405              		.cfi_remember_state
 1406              		.cfi_def_cfa_offset 4
 1407              		@ sp needed
 1408 0058 5DF804FB 		ldr	pc, [sp], #4
 1409              	.L116:
 1410              	.LCFI23:
 1411              		.cfi_restore_state
 401:Core/Src/main.c ****   }
 1412              		.loc 1 401 5 is_stmt 1 view .LVU408
 1413 005c FFF7FEFF 		bl	Error_Handler
 1414              	.LVL94:
 1415              	.L117:
 413:Core/Src/main.c ****   }
 1416              		.loc 1 413 5 view .LVU409
 1417 0060 FFF7FEFF 		bl	Error_Handler
 1418              	.LVL95:
 1419              	.L118:
ARM GAS  /tmp/ccbJcx0I.s 			page 61


 429:Core/Src/main.c ****   }
 1420              		.loc 1 429 5 view .LVU410
 1421 0064 FFF7FEFF 		bl	Error_Handler
 1422              	.LVL96:
 1423              		.cfi_endproc
 1424              	.LFE170:
 1426              		.section	.rodata.main.str1.4,"aMS",%progbits,1
 1427              		.align	2
 1428              	.LC0:
 1429 0000 57656C63 		.ascii	"Welcome to STM32 world !\015 \000"
 1429      6F6D6520 
 1429      746F2053 
 1429      544D3332 
 1429      20776F72 
 1430 001b 00       		.align	2
 1431              	.LC1:
 1432 001c 4C6F7261 		.ascii	"Lora module configuration\015\000"
 1432      206D6F64 
 1432      756C6520 
 1432      636F6E66 
 1432      69677572 
 1433 0037 00       		.align	2
 1434              	.LC2:
 1435 0038 5363616E 		.ascii	"Scanning I2C1 bus for devices...\015\000"
 1435      6E696E67 
 1435      20493243 
 1435      31206275 
 1435      7320666F 
 1436 005a 0000     		.align	2
 1437              	.LC3:
 1438 005c 44657669 		.ascii	"Device found at address 0x%02X\015\012\000"
 1438      63652066 
 1438      6F756E64 
 1438      20617420 
 1438      61646472 
 1439 007d 000000   		.align	2
 1440              	.LC4:
 1441 0080 4661696C 		.ascii	"Failed to initialize SHT40 sensor\015\000"
 1441      65642074 
 1441      6F20696E 
 1441      69746961 
 1441      6C697A65 
 1442 00a3 00       		.align	2
 1443              	.LC5:
 1444 00a4 53485434 		.ascii	"SHT40 sensor initialized successfully\015\000"
 1444      30207365 
 1444      6E736F72 
 1444      20696E69 
 1444      7469616C 
 1445 00cb 00       		.align	2
 1446              	.LC6:
 1447 00cc 23232323 		.ascii	"###################################################"
 1447      23232323 
 1447      23232323 
 1447      23232323 
 1447      23232323 
 1448 00ff 23232323 		.ascii	"#########\015 \000"
ARM GAS  /tmp/ccbJcx0I.s 			page 62


 1448      23232323 
 1448      230D2000 
 1449              		.global	__aeabi_f2d
 1450 010b 00       		.align	2
 1451              	.LC7:
 1452 010c 53545453 		.ascii	"STTS22H Temperature: %.2f C\015 \012\000"
 1452      32324820 
 1452      54656D70 
 1452      65726174 
 1452      7572653A 
 1453 012b 00       		.align	2
 1454              	.LC8:
 1455 012c 4C505332 		.ascii	"LPS22DF Pressure: %.2f hPa\015 \012\000"
 1455      32444620 
 1455      50726573 
 1455      73757265 
 1455      3A20252E 
 1456 014a 0000     		.align	2
 1457              	.LC9:
 1458 014c 53485434 		.ascii	"SHT40 Humidity: %.2f %%\015 \012\000"
 1458      30204875 
 1458      6D696469 
 1458      74793A20 
 1458      252E3266 
 1459 0167 00       		.align	2
 1460              	.LC10:
 1461 0168 0D2000   		.ascii	"\015 \000"
 1462 016b 00       		.align	2
 1463              	.LC11:
 1464 016c 41492050 		.ascii	"AI Prediction: %u (%s), confidence=%u%%\015\012\000"
 1464      72656469 
 1464      6374696F 
 1464      6E3A2025 
 1464      75202825 
 1465 0196 0000     		.align	2
 1466              	.LC12:
 1467 0198 41492069 		.ascii	"AI inference failed\015\000"
 1467      6E666572 
 1467      656E6365 
 1467      20666169 
 1467      6C65640D 
 1468 01ad 000000   		.align	2
 1469              	.LC13:
 1470 01b0 57616974 		.ascii	"Waiting for 2min history: %u/3 samples ready\015\012"
 1470      696E6720 
 1470      666F7220 
 1470      326D696E 
 1470      20686973 
 1471 01de 00       		.ascii	"\000"
 1472              		.section	.text.main,"ax",%progbits
 1473              		.align	1
 1474              		.global	main
 1475              		.syntax unified
 1476              		.thumb
 1477              		.thumb_func
 1479              	main:
 1480              	.LFB169:
ARM GAS  /tmp/ccbJcx0I.s 			page 63


 205:Core/Src/main.c **** 
 1481              		.loc 1 205 1 view -0
 1482              		.cfi_startproc
 1483              		@ args = 0, pretend = 0, frame = 232
 1484              		@ frame_needed = 0, uses_anonymous_args = 0
 1485 0000 30B5     		push	{r4, r5, lr}
 1486              	.LCFI24:
 1487              		.cfi_def_cfa_offset 12
 1488              		.cfi_offset 4, -12
 1489              		.cfi_offset 5, -8
 1490              		.cfi_offset 14, -4
 1491 0002 BDB0     		sub	sp, sp, #244
 1492              	.LCFI25:
 1493              		.cfi_def_cfa_offset 256
 214:Core/Src/main.c **** 
 1494              		.loc 1 214 3 view .LVU412
 1495 0004 FFF7FEFF 		bl	HAL_Init
 1496              	.LVL97:
 221:Core/Src/main.c **** 
 1497              		.loc 1 221 3 view .LVU413
 1498 0008 FFF7FEFF 		bl	SystemPower_Config
 1499              	.LVL98:
 224:Core/Src/main.c **** 
 1500              		.loc 1 224 3 view .LVU414
 1501 000c FFF7FEFF 		bl	SystemClock_Config
 1502              	.LVL99:
 231:Core/Src/main.c ****   MX_ICACHE_Init();
 1503              		.loc 1 231 3 view .LVU415
 1504 0010 FFF7FEFF 		bl	MX_GPIO_Init
 1505              	.LVL100:
 232:Core/Src/main.c ****   MX_I2C1_Init();
 1506              		.loc 1 232 3 view .LVU416
 1507 0014 FFF7FEFF 		bl	MX_ICACHE_Init
 1508              	.LVL101:
 233:Core/Src/main.c ****   MX_LPUART1_UART_Init();
 1509              		.loc 1 233 3 view .LVU417
 1510 0018 FFF7FEFF 		bl	MX_I2C1_Init
 1511              	.LVL102:
 234:Core/Src/main.c ****   MX_USART1_UART_Init();
 1512              		.loc 1 234 3 view .LVU418
 1513 001c FFF7FEFF 		bl	MX_LPUART1_UART_Init
 1514              	.LVL103:
 235:Core/Src/main.c ****   MX_X_CUBE_AI_Init();
 1515              		.loc 1 235 3 view .LVU419
 1516 0020 FFF7FEFF 		bl	MX_USART1_UART_Init
 1517              	.LVL104:
 236:Core/Src/main.c ****   /* USER CODE BEGIN 2 */
 1518              		.loc 1 236 3 view .LVU420
 1519 0024 FFF7FEFF 		bl	MX_X_CUBE_AI_Init
 1520              	.LVL105:
 242:Core/Src/main.c **** 
 1521              		.loc 1 242 3 view .LVU421
 1522 0028 0020     		movs	r0, #0
 1523 002a FFF7FEFF 		bl	BSP_LED_Init
 1524              	.LVL106:
 245:Core/Src/main.c **** 
 1525              		.loc 1 245 3 view .LVU422
ARM GAS  /tmp/ccbJcx0I.s 			page 64


 1526 002e 0121     		movs	r1, #1
 1527 0030 0020     		movs	r0, #0
 1528 0032 FFF7FEFF 		bl	BSP_PB_Init
 1529              	.LVL107:
 250:Core/Src/main.c **** 
 1530              		.loc 1 250 3 view .LVU423
 1531 0036 8348     		ldr	r0, .L142
 1532 0038 FFF7FEFF 		bl	puts
 1533              	.LVL108:
 253:Core/Src/main.c **** 
 1534              		.loc 1 253 3 view .LVU424
 1535 003c 0020     		movs	r0, #0
 1536 003e FFF7FEFF 		bl	BSP_LED_On
 1537              	.LVL109:
 261:Core/Src/main.c ****   config_Lora();
 1538              		.loc 1 261 3 view .LVU425
 1539 0042 8148     		ldr	r0, .L142+4
 1540 0044 FFF7FEFF 		bl	puts
 1541              	.LVL110:
 262:Core/Src/main.c **** 
 1542              		.loc 1 262 3 view .LVU426
 1543 0048 FFF7FEFF 		bl	config_Lora
 1544              	.LVL111:
 265:Core/Src/main.c ****   uint8_t i2c1_buffer[1];
 1545              		.loc 1 265 3 view .LVU427
 1546 004c 7F48     		ldr	r0, .L142+8
 1547 004e FFF7FEFF 		bl	puts
 1548              	.LVL112:
 266:Core/Src/main.c ****   for (uint16_t i = 1; i < 128; i++)
 1549              		.loc 1 266 3 view .LVU428
 267:Core/Src/main.c ****   {
 1550              		.loc 1 267 3 view .LVU429
 1551              	.LBB18:
 267:Core/Src/main.c ****   {
 1552              		.loc 1 267 8 view .LVU430
 267:Core/Src/main.c ****   {
 1553              		.loc 1 267 17 is_stmt 0 view .LVU431
 1554 0052 0124     		movs	r4, #1
 267:Core/Src/main.c ****   {
 1555              		.loc 1 267 3 view .LVU432
 1556 0054 01E0     		b	.L120
 1557              	.LVL113:
 1558              	.L121:
 267:Core/Src/main.c ****   {
 1559              		.loc 1 267 34 is_stmt 1 discriminator 2 view .LVU433
 1560 0056 0134     		adds	r4, r4, #1
 1561              	.LVL114:
 267:Core/Src/main.c ****   {
 1562              		.loc 1 267 34 is_stmt 0 discriminator 2 view .LVU434
 1563 0058 A4B2     		uxth	r4, r4
 1564              	.LVL115:
 1565              	.L120:
 267:Core/Src/main.c ****   {
 1566              		.loc 1 267 26 is_stmt 1 discriminator 1 view .LVU435
 1567 005a 7F2C     		cmp	r4, #127
 1568 005c 0FD8     		bhi	.L138
 269:Core/Src/main.c ****     {
ARM GAS  /tmp/ccbJcx0I.s 			page 65


 1569              		.loc 1 269 5 view .LVU436
 269:Core/Src/main.c ****     {
 1570              		.loc 1 269 9 is_stmt 0 view .LVU437
 1571 005e 6100     		lsls	r1, r4, #1
 1572 0060 89B2     		uxth	r1, r1
 1573 0062 6423     		movs	r3, #100
 1574 0064 0093     		str	r3, [sp]
 1575 0066 0123     		movs	r3, #1
 1576 0068 3BAA     		add	r2, sp, #236
 1577 006a 7948     		ldr	r0, .L142+12
 1578 006c FFF7FEFF 		bl	HAL_I2C_Master_Receive
 1579              	.LVL116:
 269:Core/Src/main.c ****     {
 1580              		.loc 1 269 8 discriminator 1 view .LVU438
 1581 0070 0028     		cmp	r0, #0
 1582 0072 F0D1     		bne	.L121
 271:Core/Src/main.c ****     }
 1583              		.loc 1 271 7 is_stmt 1 view .LVU439
 1584 0074 2146     		mov	r1, r4
 1585 0076 7748     		ldr	r0, .L142+16
 1586 0078 FFF7FEFF 		bl	printf
 1587              	.LVL117:
 1588 007c EBE7     		b	.L121
 1589              	.L138:
 1590              	.LBE18:
 276:Core/Src/main.c ****   Temperature_Init(&stts22h_obj);
 1591              		.loc 1 276 3 view .LVU440
 276:Core/Src/main.c ****   Temperature_Init(&stts22h_obj);
 1592              		.loc 1 276 20 is_stmt 0 view .LVU441
 1593 007e 3C22     		movs	r2, #60
 1594 0080 0021     		movs	r1, #0
 1595 0082 2CA8     		add	r0, sp, #176
 1596 0084 FFF7FEFF 		bl	memset
 1597              	.LVL118:
 277:Core/Src/main.c **** 
 1598              		.loc 1 277 3 is_stmt 1 view .LVU442
 1599 0088 2CA8     		add	r0, sp, #176
 1600 008a FFF7FEFF 		bl	Temperature_Init
 1601              	.LVL119:
 280:Core/Src/main.c ****   Pressure_Init();
 1602              		.loc 1 280 3 view .LVU443
 280:Core/Src/main.c ****   Pressure_Init();
 1603              		.loc 1 280 18 is_stmt 0 view .LVU444
 1604 008e 0024     		movs	r4, #0
 1605              	.LVL120:
 280:Core/Src/main.c ****   Pressure_Init();
 1606              		.loc 1 280 18 view .LVU445
 1607 0090 2894     		str	r4, [sp, #160]
 1608 0092 2994     		str	r4, [sp, #164]
 1609 0094 2A94     		str	r4, [sp, #168]
 1610 0096 2B94     		str	r4, [sp, #172]
 281:Core/Src/main.c **** 
 1611              		.loc 1 281 3 is_stmt 1 view .LVU446
 1612 0098 FFF7FEFF 		bl	Pressure_Init
 1613              	.LVL121:
 284:Core/Src/main.c ****   if (sht40x_basic_initialize(SHT40_AD1B_VARIANT) != 0)
 1614              		.loc 1 284 3 view .LVU447
ARM GAS  /tmp/ccbJcx0I.s 			page 66


 284:Core/Src/main.c ****   if (sht40x_basic_initialize(SHT40_AD1B_VARIANT) != 0)
 1615              		.loc 1 284 17 is_stmt 0 view .LVU448
 1616 009c 2394     		str	r4, [sp, #140]
 1617 009e 2494     		str	r4, [sp, #144]
 1618 00a0 2594     		str	r4, [sp, #148]
 1619 00a2 2694     		str	r4, [sp, #152]
 1620 00a4 2794     		str	r4, [sp, #156]
 285:Core/Src/main.c ****   {
 1621              		.loc 1 285 3 is_stmt 1 view .LVU449
 285:Core/Src/main.c ****   {
 1622              		.loc 1 285 7 is_stmt 0 view .LVU450
 1623 00a6 2046     		mov	r0, r4
 1624 00a8 FFF7FEFF 		bl	sht40x_basic_initialize
 1625              	.LVL122:
 285:Core/Src/main.c ****   {
 1626              		.loc 1 285 6 discriminator 1 view .LVU451
 1627 00ac 18B1     		cbz	r0, .L123
 287:Core/Src/main.c ****   }
 1628              		.loc 1 287 5 is_stmt 1 view .LVU452
 1629 00ae 6A48     		ldr	r0, .L142+20
 1630 00b0 FFF7FEFF 		bl	puts
 1631              	.LVL123:
 1632 00b4 3BE0     		b	.L124
 1633              	.L123:
 291:Core/Src/main.c ****   }
 1634              		.loc 1 291 5 view .LVU453
 1635 00b6 6948     		ldr	r0, .L142+24
 1636 00b8 FFF7FEFF 		bl	puts
 1637              	.LVL124:
 1638 00bc 37E0     		b	.L124
 1639              	.LVL125:
 1640              	.L140:
 1641              	.LBB19:
 1642              	.LBB20:
 1643              	.LBB21:
 333:Core/Src/main.c ****         float metai_raw[METAI_NUM_FEATURES] = {0.0f};
 1644              		.loc 1 333 9 view .LVU454
 333:Core/Src/main.c ****         float metai_raw[METAI_NUM_FEATURES] = {0.0f};
 1645              		.loc 1 333 17 is_stmt 0 view .LVU455
 1646 00be 0024     		movs	r4, #0
 1647              	.LVL126:
 333:Core/Src/main.c ****         float metai_raw[METAI_NUM_FEATURES] = {0.0f};
 1648              		.loc 1 333 17 view .LVU456
 1649 00c0 8DF80E40 		strb	r4, [sp, #14]
 333:Core/Src/main.c ****         float metai_raw[METAI_NUM_FEATURES] = {0.0f};
 1650              		.loc 1 333 31 view .LVU457
 1651 00c4 8DF80F40 		strb	r4, [sp, #15]
 334:Core/Src/main.c ****         int8_t metai_qin[METAI_NUM_FEATURES] = {0};
 1652              		.loc 1 334 9 is_stmt 1 view .LVU458
 334:Core/Src/main.c ****         int8_t metai_qin[METAI_NUM_FEATURES] = {0};
 1653              		.loc 1 334 15 is_stmt 0 view .LVU459
 1654 00c8 4822     		movs	r2, #72
 1655 00ca 2146     		mov	r1, r4
 1656 00cc 11A8     		add	r0, sp, #68
 1657 00ce FFF7FEFF 		bl	memset
 1658              	.LVL127:
 335:Core/Src/main.c ****         int8_t metai_out[METAI_NUM_CLASSES] = {0};
ARM GAS  /tmp/ccbJcx0I.s 			page 67


 1659              		.loc 1 335 9 is_stmt 1 view .LVU460
 335:Core/Src/main.c ****         int8_t metai_out[METAI_NUM_CLASSES] = {0};
 1660              		.loc 1 335 16 is_stmt 0 view .LVU461
 1661 00d2 0C94     		str	r4, [sp, #48]
 1662 00d4 0D94     		str	r4, [sp, #52]
 1663 00d6 0E94     		str	r4, [sp, #56]
 1664 00d8 0F94     		str	r4, [sp, #60]
 1665 00da ADF84040 		strh	r4, [sp, #64]	@ movhi
 336:Core/Src/main.c **** 
 1666              		.loc 1 336 9 is_stmt 1 view .LVU462
 336:Core/Src/main.c **** 
 1667              		.loc 1 336 16 is_stmt 0 view .LVU463
 1668 00de 0994     		str	r4, [sp, #36]
 1669 00e0 0A94     		str	r4, [sp, #40]
 1670 00e2 8DF82C40 		strb	r4, [sp, #44]
 338:Core/Src/main.c ****         metai_normalize_and_quantize(metai_raw, metai_qin);
 1671              		.loc 1 338 9 is_stmt 1 view .LVU464
 1672 00e6 11A8     		add	r0, sp, #68
 1673 00e8 FFF7FEFF 		bl	metai_build_raw_features
 1674              	.LVL128:
 339:Core/Src/main.c **** 
 1675              		.loc 1 339 9 view .LVU465
 1676 00ec 0CA9     		add	r1, sp, #48
 1677 00ee 11A8     		add	r0, sp, #68
 1678 00f0 FFF7FEFF 		bl	metai_normalize_and_quantize
 1679              	.LVL129:
 341:Core/Src/main.c ****         {
 1680              		.loc 1 341 9 view .LVU466
 1681              	.LBB22:
 341:Core/Src/main.c ****         {
 1682              		.loc 1 341 14 view .LVU467
 341:Core/Src/main.c ****         {
 1683              		.loc 1 341 23 is_stmt 0 view .LVU468
 1684 00f4 2146     		mov	r1, r4
 341:Core/Src/main.c ****         {
 1685              		.loc 1 341 9 view .LVU469
 1686 00f6 08E0     		b	.L128
 1687              	.LVL130:
 1688              	.L129:
 343:Core/Src/main.c ****         }
 1689              		.loc 1 343 11 is_stmt 1 view .LVU470
 343:Core/Src/main.c ****         }
 1690              		.loc 1 343 19 is_stmt 0 view .LVU471
 1691 00f8 594B     		ldr	r3, .L142+28
 1692 00fa 1B68     		ldr	r3, [r3]
 343:Core/Src/main.c ****         }
 1693              		.loc 1 343 37 view .LVU472
 1694 00fc 01F1F002 		add	r2, r1, #240
 1695 0100 6A44     		add	r2, sp, r2
 1696 0102 12F9C02C 		ldrsb	r2, [r2, #-192]
 343:Core/Src/main.c ****         }
 1697              		.loc 1 343 26 view .LVU473
 1698 0106 5A54     		strb	r2, [r3, r1]
 341:Core/Src/main.c ****         {
 1699              		.loc 1 341 55 is_stmt 1 discriminator 3 view .LVU474
 1700 0108 0131     		adds	r1, r1, #1
 1701              	.LVL131:
ARM GAS  /tmp/ccbJcx0I.s 			page 68


 1702              	.L128:
 341:Core/Src/main.c ****         {
 1703              		.loc 1 341 32 discriminator 1 view .LVU475
 1704 010a 1129     		cmp	r1, #17
 1705 010c F4D9     		bls	.L129
 1706              	.LBE22:
 346:Core/Src/main.c ****         {
 1707              		.loc 1 346 9 view .LVU476
 346:Core/Src/main.c ****         {
 1708              		.loc 1 346 13 is_stmt 0 view .LVU477
 1709 010e FFF7FEFF 		bl	MX_X_CUBE_AI_Run
 1710              	.LVL132:
 346:Core/Src/main.c ****         {
 1711              		.loc 1 346 12 discriminator 1 view .LVU478
 1712 0112 0028     		cmp	r0, #0
 1713 0114 67D1     		bne	.L139
 364:Core/Src/main.c ****         }
 1714              		.loc 1 364 11 is_stmt 1 view .LVU479
 1715 0116 5348     		ldr	r0, .L142+32
 1716 0118 FFF7FEFF 		bl	puts
 1717              	.LVL133:
 1718              	.L134:
 364:Core/Src/main.c ****         }
 1719              		.loc 1 364 11 is_stmt 0 view .LVU480
 1720              	.LBE21:
 373:Core/Src/main.c **** 
 1721              		.loc 1 373 7 is_stmt 1 view .LVU481
 1722 011c FFF7FEFF 		bl	lora_Sleep
 1723              	.LVL134:
 376:Core/Src/main.c ****     }
 1724              		.loc 1 376 7 view .LVU482
 1725 0120 0020     		movs	r0, #0
 1726 0122 FFF7FEFF 		bl	BSP_LED_Off
 1727              	.LVL135:
 1728              	.L126:
 1729              	.LBE20:
 383:Core/Src/main.c ****   }
 1730              		.loc 1 383 5 view .LVU483
 1731 0126 41F28830 		movw	r0, #5000
 1732 012a FFF7FEFF 		bl	HAL_Delay
 1733              	.LVL136:
 1734              	.LBE19:
 295:Core/Src/main.c ****   {
 1735              		.loc 1 295 9 view .LVU484
 1736              	.L124:
 295:Core/Src/main.c ****   {
 1737              		.loc 1 295 3 view .LVU485
 1738              	.LBB26:
 297:Core/Src/main.c ****     if (metai_sample_due(now_ms) != 0U)
 1739              		.loc 1 297 5 view .LVU486
 297:Core/Src/main.c ****     if (metai_sample_due(now_ms) != 0U)
 1740              		.loc 1 297 29 is_stmt 0 view .LVU487
 1741 012e FFF7FEFF 		bl	HAL_GetTick
 1742              	.LVL137:
 1743 0132 0446     		mov	r4, r0
 1744              	.LVL138:
 298:Core/Src/main.c ****     {
ARM GAS  /tmp/ccbJcx0I.s 			page 69


 1745              		.loc 1 298 5 is_stmt 1 view .LVU488
 298:Core/Src/main.c ****     {
 1746              		.loc 1 298 9 is_stmt 0 view .LVU489
 1747 0134 FFF7FEFF 		bl	metai_sample_due
 1748              	.LVL139:
 298:Core/Src/main.c ****     {
 1749              		.loc 1 298 8 discriminator 1 view .LVU490
 1750 0138 0028     		cmp	r0, #0
 1751 013a F4D0     		beq	.L126
 1752              	.LBB25:
 301:Core/Src/main.c **** 
 1753              		.loc 1 301 7 is_stmt 1 view .LVU491
 1754 013c 0020     		movs	r0, #0
 1755 013e FFF7FEFF 		bl	BSP_LED_On
 1756              	.LVL140:
 304:Core/Src/main.c ****       HAL_Delay(100); // Wait for the LoRa module to wake up before sending AT commands
 1757              		.loc 1 304 7 view .LVU492
 1758 0142 FFF7FEFF 		bl	lora_WakeUp
 1759              	.LVL141:
 305:Core/Src/main.c **** 
 1760              		.loc 1 305 7 view .LVU493
 1761 0146 6420     		movs	r0, #100
 1762 0148 FFF7FEFF 		bl	HAL_Delay
 1763              	.LVL142:
 308:Core/Src/main.c ****       Temperature_Read(&stts22h_obj, &temperature);
 1764              		.loc 1 308 7 view .LVU494
 309:Core/Src/main.c **** 
 1765              		.loc 1 309 7 view .LVU495
 1766 014c 04A9     		add	r1, sp, #16
 1767 014e 2CA8     		add	r0, sp, #176
 1768 0150 FFF7FEFF 		bl	Temperature_Read
 1769              	.LVL143:
 312:Core/Src/main.c ****       Pressure_Read(lps22df_data, &pressure, &temperature_lps22df);
 1770              		.loc 1 312 7 view .LVU496
 313:Core/Src/main.c **** 
 1771              		.loc 1 313 7 view .LVU497
 1772 0154 06AB     		add	r3, sp, #24
 1773 0156 0193     		str	r3, [sp, #4]
 1774 0158 05AB     		add	r3, sp, #20
 1775 015a 0093     		str	r3, [sp]
 1776 015c 28AB     		add	r3, sp, #160
 1777 015e 0FCB     		ldm	r3, {r0, r1, r2, r3}
 1778 0160 FFF7FEFF 		bl	Pressure_Read
 1779              	.LVL144:
 316:Core/Src/main.c ****       Humidity_Temperature_Read(&sht40x_data, &temperature_sht40x, &humidity);
 1780              		.loc 1 316 7 view .LVU498
 317:Core/Src/main.c **** 
 1781              		.loc 1 317 7 view .LVU499
 1782 0164 08AA     		add	r2, sp, #32
 1783 0166 07A9     		add	r1, sp, #28
 1784 0168 23A8     		add	r0, sp, #140
 1785 016a FFF7FEFF 		bl	Humidity_Temperature_Read
 1786              	.LVL145:
 320:Core/Src/main.c ****       printf("STTS22H Temperature: %.2f C\r \n", temperature);
 1787              		.loc 1 320 7 view .LVU500
 1788 016e 3E4D     		ldr	r5, .L142+36
 1789 0170 2846     		mov	r0, r5
ARM GAS  /tmp/ccbJcx0I.s 			page 70


 1790 0172 FFF7FEFF 		bl	puts
 1791              	.LVL146:
 321:Core/Src/main.c ****       printf("LPS22DF Pressure: %.2f hPa\r \n", pressure);
 1792              		.loc 1 321 7 view .LVU501
 1793 0176 0498     		ldr	r0, [sp, #16]	@ float
 1794 0178 FFF7FEFF 		bl	__aeabi_f2d
 1795              	.LVL147:
 1796 017c 0246     		mov	r2, r0
 1797 017e 0B46     		mov	r3, r1
 1798 0180 3A48     		ldr	r0, .L142+40
 1799 0182 FFF7FEFF 		bl	printf
 1800              	.LVL148:
 322:Core/Src/main.c ****       printf("SHT40 Humidity: %.2f %%\r \n", humidity);
 1801              		.loc 1 322 7 view .LVU502
 1802 0186 0598     		ldr	r0, [sp, #20]	@ float
 1803 0188 FFF7FEFF 		bl	__aeabi_f2d
 1804              	.LVL149:
 1805 018c 0246     		mov	r2, r0
 1806 018e 0B46     		mov	r3, r1
 1807 0190 3748     		ldr	r0, .L142+44
 1808 0192 FFF7FEFF 		bl	printf
 1809              	.LVL150:
 323:Core/Src/main.c ****       printf("############################################################\r \n");
 1810              		.loc 1 323 7 view .LVU503
 1811 0196 0898     		ldr	r0, [sp, #32]	@ float
 1812 0198 FFF7FEFF 		bl	__aeabi_f2d
 1813              	.LVL151:
 1814 019c 0246     		mov	r2, r0
 1815 019e 0B46     		mov	r3, r1
 1816 01a0 3448     		ldr	r0, .L142+48
 1817 01a2 FFF7FEFF 		bl	printf
 1818              	.LVL152:
 324:Core/Src/main.c ****       printf("\r \n");
 1819              		.loc 1 324 7 view .LVU504
 1820 01a6 2846     		mov	r0, r5
 1821 01a8 FFF7FEFF 		bl	puts
 1822              	.LVL153:
 325:Core/Src/main.c **** 
 1823              		.loc 1 325 7 view .LVU505
 1824 01ac 3248     		ldr	r0, .L142+52
 1825 01ae FFF7FEFF 		bl	puts
 1826              	.LVL154:
 327:Core/Src/main.c ****       metai_sampling_started = 1U;
 1827              		.loc 1 327 7 view .LVU506
 1828 01b2 2046     		mov	r0, r4
 1829 01b4 9DED081A 		vldr.32	s2, [sp, #32]
 1830 01b8 DDED050A 		vldr.32	s1, [sp, #20]
 1831 01bc 9DED040A 		vldr.32	s0, [sp, #16]
 1832 01c0 FFF7FEFF 		bl	metai_push_sample
 1833              	.LVL155:
 328:Core/Src/main.c ****       metai_next_sample_tick = now_ms + METAI_SAMPLE_INTERVAL_MS; // 2 min pour test
 1834              		.loc 1 328 7 view .LVU507
 328:Core/Src/main.c ****       metai_next_sample_tick = now_ms + METAI_SAMPLE_INTERVAL_MS; // 2 min pour test
 1835              		.loc 1 328 30 is_stmt 0 view .LVU508
 1836 01c4 2D4B     		ldr	r3, .L142+56
 1837 01c6 0122     		movs	r2, #1
 1838 01c8 1A70     		strb	r2, [r3]
ARM GAS  /tmp/ccbJcx0I.s 			page 71


 329:Core/Src/main.c **** 
 1839              		.loc 1 329 7 is_stmt 1 view .LVU509
 329:Core/Src/main.c **** 
 1840              		.loc 1 329 39 is_stmt 0 view .LVU510
 1841 01ca 04F5EA34 		add	r4, r4, #119808
 1842              	.LVL156:
 329:Core/Src/main.c **** 
 1843              		.loc 1 329 39 view .LVU511
 1844 01ce C034     		adds	r4, r4, #192
 1845              	.LVL157:
 329:Core/Src/main.c **** 
 1846              		.loc 1 329 30 view .LVU512
 1847 01d0 2B4B     		ldr	r3, .L142+60
 1848 01d2 1C60     		str	r4, [r3]
 331:Core/Src/main.c ****       {
 1849              		.loc 1 331 7 is_stmt 1 view .LVU513
 331:Core/Src/main.c ****       {
 1850              		.loc 1 331 28 is_stmt 0 view .LVU514
 1851 01d4 2B4B     		ldr	r3, .L142+64
 1852 01d6 1978     		ldrb	r1, [r3]	@ zero_extendqisi2
 331:Core/Src/main.c ****       {
 1853              		.loc 1 331 10 view .LVU515
 1854 01d8 0229     		cmp	r1, #2
 1855 01da 3FF670AF 		bhi	.L140
 369:Core/Src/main.c ****       }
 1856              		.loc 1 369 9 is_stmt 1 view .LVU516
 1857 01de 2A48     		ldr	r0, .L142+68
 1858 01e0 FFF7FEFF 		bl	printf
 1859              	.LVL158:
 1860 01e4 9AE7     		b	.L134
 1861              	.LVL159:
 1862              	.L139:
 1863              	.LBB24:
 1864              	.LBB23:
 348:Core/Src/main.c ****           {
 1865              		.loc 1 348 25 is_stmt 0 view .LVU517
 1866 01e6 0023     		movs	r3, #0
 1867              	.L130:
 1868              	.LVL160:
 348:Core/Src/main.c ****           {
 1869              		.loc 1 348 34 is_stmt 1 discriminator 1 view .LVU518
 1870 01e8 082B     		cmp	r3, #8
 1871 01ea 09D8     		bhi	.L141
 350:Core/Src/main.c ****           }
 1872              		.loc 1 350 13 view .LVU519
 350:Core/Src/main.c ****           }
 1873              		.loc 1 350 45 is_stmt 0 view .LVU520
 1874 01ec 274A     		ldr	r2, .L142+72
 1875 01ee 1268     		ldr	r2, [r2]
 350:Core/Src/main.c ****           }
 1876              		.loc 1 350 28 view .LVU521
 1877 01f0 D156     		ldrsb	r1, [r2, r3]
 350:Core/Src/main.c ****           }
 1878              		.loc 1 350 26 view .LVU522
 1879 01f2 03F1F002 		add	r2, r3, #240
 1880 01f6 6A44     		add	r2, sp, r2
 1881 01f8 02F8CC1C 		strb	r1, [r2, #-204]
ARM GAS  /tmp/ccbJcx0I.s 			page 72


 348:Core/Src/main.c ****           {
 1882              		.loc 1 348 56 is_stmt 1 discriminator 3 view .LVU523
 1883 01fc 0133     		adds	r3, r3, #1
 1884              	.LVL161:
 348:Core/Src/main.c ****           {
 1885              		.loc 1 348 56 is_stmt 0 discriminator 3 view .LVU524
 1886 01fe F3E7     		b	.L130
 1887              	.L141:
 348:Core/Src/main.c ****           {
 1888              		.loc 1 348 56 discriminator 3 view .LVU525
 1889              	.LBE23:
 352:Core/Src/main.c ****           printf("AI Prediction: %u (%s), confidence=%u%%\r\n",
 1890              		.loc 1 352 11 is_stmt 1 view .LVU526
 1891 0200 0DF10F02 		add	r2, sp, #15
 1892 0204 0DF10E01 		add	r1, sp, #14
 1893 0208 09A8     		add	r0, sp, #36
 1894 020a FFF7FEFF 		bl	metai_decode_output
 1895              	.LVL162:
 353:Core/Src/main.c ****                  ai_class,
 1896              		.loc 1 353 11 view .LVU527
 1897 020e 9DF80E10 		ldrb	r1, [sp, #14]	@ zero_extendqisi2
 1898 0212 9DF80F30 		ldrb	r3, [sp, #15]	@ zero_extendqisi2
 1899 0216 1E4A     		ldr	r2, .L142+76
 1900 0218 52F82120 		ldr	r2, [r2, r1, lsl #2]
 1901 021c 1D48     		ldr	r0, .L142+80
 1902 021e FFF7FEFF 		bl	printf
 1903              	.LVL163:
 359:Core/Src/main.c ****           HAL_Delay(1000); // Wait for 1 second to ensure the data is sent before sleeping the LoRa
 1904              		.loc 1 359 11 view .LVU528
 1905 0222 9DF80F10 		ldrb	r1, [sp, #15]	@ zero_extendqisi2
 1906 0226 9DF80E00 		ldrb	r0, [sp, #14]	@ zero_extendqisi2
 1907 022a 9DED081A 		vldr.32	s2, [sp, #32]
 1908 022e DDED050A 		vldr.32	s1, [sp, #20]
 1909 0232 9DED040A 		vldr.32	s0, [sp, #16]
 1910 0236 FFF7FEFF 		bl	lora_envoi_data
 1911              	.LVL164:
 360:Core/Src/main.c ****         }
 1912              		.loc 1 360 11 view .LVU529
 1913 023a 4FF47A70 		mov	r0, #1000
 1914 023e FFF7FEFF 		bl	HAL_Delay
 1915              	.LVL165:
 1916 0242 6BE7     		b	.L134
 1917              	.L143:
 1918              		.align	2
 1919              	.L142:
 1920 0244 00000000 		.word	.LC0
 1921 0248 1C000000 		.word	.LC1
 1922 024c 38000000 		.word	.LC2
 1923 0250 00000000 		.word	hi2c1
 1924 0254 5C000000 		.word	.LC3
 1925 0258 80000000 		.word	.LC4
 1926 025c A4000000 		.word	.LC5
 1927 0260 00000000 		.word	data_ins
 1928 0264 98010000 		.word	.LC12
 1929 0268 CC000000 		.word	.LC6
 1930 026c 0C010000 		.word	.LC7
 1931 0270 2C010000 		.word	.LC8
ARM GAS  /tmp/ccbJcx0I.s 			page 73


 1932 0274 4C010000 		.word	.LC9
 1933 0278 68010000 		.word	.LC10
 1934 027c 00000000 		.word	metai_sampling_started
 1935 0280 00000000 		.word	metai_next_sample_tick
 1936 0284 00000000 		.word	metai_hist_count
 1937 0288 B0010000 		.word	.LC13
 1938 028c 00000000 		.word	data_outs
 1939 0290 00000000 		.word	METAI_CLASS_NAMES
 1940 0294 6C010000 		.word	.LC11
 1941              	.LBE24:
 1942              	.LBE25:
 1943              	.LBE26:
 1944              		.cfi_endproc
 1945              	.LFE169:
 1947              		.section	.bss.metai_sampling_started,"aw",%nobits
 1950              	metai_sampling_started:
 1951 0000 00       		.space	1
 1952              		.section	.bss.metai_next_sample_tick,"aw",%nobits
 1953              		.align	2
 1956              	metai_next_sample_tick:
 1957 0000 00000000 		.space	4
 1958              		.section	.bss.metai_hist_count,"aw",%nobits
 1961              	metai_hist_count:
 1962 0000 00       		.space	1
 1963              		.section	.bss.metai_hist,"aw",%nobits
 1964              		.align	2
 1967              	metai_hist:
 1968 0000 00000000 		.space	48
 1968      00000000 
 1968      00000000 
 1968      00000000 
 1968      00000000 
 1969              		.global	huart1
 1970              		.section	.bss.huart1,"aw",%nobits
 1971              		.align	2
 1974              	huart1:
 1975 0000 00000000 		.space	148
 1975      00000000 
 1975      00000000 
 1975      00000000 
 1975      00000000 
 1976              		.global	hlpuart1
 1977              		.section	.bss.hlpuart1,"aw",%nobits
 1978              		.align	2
 1981              	hlpuart1:
 1982 0000 00000000 		.space	148
 1982      00000000 
 1982      00000000 
 1982      00000000 
 1982      00000000 
 1983              		.global	hi2c1
 1984              		.section	.bss.hi2c1,"aw",%nobits
 1985              		.align	2
 1988              	hi2c1:
 1989 0000 00000000 		.space	84
 1989      00000000 
 1989      00000000 
ARM GAS  /tmp/ccbJcx0I.s 			page 74


 1989      00000000 
 1989      00000000 
 1990              		.global	BspButtonState
 1991              		.section	.bss.BspButtonState,"aw",%nobits
 1992              		.align	2
 1995              	BspButtonState:
 1996 0000 00000000 		.space	4
 1997              		.section	.rodata.str1.4,"aMS",%progbits,1
 1998              		.align	2
 1999              	.LC14:
 2000 0000 436C6169 		.ascii	"Clair / Ensoleille\000"
 2000      72202F20 
 2000      456E736F 
 2000      6C65696C 
 2000      6C6500
 2001 0013 00       		.align	2
 2002              	.LC15:
 2003 0014 50657520 		.ascii	"Peu nuageux\000"
 2003      6E756167 
 2003      65757800 
 2004              		.align	2
 2005              	.LC16:
 2006 0020 50617274 		.ascii	"Partiellement nuageux\000"
 2006      69656C6C 
 2006      656D656E 
 2006      74206E75 
 2006      61676575 
 2007 0036 0000     		.align	2
 2008              	.LC17:
 2009 0038 4E756167 		.ascii	"Nuageux / Couvert\000"
 2009      65757820 
 2009      2F20436F 
 2009      75766572 
 2009      7400
 2010 004a 0000     		.align	2
 2011              	.LC18:
 2012 004c 506C7569 		.ascii	"Pluie\000"
 2012      6500
 2013 0052 0000     		.align	2
 2014              	.LC19:
 2015 0054 41766572 		.ascii	"Averses\000"
 2015      73657300 
 2016              		.align	2
 2017              	.LC20:
 2018 005c 4E656967 		.ascii	"Neige\000"
 2018      6500
 2019 0062 0000     		.align	2
 2020              	.LC21:
 2021 0064 4F726167 		.ascii	"Orage\000"
 2021      6500
 2022 006a 0000     		.align	2
 2023              	.LC22:
 2024 006c 42726F75 		.ascii	"Brouillard / Brume\000"
 2024      696C6C61 
 2024      7264202F 
 2024      20427275 
 2024      6D6500
ARM GAS  /tmp/ccbJcx0I.s 			page 75


 2025              		.section	.rodata.METAI_CLASS_NAMES,"a"
 2026              		.align	2
 2029              	METAI_CLASS_NAMES:
 2030 0000 00000000 		.word	.LC14
 2031 0004 14000000 		.word	.LC15
 2032 0008 20000000 		.word	.LC16
 2033 000c 38000000 		.word	.LC17
 2034 0010 4C000000 		.word	.LC18
 2035 0014 54000000 		.word	.LC19
 2036 0018 5C000000 		.word	.LC20
 2037 001c 64000000 		.word	.LC21
 2038 0020 6C000000 		.word	.LC22
 2039              		.section	.rodata.METAI_X_RANGE,"a"
 2040              		.align	2
 2043              	METAI_X_RANGE:
 2044 0000 CCCC3042 		.word	1110494412
 2045 0004 20337B42 		.word	1115370272
 2046 0008 0000A442 		.word	1118044160
 2047 000c CCCC3042 		.word	1110494412
 2048 0010 20337B42 		.word	1115370272
 2049 0014 0000A442 		.word	1118044160
 2050 0018 CCCC3042 		.word	1110494412
 2051 001c 20337B42 		.word	1115370272
 2052 0020 0000A442 		.word	1118044160
 2053 0024 6666A641 		.word	1101424230
 2054 0028 00009C41 		.word	1100742656
 2055 002c 0000C642 		.word	1120272384
 2056 0030 0000D041 		.word	1104150528
 2057 0034 0000F441 		.word	1106509824
 2058 0038 0000EA42 		.word	1122631680
 2059 003c 66662242 		.word	1109550694
 2060 0040 00000040 		.word	1073741824
 2061 0044 00000040 		.word	1073741824
 2062              		.section	.rodata.METAI_X_MIN,"a"
 2063              		.align	2
 2066              	METAI_X_MIN:
 2067 0000 9A9911C1 		.word	-1055811174
 2068 0004 9A197544 		.word	1148524954
 2069 0008 00009041 		.word	1099956224
 2070 000c 9A9911C1 		.word	-1055811174
 2071 0010 9A197544 		.word	1148524954
 2072 0014 00009041 		.word	1099956224
 2073 0018 9A9911C1 		.word	-1055811174
 2074 001c 9A197544 		.word	1148524954
 2075 0020 00009041 		.word	1099956224
 2076 0024 66663EC1 		.word	-1052875162
 2077 0028 000030C1 		.word	-1053818880
 2078 002c 000034C2 		.word	-1036779520
 2079 0030 34334BC1 		.word	-1052036300
 2080 0034 809971C1 		.word	-1049519744
 2081 0038 000064C2 		.word	-1033633792
 2082 003c 000090C1 		.word	-1047527424
 2083 0040 000080BF 		.word	-1082130432
 2084 0044 000080BF 		.word	-1082130432
 2085              		.text
 2086              	.Letext0:
 2087              		.file 4 "/opt/st/stm32cubeclt_1.20.0/GNU-tools-for-STM32/arm-none-eabi/include/machine/_default_ty
ARM GAS  /tmp/ccbJcx0I.s 			page 76


 2088              		.file 5 "/opt/st/stm32cubeclt_1.20.0/GNU-tools-for-STM32/arm-none-eabi/include/sys/_stdint.h"
 2089              		.file 6 "Drivers/CMSIS/Device/ST/STM32U5xx/Include/stm32u545xx.h"
 2090              		.file 7 "/opt/st/stm32cubeclt_1.20.0/GNU-tools-for-STM32/arm-none-eabi/include/math.h"
 2091              		.file 8 "Drivers/STM32U5xx_HAL_Driver/Inc/stm32u5xx_hal_def.h"
 2092              		.file 9 "Drivers/STM32U5xx_HAL_Driver/Inc/stm32u5xx_hal_rcc.h"
 2093              		.file 10 "Drivers/STM32U5xx_HAL_Driver/Inc/stm32u5xx_hal_dma.h"
 2094              		.file 11 "Drivers/STM32U5xx_HAL_Driver/Inc/stm32u5xx_hal_dma_ex.h"
 2095              		.file 12 "Drivers/STM32U5xx_HAL_Driver/Inc/stm32u5xx_hal_i2c.h"
 2096              		.file 13 "Drivers/STM32U5xx_HAL_Driver/Inc/stm32u5xx_hal_uart.h"
 2097              		.file 14 "Drivers/BSP/STM32U5xx_Nucleo/stm32u5xx_nucleo.h"
 2098              		.file 15 "Middlewares/ST/AI/Inc/ai_platform.h"
 2099              		.file 16 "Core/Inc/main.h"
 2100              		.file 17 "X-CUBE-AI/App/app_x-cube-ai.h"
 2101              		.file 18 "Drivers/Sensors/LPS22DF/lps22df_reg.h"
 2102              		.file 19 "Drivers/Sensors/SHT4/sht40x_driver.h"
 2103              		.file 20 "Drivers/Sensors/SHT4/sht40x_driver_interface.h"
 2104              		.file 21 "Drivers/Sensors/STTS22H/stts22h.h"
 2105              		.file 22 "Drivers/Sensors/Lora/lora.h"
 2106              		.file 23 "Drivers/STM32U5xx_HAL_Driver/Inc/stm32u5xx_hal_pwr_ex.h"
 2107              		.file 24 "Drivers/STM32U5xx_HAL_Driver/Inc/stm32u5xx_hal_uart_ex.h"
 2108              		.file 25 "Drivers/STM32U5xx_HAL_Driver/Inc/stm32u5xx_hal_i2c_ex.h"
 2109              		.file 26 "Drivers/STM32U5xx_HAL_Driver/Inc/stm32u5xx_hal_icache.h"
 2110              		.file 27 "Drivers/Sensors/LPS22DF/lps22df_app.h"
 2111              		.file 28 "Drivers/Sensors/STTS22H/stts22h_app.h"
 2112              		.file 29 "Drivers/STM32U5xx_HAL_Driver/Inc/stm32u5xx_hal.h"
 2113              		.file 30 "Drivers/Sensors/SHT4/sht40x_driver_basic.h"
 2114              		.file 31 "/opt/st/stm32cubeclt_1.20.0/GNU-tools-for-STM32/arm-none-eabi/include/stdio.h"
 2115              		.file 32 "<built-in>"
ARM GAS  /tmp/ccbJcx0I.s 			page 77


DEFINED SYMBOLS
                            *ABS*:00000000 main.c
     /tmp/ccbJcx0I.s:22     .text.METAI_normalize:00000000 $t
     /tmp/ccbJcx0I.s:27     .text.METAI_normalize:00000000 METAI_normalize
     /tmp/ccbJcx0I.s:127    .text.METAI_normalize:00000068 $d
     /tmp/ccbJcx0I.s:2066   .rodata.METAI_X_MIN:00000000 METAI_X_MIN
     /tmp/ccbJcx0I.s:2043   .rodata.METAI_X_RANGE:00000000 METAI_X_RANGE
     /tmp/ccbJcx0I.s:134    .text.METAI_quantize_input:00000000 $t
     /tmp/ccbJcx0I.s:139    .text.METAI_quantize_input:00000000 METAI_quantize_input
     /tmp/ccbJcx0I.s:219    .text.METAI_quantize_input:00000060 $d
     /tmp/ccbJcx0I.s:227    .text.metai_clipf:00000000 $t
     /tmp/ccbJcx0I.s:232    .text.metai_clipf:00000000 metai_clipf
     /tmp/ccbJcx0I.s:268    .text.metai_push_sample:00000000 $t
     /tmp/ccbJcx0I.s:273    .text.metai_push_sample:00000000 metai_push_sample
     /tmp/ccbJcx0I.s:333    .text.metai_push_sample:0000003c $d
     /tmp/ccbJcx0I.s:1967   .bss.metai_hist:00000000 metai_hist
     /tmp/ccbJcx0I.s:1961   .bss.metai_hist_count:00000000 metai_hist_count
     /tmp/ccbJcx0I.s:339    .text.metai_sample_due:00000000 $t
     /tmp/ccbJcx0I.s:344    .text.metai_sample_due:00000000 metai_sample_due
     /tmp/ccbJcx0I.s:385    .text.metai_sample_due:0000001c $d
     /tmp/ccbJcx0I.s:1950   .bss.metai_sampling_started:00000000 metai_sampling_started
     /tmp/ccbJcx0I.s:1956   .bss.metai_next_sample_tick:00000000 metai_next_sample_tick
     /tmp/ccbJcx0I.s:391    .text.metai_normalize_and_quantize:00000000 $t
     /tmp/ccbJcx0I.s:396    .text.metai_normalize_and_quantize:00000000 metai_normalize_and_quantize
     /tmp/ccbJcx0I.s:436    .text.MX_GPIO_Init:00000000 $t
     /tmp/ccbJcx0I.s:441    .text.MX_GPIO_Init:00000000 MX_GPIO_Init
     /tmp/ccbJcx0I.s:491    .text.MX_GPIO_Init:00000038 $d
     /tmp/ccbJcx0I.s:496    .text.metai_build_raw_features:00000000 $t
     /tmp/ccbJcx0I.s:501    .text.metai_build_raw_features:00000000 metai_build_raw_features
     /tmp/ccbJcx0I.s:675    .text.metai_build_raw_features:000000ec $d
     /tmp/ccbJcx0I.s:684    .text.metai_decode_output:00000000 $t
     /tmp/ccbJcx0I.s:689    .text.metai_decode_output:00000000 metai_decode_output
     /tmp/ccbJcx0I.s:793    .text.metai_decode_output:0000005c $d
     /tmp/ccbJcx0I.s:801    .text.__io_putchar:00000000 $t
     /tmp/ccbJcx0I.s:807    .text.__io_putchar:00000000 __io_putchar
     /tmp/ccbJcx0I.s:843    .text.__io_putchar:0000001c $d
     /tmp/ccbJcx0I.s:1974   .bss.huart1:00000000 huart1
     /tmp/ccbJcx0I.s:848    .text.BSP_PB_Callback:00000000 $t
     /tmp/ccbJcx0I.s:854    .text.BSP_PB_Callback:00000000 BSP_PB_Callback
     /tmp/ccbJcx0I.s:876    .text.BSP_PB_Callback:0000000c $d
     /tmp/ccbJcx0I.s:1995   .bss.BspButtonState:00000000 BspButtonState
     /tmp/ccbJcx0I.s:881    .text.Error_Handler:00000000 $t
     /tmp/ccbJcx0I.s:887    .text.Error_Handler:00000000 Error_Handler
     /tmp/ccbJcx0I.s:919    .text.SystemPower_Config:00000000 $t
     /tmp/ccbJcx0I.s:924    .text.SystemPower_Config:00000000 SystemPower_Config
     /tmp/ccbJcx0I.s:952    .text.MX_ICACHE_Init:00000000 $t
     /tmp/ccbJcx0I.s:957    .text.MX_ICACHE_Init:00000000 MX_ICACHE_Init
     /tmp/ccbJcx0I.s:995    .text.MX_I2C1_Init:00000000 $t
     /tmp/ccbJcx0I.s:1000   .text.MX_I2C1_Init:00000000 MX_I2C1_Init
     /tmp/ccbJcx0I.s:1082   .text.MX_I2C1_Init:00000048 $d
     /tmp/ccbJcx0I.s:1988   .bss.hi2c1:00000000 hi2c1
     /tmp/ccbJcx0I.s:1088   .text.MX_LPUART1_UART_Init:00000000 $t
     /tmp/ccbJcx0I.s:1093   .text.MX_LPUART1_UART_Init:00000000 MX_LPUART1_UART_Init
     /tmp/ccbJcx0I.s:1192   .text.MX_LPUART1_UART_Init:00000058 $d
     /tmp/ccbJcx0I.s:1981   .bss.hlpuart1:00000000 hlpuart1
     /tmp/ccbJcx0I.s:1198   .text.MX_USART1_UART_Init:00000000 $t
     /tmp/ccbJcx0I.s:1203   .text.MX_USART1_UART_Init:00000000 MX_USART1_UART_Init
ARM GAS  /tmp/ccbJcx0I.s 			page 78


     /tmp/ccbJcx0I.s:1302   .text.MX_USART1_UART_Init:00000058 $d
     /tmp/ccbJcx0I.s:1308   .text.SystemClock_Config:00000000 $t
     /tmp/ccbJcx0I.s:1314   .text.SystemClock_Config:00000000 SystemClock_Config
     /tmp/ccbJcx0I.s:1427   .rodata.main.str1.4:00000000 $d
     /tmp/ccbJcx0I.s:1473   .text.main:00000000 $t
     /tmp/ccbJcx0I.s:1479   .text.main:00000000 main
     /tmp/ccbJcx0I.s:1920   .text.main:00000244 $d
     /tmp/ccbJcx0I.s:2029   .rodata.METAI_CLASS_NAMES:00000000 METAI_CLASS_NAMES
     /tmp/ccbJcx0I.s:1951   .bss.metai_sampling_started:00000000 $d
     /tmp/ccbJcx0I.s:1953   .bss.metai_next_sample_tick:00000000 $d
     /tmp/ccbJcx0I.s:1962   .bss.metai_hist_count:00000000 $d
     /tmp/ccbJcx0I.s:1964   .bss.metai_hist:00000000 $d
     /tmp/ccbJcx0I.s:1971   .bss.huart1:00000000 $d
     /tmp/ccbJcx0I.s:1978   .bss.hlpuart1:00000000 $d
     /tmp/ccbJcx0I.s:1985   .bss.hi2c1:00000000 $d
     /tmp/ccbJcx0I.s:1992   .bss.BspButtonState:00000000 $d
     /tmp/ccbJcx0I.s:1998   .rodata.str1.4:00000000 $d
     /tmp/ccbJcx0I.s:2026   .rodata.METAI_CLASS_NAMES:00000000 $d
     /tmp/ccbJcx0I.s:2040   .rodata.METAI_X_RANGE:00000000 $d
     /tmp/ccbJcx0I.s:2063   .rodata.METAI_X_MIN:00000000 $d

UNDEFINED SYMBOLS
sinf
cosf
lroundf
HAL_UART_Transmit
HAL_PWREx_ConfigSupply
HAL_ICACHE_ConfigAssociativityMode
HAL_ICACHE_Enable
HAL_I2C_Init
HAL_I2CEx_ConfigAnalogFilter
HAL_I2CEx_ConfigDigitalFilter
HAL_UART_Init
HAL_UARTEx_SetTxFifoThreshold
HAL_UARTEx_SetRxFifoThreshold
HAL_UARTEx_DisableFifoMode
memset
HAL_PWREx_ControlVoltageScaling
HAL_RCC_OscConfig
HAL_RCC_ClockConfig
__aeabi_f2d
HAL_Init
MX_X_CUBE_AI_Init
BSP_LED_Init
BSP_PB_Init
puts
BSP_LED_On
config_Lora
HAL_I2C_Master_Receive
printf
Temperature_Init
Pressure_Init
sht40x_basic_initialize
MX_X_CUBE_AI_Run
lora_Sleep
BSP_LED_Off
HAL_Delay
ARM GAS  /tmp/ccbJcx0I.s 			page 79


HAL_GetTick
lora_WakeUp
Temperature_Read
Pressure_Read
Humidity_Temperature_Read
lora_envoi_data
data_ins
data_outs
