ARM GAS  /tmp/ccP16T4R.s 			page 1


   1              		.cpu cortex-m33
   2              		.arch armv8-m.main
   3              		.fpu fpv5-sp-d16
   4              		.arch_extension dsp
   5              		.eabi_attribute 27, 1
   6              		.eabi_attribute 28, 1
   7              		.eabi_attribute 20, 1
   8              		.eabi_attribute 21, 1
   9              		.eabi_attribute 23, 3
  10              		.eabi_attribute 24, 1
  11              		.eabi_attribute 25, 1
  12              		.eabi_attribute 26, 1
  13              		.eabi_attribute 30, 1
  14              		.eabi_attribute 34, 1
  15              		.eabi_attribute 18, 4
  16              		.file	"network_data_params.c"
  17              		.text
  18              	.Ltext0:
  19              		.cfi_sections	.debug_frame
  20              		.file 1 "X-CUBE-AI/App/network_data_params.c"
  21              		.global	g_network_weights_table
  22              		.section	.data.g_network_weights_table,"aw"
  23              		.align	2
  26              	g_network_weights_table:
  27 0000 DECAFAA1 		.word	-1577399586
  28 0004 00000000 		.word	s_network_weights_array_u64
  29 0008 DECAFAA1 		.word	-1577399586
  30              		.global	s_network_weights_array_u64
  31              		.section	.rodata.s_network_weights_array_u64,"a"
  32              		.align	5
  35              	s_network_weights_array_u64:
  36 0000 81A68A86 		.word	-2037733759
  37 0004 CF220043 		.word	1124082383
  38 0008 A37FD87D 		.word	2111340451
  39 000c A2D249DF 		.word	-548810078
  40 0010 EF9EBB65 		.word	1706794735
  41 0014 7BD8377B 		.word	2067257467
  42 0018 2181A1B2 		.word	-1298038495
  43 001c 0D32AC46 		.word	1185690125
  44 0020 AD8D9681 		.word	-2120839763
  45 0024 DE812660 		.word	1613136350
  46 0028 26239C5A 		.word	1520182054
  47 002c 9F9DBE81 		.word	-2118214241
  48 0030 50EA1B36 		.word	907799120
  49 0034 02C57F1B 		.word	461358338
  50 0038 E3A869C4 		.word	-999708445
  51 003c E0EA8156 		.word	1451354848
  52 0040 9C7FFE22 		.word	587104156
  53 0044 97A54AFF 		.word	-11885161
  54 0048 489981C5 		.word	-981362360
  55 004c 57B16FBB 		.word	-1150308009
  56 0050 9052140F 		.word	252990096
  57 0054 7F9DDAAE 		.word	-1361404545
  58 0058 B2307F0E 		.word	243216562
  59 005c 42A70A22 		.word	571123522
  60 0060 5ABF223F 		.word	1059241818
  61 0064 2B5C9321 		.word	563305515
ARM GAS  /tmp/ccP16T4R.s 			page 2


  62 0068 A8478124 		.word	612452264
  63 006c CD45F138 		.word	955336141
  64 0070 81FA013C 		.word	1006762625
  65 0074 1C987F23 		.word	595564572
  66 0078 07A5E646 		.word	1189520647
  67 007c C0F23A42 		.word	1111159488
  68 0080 D38127B2 		.word	-1306033709
  69 0084 A3B90DDC 		.word	-603080285
  70 0088 BB81C64D 		.word	1304854971
  71 008c CED49370 		.word	1888736462
  72 0090 812FCCB2 		.word	-1295241343
  73 0094 1A1C98EB 		.word	-342352870
  74 0098 10781BCA 		.word	-904169456
  75 009c E9D5037F 		.word	2130957801
  76 00a0 FD0609AC 		.word	-1408694531
  77 00a4 7F1EE4D4 		.word	-723247489
  78 00a8 0F3CFD81 		.word	-2114110449
  79 00ac E0F21E26 		.word	639562464
  80 00b0 E7562311 		.word	287528679
  81 00b4 0881D015 		.word	365986056
  82 00b8 68DA5811 		.word	291035752
  83 00bc 6FF0250A 		.word	170258543
  84 00c0 07E38100 		.word	8512263
  85 00c4 FE647FFE 		.word	-25205506
  86 00c8 D4AD141E 		.word	504671700
  87 00cc CDE60881 		.word	-2130123059
  88 00d0 5C1FF8CA 		.word	-889708708
  89 00d4 B68EAE3A 		.word	984518326
  90 00d8 E927615B 		.word	1533093865
  91 00dc 370A16F2 		.word	-233436617
  92 00e0 7F2E730D 		.word	225652351
  93 00e4 DAD5E2E3 		.word	-471673382
  94 00e8 30810731 		.word	822575408
  95 00ec D71F9B7F 		.word	2140872663
  96 00f0 8CB82B12 		.word	304855180
  97 00f4 E4813C7B 		.word	2067562980
  98 00f8 41B88E45 		.word	1166981185
  99 00fc 812DACD1 		.word	-777245311
 100 0100 CEFAE225 		.word	635632334
 101 0104 0A2FF50C 		.word	217394954
 102 0108 5B09C681 		.word	-2117727909
 103 010c FE1E486D 		.word	1833443070
 104 0110 E7462D19 		.word	422397671
 105 0114 7B7FBB0D 		.word	230391675
 106 0118 A0C9B977 		.word	2008664480
 107 011c EE05BE81 		.word	-2118253074
 108 0120 81A44B14 		.word	340501633
 109 0124 77CA60C8 		.word	-933180809
 110 0128 F781E104 		.word	81887735
 111 012c C3372F4F 		.word	1328494531
 112 0130 6ACDE466 		.word	1726270826
 113 0134 2D2C61B2 		.word	-1302254547
 114 0138 81152769 		.word	1764169089
 115 013c 75E2C0A0 		.word	-1597971851
 116 0140 81774EED 		.word	-313624703
 117 0144 D13D81D8 		.word	-662618671
 118 0148 251BF53B 		.word	1005919013
ARM GAS  /tmp/ccP16T4R.s 			page 3


 119 014c 397FE026 		.word	652246841
 120 0150 DD0A349D 		.word	-1657533731
 121 0154 10C1B681 		.word	-2118729456
 122 0158 D2EF209D 		.word	-1658785838
 123 015c ECBCCADD 		.word	-573915924
 124 0160 6A5131DE 		.word	-567193238
 125 0164 59E681B2 		.word	-1300109735
 126 0168 34A64C7F 		.word	2135729716
 127 016c B34FF0DA 		.word	-621785165
 128 0170 346AB825 		.word	632842804
 129 0174 A955CEDC 		.word	-590457431
 130 0178 D1811D12 		.word	303923665
 131 017c CF638225 		.word	629302223
 132 0180 91EE81B8 		.word	-1199444335
 133 0184 B2820B1E 		.word	504070834
 134 0188 7A81DC5D 		.word	1574732154
 135 018c 095681CD 		.word	-847161847
 136 0190 E4D337FC 		.word	-63450140
 137 0194 4BE87A23 		.word	595257419
 138 0198 7F1917DE 		.word	-568911489
 139 019c 0FF7B4F0 		.word	-256575729
 140 01a0 69B41BAE 		.word	-1373916055
 141 01a4 81ED8DF0 		.word	-259134079
 142 01a8 9E278354 		.word	1417881502
 143 01ac 257FEFFA 		.word	-84967643
 144 01b0 35170100 		.word	71477
 145 01b4 31F5FFFF 		.word	-2767
 146 01b8 91A8FFFF 		.word	-22383
 147 01bc E6F40000 		.word	62694
 148 01c0 59230000 		.word	9049
 149 01c4 A98A0000 		.word	35497
 150 01c8 654D0000 		.word	19813
 151 01cc 10F3FFFF 		.word	-3312
 152 01d0 A0CB0000 		.word	52128
 153 01d4 33100000 		.word	4147
 154 01d8 B37DFFFF 		.word	-33357
 155 01dc D4F6FFFF 		.word	-2348
 156 01e0 C0F7FFFF 		.word	-2112
 157 01e4 40200000 		.word	8256
 158 01e8 72840000 		.word	33906
 159 01ec 8DAA0000 		.word	43661
 160 01f0 C16D0000 		.word	28097
 161 01f4 B9BDFFFF 		.word	-16967
 162 01f8 39CCFFFF 		.word	-13255
 163 01fc CCFBFFFF 		.word	-1076
 164 0200 67BDFFFF 		.word	-17049
 165 0204 A30A0000 		.word	2723
 166 0208 22090000 		.word	2338
 167 020c 6A880000 		.word	34922
 168 0210 F7FEFEFF 		.word	-65801
 169 0214 2D240000 		.word	9261
 170 0218 53190000 		.word	6483
 171 021c 51050000 		.word	1361
 172 0220 DA850000 		.word	34266
 173 0224 540A0000 		.word	2644
 174 0228 9411FFFF 		.word	-61036
 175 022c 2AB80000 		.word	47146
ARM GAS  /tmp/ccP16T4R.s 			page 4


 176 0230 930D0000 		.word	3475
 177 0234 88E4FFFF 		.word	-7032
 178 0238 8BABFFFF 		.word	-21621
 179 023c 5CF0FFFF 		.word	-4004
 180 0240 8DECFFFF 		.word	-4979
 181 0244 D8F4FFFF 		.word	-2856
 182 0248 6A1D0100 		.word	73066
 183 024c 03E7FFFF 		.word	-6397
 184 0250 389CFFFF 		.word	-25544
 185 0254 F97A0000 		.word	31481
 186 0258 96A00000 		.word	41110
 187 025c F8430000 		.word	17400
 188 0260 1F1A0000 		.word	6687
 189 0264 B05BFFFF 		.word	-42064
 190 0268 E6C00000 		.word	49382
 191 026c 21ECFFFF 		.word	-5087
 192 0270 7A548134 		.word	880891002
 193 0274 F9092F76 		.word	1982794233
 194 0278 B3180A0C 		.word	201988275
 195 027c D44BCEE3 		.word	-473019436
 196 0280 0B50303E 		.word	1043353611
 197 0284 D3AE2497 		.word	-1759203629
 198 0288 BBF659FC 		.word	-61212997
 199 028c 16D31A18 		.word	404411158
 200 0290 DAE51636 		.word	907470298
 201 0294 D536EEAB 		.word	-1410451755
 202 0298 4053FFC9 		.word	-906013888
 203 029c C3E2A9C3 		.word	-1012276541
 204 02a0 53B47216 		.word	376616019
 205 02a4 05A147B0 		.word	-1337483003
 206 02a8 BD071679 		.word	2031486909
 207 02ac D37F343D 		.word	1026850771
 208 02b0 13D0472B 		.word	726126611
 209 02b4 2365AC0C 		.word	212624675
 210 02b8 38A32300 		.word	2335544
 211 02bc 3829D344 		.word	1154689336
 212 02c0 0B38ECE0 		.word	-521390069
 213 02c4 08EE4BFE 		.word	-28578296
 214 02c8 A8B2A7B7 		.word	-1213746520
 215 02cc 3CEBB9EA 		.word	-356914372
 216 02d0 ACF8DF55 		.word	1440741548
 217 02d4 51B37E0F 		.word	259961681
 218 02d8 27DF685B 		.word	1533599527
 219 02dc 366A3D97 		.word	-1757582794
 220 02e0 8138D9E5 		.word	-438749055
 221 02e4 E1E49145 		.word	1167189217
 222 02e8 D5FE8867 		.word	1737031381
 223 02ec C0CC8ED6 		.word	-695284544
 224 02f0 59E1E3CA 		.word	-891035303
 225 02f4 8F38C334 		.word	885209231
 226 02f8 C013A71E 		.word	514266048
 227 02fc F1C1D132 		.word	852607473
 228 0300 4C3C7FD1 		.word	-780190644
 229 0304 C225A8CE 		.word	-827841086
 230 0308 279E50C9 		.word	-917463513
 231 030c 15DB4359 		.word	1497619221
 232 0310 4218496C 		.word	1816729666
ARM GAS  /tmp/ccP16T4R.s 			page 5


 233 0314 FDE8EE34 		.word	888072445
 234 0318 CDD8ACC4 		.word	-995305267
 235 031c 295B1669 		.word	1763072809
 236 0320 682DD9D7 		.word	-673632920
 237 0324 A010260A 		.word	170266784
 238 0328 0BD2AE58 		.word	1487852043
 239 032c CC26455A 		.word	1514481356
 240 0330 EA0AD755 		.word	1440156394
 241 0334 319EFBB4 		.word	-1258578383
 242 0338 F0ECAFCA 		.word	-894440208
 243 033c CF813154 		.word	1412530639
 244 0340 D2C7BE16 		.word	381601746
 245 0344 DEA3B20D 		.word	229811166
 246 0348 C6D7F3A7 		.word	-1477191738
 247 034c C5035EA4 		.word	-1537342523
 248 0350 2F2FE063 		.word	1675636527
 249 0354 B92B2EC2 		.word	-1037161543
 250 0358 D9C61BA4 		.word	-1541683495
 251 035c 422C3CF0 		.word	-264491966
 252 0360 39114B45 		.word	1162547513
 253 0364 213C1454 		.word	1410612257
 254 0368 B95C32A8 		.word	-1473094471
 255 036c 7AB91EBA 		.word	-1172391558
 256 0370 3E060DDD 		.word	-586348994
 257 0374 DD62C5EE 		.word	-289053987
 258 0378 B0AC3ACC 		.word	-868569936
 259 037c 9EC00A81 		.word	-2130001762
 260 0380 B428C10A 		.word	180431028
 261 0384 102BF9C0 		.word	-1057412336
 262 0388 93B93557 		.word	1463138707
 263 038c 50C46FE8 		.word	-395328432
 264 0390 3C11CD07 		.word	130879804
 265 0394 FD2C2E20 		.word	539897085
 266 0398 CA50C8C8 		.word	-926396214
 267 039c 60AD2ECA 		.word	-902910624
 268 03a0 D91128A4 		.word	-1540877863
 269 03a4 398136E4 		.word	-466190023
 270 03a8 3FCE05D7 		.word	-687485377
 271 03ac EABA1534 		.word	873839338
 272 03b0 0AF7D804 		.word	81327882
 273 03b4 3B0BB506 		.word	112528187
 274 03b8 43DFA83C 		.word	1017700163
 275 03bc 3FFC112E 		.word	772930623
 276 03c0 DF20C9DF 		.word	-540466977
 277 03c4 ADD899B1 		.word	-1315317587
 278 03c8 FDCA1039 		.word	957401853
 279 03cc AD9F130A 		.word	169058221
 280 03d0 41270602 		.word	33957697
 281 03d4 1F18EFEB 		.word	-336652257
 282 03d8 0A35BA19 		.word	431633674
 283 03dc D2D1E704 		.word	82301394
 284 03e0 CB1FECBA 		.word	-1158930485
 285 03e4 EBB72FBA 		.word	-1171277845
 286 03e8 132F191C 		.word	471412499
 287 03ec 38F0107F 		.word	2131816504
 288 03f0 9AD6350D 		.word	221632154
 289 03f4 33E224CA 		.word	-903552461
ARM GAS  /tmp/ccP16T4R.s 			page 6


 290 03f8 B451CD46 		.word	1187860916
 291 03fc 731DFC81 		.word	-2114183821
 292 0400 3235FE4D 		.word	1308505394
 293 0404 A80938F8 		.word	-130545240
 294 0408 F8E05141 		.word	1095885048
 295 040c CFF8BF3E 		.word	1052768463
 296 0410 1710F91B 		.word	469307415
 297 0414 4C46D3FA 		.word	-86817204
 298 0418 CD302454 		.word	1411657933
 299 041c BFDAC130 		.word	818010815
 300 0420 1257A9B6 		.word	-1230416110
 301 0424 49D21EFE 		.word	-31534519
 302 0428 0A41A90B 		.word	195641610
 303 042c D6E3552B 		.word	727049174
 304 0430 56CF1082 		.word	-2112827562
 305 0434 F9D7811A 		.word	444717049
 306 0438 AB5CEFF2 		.word	-219194197
 307 043c C9D8ADE8 		.word	-391259959
 308 0440 8BDBCFDA 		.word	-623912053
 309 0444 E9269730 		.word	815212265
 310 0448 CD441AC3 		.word	-1021688627
 311 044c B5391DEA 		.word	-367183435
 312 0450 542C597F 		.word	2136550484
 313 0454 360843D8 		.word	-666695626
 314 0458 4BF9EAAB 		.word	-1410664117
 315 045c 51F9C236 		.word	918747473
 316 0460 3914FE05 		.word	100537401
 317 0464 F3EF284B 		.word	1260974067
 318 0468 B438B905 		.word	96024756
 319 046c F9051D87 		.word	-2028141063
 320 0470 453AC754 		.word	1422342725
 321 0474 03052A16 		.word	371852547
 322 0478 D4D3D81F 		.word	534303700
 323 047c 0604575C 		.word	1549206534
 324 0480 D7A7BA3C 		.word	1018865623
 325 0484 0EFF2BA7 		.word	-1490288882
 326 0488 EBFDB003 		.word	61930987
 327 048c FE13AFA5 		.word	-1515252738
 328 0490 04FD3EDE 		.word	-566297340
 329 0494 450DC659 		.word	1506151749
 330 0498 41A4DC81 		.word	-2116246463
 331 049c CD0E2B4A 		.word	1244335821
 332 04a0 68FDF13A 		.word	988937576
 333 04a4 F5B800C9 		.word	-922699531
 334 04a8 1FA4FD1D 		.word	503161887
 335 04ac F8E9FA58 		.word	1492838904
 336 04b0 1144C62A 		.word	717636625
 337 04b4 92DD43FD 		.word	-45884014
 338 04b8 3009A308 		.word	144902448
 339 04bc 0E765DCA 		.word	-899844594
 340 04c0 5618385D 		.word	1563957334
 341 04c4 4E7F3CFB 		.word	-79921330
 342 04c8 D41300FF 		.word	-16772140
 343 04cc BDCA07FA 		.word	-100152643
 344 04d0 E3D3D403 		.word	64279523
 345 04d4 B60B2DE5 		.word	-450032714
 346 04d8 9310BBDE 		.word	-558165869
ARM GAS  /tmp/ccP16T4R.s 			page 7


 347 04dc 553B5055 		.word	1431321429
 348 04e0 27C6A95A 		.word	1521075751
 349 04e4 13F0F64E 		.word	1324806163
 350 04e8 F5161025 		.word	621811445
 351 04ec DF0FDE21 		.word	568201183
 352 04f0 7FE202AC 		.word	-1409097089
 353 04f4 2EE8A821 		.word	564717614
 354 04f8 FC211D57 		.word	1461527036
 355 04fc 24C10E57 		.word	1460584740
 356 0500 BBAA44F8 		.word	-129717573
 357 0504 21F5DAC8 		.word	-925174495
 358 0508 D1FBDFD2 		.word	-757072943
 359 050c DF4124EC 		.word	-333168161
 360 0510 F849482D 		.word	759712248
 361 0514 9E780C41 		.word	1091336350
 362 0518 139946F3 		.word	-213477101
 363 051c 0A2F1B5C 		.word	1545285386
 364 0520 AF0623DA 		.word	-635238737
 365 0524 41352D0C 		.word	204289345
 366 0528 6ACA3A2F 		.word	792382058
 367 052c 1BC0F0F5 		.word	-168771557
 368 0530 45560A29 		.word	688543301
 369 0534 C661FDCF 		.word	-805477946
 370 0538 2F03D05D 		.word	1573913391
 371 053c 407F1A2D 		.word	756711232
 372 0540 EBCC0015 		.word	352373995
 373 0544 F1078DBD 		.word	-1114830863
 374 0548 BF59AEC5 		.word	-978429505
 375 054c 8F09BBB0 		.word	-1329919601
 376 0550 FE4A5FEA 		.word	-362853634
 377 0554 12EF05C8 		.word	-939135214
 378 0558 342D52E9 		.word	-380490444
 379 055c CE0BACB1 		.word	-1314124850
 380 0560 E87201A3 		.word	-1560186136
 381 0564 2CEAFFAF 		.word	-1342182868
 382 0568 7FE273D6 		.word	-697048449
 383 056c 243ECCA3 		.word	-1546895836
 384 0570 59E44BC6 		.word	-968104871
 385 0574 F00796C8 		.word	-929691664
 386 0578 6D3F94F5 		.word	-174833811
 387 057c 18294A67 		.word	1732913432
 388 0580 32F6D53B 		.word	1003877938
 389 0584 08D6AB7F 		.word	2141967880
 390 0588 F92708B9 		.word	-1190647815
 391 058c 74481B2F 		.word	790317172
 392 0590 5458414B 		.word	1262573652
 393 0594 E5F70C32 		.word	839710693
 394 0598 BC1ECC19 		.word	432807612
 395 059c AABC3FAD 		.word	-1388331862
 396 05a0 DB7FFFBF 		.word	-1073774629
 397 05a4 61CF67C2 		.word	-1033384095
 398 05a8 EA0D3C13 		.word	322702826
 399 05ac 54E838E9 		.word	-382146476
 400 05b0 EE45593A 		.word	978929134
 401 05b4 CC3FC638 		.word	952516556
 402 05b8 EA6C2EC0 		.word	-1070699286
 403 05bc 1451F01E 		.word	519065876
ARM GAS  /tmp/ccP16T4R.s 			page 8


 404 05c0 1EAA16C0 		.word	-1072256482
 405 05c4 DBB8E11E 		.word	518109403
 406 05c8 5C19DA11 		.word	299506012
 407 05cc 4CE14F20 		.word	542105932
 408 05d0 7FA5FADF 		.word	-537221761
 409 05d4 4C5A3796 		.word	-1774757300
 410 05d8 3BB9F700 		.word	16234811
 411 05dc 363458D8 		.word	-665308106
 412 05e0 40510D18 		.word	403525952
 413 05e4 BA451C48 		.word	1209812410
 414 05e8 CD1E3999 		.word	-1724309811
 415 05ec 35320B3B 		.word	990589493
 416 05f0 2654C6DB 		.word	-607759322
 417 05f4 65C77BA3 		.word	-1552169115
 418 05f8 25B941A6 		.word	-1505642203
 419 05fc E32B249E 		.word	-1641796637
 420 0600 BAB3DAE6 		.word	-421874758
 421 0604 F2370708 		.word	134690802
 422 0608 C2C8DA08 		.word	148555970
 423 060c 4802FB2F 		.word	804979272
 424 0610 C12022F7 		.word	-148758335
 425 0614 3E3BF1FC 		.word	-51299522
 426 0618 3D161920 		.word	538515005
 427 061c 0C46130A 		.word	169035276
 428 0620 6879DEE1 		.word	-505513624
 429 0624 42DA5279 		.word	2035472962
 430 0628 8147175A 		.word	1511475073
 431 062c 0755E73B 		.word	1005016327
 432 0630 E2293911 		.word	288958946
 433 0634 CED4E5B5 		.word	-1243228978
 434 0638 E63FBE1C 		.word	482230246
 435 063c 5A35FD1A 		.word	452801882
 436 0640 F6270AD2 		.word	-771086346
 437 0644 E3CB9FEC 		.word	-325071901
 438 0648 281CD942 		.word	1121524776
 439 064c CEDDF2F3 		.word	-202187314
 440 0650 BBCD2E03 		.word	53398971
 441 0654 17E7C023 		.word	599844631
 442 0658 EFC14D39 		.word	961397231
 443 065c D2FB3781 		.word	-2127037486
 444 0660 E6AC2A81 		.word	-2127909658
 445 0664 BF0DF8ED 		.word	-302510657
 446 0668 11B9A9EA 		.word	-357975791
 447 066c CDBBBA17 		.word	398113741
 448 0670 C1E44656 		.word	1447486657
 449 0674 CD34BD20 		.word	549270733
 450 0678 2D9AE8A7 		.word	-1477928403
 451 067c E5DB10BD 		.word	-1122968603
 452 0680 39E7AF08 		.word	145745721
 453 0684 CEFEBD48 		.word	1220411086
 454 0688 CD2111D9 		.word	-653188659
 455 068c 539CE5C2 		.word	-1025139629
 456 0690 E66100F5 		.word	-184524314
 457 0694 9FB0FE28 		.word	687779999
 458 0698 FD412B52 		.word	1378566653
 459 069c 2AF54651 		.word	1363604778
 460 06a0 EED0E9E8 		.word	-387329810
ARM GAS  /tmp/ccP16T4R.s 			page 9


 461 06a4 25337F26 		.word	645870373
 462 06a8 CA1DEE4E 		.word	1324228042
 463 06ac CBE6C83D 		.word	1036576459
 464 06b0 CE0ADDCF 		.word	-807597362
 465 06b4 4739C5B9 		.word	-1178257081
 466 06b8 B9CD07C4 		.word	-1006121543
 467 06bc 31D7EE10 		.word	284088113
 468 06c0 46B281CD 		.word	-847138234
 469 06c4 4935B955 		.word	1438201161
 470 06c8 A134C358 		.word	1489188001
 471 06cc EBE2DB3E 		.word	1054597867
 472 06d0 20C2F7AF 		.word	-1342717408
 473 06d4 19039336 		.word	915604249
 474 06d8 F3F90215 		.word	352516595
 475 06dc AF049841 		.word	1100481711
 476 06e0 1EF026E5 		.word	-450432994
 477 06e4 FEB5129D 		.word	-1659718146
 478 06e8 233A27FC 		.word	-64538077
 479 06ec 02C29E20 		.word	547275266
 480 06f0 1E01D207 		.word	131203358
 481 06f4 9CBDE3CB 		.word	-874267236
 482 06f8 114716D4 		.word	-736737519
 483 06fc FD7FACB2 		.word	-1297317891
 484 0700 ECE0C009 		.word	163635436
 485 0704 6197BCFC 		.word	-54749343
 486 0708 2B2E78D3 		.word	-747098581
 487 070c 1E155744 		.word	1146557726
 488 0710 F01019CD 		.word	-853995280
 489 0714 9684153E 		.word	1041597590
 490 0718 EAACD244 		.word	1154657514
 491 071c 6336D9EF 		.word	-270977437
 492 0720 56B1ADD7 		.word	-676482730
 493 0724 B1B2DFDC 		.word	-589319503
 494 0728 FCCC010C 		.word	201444604
 495 072c EC4A29F9 		.word	-114734356
 496 0730 9ED5B1B6 		.word	-1229859426
 497 0734 F03FBB5C 		.word	1555775472
 498 0738 818BF8ED 		.word	-302478463
 499 073c C8F38291 		.word	-1853688888
 500 0740 E3F61AE2 		.word	-501549341
 501 0744 5098A0D1 		.word	-778004400
 502 0748 77B4383C 		.word	1010349175
 503 074c 441FC4A6 		.word	-1497096380
 504 0750 8122F390 		.word	-1863114111
 505 0754 BDAAF318 		.word	418622141
 506 0758 4EC20710 		.word	268943950
 507 075c EDB7E3F9 		.word	-102516755
 508 0760 640C4B14 		.word	340462692
 509 0764 1CEBEB3C 		.word	1022094108
 510 0768 2211CF48 		.word	1221529890
 511 076c B3F0A73C 		.word	1017639091
 512 0770 AEAFBAB0 		.word	-1329942610
 513 0774 1AADAA3A 		.word	984263962
 514 0778 29C97877 		.word	2004404521
 515 077c BE303EBA 		.word	-1170329410
 516 0780 2E66DBDE 		.word	-556046802
 517 0784 31392940 		.word	1076443441
ARM GAS  /tmp/ccP16T4R.s 			page 10


 518 0788 62D2DAED 		.word	-304426398
 519 078c 7F41E615 		.word	367411583
 520 0790 21FE5739 		.word	962068001
 521 0794 BE13CB60 		.word	1623921598
 522 0798 5FC76698 		.word	-1738094753
 523 079c 50265CD1 		.word	-782490032
 524 07a0 CBCBD747 		.word	1205324747
 525 07a4 DCFAB16F 		.word	1873935068
 526 07a8 BCF0D2DF 		.word	-539823940
 527 07ac ECBFC9BB 		.word	-1144406036
 528 07b0 087E4746 		.word	1179090440
 529 07b4 D6D80BFC 		.word	-66332458
 530 07b8 EE61D727 		.word	668426734
 531 07bc DADC88A7 		.word	-1484202790
 532 07c0 07CB2238 		.word	941804295
 533 07c4 AAA7D30F 		.word	265529258
 534 07c8 3DDC4CC1 		.word	-1051927491
 535 07cc B32E81F8 		.word	-125751629
 536 07d0 B456C82C 		.word	751326900
 537 07d4 EBEB25F8 		.word	-131732501
 538 07d8 F3CD49B7 		.word	-1219899917
 539 07dc 1D3E31AB 		.word	-1422836195
 540 07e0 AC28BF33 		.word	868165804
 541 07e4 F634157F 		.word	2132096246
 542 07e8 2EAAE751 		.word	1374136878
 543 07ec 2DBD1EFA 		.word	-98648787
 544 07f0 C03557D9 		.word	-648596032
 545 07f4 E1E1C3CF 		.word	-809246239
 546 07f8 32DBD132 		.word	852613938
 547 07fc CABB0ECF 		.word	-821118006
 548 0800 F6F7C612 		.word	315029494
 549 0804 1CDA2CEA 		.word	-366159332
 550 0808 BDAE0C05 		.word	84717245
 551 080c 37B2DA43 		.word	1138405943
 552 0810 6D69ED23 		.word	602761581
 553 0814 CA091CDB 		.word	-618919478
 554 0818 0DFF0A09 		.word	151715597
 555 081c F219D79E 		.word	-1630070286
 556 0820 AAB572C1 		.word	-1049446998
 557 0824 B3F3C21B 		.word	465761203
 558 0828 ECF751C6 		.word	-967706644
 559 082c E2B1F9DA 		.word	-621170206
 560 0830 A1A5B081 		.word	-2119129695
 561 0834 AEFBD407 		.word	131398574
 562 0838 13AAC3D2 		.word	-758928877
 563 083c BC8AF5B5 		.word	-1242199364
 564 0840 9E48A58D 		.word	-1918547810
 565 0844 2E12AC50 		.word	1353454126
 566 0848 E3F551F5 		.word	-179178013
 567 084c 12C6B77B 		.word	2075641362
 568 0850 5952A73F 		.word	1067930201
 569 0854 5A4DF2F1 		.word	-235778726
 570 0858 07977F08 		.word	142579463
 571 085c 59D3200D 		.word	220255065
 572 0860 D2A814C2 		.word	-1038833454
 573 0864 66B7F975 		.word	1979299686
 574 0868 FDC9F1C9 		.word	-906900995
ARM GAS  /tmp/ccP16T4R.s 			page 11


 575 086c B6D34728 		.word	675795894
 576 0870 0BB3EC9F 		.word	-1611877621
 577 0874 3117E59E 		.word	-1629153487
 578 0878 DA07F6FB 		.word	-67762214
 579 087c 41FD3805 		.word	87620929
 580 0880 41235BEE 		.word	-296017087
 581 0884 0AFDB43D 		.word	1035271434
 582 0888 2FF5E0BB 		.word	-1142885073
 583 088c 6D81E332 		.word	853770605
 584 0890 2ABB3A1D 		.word	490388266
 585 0894 665BF8C9 		.word	-906470554
 586 0898 3B401AEC 		.word	-333823941
 587 089c 94BECE1F 		.word	533642900
 588 08a0 CF3DDBDB 		.word	-606388785
 589 08a4 533D332E 		.word	775109971
 590 08a8 D1C12B13 		.word	321634769
 591 08ac 5DC01281 		.word	-2129477539
 592 08b0 E5AFED4C 		.word	1290645477
 593 08b4 0F092538 		.word	941951247
 594 08b8 1E55A29C 		.word	-1667082978
 595 08bc 0BE4DAB9 		.word	-1176837109
 596 08c0 07E72BCF 		.word	-819206393
 597 08c4 3CE6F5BF 		.word	-1074403780
 598 08c8 3AFFDEB9 		.word	-1176568006
 599 08cc D5DA10C4 		.word	-1005528363
 600 08d0 B8F3743F 		.word	1064629176
 601 08d4 22A8BC0B 		.word	196913186
 602 08d8 F03CF025 		.word	636501232
 603 08dc E125DE51 		.word	1373513185
 604 08e0 4A01DBEC 		.word	-321191606
 605 08e4 FCE21AEF 		.word	-283450628
 606 08e8 7F231943 		.word	1125720959
 607 08ec 0FF9EAB2 		.word	-1293223665
 608 08f0 1BF7BF2B 		.word	734000923
 609 08f4 40DDB8D2 		.word	-759636672
 610 08f8 DABE4030 		.word	809549530
 611 08fc 41BE451D 		.word	491109953
 612 0900 D44F0CE7 		.word	-418623532
 613 0904 0E18BBBF 		.word	-1078257650
 614 0908 CEE51EBB 		.word	-1155602994
 615 090c D91518FE 		.word	-31975975
 616 0910 6BD3C318 		.word	415486827
 617 0914 4A1662FE 		.word	-27126198
 618 0918 F81A8F0F 		.word	261036792
 619 091c 7F353351 		.word	1362310527
 620 0920 46080F42 		.word	1108281414
 621 0924 D9ECDAA3 		.word	-1545933607
 622 0928 5D43D2FC 		.word	-53329059
 623 092c C15860BE 		.word	-1100982079
 624 0930 AC34D9BE 		.word	-1093061460
 625 0934 100B1B28 		.word	672860944
 626 0938 E6CA40F8 		.word	-129971482
 627 093c 0128E1F1 		.word	-236902399
 628 0940 FF03D2D0 		.word	-791542785
 629 0944 56E77FF5 		.word	-176167082
 630 0948 B51B09CD 		.word	-855041099
 631 094c AEFC93FE 		.word	-23855954
ARM GAS  /tmp/ccP16T4R.s 			page 12


 632 0950 1910284A 		.word	1244139545
 633 0954 523BA7BB 		.word	-1146668206
 634 0958 42D7F61F 		.word	536270658
 635 095c 661053D2 		.word	-766308250
 636 0960 EDEC05CA 		.word	-905581331
 637 0964 6AB255BF 		.word	-1084902806
 638 0968 A900A6D0 		.word	-794427223
 639 096c 973A3781 		.word	-2127086953
 640 0970 C64B6CDD 		.word	-580105274
 641 0974 E7020335 		.word	889389799
 642 0978 2E15E320 		.word	551753006
 643 097c 015DFFCE 		.word	-822125311
 644 0980 52F3BA04 		.word	79360850
 645 0984 FFBBFB06 		.word	117160959
 646 0988 3942C4AF 		.word	-1346092487
 647 098c A5F5D9D8 		.word	-656804443
 648 0990 55054B2A 		.word	709559637
 649 0994 49FBE8C8 		.word	-924255415
 650 0998 282D3F5A 		.word	1514089768
 651 099c CF595814 		.word	341334479
 652 09a0 DC79B6FE 		.word	-21595684
 653 09a4 32DA8C36 		.word	915200562
 654 09a8 FA9F4512 		.word	306552826
 655 09ac 66191FF5 		.word	-182511258
 656 09b0 DD0FEFF3 		.word	-202436643
 657 09b4 F4310150 		.word	1342255604
 658 09b8 9F20351B 		.word	456466591
 659 09bc 9FBF7FEB 		.word	-343949409
 660 09c0 1D2E2BE3 		.word	-483709411
 661 09c4 29C3DB76 		.word	1994113833
 662 09c8 210C11D7 		.word	-686748639
 663 09cc C2CD58B1 		.word	-1319580222
 664 09d0 313C03F9 		.word	-117228495
 665 09d4 C110CD15 		.word	365760705
 666 09d8 3905F7F5 		.word	-168360647
 667 09dc D0C0115E 		.word	1578221776
 668 09e0 DABC5A02 		.word	39501018
 669 09e4 DC7F014E 		.word	1308721116
 670 09e8 0018E9EC 		.word	-320268288
 671 09ec 1AC1E1C2 		.word	-1025392358
 672 09f0 DBA86201 		.word	23242971
 673 09f4 B6B54625 		.word	625391030
 674 09f8 CEE23544 		.word	1144382158
 675 09fc D56234E5 		.word	-449551659
 676 0a00 D765349A 		.word	-1707842089
 677 0a04 A4D7AB25 		.word	632018852
 678 0a08 CF56A814 		.word	346576591
 679 0a0c 3959E4CC 		.word	-857450183
 680 0a10 92D36B4B 		.word	1265357714
 681 0a14 D37F5B72 		.word	1918599123
 682 0a18 210B30D6 		.word	-701494495
 683 0a1c C04B25C7 		.word	-953857088
 684 0a20 1F229A81 		.word	-2120605153
 685 0a24 2F7EDFC5 		.word	-975208913
 686 0a28 963D13CD 		.word	-854377066
 687 0a2c 0424C8C4 		.word	-993516540
 688 0a30 9077D65C 		.word	1557559184
ARM GAS  /tmp/ccP16T4R.s 			page 13


 689 0a34 F92253E5 		.word	-447536391
 690 0a38 F942D162 		.word	1657881337
 691 0a3c B0EE07AC 		.word	-1408766288
 692 0a40 214CD8D0 		.word	-791131103
 693 0a44 F881473E 		.word	1044873720
 694 0a48 3C49AFD8 		.word	-659601092
 695 0a4c 6717B46C 		.word	1823741799
 696 0a50 BABBDFD3 		.word	-740312134
 697 0a54 A6C61FFF 		.word	-14694746
 698 0a58 1FE335E5 		.word	-449453281
 699 0a5c DFD0F31E 		.word	519295199
 700 0a60 034F4D1D 		.word	491605763
 701 0a64 A2BEDABF 		.word	-1076183390
 702 0a68 1F9A19B7 		.word	-1223058913
 703 0a6c 51B63746 		.word	1178056273
 704 0a70 E83D4C1A 		.word	441204200
 705 0a74 06C5F4D5 		.word	-705379066
 706 0a78 90CECF29 		.word	701484688
 707 0a7c 08EBD67F 		.word	2144791304
 708 0a80 FAFCB081 		.word	-2119107334
 709 0a84 434321B5 		.word	-1256111293
 710 0a88 3839FC02 		.word	50084152
 711 0a8c CBCDD6F2 		.word	-220803637
 712 0a90 F738C5D2 		.word	-758826761
 713 0a94 C93B0352 		.word	1375943625
 714 0a98 9F2230D9 		.word	-651156833
 715 0a9c B15BA66F 		.word	1873173425
 716 0aa0 C2C789AC 		.word	-1400256574
 717 0aa4 24D4F017 		.word	401658916
 718 0aa8 DA2EB3E4 		.word	-458019110
 719 0aac 2005F197 		.word	-1745812192
 720 0ab0 5003D6F2 		.word	-220855472
 721 0ab4 25FC9822 		.word	580451365
 722 0ab8 E6ADB1B3 		.word	-1280201242
 723 0abc 7F040DBF 		.word	-1089665921
 724 0ac0 5ABF4BA8 		.word	-1471430822
 725 0ac4 070A5D3C 		.word	1012730375
 726 0ac8 E33BA20C 		.word	211958755
 727 0acc 234C1C3E 		.word	1042041891
 728 0ad0 3ED34A23 		.word	592106302
 729 0ad4 F628C91F 		.word	533276918
 730 0ad8 312BD8D1 		.word	-774362319
 731 0adc EDFFADD7 		.word	-676462611
 732 0ae0 342BD728 		.word	685189940
 733 0ae4 88F6FD97 		.word	-1744963960
 734 0ae8 E9CB3351 		.word	1362349033
 735 0aec B701D7CC 		.word	-858324553
 736 0af0 4929B3F6 		.word	-156030647
 737 0af4 C9C048D6 		.word	-699875127
 738 0af8 03E4BA8E 		.word	-1900354557
 739 0afc 13810FFB 		.word	-82869997
 740 0b00 4B5DC404 		.word	79977803
 741 0b04 C54015D8 		.word	-669695803
 742 0b08 FFFECFE8 		.word	-389021953
 743 0b0c 2D02CFF9 		.word	-103874003
 744 0b10 14DA0A6D 		.word	1829427732
 745 0b14 102FC37B 		.word	2076389136
ARM GAS  /tmp/ccP16T4R.s 			page 14


 746 0b18 F42342FD 		.word	-45997068
 747 0b1c 13EAB982 		.word	-2101745133
 748 0b20 41CE379D 		.word	-1657287103
 749 0b24 F3FDC4C5 		.word	-976945677
 750 0b28 FC760D4E 		.word	1309505276
 751 0b2c 25E0E007 		.word	132177957
 752 0b30 84D2957F 		.word	2140525188
 753 0b34 A7F5CB49 		.word	1238103463
 754 0b38 645BDB46 		.word	1188780900
 755 0b3c DB303311 		.word	288567515
 756 0b40 2B6C42C1 		.word	-1052611541
 757 0b44 11026FD6 		.word	-697368047
 758 0b48 32C2454E 		.word	1313194546
 759 0b4c 1F99F402 		.word	49584415
 760 0b50 07295926 		.word	643377415
 761 0b54 7FD61486 		.word	-2045454721
 762 0b58 B813E6BE 		.word	-1092217928
 763 0b5c 3623D0FF 		.word	-3136714
 764 0b60 0305054E 		.word	1308951811
 765 0b64 BC3A031E 		.word	503528124
 766 0b68 3DD06511 		.word	291885117
 767 0b6c FCABA5DF 		.word	-542790660
 768 0b70 4EF5FFFF 		.word	-2738
 769 0b74 EBE9FFFF 		.word	-5653
 770 0b78 992C0000 		.word	11417
 771 0b7c 78BAFFFF 		.word	-17800
 772 0b80 0B4A0000 		.word	18955
 773 0b84 120A0000 		.word	2578
 774 0b88 5BF8FFFF 		.word	-1957
 775 0b8c 332D0000 		.word	11571
 776 0b90 79E7FFFF 		.word	-6279
 777 0b94 DE4D0000 		.word	19934
 778 0b98 43ACFFFF 		.word	-21437
 779 0b9c B42B0000 		.word	11188
 780 0ba0 2ACEFFFF 		.word	-12758
 781 0ba4 F1F1FFFF 		.word	-3599
 782 0ba8 3582FFFF 		.word	-32203
 783 0bac B13A0000 		.word	15025
 784 0bb0 0DA1FFFF 		.word	-24307
 785 0bb4 0FB6FFFF 		.word	-18929
 786 0bb8 BDB8FFFF 		.word	-18243
 787 0bbc D9B0FFFF 		.word	-20263
 788 0bc0 5C2E0000 		.word	11868
 789 0bc4 F9710000 		.word	29177
 790 0bc8 73EFFFFF 		.word	-4237
 791 0bcc BD290000 		.word	10685
 792 0bd0 7C050000 		.word	1404
 793 0bd4 7E840000 		.word	33918
 794 0bd8 40430000 		.word	17216
 795 0bdc 12DAFFFF 		.word	-9710
 796 0be0 302E0000 		.word	11824
 797 0be4 31210000 		.word	8497
 798 0be8 B3870000 		.word	34739
 799 0bec 8DEFFFFF 		.word	-4211
 800 0bf0 D4F7FFFF 		.word	-2092
 801 0bf4 3A360000 		.word	13882
 802 0bf8 E0DBFFFF 		.word	-9248
ARM GAS  /tmp/ccP16T4R.s 			page 15


 803 0bfc D1D5FFFF 		.word	-10799
 804 0c00 5EF8FFFF 		.word	-1954
 805 0c04 E9290000 		.word	10729
 806 0c08 559BFFFF 		.word	-25771
 807 0c0c D6EFFFFF 		.word	-4138
 808 0c10 4ED7FFFF 		.word	-10418
 809 0c14 C4FEFFFF 		.word	-316
 810 0c18 291E0000 		.word	7721
 811 0c1c 424C0000 		.word	19522
 812 0c20 B1FAFFFF 		.word	-1359
 813 0c24 F53A0000 		.word	15093
 814 0c28 90F1FFFF 		.word	-3696
 815 0c2c 0AD3FFFF 		.word	-11510
 816 0c30 DEC32CF0 		.word	-265501730
 817 0c34 C8B95C8A 		.word	-1973634616
 818 0c38 1B5CC981 		.word	-2117510117
 819 0c3c B7552EF3 		.word	-215067209
 820 0c40 FFE7D51A 		.word	450226175
 821 0c44 46F6C12E 		.word	784463430
 822 0c48 EAD950AE 		.word	-1370433046
 823 0c4c 333969E7 		.word	-412534477
 824 0c50 BED31D09 		.word	152949694
 825 0c54 E03ED4E4 		.word	-455852320
 826 0c58 2427C0EF 		.word	-272619740
 827 0c5c 3BC81038 		.word	940623931
 828 0c60 C928E10A 		.word	182528201
 829 0c64 A5B72104 		.word	69318565
 830 0c68 D19D352B 		.word	724934097
 831 0c6c 00467F2F 		.word	796870144
 832 0c70 CCA97B1F 		.word	528198092
 833 0c74 992B15EF 		.word	-283825255
 834 0c78 A35D6CBD 		.word	-1116971613
 835 0c7c 1F11B9BF 		.word	-1078390497
 836 0c80 4C3F41E1 		.word	-515817652
 837 0c84 F5061A2E 		.word	773457653
 838 0c88 DF063731 		.word	825689823
 839 0c8c 3CD6D300 		.word	13882940
 840 0c90 2FBA4597 		.word	-1757038033
 841 0c94 33F4F212 		.word	317912115
 842 0c98 5163E9C4 		.word	-991337647
 843 0c9c 1C477AEB 		.word	-344307940
 844 0ca0 3A56E44B 		.word	1273255482
 845 0ca4 FAB2357F 		.word	2134225658
 846 0ca8 27F5B73A 		.word	985134375
 847 0cac E14D0045 		.word	1157647841
 848 0cb0 4BAB0EFA 		.word	-99701941
 849 0cb4 45010D7C 		.word	2081227077
 850 0cb8 AB2FAEC5 		.word	-978440277
 851 0cbc EA294015 		.word	356526570
 852 0cc0 D063D10B 		.word	198271952
 853 0cc4 C73904CE 		.word	-838583865
 854 0cc8 DB731943 		.word	1125741531
 855 0ccc 4ECF09A5 		.word	-1526083762
 856 0cd0 D2BEC823 		.word	600358610
 857 0cd4 5E1DDD05 		.word	98377054
 858 0cd8 E127AAD8 		.word	-659937311
 859 0cdc F0452B0F 		.word	254494192
ARM GAS  /tmp/ccP16T4R.s 			page 16


 860 0ce0 E2293EC3 		.word	-1019336222
 861 0ce4 081BC37F 		.word	2143492872
 862 0ce8 EC4FC6D0 		.word	-792309780
 863 0cec BC00CC42 		.word	1120665788
 864 0cf0 FDB7C0E6 		.word	-423577603
 865 0cf4 2076D744 		.word	1154971168
 866 0cf8 E75EE0C6 		.word	-958374169
 867 0cfc 5833FE55 		.word	1442722648
 868 0d00 C0EDC541 		.word	1103490496
 869 0d04 ECDB2542 		.word	1109777388
 870 0d08 FCC02EBF 		.word	-1087454980
 871 0d0c 6FCCDE0C 		.word	215927919
 872 0d10 1697A809 		.word	162043670
 873 0d14 E0172C23 		.word	590092256
 874 0d18 37FDD6C6 		.word	-958989001
 875 0d1c C30B7F3B 		.word	998181827
 876 0d20 DB282C3F 		.word	1059858651
 877 0d24 2D0B6E02 		.word	40766253
 878 0d28 C62F16F7 		.word	-149540922
 879 0d2c 571050CB 		.word	-883945385
 880 0d30 C017E3B8 		.word	-1193076800
 881 0d34 54A5382B 		.word	725132628
 882 0d38 27EE45C7 		.word	-951718361
 883 0d3c FD09DD52 		.word	1390217725
 884 0d40 0341DA41 		.word	1104822531
 885 0d44 DD4E5CC8 		.word	-933474595
 886 0d48 1B44A4DE 		.word	-559660005
 887 0d4c 1A427FAF 		.word	-1350614502
 888 0d50 BC32E3AE 		.word	-1360842052
 889 0d54 3D876645 		.word	1164347197
 890 0d58 FA47441F 		.word	524568570
 891 0d5c 48010332 		.word	839057736
 892 0d60 608119D5 		.word	-719748768
 893 0d64 F3F8E419 		.word	434436339
 894 0d68 12BC62EE 		.word	-295519214
 895 0d6c F06026A4 		.word	-1540988688
 896 0d70 D336FF43 		.word	1140799187
 897 0d74 D1693D85 		.word	-2059572783
 898 0d78 14AB0BC2 		.word	-1039422700
 899 0d7c 18CA3DE1 		.word	-516044264
 900 0d80 2FE93CDB 		.word	-616765137
 901 0d84 D4640AC4 		.word	-1005951788
 902 0d88 2125D5D7 		.word	-673897183
 903 0d8c CEFF0D2D 		.word	755892174
 904 0d90 33B6B8E2 		.word	-491211213
 905 0d94 CD36049B 		.word	-1694222643
 906 0d98 E7F4B9E8 		.word	-390466329
 907 0d9c 680D4817 		.word	390597992
 908 0da0 09AAF9CA 		.word	-889607671
 909 0da4 58C2FBED 		.word	-302267816
 910 0da8 C9417F10 		.word	276775369
 911 0dac 173CBF20 		.word	549403671
 912 0db0 D2514633 		.word	860246482
 913 0db4 08BBCE1D 		.word	500087560
 914 0db8 092B25E2 		.word	-500880631
 915 0dbc 8B2E6264 		.word	1684156043
 916 0dc0 660ACD51 		.word	1372392038
ARM GAS  /tmp/ccP16T4R.s 			page 17


 917 0dc4 2CE1B27F 		.word	2142429484
 918 0dc8 C5D6FA01 		.word	33216197
 919 0dcc A636FBC9 		.word	-906283354
 920 0dd0 3CF71106 		.word	101840700
 921 0dd4 3FDEE44E 		.word	1323621951
 922 0dd8 E6572FF3 		.word	-215001114
 923 0ddc 2E4508DE 		.word	-569883346
 924 0de0 00C75A01 		.word	22726400
 925 0de4 74D82C97 		.word	-1758668684
 926 0de8 F13281D6 		.word	-696175887
 927 0dec FAC0473E 		.word	1044889850
 928 0df0 E1F83718 		.word	406321377
 929 0df4 289FE54A 		.word	1256562472
 930 0df8 F5222B3D 		.word	1026237173
 931 0dfc 0BDB13EA 		.word	-367797493
 932 0e00 C4CC12D7 		.word	-686633788
 933 0e04 E92D4556 		.word	1447374313
 934 0e08 4FAEEFD1 		.word	-772821425
 935 0e0c BAD65C34 		.word	878499514
 936 0e10 30F1C8C5 		.word	-976686800
 937 0e14 C43901CA 		.word	-905889340
 938 0e18 46443022 		.word	573588550
 939 0e1c 32D18714 		.word	344445234
 940 0e20 2628607D 		.word	2103453734
 941 0e24 4BCB7FD5 		.word	-713045173
 942 0e28 D1B3353C 		.word	1010152401
 943 0e2c F526E808 		.word	149432053
 944 0e30 48DD99ED 		.word	-308683448
 945 0e34 FB52D0CC 		.word	-858762501
 946 0e38 1DFF071C 		.word	470286109
 947 0e3c E303D544 		.word	1154810851
 948 0e40 64450FA9 		.word	-1458616988
 949 0e44 572E3E81 		.word	-2126631337
 950 0e48 1649FDED 		.word	-302167786
 951 0e4c D55E0EE7 		.word	-418488619
 952 0e50 02C920DE 		.word	-568276734
 953 0e54 26C7EFB3 		.word	-1276131546
 954 0e58 6E720814 		.word	336097902
 955 0e5c 30E352FB 		.word	-78453968
 956 0e60 D7CF8CBF 		.word	-1081290793
 957 0e64 CCD80F50 		.word	1343215820
 958 0e68 18593229 		.word	691165464
 959 0e6c B39C68BB 		.word	-1150772045
 960 0e70 D94B37C0 		.word	-1070117927
 961 0e74 AC4CE6F8 		.word	-119124820
 962 0e78 5BF0F377 		.word	2012475483
 963 0e7c 2B35863F 		.word	1065760043
 964 0e80 FEB70B1E 		.word	504084478
 965 0e84 3829CD09 		.word	164440376
 966 0e88 52251545 		.word	1159013714
 967 0e8c F1706BC2 		.word	-1033146127
 968 0e90 0614811F 		.word	528552966
 969 0e94 C9F3EE15 		.word	367981513
 970 0e98 FFDEB2AA 		.word	-1431118081
 971 0e9c D2274B06 		.word	105588690
 972 0ea0 F6D3A715 		.word	363320310
 973 0ea4 E6E7C9FC 		.word	-53876762
ARM GAS  /tmp/ccP16T4R.s 			page 18


 974 0ea8 1132D11F 		.word	533803537
 975 0eac B51F34DC 		.word	-600563787
 976 0eb0 640FB8FD 		.word	-38269084
 977 0eb4 D11503D2 		.word	-771549743
 978 0eb8 BAC7E42B 		.word	736413626
 979 0ebc 8116B82A 		.word	716707457
 980 0ec0 DFD5D720 		.word	551015903
 981 0ec4 FD6012FE 		.word	-32349955
 982 0ec8 F421D647 		.word	1205215732
 983 0ecc C3B727E5 		.word	-450381885
 984 0ed0 E3382405 		.word	86259939
 985 0ed4 0CB23B37 		.word	926659084
 986 0ed8 CBC552D0 		.word	-799881781
 987 0edc CC81D0E5 		.word	-439320116
 988 0ee0 170F172D 		.word	756485911
 989 0ee4 C7E626D0 		.word	-802756921
 990 0ee8 E0B3F8C4 		.word	-990333984
 991 0eec 22F714AE 		.word	-1374357726
 992 0ef0 DFD70A31 		.word	822794207
 993 0ef4 CFF805A7 		.word	-1492780849
 994 0ef8 980A68FA 		.word	-93844840
 995 0efc E614D33D 		.word	1037243622
 996 0f00 D3B14FC0 		.word	-1068518957
 997 0f04 1ABC5FD0 		.word	-799032294
 998 0f08 1C2EF1C6 		.word	-957272548
 999 0f0c 25166EBB 		.word	-1150413275
 1000 0f10 31EF9660 		.word	1620504369
 1001 0f14 5CFC014E 		.word	1308752988
 1002 0f18 1E4AC4A9 		.word	-1446753762
 1003 0f1c 102E3EEC 		.word	-331469296
 1004 0f20 E6D07832 		.word	846778598
 1005 0f24 BAF42167 		.word	1730278586
 1006 0f28 39FECED5 		.word	-707854791
 1007 0f2c D981CDF2 		.word	-221412903
 1008 0f30 57CDC40F 		.word	264555863
 1009 0f34 8155426E 		.word	1849841025
 1010 0f38 CCFE5C32 		.word	844955340
 1011 0f3c 0FAAF42F 		.word	804563471
 1012 0f40 F2D90A37 		.word	923458034
 1013 0f44 4EFF4515 		.word	356908878
 1014 0f48 C6A8A420 		.word	547662022
 1015 0f4c A15325DA 		.word	-635087967
 1016 0f50 F2F234BB 		.word	-1154157838
 1017 0f54 3B2068BB 		.word	-1150803909
 1018 0f58 5C7A122A 		.word	705854044
 1019 0f5c A7C0D6F3 		.word	-204029785
 1020 0f60 4DE9B4F0 		.word	-256579251
 1021 0f64 458F3E31 		.word	826183493
 1022 0f68 A2D9147F 		.word	2132072866
 1023 0f6c B2FF4239 		.word	960692146
 1024 0f70 5AB14A9B 		.word	-1689603750
 1025 0f74 224AF31C 		.word	485706274
 1026 0f78 0D58430D 		.word	222517261
 1027 0f7c FCE42D83 		.word	-2094144260
 1028 0f80 C2093338 		.word	942868930
 1029 0f84 47482B31 		.word	824920135
 1030 0f88 ADCF3A7C 		.word	2084229037
ARM GAS  /tmp/ccP16T4R.s 			page 19


 1031 0f8c 91B698F6 		.word	-157763951
 1032 0f90 C4BA63E9 		.word	-379340092
 1033 0f94 4A54FB3A 		.word	989549642
 1034 0f98 E757E30E 		.word	249780199
 1035 0f9c BD9EA0B0 		.word	-1331650883
 1036 0fa0 BD5438E8 		.word	-398961475
 1037 0fa4 D38116A9 		.word	-1458142765
 1038 0fa8 61EDDDF7 		.word	-136450719
 1039 0fac 5AD2321F 		.word	523424346
 1040 0fb0 CE14F508 		.word	150279374
 1041 0fb4 FFD1CA30 		.word	818598399
 1042 0fb8 27114417 		.word	390336807
 1043 0fbc AF20CE1A 		.word	449716399
 1044 0fc0 F064F518 		.word	418735344
 1045 0fc4 D30548A5 		.word	-1522006573
 1046 0fc8 4B30B6F2 		.word	-222941109
 1047 0fcc 5924A157 		.word	1470178393
 1048 0fd0 49EEBB02 		.word	45870665
 1049 0fd4 6B94232C 		.word	740529259
 1050 0fd8 65493944 		.word	1144605029
 1051 0fdc 1924FC86 		.word	-2030296039
 1052 0fe0 D1BDE2C4 		.word	-991773231
 1053 0fe4 EAF21956 		.word	1444541162
 1054 0fe8 0FDBC64E 		.word	1321655055
 1055 0fec DB577081 		.word	-2123343909
 1056 0ff0 E34763A1 		.word	-1587329053
 1057 0ff4 D5AB957F 		.word	2140515285
 1058 0ff8 0F540BF4 		.word	-200584177
 1059 0ffc 342113A5 		.word	-1525472972
 1060 1000 3F3DC7BB 		.word	-1144570561
 1061 1004 E1C5C8E0 		.word	-523713055
 1062 1008 18C199FA 		.word	-90586856
 1063 100c 954A5509 		.word	156584597
 1064 1010 6EF43C12 		.word	305984622
 1065 1014 F3969201 		.word	26384115
 1066 1018 EF032421 		.word	556008431
 1067 101c DD6B09D5 		.word	-720802851
 1068 1020 B66EE923 		.word	602500790
 1069 1024 ED281235 		.word	890382573
 1070 1028 DA4EB40A 		.word	179588826
 1071 102c 2C002700 		.word	2555948
 1072 1030 36044AA0 		.word	-1605761994
 1073 1034 B545132D 		.word	756237749
 1074 1038 263ADEBA 		.word	-1159841242
 1075 103c B8CA314F 		.word	1328663224
 1076 1040 812307D2 		.word	-771284095
 1077 1044 CF4BECD5 		.word	-705934385
 1078 1048 FC04E74E 		.word	1323762940
 1079 104c F0872AF8 		.word	-131430416
 1080 1050 2312E00D 		.word	232788515
 1081 1054 E9F1032F 		.word	788787689
 1082 1058 C575F63D 		.word	1039562181
 1083 105c 07BCFA2C 		.word	754629639
 1084 1060 CFA442CC 		.word	-868047665
 1085 1064 C4EF6AA9 		.word	-1452609596
 1086 1068 1C1D0E54 		.word	1410211100
 1087 106c 4E50A250 		.word	1352814670
ARM GAS  /tmp/ccP16T4R.s 			page 20


 1088 1070 0235072C 		.word	738669826
 1089 1074 5DCCE6BD 		.word	-1108947875
 1090 1078 48D250EB 		.word	-347024824
 1091 107c 4717C87F 		.word	2143819591
 1092 1080 BD0AE5BF 		.word	-1075508547
 1093 1084 CA613BC2 		.word	-1036295734
 1094 1088 FFCA7B34 		.word	880528127
 1095 108c F6392248 		.word	1210202614
 1096 1090 40F7E881 		.word	-2115438784
 1097 1094 04630C18 		.word	403464964
 1098 1098 00D0D44D 		.word	1305792512
 1099 109c DB5AE328 		.word	685988571
 1100 10a0 9713A5DF 		.word	-542829673
 1101 10a4 2A57201B 		.word	455104298
 1102 10a8 08FAB949 		.word	1236924936
 1103 10ac 069FF53E 		.word	1056284422
 1104 10b0 075DA635 		.word	900095239
 1105 10b4 FF6E16D3 		.word	-753504513
 1106 10b8 F1EC0121 		.word	553774321
 1107 10bc 151260C2 		.word	-1033891307
 1108 10c0 505617BD 		.word	-1122544048
 1109 10c4 D6EC2DF9 		.word	-114430762
 1110 10c8 B7DD1D27 		.word	656268727
 1111 10cc CE7FB0DC 		.word	-592412722
 1112 10d0 63DF18C8 		.word	-937894045
 1113 10d4 5857580B 		.word	190338904
 1114 10d8 F96B1928 		.word	672754681
 1115 10dc 32EAF2ED 		.word	-302847438
 1116 10e0 ECC20AFB 		.word	-83180820
 1117 10e4 3593F2D3 		.word	-739077323
 1118 10e8 FBCB2C1A 		.word	439143419
 1119 10ec 43212325 		.word	623059267
 1120 10f0 5C562DE4 		.word	-466790820
 1121 10f4 DC3AF3B6 		.word	-1225573668
 1122 10f8 DCC6D74F 		.word	1339541212
 1123 10fc EE299B60 		.word	1620781550
 1124 1100 D1B47F35 		.word	897561809
 1125 1104 DCEEB652 		.word	1387720412
 1126 1108 9E123EEB 		.word	-348253538
 1127 110c B13AB22D 		.word	766655153
 1128 1110 22E7E8CC 		.word	-857151710
 1129 1114 F3F81981 		.word	-2129004301
 1130 1118 F7022696 		.word	-1775893769
 1131 111c 4CFF370F 		.word	255328076
 1132 1120 DAB956D7 		.word	-682182182
 1133 1124 C3DFCAE8 		.word	-389357629
 1134 1128 24E9CFB1 		.word	-1311774428
 1135 112c 54351BD6 		.word	-702859948
 1136 1130 D8311CC2 		.word	-1038339624
 1137 1134 D41DB205 		.word	95559124
 1138 1138 309AC304 		.word	79927856
 1139 113c D9244A05 		.word	88745177
 1140 1140 A4E8D3CE 		.word	-824973148
 1141 1144 32EFF1E0 		.word	-521015502
 1142 1148 0BF20539 		.word	956690955
 1143 114c 3A1DD2ED 		.word	-304997062
 1144 1150 FBFAED52 		.word	1391327995
ARM GAS  /tmp/ccP16T4R.s 			page 21


 1145 1154 E3460DF6 		.word	-166902045
 1146 1158 C9B5CD2B 		.word	734901705
 1147 115c 4CD3330E 		.word	238277452
 1148 1160 3A290D63 		.word	1661806906
 1149 1164 2B48F01B 		.word	468731947
 1150 1168 C02603C3 		.word	-1023203648
 1151 116c 1D7F0615 		.word	352747293
 1152 1170 D819D417 		.word	399776216
 1153 1174 47C7104B 		.word	1259390791
 1154 1178 4312CDE3 		.word	-473099709
 1155 117c 1B204001 		.word	20979739
 1156 1180 54DA3EE6 		.word	-432088492
 1157 1184 6216EDE5 		.word	-437447070
 1158 1188 D0D5350D 		.word	221631952
 1159 118c FA1881E7 		.word	-410969862
 1160 1190 B7EA01CB 		.word	-889066825
 1161 1194 0246F324 		.word	619922946
 1162 1198 D61D921B 		.word	462560726
 1163 119c AA9C0821 		.word	554212522
 1164 11a0 18CECAE3 		.word	-473248232
 1165 11a4 A4FE4393 		.word	-1824260444
 1166 11a8 E4D50293 		.word	-1828530716
 1167 11ac 2530E9E1 		.word	-504811483
 1168 11b0 13CF7F3E 		.word	1048563475
 1169 11b4 9AEB4D3D 		.word	1028516762
 1170 11b8 5E17DD25 		.word	635246430
 1171 11bc F4FC38DC 		.word	-600245004
 1172 11c0 0D3D3AFB 		.word	-80069363
 1173 11c4 6EA7FD1C 		.word	486385518
 1174 11c8 C9DAC61A 		.word	449239753
 1175 11cc DADDDF19 		.word	434101722
 1176 11d0 2BC1B142 		.word	1118945579
 1177 11d4 B42DEFBE 		.word	-1091621452
 1178 11d8 0BCC3CAF 		.word	-1354970101
 1179 11dc 97F493B1 		.word	-1315703657
 1180 11e0 F22F07DF 		.word	-553177102
 1181 11e4 9474590F 		.word	257520788
 1182 11e8 1AA82495 		.word	-1792759782
 1183 11ec 64F5B342 		.word	1119090020
 1184 11f0 B5BDD342 		.word	1121172917
 1185 11f4 62C94681 		.word	-2126067358
 1186 11f8 9B935B9A 		.word	-1705274469
 1187 11fc 307028E2 		.word	-500666320
 1188 1200 B018C608 		.word	147200176
 1189 1204 33A9F816 		.word	385394995
 1190 1208 B41E4BD8 		.word	-666165580
 1191 120c BD2FAF10 		.word	279916477
 1192 1210 DA3F365B 		.word	1530281946
 1193 1214 BE2B5514 		.word	341126078
 1194 1218 02B9DF39 		.word	970963202
 1195 121c CEE522C7 		.word	-954014258
 1196 1220 E0132B0D 		.word	220926944
 1197 1224 204AC9FD 		.word	-37139936
 1198 1228 A6271FBD 		.word	-1122031706
 1199 122c DC7F0E44 		.word	1141800924
 1200 1230 BFD53248 		.word	1211291071
 1201 1234 EC29F31D 		.word	502475244
ARM GAS  /tmp/ccP16T4R.s 			page 22


 1202 1238 31DFF750 		.word	1358421809
 1203 123c F0202F3B 		.word	992944368
 1204 1240 2A011E09 		.word	152961322
 1205 1244 C93E26D4 		.word	-735691063
 1206 1248 E410EC1A 		.word	451678436
 1207 124c E6F5E2D6 		.word	-689768986
 1208 1250 1D143728 		.word	674698269
 1209 1254 E6DBDBDA 		.word	-623125530
 1210 1258 81292AFE 		.word	-30791295
 1211 125c 103233E3 		.word	-483184112
 1212 1260 F221588E 		.word	-1906826766
 1213 1264 D5EC3FF1 		.word	-247468843
 1214 1268 F1B2628D 		.word	-1922911503
 1215 126c 24B6AA8F 		.word	-1884637660
 1216 1270 F370EB2C 		.word	753627379
 1217 1274 39F9B943 		.word	1136261433
 1218 1278 28A0077F 		.word	2131206184
 1219 127c 242B461C 		.word	474360612
 1220 1280 2340B620 		.word	548814883
 1221 1284 50BDC2DE 		.word	-557662896
 1222 1288 50C4843A 		.word	981779536
 1223 128c F5EA4DB7 		.word	-1219630347
 1224 1290 1A030929 		.word	688456474
 1225 1294 F3401AFD 		.word	-48611085
 1226 1298 D1F034BE 		.word	-1103826735
 1227 129c FF2C3C16 		.word	373042431
 1228 12a0 7BD2097F 		.word	2131350139
 1229 12a4 0B350DC3 		.word	-1022544629
 1230 12a8 341F3F02 		.word	37691188
 1231 12ac C5EE9AF6 		.word	-157618491
 1232 12b0 393B410F 		.word	255933241
 1233 12b4 DD22570F 		.word	257368797
 1234 12b8 0A2835F5 		.word	-181065718
 1235 12bc AFE44222 		.word	574809263
 1236 12c0 A5E0FCEB 		.word	-335748955
 1237 12c4 45594A45 		.word	1162500421
 1238 12c8 81B3FBF5 		.word	-168053887
 1239 12cc 9505E1AF 		.word	-1344207467
 1240 12d0 75393D34 		.word	876427637
 1241 12d4 2FF09DD8 		.word	-660738001
 1242 12d8 14741420 		.word	538211348
 1243 12dc 485E37B5 		.word	-1254662584
 1244 12e0 62F60B36 		.word	906753634
 1245 12e4 140F20D1 		.word	-786428140
 1246 12e8 F040A32F 		.word	799228144
 1247 12ec 7534D055 		.word	1439708277
 1248 12f0 1E0646A6 		.word	-1505360354
 1249 12f4 645EF4F3 		.word	-202088860
 1250 12f8 D1855710 		.word	274171345
 1251 12fc 46C5C0F8 		.word	-121584314
 1252 1300 4AE444B0 		.word	-1337662390
 1253 1304 0D39B617 		.word	397818125
 1254 1308 97E94D4F 		.word	1330506135
 1255 130c D8F518F8 		.word	-132581928
 1256 1310 5742096E 		.word	1846100567
 1257 1314 2E776AB1 		.word	-1318422738
 1258 1318 0AFC7F22 		.word	578812938
ARM GAS  /tmp/ccP16T4R.s 			page 23


 1259 131c EB7FC5D4 		.word	-725254165
 1260 1320 9F363CF4 		.word	-197380449
 1261 1324 F71955D1 		.word	-782951945
 1262 1328 F3A1037F 		.word	2130944499
 1263 132c 639CD49D 		.word	-1647010717
 1264 1330 4BFEE03F 		.word	1071709771
 1265 1334 D9ADD840 		.word	1087942105
 1266 1338 0B9D370C 		.word	204971275
 1267 133c 559934C6 		.word	-969631403
 1268 1340 2002EB62 		.word	1659568672
 1269 1344 577DDBB8 		.word	-1193575081
 1270 1348 A53556A2 		.word	-1571408475
 1271 134c 64C79305 		.word	93570916
 1272 1350 6DCA65C6 		.word	-966407571
 1273 1354 501BFCD7 		.word	-671343792
 1274 1358 87D2039C 		.word	-1677471097
 1275 135c CCE91C68 		.word	1746725324
 1276 1360 02A11CE7 		.word	-417554174
 1277 1364 2FE04C58 		.word	1481433135
 1278 1368 1E2E461C 		.word	474361374
 1279 136c F2570581 		.word	-2130356238
 1280 1370 B11CD7DA 		.word	-623436623
 1281 1374 481301F2 		.word	-234810552
 1282 1378 39303903 		.word	54079545
 1283 137c 35CEED09 		.word	166579765
 1284 1380 CD230B10 		.word	269165517
 1285 1384 E4EFDB3C 		.word	1021046756
 1286 1388 E60328F0 		.word	-265813018
 1287 138c 7F49FA55 		.word	1442466175
 1288 1390 25ACCAFB 		.word	-70603739
 1289 1394 2F1DA035 		.word	899685679
 1290 1398 7336092E 		.word	772355699
 1291 139c 8D911648 		.word	1209438605
 1292 13a0 12C1EDAC 		.word	-1393704686
 1293 13a4 C7D64328 		.word	675534535
 1294 13a8 22DFF72A 		.word	720887586
 1295 13ac 20F0DFE6 		.word	-421531616
 1296 13b0 D6D53740 		.word	1077401046
 1297 13b4 15231910 		.word	270082837
 1298 13b8 8126790E 		.word	242820737
 1299 13bc DED12C27 		.word	657248734
 1300 13c0 D75BEF58 		.word	1492081623
 1301 13c4 19E4CD4D 		.word	1305338905
 1302 13c8 2227BFF7 		.word	-138467550
 1303 13cc 5BEFECB3 		.word	-1276317861
 1304 13d0 0ADBC2B4 		.word	-1262298358
 1305 13d4 2B7FA27F 		.word	2141355819
 1306 13d8 26F7F030 		.word	821098278
 1307 13dc 19A12253 		.word	1394778393
 1308 13e0 BC01E0FD 		.word	-35651140
 1309 13e4 D84B5CDE 		.word	-564376616
 1310 13e8 44F914DA 		.word	-636159676
 1311 13ec 2F2A3AFD 		.word	-46519761
 1312 13f0 2A09061C 		.word	470157610
 1313 13f4 7F31FB2B 		.word	737882495
 1314 13f8 E80C3E23 		.word	591269096
 1315 13fc 0DF916E0 		.word	-535365363
ARM GAS  /tmp/ccP16T4R.s 			page 24


 1316 1400 F72252F9 		.word	-112057609
 1317 1404 3A45D74B 		.word	1272399162
 1318 1408 79053CEF 		.word	-281279111
 1319 140c DE023105 		.word	87098078
 1320 1410 CEA146F4 		.word	-196697650
 1321 1414 C62BC7BF 		.word	-1077466170
 1322 1418 CCF9113F 		.word	1058142668
 1323 141c 1C81ED9A 		.word	-1695710948
 1324 1420 AB11E0AC 		.word	-1394601557
 1325 1424 4EBD64CE 		.word	-832258738
 1326 1428 EB54AC19 		.word	430724331
 1327 142c B7EAB9BD 		.word	-1111889225
 1328 1430 B4BA0E1A 		.word	437172916
 1329 1434 EB362AD4 		.word	-735430933
 1330 1438 333B25AA 		.word	-1440400589
 1331 143c 4D693313 		.word	322136397
 1332 1440 0900C02F 		.word	801112073
 1333 1444 1C39B4D9 		.word	-642500324
 1334 1448 F6D223CD 		.word	-853290250
 1335 144c ECD8357F 		.word	2134235372
 1336 1450 192A4CD4 		.word	-733205991
 1337 1454 3B303AD2 		.word	-767938501
 1338 1458 56B19F0C 		.word	211792214
 1339 145c DA08BBBA 		.word	-1162147622
 1340 1460 DA791FF4 		.word	-199263782
 1341 1464 34F1EBF2 		.word	-219418316
 1342 1468 0B63A440 		.word	1084515083
 1343 146c 630DE4E4 		.word	-454816413
 1344 1470 0D04AE13 		.word	330171405
 1345 1474 1F293506 		.word	104147231
 1346 1478 1BAA0AB0 		.word	-1341478373
 1347 147c 3996DB10 		.word	282826297
 1348 1480 1C6220AA 		.word	-1440718308
 1349 1484 E9330810 		.word	268973033
 1350 1488 32005B58 		.word	1482358834
 1351 148c 7800C2A7 		.word	-1480458120
 1352 1490 FC7F57D3 		.word	-749240324
 1353 1494 1FD15ED3 		.word	-748760801
 1354 1498 AD5A94AB 		.word	-1416340819
 1355 149c 6C33C835 		.word	902312812
 1356 14a0 2B2568EF 		.word	-278387413
 1357 14a4 B3261D17 		.word	387786419
 1358 14a8 41E1A2C0 		.word	-1063067327
 1359 14ac FF2F66E7 		.word	-412733441
 1360 14b0 34182210 		.word	270669876
 1361 14b4 32E1AAD4 		.word	-726998734
 1362 14b8 D14B513E 		.word	1045515217
 1363 14bc 0538FAEA 		.word	-352700411
 1364 14c0 53D6A012 		.word	312530515
 1365 14c4 32E88137 		.word	931260466
 1366 14c8 B6524820 		.word	541610678
 1367 14cc 2D0E13EC 		.word	-334295507
 1368 14d0 24C6C01F 		.word	532727332
 1369 14d4 E52CCF73 		.word	1942957285
 1370 14d8 F6034226 		.word	641860598
 1371 14dc 0D3B37E6 		.word	-432588019
 1372 14e0 7FF8B859 		.word	1505294463
ARM GAS  /tmp/ccP16T4R.s 			page 25


 1373 14e4 E40BF8D5 		.word	-705164316
 1374 14e8 24F106DD 		.word	-586747612
 1375 14ec 24339D0A 		.word	178074404
 1376 14f0 ED530AC9 		.word	-922070035
 1377 14f4 30335DD6 		.word	-698535120
 1378 14f8 D70E3E48 		.word	1212026583
 1379 14fc 12E41F1F 		.word	522183698
 1380 1500 2FD3E595 		.word	-1780100305
 1381 1504 F7417699 		.word	-1720303113
 1382 1508 C6D32519 		.word	421909446
 1383 150c 2632969F 		.word	-1617546714
 1384 1510 C44FFC0F 		.word	268193732
 1385 1514 66E83E4B 		.word	1262413926
 1386 1518 7F28C8F2 		.word	-221763457
 1387 151c 1CF93FD0 		.word	-801113828
 1388 1520 D2281D00 		.word	1910994
 1389 1524 E4E9DC78 		.word	2027743716
 1390 1528 BB2535B3 		.word	-1288362565
 1391 152c EB10D33C 		.word	1020465387
 1392 1530 64FEFFFF 		.word	-412
 1393 1534 0CE0FFFF 		.word	-8180
 1394 1538 19ACFFFF 		.word	-21479
 1395 153c 8EEBFFFF 		.word	-5234
 1396 1540 E8E7FFFF 		.word	-6168
 1397 1544 1DBBFFFF 		.word	-17635
 1398 1548 19E7FFFF 		.word	-6375
 1399 154c BCFBFFFF 		.word	-1092
 1400 1550 68CAFFFF 		.word	-13720
 1401 1554 6BE7FFFF 		.word	-6293
 1402 1558 55E3FFFF 		.word	-7339
 1403 155c 30DFFFFF 		.word	-8400
 1404 1560 E8D1FFFF 		.word	-11800
 1405 1564 132B0000 		.word	11027
 1406 1568 6F2D0000 		.word	11631
 1407 156c DEEBFFFF 		.word	-5154
 1408 1570 A8DEFFFF 		.word	-8536
 1409 1574 68DDFFFF 		.word	-8856
 1410 1578 F4050000 		.word	1524
 1411 157c 2BD4FFFF 		.word	-11221
 1412 1580 6B090000 		.word	2411
 1413 1584 C6F2FFFF 		.word	-3386
 1414 1588 D0CDFFFF 		.word	-12848
 1415 158c EEEAFFFF 		.word	-5394
 1416 1590 2CBBFFFF 		.word	-17620
 1417 1594 EEFCFFFF 		.word	-786
 1418 1598 05240000 		.word	9221
 1419 159c 10DFFFFF 		.word	-8432
 1420 15a0 6EFDFFFF 		.word	-658
 1421 15a4 530E0000 		.word	3667
 1422 15a8 FA420000 		.word	17146
 1423 15ac 93F7FFFF 		.word	-2157
 1424 15b0 BCE8FFFF 		.word	-5956
 1425 15b4 FBFDFFFF 		.word	-517
 1426 15b8 80BAFFFF 		.word	-17792
 1427 15bc A4C4FFFF 		.word	-15196
 1428 15c0 AFC5FFFF 		.word	-14929
 1429 15c4 BAFBFFFF 		.word	-1094
ARM GAS  /tmp/ccP16T4R.s 			page 26


 1430 15c8 99E0FFFF 		.word	-8039
 1431 15cc A8E3FFFF 		.word	-7256
 1432 15d0 9DC5FFFF 		.word	-14947
 1433 15d4 76A6FFFF 		.word	-22922
 1434 15d8 7C300000 		.word	12412
 1435 15dc 3BEAFFFF 		.word	-5573
 1436 15e0 86E1FFFF 		.word	-7802
 1437 15e4 14D5FFFF 		.word	-10988
 1438 15e8 24C0FFFF 		.word	-16348
 1439 15ec 81EFFFFF 		.word	-4223
 1440 15f0 161EE0E7 		.word	-404742634
 1441 15f4 BF241FE3 		.word	-484498241
 1442 15f8 4FD925E0 		.word	-534390449
 1443 15fc A0D2F9CB 		.word	-872820064
 1444 1600 03A49AC1 		.word	-1046830077
 1445 1604 B850B1EF 		.word	-273592136
 1446 1608 3B35EA22 		.word	585774395
 1447 160c 3C11DADF 		.word	-539356868
 1448 1610 E80EFBE5 		.word	-436531480
 1449 1614 DB1E32E7 		.word	-416145701
 1450 1618 F0FEE0DE 		.word	-555680016
 1451 161c 2EF94781 		.word	-2125989586
 1452 1620 2DCE2706 		.word	103271981
 1453 1624 3E7F392C 		.word	741965630
 1454 1628 3D2AED2E 		.word	787294781
 1455 162c B0DF9D34 		.word	882761648
 1456 1630 31F9E8B8 		.word	-1192691407
 1457 1634 98DF2421 		.word	556064664
 1458 1638 683ACC84 		.word	-2066990488
 1459 163c 30AE11BB 		.word	-1156469200
 1460 1640 17B3B6D5 		.word	-709446889
 1461 1644 D4F01732 		.word	840429780
 1462 1648 7E6EDEFB 		.word	-69308802
 1463 164c C8DCFBCB 		.word	-872686392
 1464 1650 39486863 		.word	1667778617
 1465 1654 F9DFBA5B 		.word	1538973689
 1466 1658 D52C813D 		.word	1031875797
 1467 165c D7DAC842 		.word	1120459479
 1468 1660 46EBD046 		.word	1188096838
 1469 1664 33EE261E 		.word	505867827
 1470 1668 472F3B62 		.word	1648045895
 1471 166c CE115331 		.word	827527630
 1472 1670 D4A25190 		.word	-1873698092
 1473 1674 04C6D81B 		.word	467191300
 1474 1678 C0059625 		.word	630588864
 1475 167c 4EE07BDA 		.word	-629415858
 1476 1680 E3C72CE8 		.word	-399718429
 1477 1684 0C5133B4 		.word	-1271705332
 1478 1688 89E28756 		.word	1451745929
 1479 168c 03E08B5F 		.word	1603002371
 1480 1690 E2CF1019 		.word	420532194
 1481 1694 C49FBEC6 		.word	-960585788
 1482 1698 FCB07F07 		.word	125808892
 1483 169c 50AEAEE1 		.word	-508645808
 1484 16a0 62C37A9B 		.word	-1686453406
 1485 16a4 1A81D618 		.word	416710938
 1486 16a8 89BDF3C0 		.word	-1057768055
ARM GAS  /tmp/ccP16T4R.s 			page 27


 1487 16ac 0208B031 		.word	833619970
 1488 16b0 E1F14623 		.word	591852001
 1489 16b4 3FB01DA1 		.word	-1591889857
 1490 16b8 DA0DB42A 		.word	716443098
 1491 16bc 3E20E1F4 		.word	-186572738
 1492 16c0 EC35C94B 		.word	1271477740
 1493 16c4 0692D23B 		.word	1003655686
 1494 16c8 4EE60FE9 		.word	-384833970
 1495 16cc 0782A7CF 		.word	-811105785
 1496 16d0 812995F4 		.word	-191551103
 1497 16d4 C09EF14B 		.word	1274126016
 1498 16d8 1B1A9CF6 		.word	-157541861
 1499 16dc 2A93064D 		.word	1292276522
 1500 16e0 D190539A 		.word	-1705799471
 1501 16e4 062C53B9 		.word	-1185731578
 1502 16e8 D65CE394 		.word	-1797038890
 1503 16ec 8605170B 		.word	186058118
 1504 16f0 16134CEC 		.word	-330558698
 1505 16f4 D44E1E8C 		.word	-1944170796
 1506 16f8 876149CD 		.word	-850828921
 1507 16fc D0F8C908 		.word	147454160
 1508 1700 81E9CDAF 		.word	-1345459839
 1509 1704 2A976897 		.word	-1754753238
 1510 1708 283D3BE5 		.word	-449102552
 1511 170c 0282FF45 		.word	1174372866
 1512 1710 8432F850 		.word	1358443140
 1513 1714 BFF6023E 		.word	1040381631
 1514 1718 FC1B7A18 		.word	410655740
 1515 171c 503426E6 		.word	-433703856
 1516 1720 57E12021 		.word	555802967
 1517 1724 CBF4FA30 		.word	821753035
 1518 1728 00131830 		.word	806884096
 1519 172c C5671B51 		.word	1360750533
 1520 1730 263D95FF 		.word	-6996698
 1521 1734 FFFA7FC9 		.word	-914359553
 1522 1738 5A40265B 		.word	1529233498
 1523 173c 57ADE83C 		.word	1021881687
 1524 1740 6C0C2634 		.word	874908780
 1525 1744 3C7FF65E 		.word	1593212732
 1526 1748 337656F9 		.word	-111774157
 1527 174c A693EB54 		.word	1424724902
 1528 1750 1E0A415C 		.word	1547766302
 1529 1754 E92A77F3 		.word	-210294039
 1530 1758 EBA84C3E 		.word	1045211371
 1531 175c 56D21AAF 		.word	-1357196714
 1532 1760 130F3D9B 		.word	-1690497261
 1533 1764 EED24CDC 		.word	-598945042
 1534 1768 18E2194C 		.word	1276764696
 1535 176c 51239307 		.word	127083345
 1536 1770 FAAFDE42 		.word	1121890298
 1537 1774 B242A6F6 		.word	-156876110
 1538 1778 0513DE18 		.word	417207045
 1539 177c 27ACE439 		.word	971287591
 1540 1780 265C937F 		.word	2140363814
 1541 1784 F9F04506 		.word	105246969
 1542 1788 DC0E1E00 		.word	1969884
 1543 178c 1C25A929 		.word	698950940
ARM GAS  /tmp/ccP16T4R.s 			page 28


 1544 1790 1400AEA2 		.word	-1565655020
 1545 1794 09EFCA42 		.word	1120595721
 1546 1798 BCF33652 		.word	1379333052
 1547 179c D6CDD746 		.word	1188548054
 1548 17a0 EA26D524 		.word	617948906
 1549 17a4 49F1CE04 		.word	80671049
 1550 17a8 3599B1E7 		.word	-407791307
 1551 17ac 121922ED 		.word	-316532462
 1552 17b0 19CB08FB 		.word	-83309799
 1553 17b4 1BDB56F7 		.word	-145302757
 1554 17b8 7FCED9C7 		.word	-942027137
 1555 17bc 181523F6 		.word	-165473000
 1556 17c0 3929F0E4 		.word	-454022855
 1557 17c4 1CCC1717 		.word	387435548
 1558 17c8 13F0C85C 		.word	1556672531
 1559 17cc D91341E1 		.word	-515828775
 1560 17d0 2EEC1715 		.word	353889326
 1561 17d4 0E160F84 		.word	-2079386098
 1562 17d8 D5241728 		.word	672605397
 1563 17dc E7E92F44 		.word	1143990759
 1564 17e0 460CF2D5 		.word	-705557434
 1565 17e4 D72334E1 		.word	-516676649
 1566 17e8 E64FC6B5 		.word	-1245294618
 1567 17ec 6EEB8D00 		.word	9300846
 1568 17f0 CB810A22 		.word	571113931
 1569 17f4 21B43C54 		.word	1413264417
 1570 17f8 1F248EB2 		.word	-1299307489
 1571 17fc F1D945EF 		.word	-280634895
 1572 1800 C1246354 		.word	1415783617
 1573 1804 E64D300B 		.word	187715046
 1574 1808 63FCBA23 		.word	599456867
 1575 180c FD0C1B3A 		.word	974851325
 1576 1810 F4915CEC 		.word	-329477644
 1577 1814 E0DCC8F5 		.word	-171385632
 1578 1818 30271224 		.word	605169456
 1579 181c C2C48103 		.word	58836162
 1580 1820 6EAB5FC7 		.word	-950031506
 1581 1824 240F0F2B 		.word	722407204
 1582 1828 B943E940 		.word	1089029049
 1583 182c 064408AC 		.word	-1408744442
 1584 1830 9A04DA81 		.word	-2116418406
 1585 1834 B90EF812 		.word	318246585
 1586 1838 EEAF408C 		.word	-1941917714
 1587 183c B7109B02 		.word	43716791
 1588 1840 CE41D4AF 		.word	-1345044018
 1589 1844 EB29EDFC 		.word	-51566101
 1590 1848 16152F1D 		.word	489624854
 1591 184c 354B1423 		.word	588532533
 1592 1850 43F1F0E4 		.word	-453971645
 1593 1854 6E2BCFB9 		.word	-1177605266
 1594 1858 FBF2F308 		.word	150205179
 1595 185c 610CE9D1 		.word	-773256095
 1596 1860 39B638FE 		.word	-29837767
 1597 1864 DC5522EB 		.word	-350071332
 1598 1868 E90BD92C 		.word	752421865
 1599 186c 08C7CC24 		.word	617400072
 1600 1870 E4F1BEE3 		.word	-474025500
ARM GAS  /tmp/ccP16T4R.s 			page 29


 1601 1874 0309BC52 		.word	1388054787
 1602 1878 D2A7CCB1 		.word	-1311987758
 1603 187c 81DBB99D 		.word	-1648764031
 1604 1880 4642C022 		.word	583025222
 1605 1884 221909F9 		.word	-116844254
 1606 1888 3D483FFD 		.word	-46184387
 1607 188c EA59E546 		.word	1189435882
 1608 1890 5C8ED326 		.word	651398748
 1609 1894 E86D32AA 		.word	-1439535640
 1610 1898 E4ECB465 		.word	1706355940
 1611 189c 315338C1 		.word	-1053273295
 1612 18a0 FA21083E 		.word	1040720378
 1613 18a4 F5468DFA 		.word	-91404555
 1614 18a8 C4A9F720 		.word	553101764
 1615 18ac C2D2A7EF 		.word	-274214206
 1616 18b0 DAB6F495 		.word	-1779124518
 1617 18b4 A009A007 		.word	127928736
 1618 18b8 8A5796B1 		.word	-1315547254
 1619 18bc 5581E531 		.word	837124437
 1620 18c0 5824AAF9 		.word	-106290088
 1621 18c4 41A54D58 		.word	1481483585
 1622 18c8 346DDF50 		.word	1356819764
 1623 18cc F832FF46 		.word	1191129848
 1624 18d0 81BF1B70 		.word	1880866689
 1625 18d4 94DF1590 		.word	-1877614700
 1626 18d8 1E92120F 		.word	252875294
 1627 18dc BA5AE2C3 		.word	-1008575814
 1628 18e0 FA03C5B1 		.word	-1312488454
 1629 18e4 A5B116BC 		.word	-1139363419
 1630 18e8 E3C1E520 		.word	551928291
 1631 18ec D3633EFC 		.word	-63020077
 1632 18f0 1025B13F 		.word	1068573968
 1633 18f4 999B0656 		.word	1443273625
 1634 18f8 42B9A5D8 		.word	-660227774
 1635 18fc 9B3E186A 		.word	1779973787
 1636 1900 B713DBEA 		.word	-354741321
 1637 1904 C93CCBA8 		.word	-1463075639
 1638 1908 CB0D0DCC 		.word	-871559733
 1639 190c 581FC730 		.word	818356056
 1640 1910 F7892CCC 		.word	-869496329
 1641 1914 D53C9C5F 		.word	1604074709
 1642 1918 396BD3A5 		.word	-1512871111
 1643 191c 8129A1CD 		.word	-845076095
 1644 1920 05FABFBA 		.word	-1161823739
 1645 1924 2DB7A7B9 		.word	-1180190931
 1646 1928 2689F41B 		.word	469010726
 1647 192c C2C83BBC 		.word	-1136932670
 1648 1930 D8B9E77F 		.word	2145892824
 1649 1934 6122D85E 		.word	1591222881
 1650 1938 D0C832FF 		.word	-13449008
 1651 193c B5FCE7EA 		.word	-353895243
 1652 1940 4CDA0BFC 		.word	-66332084
 1653 1944 FEE89D42 		.word	1117645054
 1654 1948 19CFF5BD 		.word	-1107964135
 1655 194c 0747374E 		.word	1312245511
 1656 1950 FD2D1BE0 		.word	-535089667
 1657 1954 082E1B04 		.word	68890120
ARM GAS  /tmp/ccP16T4R.s 			page 30


 1658 1958 201209B0 		.word	-1341582816
 1659 195c BC54EB00 		.word	15422652
 1660 1960 40C7C224 		.word	616744768
 1661 1964 32DA0A1C 		.word	470473266
 1662 1968 017F5409 		.word	156532481
 1663 196c 09C39E48 		.word	1218364169
 1664 1970 3D404FD3 		.word	-749780931
 1665 1974 0CFFCA58 		.word	1489698572
 1666 1978 4138EC11 		.word	300693569
 1667 197c FEE2DF08 		.word	148890366
 1668 1980 94F7A22C 		.word	748877716
 1669 1984 0F2A2DD3 		.word	-752014833
 1670 1988 E4CAD00A 		.word	181455588
 1671 198c 1D5C45E3 		.word	-481993699
 1672 1990 CC2B44E0 		.word	-532403252
 1673 1994 F0AF50C1 		.word	-1051676688
 1674 1998 2BFBC944 		.word	1154087723
 1675 199c 810263FC 		.word	-60620159
 1676 19a0 E8BF023F 		.word	1057144808
 1677 19a4 6B70EA98 		.word	-1729466261
 1678 19a8 BFF51885 		.word	-2061961793
 1679 19ac 5B36FEF2 		.word	-218220965
 1680 19b0 31413AD6 		.word	-700825295
 1681 19b4 D919A827 		.word	665328089
 1682 19b8 3A55C40C 		.word	214193466
 1683 19bc BCA47FE2 		.word	-494951236
 1684 19c0 C4D64709 		.word	155702980
 1685 19c4 D82DEB14 		.word	350957016
 1686 19c8 0CCCD0C9 		.word	-909063156
 1687 19cc 503215E1 		.word	-518704560
 1688 19d0 5A54BA22 		.word	582636634
 1689 19d4 3A33DCE8 		.word	-388222150
 1690 19d8 37B5B3A0 		.word	-1598835401
 1691 19dc 0045F912 		.word	318326016
 1692 19e0 CE06D0FA 		.word	-87030066
 1693 19e4 0BB68112 		.word	310490635
 1694 19e8 E2DA021A 		.word	436394722
 1695 19ec BFF10659 		.word	1493627327
 1696 19f0 48AA29F9 		.word	-114709944
 1697 19f4 E0D85DE1 		.word	-513943328
 1698 19f8 C9F6261F 		.word	522647241
 1699 19fc E13ECB27 		.word	667631329
 1700 1a00 A0E3021A 		.word	436396960
 1701 1a04 F3FB36D5 		.word	-717816845
 1702 1a08 E446AEED 		.word	-307345692
 1703 1a0c 45FA3918 		.word	406452805
 1704 1a10 1FB281D8 		.word	-662588897
 1705 1a14 F21629D9 		.word	-651618574
 1706 1a18 9FD3E0B4 		.word	-1260334177
 1707 1a1c CBB53BC2 		.word	-1036274229
 1708 1a20 ACF83AAE 		.word	-1371866964
 1709 1a24 F1E3B447 		.word	1203037169
 1710 1a28 2C5F6171 		.word	1902206764
 1711 1a2c 9AF75CCD 		.word	-849545318
 1712 1a30 E7FC2301 		.word	19135719
 1713 1a34 067BEB01 		.word	32209670
 1714 1a38 EF242709 		.word	153560303
ARM GAS  /tmp/ccP16T4R.s 			page 31


 1715 1a3c 2CC9FD47 		.word	1207814444
 1716 1a40 F1B5E10F 		.word	266450417
 1717 1a44 A6A5D1EB 		.word	-338582106
 1718 1a48 C9E42AD2 		.word	-768940855
 1719 1a4c 46135FF8 		.word	-127986874
 1720 1a50 44E8E48D 		.word	-1914378172
 1721 1a54 0FAD2E5C 		.word	1546562831
 1722 1a58 D6EB9500 		.word	9825238
 1723 1a5c A9761E7F 		.word	2132702889
 1724 1a60 1E00EA5A 		.word	1525284894
 1725 1a64 31E20389 		.word	-1996234191
 1726 1a68 01B93334 		.word	875804929
 1727 1a6c FCFFE62A 		.word	719781884
 1728 1a70 DB20CBCD 		.word	-842325797
 1729 1a74 FCC51604 		.word	68601340
 1730 1a78 08E655D8 		.word	-665459192
 1731 1a7c 05D33848 		.word	1211683589
 1732 1a80 4F39BFDE 		.word	-557893297
 1733 1a84 01EBF7C6 		.word	-956830975
 1734 1a88 CB1DC41E 		.word	516169163
 1735 1a8c D705FAF2 		.word	-218495529
 1736 1a90 E6EBC37F 		.word	2143546342
 1737 1a94 B5E1F7AF 		.word	-1342709323
 1738 1a98 F5CC5448 		.word	1213517045
 1739 1a9c 1A2F1B3F 		.word	1058746138
 1740 1aa0 E1FA1527 		.word	655751905
 1741 1aa4 F00FD430 		.word	819204080
 1742 1aa8 F01DC030 		.word	817896944
 1743 1aac CE1925A8 		.word	-1473963570
 1744 1ab0 461FFD32 		.word	855449414
 1745 1ab4 F023071A 		.word	436675568
 1746 1ab8 30CF0A15 		.word	353029936
 1747 1abc 41CD08CC 		.word	-871838399
 1748 1ac0 B8E83B7F 		.word	2134632632
 1749 1ac4 6496ACD7 		.word	-676555164
 1750 1ac8 0CF2E2EE 		.word	-287116788
 1751 1acc 19E74A09 		.word	155903769
 1752 1ad0 D006E40B 		.word	199493328
 1753 1ad4 F4DC04EB 		.word	-352002828
 1754 1ad8 ADCE12C9 		.word	-921514323
 1755 1adc 41F5D80B 		.word	198767937
 1756 1ae0 150A29CF 		.word	-819394027
 1757 1ae4 E239FA7F 		.word	2147105250
 1758 1ae8 3556D6DA 		.word	-623487435
 1759 1aec 12F2FA14 		.word	351990290
 1760 1af0 0BE7E826 		.word	652797707
 1761 1af4 D3C6E1F4 		.word	-186530093
 1762 1af8 CFB82934 		.word	875149519
 1763 1afc 219F1E34 		.word	874422049
 1764 1b00 CC10314F 		.word	1328615628
 1765 1b04 D3AAEB3B 		.word	1005300435
 1766 1b08 E616EEDE 		.word	-554821914
 1767 1b0c DA32BF2E 		.word	784282330
 1768 1b10 B3413DA7 		.word	-1489157709
 1769 1b14 E97F4D23 		.word	592281577
 1770 1b18 A1EBA9FF 		.word	-5641311
 1771 1b1c 482115F6 		.word	-166387384
ARM GAS  /tmp/ccP16T4R.s 			page 32


 1772 1b20 AAADDF36 		.word	920628650
 1773 1b24 A3E937C2 		.word	-1036523101
 1774 1b28 EAD1FDB2 		.word	-1291988502
 1775 1b2c C1BB81B9 		.word	-1182680127
 1776 1b30 D1F43F1D 		.word	490730705
 1777 1b34 CCD4F8CE 		.word	-822553396
 1778 1b38 24225DC9 		.word	-916643292
 1779 1b3c 2C2CDB12 		.word	316353580
 1780 1b40 5F4829D6 		.word	-701937569
 1781 1b44 181F1C00 		.word	1842968
 1782 1b48 232FE232 		.word	853684003
 1783 1b4c DB2AEF04 		.word	82782939
 1784 1b50 52C62C1E 		.word	506250834
 1785 1b54 EB7F06D9 		.word	-653885461
 1786 1b58 3D371EE5 		.word	-451004611
 1787 1b5c CEE20343 		.word	1124328142
 1788 1b60 40C82B60 		.word	1613482048
 1789 1b64 324620C3 		.word	-1021295054
 1790 1b68 81BE62B9 		.word	-1184711039
 1791 1b6c 07C400F3 		.word	-218053625
 1792 1b70 A9020764 		.word	1678181033
 1793 1b74 4263CBAC 		.word	-1395956926
 1794 1b78 AA02C8BD 		.word	-1110965590
 1795 1b7c 22B0FD43 		.word	1140699170
 1796 1b80 14D982F6 		.word	-159196908
 1797 1b84 EFF48736 		.word	914879727
 1798 1b88 2D0B26B3 		.word	-1289352403
 1799 1b8c E722B7CE 		.word	-826858777
 1800 1b90 F1E4DB35 		.word	903603441
 1801 1b94 F2A0E5D6 		.word	-689594126
 1802 1b98 7F12DE15 		.word	366875263
 1803 1b9c 9C76123A 		.word	974288540
 1804 1ba0 60BDC501 		.word	29736288
 1805 1ba4 9C33B8EB 		.word	-340249700
 1806 1ba8 3E1CE9CA 		.word	-890692546
 1807 1bac 2ED2D53B 		.word	1003868718
 1808 1bb0 C2E40141 		.word	1090643138
 1809 1bb4 3E09B941 		.word	1102645566
 1810 1bb8 C83AA261 		.word	1638021832
 1811 1bbc AE016BF4 		.word	-194313810
 1812 1bc0 C94CD6BC 		.word	-1126806327
 1813 1bc4 1902097E 		.word	2114519577
 1814 1bc8 9720F710 		.word	284631191
 1815 1bcc 36C9DCFC 		.word	-52639434
 1816 1bd0 4BBF54E5 		.word	-447430837
 1817 1bd4 C226CA7F 		.word	2143954626
 1818 1bd8 EDC13A06 		.word	104514029
 1819 1bdc D0FF28DA 		.word	-634847280
 1820 1be0 CE2E182D 		.word	756559566
 1821 1be4 EF98EC25 		.word	636262639
 1822 1be8 32BED2EE 		.word	-288178638
 1823 1bec CCFA1E01 		.word	18807500
 1824 1bf0 EF300000 		.word	12527
 1825 1bf4 6B0D0000 		.word	3435
 1826 1bf8 C4E4FFFF 		.word	-6972
 1827 1bfc FC410000 		.word	16892
 1828 1c00 AD380000 		.word	14509
ARM GAS  /tmp/ccP16T4R.s 			page 33


 1829 1c04 4E190000 		.word	6478
 1830 1c08 BDACFFFF 		.word	-21315
 1831 1c0c 59B2FFFF 		.word	-19879
 1832 1c10 82070000 		.word	1922
 1833 1c14 2FFFFFFF 		.word	-209
 1834 1c18 AE050000 		.word	1454
 1835 1c1c 12E3FFFF 		.word	-7406
 1836 1c20 850E0000 		.word	3717
 1837 1c24 E10E0000 		.word	3809
 1838 1c28 B73E0000 		.word	16055
 1839 1c2c 45180000 		.word	6213
 1840 1c30 68300000 		.word	12392
 1841 1c34 BB1B0000 		.word	7099
 1842 1c38 68D8FFFF 		.word	-10136
 1843 1c3c E5F4FFFF 		.word	-2843
 1844 1c40 34F6FFFF 		.word	-2508
 1845 1c44 87100000 		.word	4231
 1846 1c48 71040000 		.word	1137
 1847 1c4c F9FDFFFF 		.word	-519
 1848 1c50 2A020000 		.word	554
 1849 1c54 DEF5FFFF 		.word	-2594
 1850 1c58 97090000 		.word	2455
 1851 1c5c 262C0000 		.word	11302
 1852 1c60 49CCFFFF 		.word	-13239
 1853 1c64 DE220000 		.word	8926
 1854 1c68 D40A0000 		.word	2772
 1855 1c6c 0E070000 		.word	1806
 1856 1c70 AE2F17CF 		.word	-820564050
 1857 1c74 7FF85AE5 		.word	-447022977
 1858 1c78 5ADF581B 		.word	458809178
 1859 1c7c F23AD82C 		.word	752368370
 1860 1c80 362FCED1 		.word	-775016650
 1861 1c84 426CD86C 		.word	1826122818
 1862 1c88 6A024F3A 		.word	978256490
 1863 1c8c 67AFA22F 		.word	799190887
 1864 1c90 A613684B 		.word	1265111974
 1865 1c94 3E3220EE 		.word	-299879874
 1866 1c98 1F1D3D45 		.word	1161633055
 1867 1c9c 33BF02B5 		.word	-1258111181
 1868 1ca0 B3C1E55F 		.word	1608892851
 1869 1ca4 F4C8FDC3 		.word	-1006778124
 1870 1ca8 C1703050 		.word	1345351873
 1871 1cac 51DB0B51 		.word	1359731537
 1872 1cb0 1EB723B7 		.word	-1222396130
 1873 1cb4 2E5DF095 		.word	-1779409618
 1874 1cb8 B1E5C86C 		.word	1825105329
 1875 1cbc DA14A51D 		.word	497358042
 1876 1cc0 106164DE 		.word	-563846896
 1877 1cc4 721BA209 		.word	161618802
 1878 1cc8 81514A49 		.word	1229607297
 1879 1ccc F966CBC9 		.word	-909416711
 1880 1cd0 D452B5E2 		.word	-491433260
 1881 1cd4 0A2CFDC0 		.word	-1057149942
 1882 1cd8 8117FB0F 		.word	268113793
 1883 1cdc 0E98C34F 		.word	1338218510
 1884 1ce0 CB3FC846 		.word	1187528651
 1885 1ce4 0D54EE46 		.word	1190024205
ARM GAS  /tmp/ccP16T4R.s 			page 34


 1886 1ce8 33DF4DE8 		.word	-397549773
 1887 1cec B29C02B1 		.word	-1325228878
 1888 1cf0 AB32213E 		.word	1042363051
 1889 1cf4 402A970F 		.word	261564992
 1890 1cf8 A4DD21D4 		.word	-735978076
 1891 1cfc E75EC9DA 		.word	-624337177
 1892 1d00 EFF43C3F 		.word	1060959471
 1893 1d04 2DE5AF1C 		.word	481289517
 1894 1d08 EDD27FD7 		.word	-679488787
 1895 1d0c 49F89849 		.word	1234761801
 1896 1d10 E727D7E4 		.word	-455661593
 1897 1d14 E1BCB63D 		.word	1035386081
 1898 1d18 1E3A3256 		.word	1446132254
 1899 1d1c 01D5921C 		.word	479384833
 1900 1d20 D71827B4 		.word	-1272506153
 1901 1d24 CA66B5B1 		.word	-1313511734
 1902 1d28 644F3F34 		.word	876564324
 1903 1d2c 3F3B5954 		.word	1415134015
 1904 1d30 E90E2CC5 		.word	-986968343
 1905 1d34 F61939FC 		.word	-63366666
 1906 1d38 41D64599 		.word	-1723476415
 1907 1d3c CA1A51E4 		.word	-464446774
 1908 1d40 E3880130 		.word	805406947
 1909 1d44 527FE2C6 		.word	-958234798
 1910 1d48 3A083B3F 		.word	1060833338
 1911 1d4c 5D4C240F 		.word	254037085
 1912 1d50 1872F134 		.word	888238616
 1913 1d54 5CC92D08 		.word	137218396
 1914 1d58 4CF7E7E4 		.word	-454559924
 1915 1d5c 4ABA1708 		.word	135772746
 1916 1d60 EB11DBC7 		.word	-941944341
 1917 1d64 DE0F5EA5 		.word	-1520562210
 1918 1d68 5DBB2C4E 		.word	1311554397
 1919 1d6c 3CC651F5 		.word	-179190212
 1920 1d70 D3D0C4CB 		.word	-876293933
 1921 1d74 EF157F24 		.word	612308463
 1922 1d78 402AE7F7 		.word	-135845312
 1923 1d7c 03EA02AA 		.word	-1442649597
 1924 1d80 E432007E 		.word	2113942244
 1925 1d84 5BE6E0CC 		.word	-857676197
 1926 1d88 B159F7F3 		.word	-201893455
 1927 1d8c A070EAA1 		.word	-1578471264
 1928 1d90 2EF87F2B 		.word	729806894
 1929 1d94 65EB3C56 		.word	1446832997
 1930 1d98 AEF845D9 		.word	-649725778
 1931 1d9c 08EDA621 		.word	564587784
 1932 1da0 3B26ECF8 		.word	-118741445
 1933 1da4 8E1921C4 		.word	-1004463730
 1934 1da8 D4ADE41F 		.word	535080404
 1935 1dac 6408F8DD 		.word	-570947484
 1936 1db0 BA304788 		.word	-2008600390
 1937 1db4 A3F8451C 		.word	474347683
 1938 1db8 03E8B9CC 		.word	-860231677
 1939 1dbc B815FD11 		.word	301798840
 1940 1dc0 36EFF141 		.word	1106374454
 1941 1dc4 45258401 		.word	25437509
 1942 1dc8 74A8DE27 		.word	668903540
ARM GAS  /tmp/ccP16T4R.s 			page 35


 1943 1dcc ECB6B8E9 		.word	-373770516
 1944 1dd0 DEA632EE 		.word	-298670370
 1945 1dd4 BAE38133 		.word	864150458
 1946 1dd8 D6221F4F 		.word	1327440598
 1947 1ddc 2A87251F 		.word	522553130
 1948 1de0 2DE1FFBE 		.word	-1090526931
 1949 1de4 9E34F5F5 		.word	-168479586
 1950 1de8 D35321E0 		.word	-534686765
 1951 1dec E04FE830 		.word	820531168
 1952 1df0 09F602DB 		.word	-620562935
 1953 1df4 31C146E7 		.word	-414793423
 1954 1df8 0ADC2BC0 		.word	-1070867446
 1955 1dfc E8E132F6 		.word	-164437528
 1956 1e00 D0AF46D5 		.word	-716787760
 1957 1e04 652DB332 		.word	850603365
 1958 1e08 F6D6ECF8 		.word	-118696202
 1959 1e0c F4D31AC5 		.word	-988097548
 1960 1e10 BE0EE6EB 		.word	-337244482
 1961 1e14 D8F8FB01 		.word	33290456
 1962 1e18 450295C6 		.word	-963313083
 1963 1e1c 8141E9E9 		.word	-370589311
 1964 1e20 165ACFC9 		.word	-909157866
 1965 1e24 9D40F852 		.word	1392001181
 1966 1e28 36172126 		.word	639702838
 1967 1e2c 14E2B6D0 		.word	-793320940
 1968 1e30 EDCD0E8F 		.word	-1894855187
 1969 1e34 122BA8C5 		.word	-978834670
 1970 1e38 791E12D7 		.word	-686678407
 1971 1e3c 37878D9B 		.word	-1685223625
 1972 1e40 C872B516 		.word	380990152
 1973 1e44 1FCE2EAE 		.word	-1372664289
 1974 1e48 0548B981 		.word	-2118563835
 1975 1e4c 47EED56C 		.word	1825959495
 1976 1e50 CB2EFF81 		.word	-2113982773
 1977 1e54 DDBDBA03 		.word	62569949
 1978 1e58 CA14CF30 		.word	818877642
 1979 1e5c FD8BE55D 		.word	1575324669
 1980 1e60 0FD0E3CB 		.word	-874262513
 1981 1e64 19CE17B6 		.word	-1239953895
 1982 1e68 31560FE7 		.word	-418425295
 1983 1e6c 5E0A2724 		.word	606538334
 1984 1e70 2E566638 		.word	946230830
 1985 1e74 6057EAA2 		.word	-1561700512
 1986 1e78 E82FB716 		.word	381104104
 1987 1e7c 185240CF 		.word	-817868264
 1988 1e80 D62707DD 		.word	-586733610
 1989 1e84 C803C225 		.word	633471944
 1990 1e88 ED18BDC8 		.word	-927131411
 1991 1e8c 4AC47F34 		.word	880788554
 1992 1e90 0638E122 		.word	585185286
 1993 1e94 713249A4 		.word	-1538706831
 1994 1e98 47E59640 		.word	1083630919
 1995 1e9c 11115668 		.word	1750470929
 1996 1ea0 4508BE3E 		.word	1052641349
 1997 1ea4 EE5F79FE 		.word	-25600018
 1998 1ea8 2CB00501 		.word	17149996
 1999 1eac CD9236ED 		.word	-315190579
ARM GAS  /tmp/ccP16T4R.s 			page 36


 2000 1eb0 09260B57 		.word	1460348425
 2001 1eb4 28F5A27F 		.word	2141386024
 2002 1eb8 2438C944 		.word	1154037796
 2003 1ebc D0EEF5AB 		.word	-1409945904
 2004 1ec0 822D1034 		.word	873475458
 2005 1ec4 48BFA0F1 		.word	-241123512
 2006 1ec8 F0C96409 		.word	157600240
 2007 1ecc E3EC2ED0 		.word	-802231069
 2008 1ed0 E03CBE03 		.word	62799072
 2009 1ed4 EDF38400 		.word	8713197
 2010 1ed8 B0F3B085 		.word	-2052000848
 2011 1edc D8BCB060 		.word	1622195416
 2012 1ee0 060451DA 		.word	-632224762
 2013 1ee4 D7ADE2CC 		.word	-857559593
 2014 1ee8 E92DE143 		.word	1138830825
 2015 1eec CDE7CB0A 		.word	181135309
 2016 1ef0 B1CD3A60 		.word	1614466481
 2017 1ef4 323DB6F1 		.word	-239715022
 2018 1ef8 6E0017D1 		.word	-787021714
 2019 1efc 4CD700F7 		.word	-150939828
 2020 1f00 3C1FE50E 		.word	249896764
 2021 1f04 A03B9BFD 		.word	-40158304
 2022 1f08 BF4A1E81 		.word	-2128721217
 2023 1f0c C1EA922C 		.word	747825857
 2024 1f10 FCEEFA4B 		.word	1274736380
 2025 1f14 40FF342D 		.word	758447936
 2026 1f18 142D36E9 		.word	-382325484
 2027 1f1c 310B01FF 		.word	-16708815
 2028 1f20 3B232A38 		.word	942285627
 2029 1f24 9C44A91A 		.word	447300764
 2030 1f28 1032D2BA 		.word	-1160629744
 2031 1f2c B206CC21 		.word	567019186
 2032 1f30 DE201CB3 		.word	-1290002210
 2033 1f34 120750CD 		.word	-850393326
 2034 1f38 F625CEC3 		.word	-1009900042
 2035 1f3c 81FA3C3D 		.word	1027406465
 2036 1f40 124112ED 		.word	-317570798
 2037 1f44 5A21D705 		.word	97984858
 2038 1f48 4DDF6800 		.word	6872909
 2039 1f4c E260F321 		.word	569598178
 2040 1f50 31D57F30 		.word	813684017
 2041 1f54 F644D81F 		.word	534267126
 2042 1f58 114330F3 		.word	-214940911
 2043 1f5c B22023E6 		.word	-433905486
 2044 1f60 DB09AF1B 		.word	464456155
 2045 1f64 0F02F7ED 		.word	-302579185
 2046 1f68 4C3B71E0 		.word	-529450164
 2047 1f6c 0DF404CA 		.word	-905645043
 2048 1f70 1FD67F2E 		.word	780129823
 2049 1f74 472DD318 		.word	416492871
 2050 1f78 49BF021A 		.word	436387657
 2051 1f7c E029B047 		.word	1202727392
 2052 1f80 649EB312 		.word	313761380
 2053 1f84 06180D0B 		.word	185407494
 2054 1f88 E605DF2D 		.word	769590758
 2055 1f8c 56F121A6 		.word	-1507724970
 2056 1f90 38A43FFB 		.word	-79715272
ARM GAS  /tmp/ccP16T4R.s 			page 37


 2057 1f94 F2F99A5C 		.word	1553660402
 2058 1f98 9D72CE1D 		.word	500069021
 2059 1f9c 52CB2291 		.word	-1859990702
 2060 1fa0 4DCAB858 		.word	1488505421
 2061 1fa4 23F68134 		.word	880932387
 2062 1fa8 1F2639D2 		.word	-768006625
 2063 1fac A6B40F48 		.word	1208988838
 2064 1fb0 329C26BC 		.word	-1138320334
 2065 1fb4 19BEAA91 		.word	-1851081191
 2066 1fb8 6685B128 		.word	682722662
 2067 1fbc 09A44D20 		.word	541959177
 2068 1fc0 A33727B6 		.word	-1238943837
 2069 1fc4 DCE2C3D9 		.word	-641473828
 2070 1fc8 48362B5F 		.word	1596667464
 2071 1fcc 015B0E12 		.word	302930689
 2072 1fd0 A6F181EE 		.word	-293473882
 2073 1fd4 C3ECF146 		.word	1190259907
 2074 1fd8 F3FBF0A0 		.word	-1594819597
 2075 1fdc DAFB0DA5 		.word	-1525810214
 2076 1fe0 2709EB90 		.word	-1863644889
 2077 1fe4 FD9427E1 		.word	-517499651
 2078 1fe8 EE49D21B 		.word	466766318
 2079 1fec B3AAEC3F 		.word	1072474803
 2080 1ff0 901B25C9 		.word	-920314992
 2081 1ff4 311320CC 		.word	-870313167
 2082 1ff8 BB063B0B 		.word	188417723
 2083 1ffc 42184302 		.word	37951554
 2084 2000 B32F40C7 		.word	-952094797
 2085 2004 FAACB3D0 		.word	-793531142
 2086 2008 D5382299 		.word	-1725810475
 2087 200c 52140D23 		.word	588059730
 2088 2010 E529CF44 		.word	1154427365
 2089 2014 65DAEC2B 		.word	736942693
 2090 2018 2702FDE3 		.word	-469958105
 2091 201c B80EF4C8 		.word	-923529544
 2092 2020 7F571026 		.word	638605183
 2093 2024 553EA710 		.word	279395925
 2094 2028 E0F0E31B 		.word	467923168
 2095 202c 0F6B5D28 		.word	677210895
 2096 2030 230408FB 		.word	-83360733
 2097 2034 149CD7FF 		.word	-2647020
 2098 2038 B712DDA3 		.word	-1545792841
 2099 203c A1B3A265 		.word	1705161633
 2100 2040 1131F2C7 		.word	-940429039
 2101 2044 D7E6C1B7 		.word	-1212029225
 2102 2048 DEC97FC1 		.word	-1048589858
 2103 204c CCCB1FD5 		.word	-719336500
 2104 2050 D7BFED83 		.word	-2081570857
 2105 2054 11BD11FA 		.word	-99500783
 2106 2058 02FE0D22 		.word	571342338
 2107 205c 22BFB633 		.word	867614498
 2108 2060 273B2C4B 		.word	1261189927
 2109 2064 D515710C 		.word	208737749
 2110 2068 DD023408 		.word	137626333
 2111 206c BAE74EFA 		.word	-95492166
 2112 2070 0E249038 		.word	948970510
 2113 2074 970042E9 		.word	-381550441
ARM GAS  /tmp/ccP16T4R.s 			page 38


 2114 2078 E04D1CF2 		.word	-233026080
 2115 207c D0F4F5D8 		.word	-654969648
 2116 2080 CB5901B3 		.word	-1291757109
 2117 2084 7F09D3DD 		.word	-573372033
 2118 2088 F76A1D0A 		.word	169700087
 2119 208c D5E57EC5 		.word	-981539371
 2120 2090 179236BA 		.word	-1170828777
 2121 2094 CBC4C5CF 		.word	-809122613
 2122 2098 D011AB5E 		.word	1588269520
 2123 209c 411FE6FD 		.word	-35250367
 2124 20a0 D755DE63 		.word	1675515351
 2125 20a4 21DBAEF2 		.word	-223421663
 2126 20a8 BDF25AF0 		.word	-262475075
 2127 20ac D19D99EA 		.word	-359031343
 2128 20b0 8FF2D52C 		.word	752218767
 2129 20b4 CDAD8162 		.word	1652665805
 2130 20b8 221319DF 		.word	-552004830
 2131 20bc D30C090A 		.word	168365267
 2132 20c0 CF25C6DB 		.word	-607771185
 2133 20c4 038F9D47 		.word	1201508099
 2134 20c8 F81DEAF7 		.word	-135651848
 2135 20cc F421F6E2 		.word	-487185932
 2136 20d0 44B8BED7 		.word	-675366844
 2137 20d4 0CBAD5F7 		.word	-136988148
 2138 20d8 E1E7CAF7 		.word	-137697311
 2139 20dc AE0520E6 		.word	-434109010
 2140 20e0 C342E3EC 		.word	-320650557
 2141 20e4 5DD13AD3 		.word	-751120035
 2142 20e8 BB44D11E 		.word	517031099
 2143 20ec 813E9B1E 		.word	513490561
 2144 20f0 120D6745 		.word	1164381458
 2145 20f4 C19F9058 		.word	1485873089
 2146 20f8 54300121 		.word	553726036
 2147 20fc AB10E119 		.word	434180267
 2148 2100 C38108C0 		.word	-1073184317
 2149 2104 EAADE370 		.word	1893969386
 2150 2108 3C37F4CC 		.word	-856410308
 2151 210c AB36C19F 		.word	-1614727509
 2152 2110 10BE4245 		.word	1162001936
 2153 2114 59266495 		.word	-1788598695
 2154 2118 4D93C8D7 		.word	-674720947
 2155 211c B91755D9 		.word	-648734791
 2156 2120 2519DB20 		.word	551229733
 2157 2124 B2BC895B 		.word	1535753394
 2158 2128 F8A2D591 		.word	-1848270088
 2159 212c 18EF0E1A 		.word	437186328
 2160 2130 E8A8FF81 		.word	-2113951512
 2161 2134 EFF923EF 		.word	-282854929
 2162 2138 F116164D 		.word	1293293297
 2163 213c C8014421 		.word	558105032
 2164 2140 681A2D08 		.word	137173608
 2165 2144 D53F133F 		.word	1058226133
 2166 2148 10013611 		.word	288751888
 2167 214c 203162EB 		.word	-345886432
 2168 2150 E968B5E9 		.word	-373987095
 2169 2154 B9E13CAC 		.word	-1405296199
 2170 2158 53A1048D 		.word	-1929076397
ARM GAS  /tmp/ccP16T4R.s 			page 39


 2171 215c 5FFD4950 		.word	1347026271
 2172 2160 B695AA47 		.word	1202361782
 2173 2164 2494CB3A 		.word	986420260
 2174 2168 C3B46721 		.word	560444611
 2175 216c 3A0D4482 		.word	-2109469382
 2176 2170 2D224056 		.word	1447043629
 2177 2174 DD35B243 		.word	1135752669
 2178 2178 8107FE53 		.word	1409156993
 2179 217c 0168E5F7 		.word	-135960575
 2180 2180 0E016C81 		.word	-2123628274
 2181 2184 DCE1D2BE 		.word	-1093475876
 2182 2188 1245ED23 		.word	602752274
 2183 218c 0B2F9DDE 		.word	-560124149
 2184 2190 06EFEBB2 		.word	-1293160698
 2185 2194 5FB410BC 		.word	-1139755937
 2186 2198 5B44BC2D 		.word	767312987
 2187 219c 4EF8EF1E 		.word	519043150
 2188 21a0 11F2DAF5 		.word	-170200559
 2189 21a4 183FE85E 		.word	1592278808
 2190 21a8 DC3009FD 		.word	-49729316
 2191 21ac 5265FA4E 		.word	1325032786
 2192 21b0 4058D381 		.word	-2116855744
 2193 21b4 4613EAE2 		.word	-487976122
 2194 21b8 2124D5D1 		.word	-774560735
 2195 21bc E1DED89F 		.word	-1613177119
 2196 21c0 323FE4F1 		.word	-236699854
 2197 21c4 0E1F2003 		.word	52436750
 2198 21c8 1F2115CC 		.word	-871030497
 2199 21cc 2FF23EC6 		.word	-968953297
 2200 21d0 17ADA815 		.word	363375895
 2201 21d4 A4D409F4 		.word	-200682332
 2202 21d8 5CF2F0C3 		.word	-1007619492
 2203 21dc 054B1AF0 		.word	-266712315
 2204 21e0 28E0FAF8 		.word	-117776344
 2205 21e4 ACD3651F 		.word	526767020
 2206 21e8 DFC52AD4 		.word	-735394337
 2207 21ec 21D113C8 		.word	-938225375
 2208 21f0 1CDC45A0 		.word	-1606034404
 2209 21f4 EE81FDDE 		.word	-553811474
 2210 21f8 DD2ED441 		.word	1104424669
 2211 21fc D5F51008 		.word	135329237
 2212 2200 392DCA0F 		.word	264908089
 2213 2204 E50CA8A3 		.word	-1549267739
 2214 2208 0703BC00 		.word	12321543
 2215 220c EC3B2F19 		.word	422525932
 2216 2210 251BCCB7 		.word	-1211360475
 2217 2214 15D81CEA 		.word	-367208427
 2218 2218 2039C823 		.word	600324384
 2219 221c 58ECB0BF 		.word	-1078924200
 2220 2220 1643CB65 		.word	1707819798
 2221 2224 81D42F26 		.word	640668801
 2222 2228 072026FB 		.word	-81387513
 2223 222c 13E603CC 		.word	-872159725
 2224 2230 D110B525 		.word	632623313
 2225 2234 EDD100C9 		.word	-922693139
 2226 2238 525C44E7 		.word	-414950318
 2227 223c D6DCDAD6 		.word	-690299690
ARM GAS  /tmp/ccP16T4R.s 			page 40


 2228 2240 D4FCBAF8 		.word	-121963308
 2229 2244 D7C3A813 		.word	329827287
 2230 2248 0726A6A2 		.word	-1566169593
 2231 224c D6FE9BFA 		.word	-90439978
 2232 2250 F85AFEF2 		.word	-218211592
 2233 2254 557F3414 		.word	338984789
 2234 2258 04B3BA62 		.word	1656402692
 2235 225c 3156583E 		.word	1045976625
 2236 2260 951405F2 		.word	-234548075
 2237 2264 303E29E8 		.word	-399950288
 2238 2268 BB20131D 		.word	487792827
 2239 226c 55FDD6B1 		.word	-1311310507
 2240 2270 C9AAFFFF 		.word	-21815
 2241 2274 CAE3FFFF 		.word	-7222
 2242 2278 9E1B0000 		.word	7070
 2243 227c B4E5FFFF 		.word	-6732
 2244 2280 6CBBFFFF 		.word	-17556
 2245 2284 9EF3FFFF 		.word	-3170
 2246 2288 CA0D0000 		.word	3530
 2247 228c 011F0000 		.word	7937
 2248 2290 CC310000 		.word	12748
 2249 2294 A1270000 		.word	10145
 2250 2298 FCECFFFF 		.word	-4868
 2251 229c B4D8FFFF 		.word	-10060
 2252 22a0 B5380000 		.word	14517
 2253 22a4 14220000 		.word	8724
 2254 22a8 35FFFFFF 		.word	-203
 2255 22ac 9EC4FFFF 		.word	-15202
 2256 22b0 11FDFFFF 		.word	-751
 2257 22b4 96160000 		.word	5782
 2258 22b8 F6320000 		.word	13046
 2259 22bc B0DDFFFF 		.word	-8784
 2260 22c0 B7510000 		.word	20919
 2261 22c4 10E4FFFF 		.word	-7152
 2262 22c8 8F4C0000 		.word	19599
 2263 22cc 77480000 		.word	18551
 2264 22d0 620D0000 		.word	3426
 2265 22d4 27F6FFFF 		.word	-2521
 2266 22d8 AE020000 		.word	686
 2267 22dc E4ECFFFF 		.word	-4892
 2268 22e0 E4120000 		.word	4836
 2269 22e4 E51B0000 		.word	7141
 2270 22e8 DA0A0000 		.word	2778
 2271 22ec 81FCFFFF 		.word	-895
 2272 22f0 49324313 		.word	323170889
 2273 22f4 0542ECC0 		.word	-1058258427
 2274 22f8 50F73EF9 		.word	-113313968
 2275 22fc D8DD9EDF 		.word	-543236648
 2276 2300 1E0A410E 		.word	239143454
 2277 2304 DA31EC7F 		.word	2146185690
 2278 2308 F5254B05 		.word	88810997
 2279 230c C44A15B3 		.word	-1290450236
 2280 2310 0CC46325 		.word	627295244
 2281 2314 C319F601 		.word	32905667
 2282 2318 0C0132A6 		.word	-1506672372
 2283 231c 440D1042 		.word	1108348228
 2284 2320 D7021CE9 		.word	-384040233
ARM GAS  /tmp/ccP16T4R.s 			page 41


 2285 2324 28EC2428 		.word	673508392
 2286 2328 57D713F3 		.word	-216803497
 2287 232c E5D84F81 		.word	-2125473563
 2288 2330 91B4B8ED 		.word	-306662255
 2289 2334 32FBCC5E 		.word	1590491954
 2290 2338 4B103FBD 		.word	-1119940533
 2291 233c 5CE235A0 		.word	-1607081380
 2292 2340 7F598DE3 		.word	-477275777
 2293 2344 50D14752 		.word	1380438352
 2294 2348 784587F6 		.word	-158907016
 2295 234c 5D24D5A5 		.word	-1512758179
 2296 2350 EFBA634F 		.word	1331935983
 2297 2354 D0EA452F 		.word	793111248
 2298 2358 F47FB55D 		.word	1572175860
 2299 235c 8E1A5168 		.word	1750145678
 2300 2360 E94CF657 		.word	1475759337
 2301 2364 EE9D37B7 		.word	-1221091858
 2302 2368 53C33CF8 		.word	-130235565
 2303 236c 3BA3BAC2 		.word	-1027955909
 2304 2370 175FE93B 		.word	1005149975
 2305 2374 E6073947 		.word	1194919910
 2306 2378 18B8142C 		.word	739555352
 2307 237c 1D5EEDF8 		.word	-118661603
 2308 2380 55F581FE 		.word	-25037483
 2309 2384 5A0E52E0 		.word	-531493286
 2310 2388 56EBE927 		.word	669641558
 2311 238c 4AB812F1 		.word	-250431414
 2312 2390 4D0AEAEF 		.word	-269874611
 2313 2394 052A7F4B 		.word	1266625029
 2314 2398 D8D650F6 		.word	-162474280
 2315 239c 26C15BE4 		.word	-463748826
 2316 23a0 AADB351E 		.word	506846122
 2317 23a4 11F71600 		.word	1505041
 2318 23a8 0C4DE2CB 		.word	-874361588
 2319 23ac 03EA71CA 		.word	-898504189
 2320 23b0 E948615F 		.word	1600211177
 2321 23b4 34E140C6 		.word	-968826572
 2322 23b8 AF24A874 		.word	1957176495
 2323 23bc 7ED65C33 		.word	861722238
 2324 23c0 177F4BDB 		.word	-615809257
 2325 23c4 C23843EB 		.word	-347916094
 2326 23c8 5A292B75 		.word	1965762906
 2327 23cc B3DBAB3A 		.word	984341427
 2328 23d0 ABFEDF2E 		.word	786431659
 2329 23d4 AFFE2646 		.word	1176960687
 2330 23d8 CB48AD1A 		.word	447563979
 2331 23dc F8DDA2C8 		.word	-928850440
 2332 23e0 797FC8ED 		.word	-305627271
 2333 23e4 D6C353C2 		.word	-1034697770
 2334 23e8 30BFBD1A 		.word	448642864
 2335 23ec B99EAA4F 		.word	1336581817
 2336 23f0 0FEFBBA5 		.word	-1514410225
 2337 23f4 BC943141 		.word	1093768380
 2338 23f8 4975FE6B 		.word	1811838281
 2339 23fc 91FA7FA5 		.word	-1518339439
 2340 2400 3455325C 		.word	1546802484
 2341 2404 E1230A9E 		.word	-1643502623
ARM GAS  /tmp/ccP16T4R.s 			page 42


 2342 2408 25BA19E1 		.word	-518407643
 2343 240c 232F1B7E 		.word	2115710755
 2344 2410 5AF9C486 		.word	-2033911462
 2345 2414 281AFFE7 		.word	-402712024
 2346 2418 1B1401B5 		.word	-1258220517
 2347 241c BBBF8DB7 		.word	-1215447109
 2348 2420 7FED6416 		.word	375713151
 2349 2424 473E0661 		.word	1627799111
 2350 2428 3D4F54AD 		.word	-1386983619
 2351 242c DC0F30B3 		.word	-1288695844
 2352 2430 3FEC11E9 		.word	-384701377
 2353 2434 C0D47FDF 		.word	-545270592
 2354 2438 A0CAF8B9 		.word	-1174877536
 2355 243c CF0CE0C9 		.word	-908063537
 2356 2440 FCCEE204 		.word	81972988
 2357 2444 073B1132 		.word	839990023
 2358 2448 EF350696 		.word	-1777977873
 2359 244c 39E9C760 		.word	1623714105
 2360 2450 C0DB0540 		.word	1074125760
 2361 2454 0E205869 		.word	1767383054
 2362 2458 FFFB2045 		.word	1159789567
 2363 245c B33E1E66 		.word	1713258163
 2364 2460 EC18A33D 		.word	1034098924
 2365 2464 1E588B4B 		.word	1267423262
 2366 2468 5C7623B6 		.word	-1239189924
 2367 246c 7FFA4F52 		.word	1380973183
 2368 2470 24312120 		.word	539046180
 2369 2474 31532FF4 		.word	-198225103
 2370 2478 D7DBA6D7 		.word	-676930601
 2371 247c DAF689C3 		.word	-1014368550
 2372 2480 FB257F09 		.word	159327739
 2373 2484 64B3CA1E 		.word	516600676
 2374 2488 0601F6A2 		.word	-1560936186
 2375 248c C67AB836 		.word	918059718
 2376 2490 E3FDC8AD 		.word	-1379336733
 2377 2494 E72478D8 		.word	-663214873
 2378 2498 F650F03B 		.word	1005605110
 2379 249c 4C5E0C44 		.word	1141661260
 2380 24a0 494210FB 		.word	-82820535
 2381 24a4 D3A49B30 		.word	815506643
 2382 24a8 092E9F2E 		.word	782183945
 2383 24ac E3C87F08 		.word	142592227
 2384 24b0 053943FD 		.word	-45926139
 2385 24b4 242E7FF7 		.word	-142660060
 2386 24b8 305EFF07 		.word	134176304
 2387 24bc EC380130 		.word	805386476
 2388 24c0 3046E70D 		.word	233260592
 2389 24c4 D85BF69B 		.word	-1678353448
 2390 24c8 D75A391F 		.word	523852503
 2391 24cc C10F50E8 		.word	-397406271
 2392 24d0 BA1B56B3 		.word	-1286202438
 2393 24d4 54F45424 		.word	609547348
 2394 24d8 D4E554BF 		.word	-1084955180
 2395 24dc 467F0E27 		.word	655261510
 2396 24e0 81EE41BF 		.word	-1086198143
 2397 24e4 2C97FF58 		.word	1493145388
 2398 24e8 4AE4DD0B 		.word	199091274
ARM GAS  /tmp/ccP16T4R.s 			page 43


 2399 24ec EEFBF0E0 		.word	-521077778
 2400 24f0 BA5D4AD7 		.word	-682992198
 2401 24f4 2BC55F4D 		.word	1298122027
 2402 24f8 2E7469B5 		.word	-1251380178
 2403 24fc 897AA5FA 		.word	-89818487
 2404 2500 07B61314 		.word	336836103
 2405 2504 33E6EE42 		.word	1122952755
 2406 2508 7FA8F34D 		.word	1307814015
 2407 250c 369B4799 		.word	-1723360458
 2408 2510 467237D6 		.word	-701009338
 2409 2514 FB46042C 		.word	738477819
 2410 2518 0343E7AD 		.word	-1377352957
 2411 251c 7FC348D1 		.word	-783760513
 2412 2520 902D2AC5 		.word	-987091568
 2413 2524 BE52CB09 		.word	164319934
 2414 2528 54671594 		.word	-1810536620
 2415 252c A80F1118 		.word	403771304
 2416 2530 4920C132 		.word	851517513
 2417 2534 0EAB0C62 		.word	1644997390
 2418 2538 CFCA317F 		.word	2133969615
 2419 253c E2F633C7 		.word	-952895774
 2420 2540 F8CDF1B1 		.word	-1309553160
 2421 2544 ABF3ADCC 		.word	-861015125
 2422 2548 0133A642 		.word	1118188289
 2423 254c D9160709 		.word	151459545
 2424 2550 F8EE81FB 		.word	-75370760
 2425 2554 96407688 		.word	-2005516138
 2426 2558 D533EBE8 		.word	-387238955
 2427 255c 7BE3D1DB 		.word	-607001733
 2428 2560 18C42E44 		.word	1143915544
 2429 2564 4EBF0BC3 		.word	-1022640306
 2430 2568 231EB1B2 		.word	-1297015261
 2431 256c 1D769B16 		.word	379287069
 2432 2570 F6EE184A 		.word	1243148022
 2433 2574 3AE7C60E 		.word	247916346
 2434 2578 DF79262B 		.word	723941855
 2435 257c 4606AA16 		.word	380241478
 2436 2580 ADDBD859 		.word	1507384237
 2437 2584 E43CE093 		.word	-1814020892
 2438 2588 1E127F34 		.word	880742942
 2439 258c F4E19624 		.word	613868020
 2440 2590 12CE5A7F 		.word	2136657426
 2441 2594 7CE95625 		.word	626452860
 2442 2598 96FF2035 		.word	891355030
 2443 259c CCEF43E8 		.word	-398200884
 2444 25a0 D43259F2 		.word	-229035308
 2445 25a4 D5E562D5 		.word	-714938923
 2446 25a8 2E04D5B4 		.word	-1261108178
 2447 25ac 3FC8D364 		.word	1691600959
 2448 25b0 FFCBFEA0 		.word	-1593914369
 2449 25b4 3C02DA44 		.word	1155138108
 2450 25b8 DC19001D 		.word	486545884
 2451 25bc 66BBDD18 		.word	417184614
 2452 25c0 85B47F17 		.word	394245253
 2453 25c4 BD42F020 		.word	552616637
 2454 25c8 BDC93B15 		.word	356239805
 2455 25cc B063B235 		.word	900883376
ARM GAS  /tmp/ccP16T4R.s 			page 44


 2456 25d0 E3A42907 		.word	120169699
 2457 25d4 08DF222F 		.word	790814472
 2458 25d8 F8C1EC06 		.word	116179448
 2459 25dc F87548A9 		.word	-1454869000
 2460 25e0 098F7F26 		.word	645893897
 2461 25e4 D1AA7B09 		.word	159099601
 2462 25e8 5C629FA4 		.word	-1533058468
 2463 25ec E94EE201 		.word	31608553
 2464 25f0 DFD5119A 		.word	-1710107169
 2465 25f4 E4F9C416 		.word	382007780
 2466 25f8 B7B84657 		.word	1464252599
 2467 25fc 0B98811E 		.word	511809547
 2468 2600 E008EA34 		.word	887752928
 2469 2604 5DE0A402 		.word	44359773
 2470 2608 352A28A0 		.word	-1607980491
 2471 260c 2E3A224E 		.word	1310865966
 2472 2610 EB186431 		.word	828643563
 2473 2614 9F5A2C15 		.word	355228319
 2474 2618 F8069326 		.word	647169784
 2475 261c 81B80A95 		.word	-1794459519
 2476 2620 76CACABC 		.word	-1127560586
 2477 2624 2ECF982A 		.word	714657582
 2478 2628 B9A8E3F4 		.word	-186406727
 2479 262c D1F0FC34 		.word	888991953
 2480 2630 13D50500 		.word	382227
 2481 2634 3920CEB1 		.word	-1311891399
 2482 2638 D70B25F1 		.word	-249230377
 2483 263c DFCAB7DD 		.word	-575157537
 2484 2640 B3F17FF8 		.word	-125832781
 2485 2644 E717D514 		.word	349509607
 2486 2648 040233EB 		.word	-348978684
 2487 264c 122ACE3D 		.word	1036921362
 2488 2650 9D0D35F0 		.word	-264958563
 2489 2654 E03440F2 		.word	-230673184
 2490 2658 BEA12283 		.word	-2094882370
 2491 265c 69F3BD62 		.word	1656615785
 2492 2660 E82FDC89 		.word	-1982058520
 2493 2664 55CA2984 		.word	-2077636011
 2494 2668 A9C6C652 		.word	1388758697
 2495 266c 7F02A8C5 		.word	-978845057
 2496 2670 42DF3052 		.word	1378934594
 2497 2674 A8989542 		.word	1117100200
 2498 2678 DF01E64F 		.word	1340473823
 2499 267c 9188F051 		.word	1374718097
 2500 2680 050D7130 		.word	812715269
 2501 2684 81303C4C 		.word	1279012993
 2502 2688 E2168444 		.word	1149507298
 2503 268c E8665AE1 		.word	-514169112
 2504 2690 2D7F0925 		.word	621379373
 2505 2694 24224745 		.word	1162289700
 2506 2698 794FB5FA 		.word	-88780935
 2507 269c 29EFF0F3 		.word	-202313943
 2508 26a0 D5F68D3B 		.word	999159509
 2509 26a4 44CF291A 		.word	438947652
 2510 26a8 3CCC372B 		.word	725077052
 2511 26ac D20E4735 		.word	893849298
 2512 26b0 6B81FC97 		.word	-1745059477
ARM GAS  /tmp/ccP16T4R.s 			page 45


 2513 26b4 12B332AD 		.word	-1389186286
 2514 26b8 96B8C94A 		.word	1254733974
 2515 26bc E7263D29 		.word	691873511
 2516 26c0 16FEBA3A 		.word	985333270
 2517 26c4 E514B003 		.word	61871333
 2518 26c8 E9BF8AE6 		.word	-427114519
 2519 26cc A5DF0507 		.word	117825445
 2520 26d0 3438D0EA 		.word	-355452876
 2521 26d4 281AEB47 		.word	1206589992
 2522 26d8 0F15BDBD 		.word	-1111681777
 2523 26dc 3098357F 		.word	2134218800
 2524 26e0 B30E36CB 		.word	-885649741
 2525 26e4 1D5CFC0F 		.word	268196893
 2526 26e8 0F05DF54 		.word	1423901967
 2527 26ec DAEDE709 		.word	166194650
 2528 26f0 60EDFFFF 		.word	-4768
 2529 26f4 92F3FFFF 		.word	-3182
 2530 26f8 0BF7FFFF 		.word	-2293
 2531 26fc ADEEFFFF 		.word	-4435
 2532 2700 48E1FFFF 		.word	-7864
 2533 2704 1EE9FFFF 		.word	-5858
 2534 2708 43CBFFFF 		.word	-13501
 2535 270c F7130000 		.word	5111
 2536 2710 19EAFFFF 		.word	-5607
 2537 2714 5EFAFFFF 		.word	-1442
 2538 2718 4B090000 		.word	2379
 2539 271c 8BCCFFFF 		.word	-13173
 2540 2720 4BFFFFFF 		.word	-181
 2541 2724 04ECFFFF 		.word	-5116
 2542 2728 3FD7FFFF 		.word	-10433
 2543 272c C3F1FFFF 		.word	-3645
 2544 2730 68ECFFFF 		.word	-5016
 2545 2734 C8EAFFFF 		.word	-5432
 2546 2738 0A070000 		.word	1802
 2547 273c 030A0000 		.word	2563
 2548 2740 E7F5FFFF 		.word	-2585
 2549 2744 05E3FFFF 		.word	-7419
 2550 2748 E9000000 		.word	233
 2551 274c 70F4FFFF 		.word	-2960
 2552 2750 310D0000 		.word	3377
 2553 2754 CA1B0000 		.word	7114
 2554 2758 4E070000 		.word	1870
 2555 275c 44170000 		.word	5956
 2556 2760 D9F8FFFF 		.word	-1831
 2557 2764 54DAFFFF 		.word	-9644
 2558 2768 75250000 		.word	9589
 2559 276c E7EEFFFF 		.word	-4377
 2560 2770 897F4423 		.word	591691657
 2561 2774 333ADC47 		.word	1205615155
 2562 2778 3BA2E9F8 		.word	-118906309
 2563 277c 102554DB 		.word	-615242480
 2564 2780 3DDABBD0 		.word	-792995267
 2565 2784 D727C925 		.word	633939927
 2566 2788 13764238 		.word	943879699
 2567 278c 9E3D46D6 		.word	-700039778
 2568 2790 4BB7B2C6 		.word	-961366197
 2569 2794 D90CDB2D 		.word	769330393
ARM GAS  /tmp/ccP16T4R.s 			page 46


 2570 2798 D9F4FD46 		.word	1191048409
 2571 279c 7FC5D8DC 		.word	-589773441
 2572 27a0 FC402317 		.word	388186364
 2573 27a4 1D0CB2FD 		.word	-38663139
 2574 27a8 5C4C20EB 		.word	-350204836
 2575 27ac FF32B3C4 		.word	-994888961
 2576 27b0 3DE234DC 		.word	-600513987
 2577 27b4 07EC9511 		.word	295037959
 2578 27b8 FD7F153B 		.word	991264765
 2579 27bc EC93F8B6 		.word	-1225223188
 2580 27c0 0C18D73E 		.word	1054283788
 2581 27c4 F4C04626 		.word	642171124
 2582 27c8 DBDFA0F5 		.word	-174006309
 2583 27cc C2BE62EA 		.word	-362627390
 2584 27d0 C15F5444 		.word	1146380225
 2585 27d4 6BFAF47F 		.word	2146761323
 2586 27d8 E4CDA75B 		.word	1537723876
 2587 27dc CAC67EE0 		.word	-528562486
 2588 27e0 E897F1E1 		.word	-504260632
 2589 27e4 0B5FD8BC 		.word	-1126670581
 2590 27e8 2C9F98F6 		.word	-157769940
 2591 27ec FAE52C33 		.word	858580474
 2592 27f0 A80FCA81 		.word	-2117464152
 2593 27f4 004C1E17 		.word	387861504
 2594 27f8 C5024F0A 		.word	172950213
 2595 27fc 7597A2E3 		.word	-475883659
 2596 2800 2FA84F66 		.word	1716496431
 2597 2804 1C70F0FD 		.word	-34574308
 2598 2808 31283ED5 		.word	-717346767
 2599 280c CBB149AE 		.word	-1370902069
 2600 2810 E513F591 		.word	-1846209563
 2601 2814 83CBF981 		.word	-2114335869
 2602 2818 F794858B 		.word	-1954179849
 2603 281c 120C8FF6 		.word	-158397422
 2604 2820 0195BB06 		.word	112956673
 2605 2824 C2B31C43 		.word	1125954498
 2606 2828 4AB5EAB7 		.word	-1209354934
 2607 282c 419592B1 		.word	-1315793599
 2608 2830 D7D58BAC 		.word	-1400121897
 2609 2834 BC32C912 		.word	315175612
 2610 2838 3ED3BCA4 		.word	-1531129026
 2611 283c 0EFAC7F8 		.word	-121112050
 2612 2840 AF94F000 		.word	15766703
 2613 2844 C91DB921 		.word	565779913
 2614 2848 6685E87F 		.word	2145944934
 2615 284c 49BC2EF7 		.word	-147932087
 2616 2850 CCA253C8 		.word	-934042932
 2617 2854 A7C2B798 		.word	-1732787545
 2618 2858 C17F5D6B 		.word	1801289665
 2619 285c CE8F9BDD 		.word	-577007666
 2620 2860 94F1B23C 		.word	1018360212
 2621 2864 F4B83EF0 		.word	-264324876
 2622 2868 C642F02B 		.word	737166022
 2623 286c 8C49F8C0 		.word	-1057470068
 2624 2870 A8F3F6E4 		.word	-453577816
 2625 2874 1C40C221 		.word	566378524
 2626 2878 0B0B1AA3 		.word	-1558574325
ARM GAS  /tmp/ccP16T4R.s 			page 47


 2627 287c 287DC37D 		.word	2109963560
 2628 2880 4AEDA60C 		.word	212266314
 2629 2884 3E1540D3 		.word	-750774978
 2630 2888 9CF31BE0 		.word	-535039076
 2631 288c 811BA124 		.word	614538113
 2632 2890 94C137BC 		.word	-1137196652
 2633 2894 2411E410 		.word	283382052
 2634 2898 F1B6A0FE 		.word	-23021839
 2635 289c BF942226 		.word	639800511
 2636 28a0 F4D296EA 		.word	-359214348
 2637 28a4 FB38FD2E 		.word	788347131
 2638 28a8 E1E08C3C 		.word	1015865569
 2639 28ac 977F1658 		.word	1477869463
 2640 28b0 3CF9D6B4 		.word	-1260979908
 2641 28b4 2BE4F746 		.word	1190650923
 2642 28b8 CCE5B53E 		.word	1052108236
 2643 28bc E40409E3 		.word	-485948188
 2644 28c0 12191F13 		.word	320805138
 2645 28c4 5EE43AE0 		.word	-533011362
 2646 28c8 0A81AAB8 		.word	-1196785398
 2647 28cc FDCAF8C1 		.word	-1040659715
 2648 28d0 9E3B4701 		.word	21445534
 2649 28d4 60245846 		.word	1180181600
 2650 28d8 298FEB26 		.word	652971817
 2651 28dc 491F06CE 		.word	-838459575
 2652 28e0 EE50EF4C 		.word	1290752238
 2653 28e4 037F70E0 		.word	-529498365
 2654 28e8 65D1B83E 		.word	1052299621
 2655 28ec 2953BC05 		.word	96228137
 2656 28f0 952D7F6C 		.word	1820274069
 2657 28f4 0F5AB6BF 		.word	-1078568433
 2658 28f8 21D1020F 		.word	251842849
 2659 28fc C7730260 		.word	1610773447
 2660 2900 EC9D49B5 		.word	-1253466644
 2661 2904 3F69DAFA 		.word	-86349505
 2662 2908 9891A0A0 		.word	-1600089704
 2663 290c 971814D0 		.word	-803989353
 2664 2910 DDCD8411 		.word	293916125
 2665 2914 E376EEE7 		.word	-403802397
 2666 2918 81DCCBE9 		.word	-372515711
 2667 291c 618125BB 		.word	-1155169951
 2668 2920 B5DA08F0 		.word	-267855179
 2669 2924 FC596402 		.word	40131068
 2670 2928 01F42481 		.word	-2128284671
 2671 292c BAA9D3CA 		.word	-892098118
 2672 2930 A2F88BAE 		.word	-1366558558
 2673 2934 21DF9ACA 		.word	-895819999
 2674 2938 3A95E781 		.word	-2115529414
 2675 293c F8DB2654 		.word	1411832824
 2676 2940 B2A101A9 		.word	-1459510862
 2677 2944 CED5332B 		.word	724817358
 2678 2948 1B305890 		.word	-1873268709
 2679 294c 5D16CCBA 		.word	-1161030051
 2680 2950 57B2755C 		.word	1551217239
 2681 2954 3AE081B2 		.word	-1300111302
 2682 2958 E7295A08 		.word	140126695
 2683 295c FBAEFE47 		.word	1207873275
ARM GAS  /tmp/ccP16T4R.s 			page 48


 2684 2960 61CEBFC2 		.word	-1027617183
 2685 2964 C805FF94 		.word	-1795226168
 2686 2968 29700934 		.word	873033769
 2687 296c 95E91CF9 		.word	-115545707
 2688 2970 179381B0 		.word	-1333685481
 2689 2974 93E0EAE9 		.word	-370483053
 2690 2978 EE09D543 		.word	1138035182
 2691 297c 59CB0ED0 		.word	-804336807
 2692 2980 96C52DB9 		.word	-1188182634
 2693 2984 36F04945 		.word	1162473526
 2694 2988 727C4A17 		.word	390757490
 2695 298c C59B75C4 		.word	-998925371
 2696 2990 05FF1500 		.word	1441541
 2697 2994 EFBB0B1B 		.word	453753839
 2698 2998 3915289F 		.word	-1624763079
 2699 299c 2FE81A23 		.word	588965935
 2700 29a0 7F05E32D 		.word	769852799
 2701 29a4 B1641909 		.word	152659121
 2702 29a8 F565B051 		.word	1370514933
 2703 29ac 2CE1F9CB 		.word	-872816340
 2704 29b0 5C29042E 		.word	772024668
 2705 29b4 96C8A8BB 		.word	-1146566506
 2706 29b8 A77FFF63 		.word	1677688743
 2707 29bc E9C8E0AC 		.word	-1394554647
 2708 29c0 53073BAE 		.word	-1371863213
 2709 29c4 7708004E 		.word	1308625015
 2710 29c8 8C05FCDB 		.word	-604240500
 2711 29cc 7A3652D1 		.word	-783141254
 2712 29d0 395AE37F 		.word	2145606201
 2713 29d4 4461FA0C 		.word	217735492
 2714 29d8 E7F44603 		.word	54981863
 2715 29dc 184C4E36 		.word	911100952
 2716 29e0 1A24CCE1 		.word	-506715110
 2717 29e4 D4D92524 		.word	606460372
 2718 29e8 0F04ED00 		.word	15533071
 2719 29ec 1BF0DFA9 		.word	-1444941797
 2720 29f0 8126FB23 		.word	603661953
 2721 29f4 15EEAB44 		.word	1152118293
 2722 29f8 E004F9CA 		.word	-889649952
 2723 29fc B1B75B0E 		.word	240891825
 2724 2a00 92E03246 		.word	1177739410
 2725 2a04 A9D89F13 		.word	329242793
 2726 2a08 0E31B571 		.word	1907699982
 2727 2a0c 03549D25 		.word	631067651
 2728 2a10 001E11CC 		.word	-871293440
 2729 2a14 0EC3E34E 		.word	1323549454
 2730 2a18 1C2125D2 		.word	-769318628
 2731 2a1c B4C33590 		.word	-1875524684
 2732 2a20 EE26CBF6 		.word	-154458386
 2733 2a24 B5E71E98 		.word	-1742805067
 2734 2a28 C031A645 		.word	1168519616
 2735 2a2c 81EFF2C9 		.word	-906825855
 2736 2a30 00D507F3 		.word	-217590528
 2737 2a34 CD0C1BEC 		.word	-333771571
 2738 2a38 0E2B7F13 		.word	327101198
 2739 2a3c 31C51A06 		.word	102417713
 2740 2a40 4117F9DF 		.word	-537323711
ARM GAS  /tmp/ccP16T4R.s 			page 49


 2741 2a44 A7D427F1 		.word	-249047897
 2742 2a48 1D694A64 		.word	1682598173
 2743 2a4c 2E1EDCA6 		.word	-1495523794
 2744 2a50 0839A0C2 		.word	-1029687032
 2745 2a54 B872D396 		.word	-1764527432
 2746 2a58 F7963060 		.word	1613797111
 2747 2a5c E9D9EF69 		.word	1777326569
 2748 2a60 D9CAFEBB 		.word	-1140929831
 2749 2a64 C611D0FE 		.word	-19918394
 2750 2a68 E181FEF2 		.word	-218201631
 2751 2a6c CF642001 		.word	18900175
 2752 2a70 69E7FFFF 		.word	-6295
 2753 2a74 02030000 		.word	770
 2754 2a78 0C160000 		.word	5644
 2755 2a7c 6E0F0000 		.word	3950
 2756 2a80 E0050000 		.word	1504
 2757 2a84 FE4E0000 		.word	20222
 2758 2a88 D92F0000 		.word	12249
 2759 2a8c A12F0000 		.word	12193
 2760 2a90 8B180000 		.word	6283
 2761 2a94 C22D0000 		.word	11714
 2762 2a98 1C160000 		.word	5660
 2763 2a9c DDCEFFFF 		.word	-12579
 2764 2aa0 AA170000 		.word	6058
 2765 2aa4 64300000 		.word	12388
 2766 2aa8 8C2B0000 		.word	11148
 2767 2aac 2AFFFFFF 		.word	-214
 2768 2ab0 4F150000 		.word	5455
 2769 2ab4 45E6FFFF 		.word	-6587
 2770 2ab8 93F2FFFF 		.word	-3437
 2771 2abc 76DEFFFF 		.word	-8586
 2772 2ac0 9E230000 		.word	9118
 2773 2ac4 2D290000 		.word	10541
 2774 2ac8 D4E5FFFF 		.word	-6700
 2775 2acc B4250000 		.word	9652
 2776 2ad0 ED493A52 		.word	1379551725
 2777 2ad4 2F22FD51 		.word	1375543855
 2778 2ad8 DAF0EE43 		.word	1139732698
 2779 2adc EC2B2884 		.word	-2077742100
 2780 2ae0 3CD100DB 		.word	-620703428
 2781 2ae4 350CB581 		.word	-2118841291
 2782 2ae8 021BC954 		.word	1422465794
 2783 2aec 1BEBE707 		.word	132639515
 2784 2af0 B61E0D0B 		.word	185409206
 2785 2af4 D1235E5A 		.word	1516118993
 2786 2af8 67CE15ED 		.word	-317338009
 2787 2afc 2A30C823 		.word	600322090
 2788 2b00 D8BE3CBD 		.word	-1120092456
 2789 2b04 D41C2BF1 		.word	-248832812
 2790 2b08 EE3C07F8 		.word	-133743378
 2791 2b0c AE813617 		.word	389448110
 2792 2b10 905CD528 		.word	685071504
 2793 2b14 7F0F896F 		.word	1871253375
 2794 2b18 E3ACB319 		.word	431205603
 2795 2b1c EE67A028 		.word	681601006
 2796 2b20 1FC133EC 		.word	-332152545
 2797 2b24 21FBAC36 		.word	917306145
ARM GAS  /tmp/ccP16T4R.s 			page 50


 2798 2b28 CBEA9338 		.word	949217995
 2799 2b2c 83524AD0 		.word	-800435581
 2800 2b30 FC4CBDD4 		.word	-725791492
 2801 2b34 F0440AA2 		.word	-1576385296
 2802 2b38 BFDE503C 		.word	1011932863
 2803 2b3c DC06AF38 		.word	950994652
 2804 2b40 BDE5EA30 		.word	820700605
 2805 2b44 F2F821D4 		.word	-735971086
 2806 2b48 F3E7DFE1 		.word	-505419789
 2807 2b4c 7FAEC8D4 		.word	-725045633
 2808 2b50 2C91B906 		.word	112824620
 2809 2b54 D539F815 		.word	368589269
 2810 2b58 9F5C03CC 		.word	-872194913
 2811 2b5c EBDB322F 		.word	791862251
 2812 2b60 D4F81EF0 		.word	-266405676
 2813 2b64 6638700A 		.word	175126630
 2814 2b68 0330552C 		.word	743780355
 2815 2b6c 81170E11 		.word	286136193
 2816 2b70 A1F21570 		.word	1880486561
 2817 2b74 21DBBE0E 		.word	247388961
 2818 2b78 DA0EAE49 		.word	1236143834
 2819 2b7c F7994F0B 		.word	189766135
 2820 2b80 43E903C8 		.word	-939267773
 2821 2b84 04317FEF 		.word	-276877052
 2822 2b88 45B9DFAE 		.word	-1361069755
 2823 2b8c BE2BAC32 		.word	850144190
 2824 2b90 EC0ACAE2 		.word	-490075412
 2825 2b94 070D33B0 		.word	-1338831609
 2826 2b98 0CD00545 		.word	1158008844
 2827 2b9c 8F05FC81 		.word	-2114189937
 2828 2ba0 9BC54642 		.word	1111934363
 2829 2ba4 C817F1FC 		.word	-51308600
 2830 2ba8 BD4E263D 		.word	1025920701
 2831 2bac 545CCD0D 		.word	231562324
 2832 2bb0 0EEBF207 		.word	133360398
 2833 2bb4 7F2FEA2C 		.word	753545087
 2834 2bb8 C6F5D2B8 		.word	-1194134074
 2835 2bbc 3CB6BFB4 		.word	-1262504388
 2836 2bc0 04874CC3 		.word	-1018394876
 2837 2bc4 1DF16929 		.word	694808861
 2838 2bc8 D8CA2DE6 		.word	-433206568
 2839 2bcc 60DC4F22 		.word	575659104
 2840 2bd0 FEEC4321 		.word	558099710
 2841 2bd4 F0CF12D9 		.word	-653078544
 2842 2bd8 FD38E929 		.word	703150333
 2843 2bdc D2D13952 		.word	1379520978
 2844 2be0 F2D74BD9 		.word	-649340942
 2845 2be4 0C06E30C 		.word	216204812
 2846 2be8 FFE0EB2D 		.word	770433279
 2847 2bec 7FE4F530 		.word	821421183
 2848 2bf0 542A630A 		.word	174271060
 2849 2bf4 C6F1D1D1 		.word	-774770234
 2850 2bf8 842EE339 		.word	971189892
 2851 2bfc 8C25B051 		.word	1370498444
 2852 2c00 F27F941F 		.word	529825778
 2853 2c04 E9B85C96 		.word	-1772308247
 2854 2c08 1AFFAF62 		.word	1655701274
ARM GAS  /tmp/ccP16T4R.s 			page 51


 2855 2c0c C8DEEF50 		.word	1357897416
 2856 2c10 7FB414A0 		.word	-1609255809
 2857 2c14 A3F1FAE7 		.word	-402984541
 2858 2c18 B4F0F04C 		.word	1290858676
 2859 2c1c 05C743D6 		.word	-700201211
 2860 2c20 52302ABD 		.word	-1121308590
 2861 2c24 0BB213CC 		.word	-871124469
 2862 2c28 C5DAD812 		.word	316201669
 2863 2c2c 4CC1EAFB 		.word	-68501172
 2864 2c30 D0DAEBF9 		.word	-101983536
 2865 2c34 A9C92FB9 		.word	-1188050519
 2866 2c38 272D7A81 		.word	-2122699481
 2867 2c3c 49E4C65C 		.word	1556538441
 2868 2c40 1FC49AA2 		.word	-1566915553
 2869 2c44 AA6EBC6C 		.word	1824288426
 2870 2c48 12EC98F7 		.word	-140973038
 2871 2c4c BF3062C1 		.word	-1050529601
 2872 2c50 44BB6BE7 		.word	-412370108
 2873 2c54 9FDCF7F2 		.word	-218637153
 2874 2c58 5A6815E1 		.word	-518690726
 2875 2c5c 7FD7AFD5 		.word	-709896321
 2876 2c60 C5054AF0 		.word	-263584315
 2877 2c64 C54FB9D5 		.word	-709275707
 2878 2c68 10D41B63 		.word	1662768144
 2879 2c6c 22EC890E 		.word	243919906
 2880 2c70 3697DAA6 		.word	-1495623882
 2881 2c74 A0AA55FC 		.word	-61494624
 2882 2c78 9ECF7FDB 		.word	-612380770
 2883 2c7c AC08C8B2 		.word	-1295513428
 2884 2c80 FCBD60B0 		.word	-1335837188
 2885 2c84 BEC9BC4E 		.word	1320995262
 2886 2c88 5934FD14 		.word	352138329
 2887 2c8c 611C3EDB 		.word	-616686495
 2888 2c90 F8EAA05A 		.word	1520495352
 2889 2c94 2E445FFB 		.word	-77642706
 2890 2c98 3BBF59AB 		.word	-1420181701
 2891 2c9c 8ED92E2D 		.word	758045070
 2892 2ca0 283311AA 		.word	-1441713368
 2893 2ca4 1583E89F 		.word	-1612152043
 2894 2ca8 A118812B 		.word	729880737
 2895 2cac 451DC626 		.word	650517829
 2896 2cb0 7FC534DD 		.word	-583744129
 2897 2cb4 09589634 		.word	882268169
 2898 2cb8 2CFA3470 		.word	1882520108
 2899 2cbc 14BF1EEA 		.word	-367083756
 2900 2cc0 C1E95D27 		.word	660466113
 2901 2cc4 ACE052E0 		.word	-531439444
 2902 2cc8 2FC91CB3 		.word	-1289959121
 2903 2ccc E3CDC404 		.word	80006627
 2904 2cd0 444008E4 		.word	-469221308
 2905 2cd4 1DB7C606 		.word	113686301
 2906 2cd8 2817C2E6 		.word	-423487704
 2907 2cdc D7581751 		.word	1360484567
 2908 2ce0 C94C6215 		.word	358763721
 2909 2ce4 22F72EF0 		.word	-265357534
 2910 2ce8 BD7D6C8C 		.word	-1939046979
 2911 2cec 3DE8477F 		.word	2135418941
ARM GAS  /tmp/ccP16T4R.s 			page 52


 2912 2cf0 99F705AF 		.word	-1358563431
 2913 2cf4 14FB5571 		.word	1901460244
 2914 2cf8 7FC85E20 		.word	543082623
 2915 2cfc 1D0F13C5 		.word	-988606691
 2916 2d00 B211AAF3 		.word	-206958158
 2917 2d04 42EFD80A 		.word	181989186
 2918 2d08 5BCA3E3E 		.word	1044302427
 2919 2d0c 5CAA4747 		.word	1195879004
 2920 2d10 21323DE6 		.word	-432197087
 2921 2d14 7FAC431E 		.word	507751551
 2922 2d18 363353DC 		.word	-598527178
 2923 2d1c 14DB29E6 		.word	-433464556
 2924 2d20 1034FB11 		.word	301675536
 2925 2d24 D9CAB5E3 		.word	-474625319
 2926 2d28 D52A00AA 		.word	-1442829611
 2927 2d2c EC9F6239 		.word	962764780
 2928 2d30 495F31DA 		.word	-634298551
 2929 2d34 132A1F0E 		.word	236923411
 2930 2d38 6AF4D997 		.word	-1747323798
 2931 2d3c 2DC0E098 		.word	-1730101203
 2932 2d40 A5B7297F 		.word	2133440421
 2933 2d44 F1E006EA 		.word	-368647951
 2934 2d48 D0F044C3 		.word	-1018892080
 2935 2d4c 3D086D99 		.word	-1720907715
 2936 2d50 B8291FEE 		.word	-299947592
 2937 2d54 E6D34C6C 		.word	1816974310
 2938 2d58 FDB7E3CE 		.word	-823937027
 2939 2d5c CC7F2F76 		.word	1982824396
 2940 2d60 2F91242D 		.word	757371183
 2941 2d64 F9FE978C 		.word	-1936195847
 2942 2d68 180E1F5D 		.word	1562316312
 2943 2d6c 535D381E 		.word	507010387
 2944 2d70 AB2CD1F5 		.word	-170840917
 2945 2d74 8EAE1F17 		.word	387952270
 2946 2d78 22E8FBC8 		.word	-923015134
 2947 2d7c BF4AFEC1 		.word	-1040299329
 2948 2d80 054B9131 		.word	831605509
 2949 2d84 F39CD5C1 		.word	-1042965261
 2950 2d88 F7F53DDD 		.word	-583141897
 2951 2d8c 7F0CD714 		.word	349637759
 2952 2d90 E724DAE8 		.word	-388356889
 2953 2d94 D28E1F6D 		.word	1830784722
 2954 2d98 62ED12F9 		.word	-116200094
 2955 2d9c D6343D30 		.word	809317590
 2956 2da0 46DF32F0 		.word	-265101498
 2957 2da4 58399924 		.word	614021464
 2958 2da8 417FDDF8 		.word	-119701695
 2959 2dac A394F54E 		.word	1324717219
 2960 2db0 47ADA6ED 		.word	-307843769
 2961 2db4 9B3D53EC 		.word	-330089061
 2962 2db8 DA819397 		.word	-1751940646
 2963 2dbc FE987706 		.word	108501246
 2964 2dc0 CBC726BC 		.word	-1138309173
 2965 2dc4 1ACB1CB5 		.word	-1256404198
 2966 2dc8 AE2D6DC6 		.word	-965923410
 2967 2dcc 3DE5F1E6 		.word	-420354755
 2968 2dd0 2B000000 		.word	43
ARM GAS  /tmp/ccP16T4R.s 			page 53


 2969 2dd4 A8000000 		.word	168
 2970 2dd8 B61D0000 		.word	7606
 2971 2ddc 240B0000 		.word	2852
 2972 2de0 DAF9FFFF 		.word	-1574
 2973 2de4 300B0000 		.word	2864
 2974 2de8 C6120000 		.word	4806
 2975 2dec A4FDFFFF 		.word	-604
 2976 2df0 90EFFFFF 		.word	-4208
 2977 2df4 5F0C0000 		.word	3167
 2978 2df8 6E140000 		.word	5230
 2979 2dfc 8F190000 		.word	6543
 2980 2e00 03F9FFFF 		.word	-1789
 2981 2e04 7B140000 		.word	5243
 2982 2e08 521A0000 		.word	6738
 2983 2e0c 9CF3FFFF 		.word	-3172
 2984 2e10 DBE0FFFF 		.word	-7973
 2985 2e14 BEEDFFFF 		.word	-4674
 2986 2e18 AEF4FFFF 		.word	-2898
 2987 2e1c A5F7FFFF 		.word	-2139
 2988 2e20 18E7FFFF 		.word	-6376
 2989 2e24 0E180000 		.word	6158
 2990 2e28 96F4FFFF 		.word	-2922
 2991 2e2c 4C290000 		.word	10572
 2992 2e30 A2A5810F 		.word	260154786
 2993 2e34 5AA1DE54 		.word	1423876442
 2994 2e38 FFB029B1 		.word	-1322667777
 2995 2e3c C5D602E2 		.word	-503130427
 2996 2e40 381CA50E 		.word	245701688
 2997 2e44 C268A45B 		.word	1537501378
 2998 2e48 413BD7BA 		.word	-1160299711
 2999 2e4c 06A7E3C0 		.word	-1058822394
 3000 2e50 022B7F4D 		.word	1300179714
 3001 2e54 2230D0C4 		.word	-992989150
 3002 2e58 C447F4EF 		.word	-269203516
 3003 2e5c 84D7D34D 		.word	1305728900
 3004 2e60 DBEDC725 		.word	633859547
 3005 2e64 B41DACD7 		.word	-676586060
 3006 2e68 A8423646 		.word	1177961128
 3007 2e6c 318AA572 		.word	1923451441
 3008 2e70 28C61566 		.word	1712703016
 3009 2e74 4381C2A2 		.word	-1564311229
 3010 2e78 3B44FC47 		.word	1207714875
 3011 2e7c 829C3EF6 		.word	-163668862
 3012 2e80 5481CA29 		.word	701137236
 3013 2e84 2E380717 		.word	386349102
 3014 2e88 01F668E0 		.word	-529992191
 3015 2e8c D1FD505C 		.word	1548811729
 3016 2e90 8665CD31 		.word	835544454
 3017 2e94 1DF5E311 		.word	300152093
 3018 2e98 2D81C854 		.word	1422426413
 3019 2e9c 4531221E 		.word	505557317
 3020 2ea0 D31EFF1C 		.word	486481619
 3021 2ea4 D5D0E850 		.word	1357435093
 3022 2ea8 8B9EC645 		.word	1170644619
 3023 2eac AD7D366F 		.word	1865842093
 3024 2eb0 C9E68501 		.word	25552585
 3025 2eb4 C926D1DC 		.word	-590272823
ARM GAS  /tmp/ccP16T4R.s 			page 54


 3026 2eb8 8F2A81F0 		.word	-259970417
 3027 2ebc 20CD304E 		.word	1311821088
 3028 2ec0 07F80332 		.word	839120903
 3029 2ec4 E1AA7F97 		.word	-1753240863
 3030 2ec8 A2E2B33B 		.word	1001644706
 3031 2ecc F259F8D4 		.word	-721921550
 3032 2ed0 E75DB9FC 		.word	-54960665
 3033 2ed4 EDBF03FD 		.word	-50085907
 3034 2ed8 F9A3B181 		.word	-2119064583
 3035 2edc 4D3BA491 		.word	-1851507891
 3036 2ee0 9CFFC1B5 		.word	-1245577316
 3037 2ee4 E427ED0B 		.word	200091620
 3038 2ee8 40CD4D62 		.word	1649265984
 3039 2eec F0AC6A07 		.word	124431600
 3040 2ef0 04AC102B 		.word	722512900
 3041 2ef4 DC1CD893 		.word	-1814553380
 3042 2ef8 1838FF19 		.word	436156440
 3043 2efc FF815457 		.word	1465156095
 3044 2f00 CD05A9E4 		.word	-458684979
 3045 2f04 76DDB5D2 		.word	-759833226
 3046 2f08 874141D1 		.word	-784252537
 3047 2f0c 86A4F297 		.word	-1745705850
 3048 2f10 B767A32C 		.word	748906423
 3049 2f14 53B37A93 		.word	-1820675245
 3050 2f18 81D8F1AC 		.word	-1393436543
 3051 2f1c 06182A29 		.word	690624518
 3052 2f20 44D06453 		.word	1399115844
 3053 2f24 5BDDA705 		.word	94887259
 3054 2f28 4B177F9F 		.word	-1619060917
 3055 2f2c 493D2FE8 		.word	-399557303
 3056 2f30 B6B1BF5A 		.word	1522512310
 3057 2f34 EF202A5E 		.word	1579819247
 3058 2f38 335211B3 		.word	-1290710477
 3059 2f3c 647F0440 		.word	1074036580
 3060 2f40 D645B7EC 		.word	-323533354
 3061 2f44 CCAFC322 		.word	583249868
 3062 2f48 49506CEF 		.word	-278114231
 3063 2f4c A91F3D24 		.word	607985577
 3064 2f50 7FDEF636 		.word	922148479
 3065 2f54 CF54EBD6 		.word	-689220401
 3066 2f58 E026EA9B 		.word	-1679153440
 3067 2f5c 320F25E2 		.word	-500887758
 3068 2f60 B94D242A 		.word	707022265
 3069 2f64 6AA26CFA 		.word	-93543830
 3070 2f68 A2C7D020 		.word	550553506
 3071 2f6c 6708E15C 		.word	1558251623
 3072 2f70 EFA957A6 		.word	-1504204305
 3073 2f74 DEA28160 		.word	1619108574
 3074 2f78 FAFFE912 		.word	317325306
 3075 2f7c 4665DE33 		.word	870212934
 3076 2f80 2C36D4E3 		.word	-472631764
 3077 2f84 D3DB2217 		.word	388160467
 3078 2f88 1EB8B4BA 		.word	-1162561506
 3079 2f8c CA5F44C9 		.word	-918265910
 3080 2f90 B913BE4D 		.word	1304302521
 3081 2f94 F77F0701 		.word	17268727
 3082 2f98 D6A65DBB 		.word	-1151490346
ARM GAS  /tmp/ccP16T4R.s 			page 55


 3083 2f9c C4CF89DE 		.word	-561393724
 3084 2fa0 81F4C1EE 		.word	-289278847
 3085 2fa4 A4CD31C8 		.word	-936260188
 3086 2fa8 A3F1FA19 		.word	435876259
 3087 2fac 42FD7ACE 		.word	-830800574
 3088 2fb0 ADC9812E 		.word	780257709
 3089 2fb4 4EC60D13 		.word	319669838
 3090 2fb8 CE07F0B8 		.word	-1192228914
 3091 2fbc 20029BCC 		.word	-862256608
 3092 2fc0 D72B041F 		.word	520367063
 3093 2fc4 27BB2DD1 		.word	-785532121
 3094 2fc8 D3ADDA13 		.word	333098451
 3095 2fcc 240E7001 		.word	24120868
 3096 2fd0 184808FB 		.word	-83343336
 3097 2fd4 8FF4EF4A 		.word	1257239695
 3098 2fd8 18D88153 		.word	1401018392
 3099 2fdc F404D555 		.word	1440023796
 3100 2fe0 19195902 		.word	39393561
 3101 2fe4 8A11E0E4 		.word	-455077494
 3102 2fe8 EE4E4BAB 		.word	-1421127954
 3103 2fec 5137591B 		.word	458831697
 3104 2ff0 FA3934FF 		.word	-13354502
 3105 2ff4 7881C2A8 		.word	-1463647880
 3106 2ff8 C2D8FDFF 		.word	-141118
 3107 2ffc 81ECEFA4 		.word	-1527780223
 3108 3000 FCB3A0EE 		.word	-291458052
 3109 3004 0C42D302 		.word	47399436
 3110 3008 F50FCBA3 		.word	-1546973195
 3111 300c E029AF40 		.word	1085221344
 3112 3010 515319EC 		.word	-333884591
 3113 3014 C5BDECB5 		.word	-1242776123
 3114 3018 A96581D7 		.word	-679385687
 3115 301c 36CEF9EC 		.word	-319173066
 3116 3020 2CE0F4DF 		.word	-537599956
 3117 3024 B440A59E 		.word	-1633337164
 3118 3028 BEF34B5F 		.word	1598813118
 3119 302c 23B9CA47 		.word	1204468003
 3120 3030 F8BA3648 		.word	1211546360
 3121 3034 A5337F3C 		.word	1014969253
 3122 3038 558CECA9 		.word	-1444115371
 3123 303c D60A0800 		.word	527062
 3124 3040 6ABC7FCB 		.word	-880821142
 3125 3044 A0C6200C 		.word	203474592
 3126 3048 78DB9914 		.word	345627512
 3127 304c C3CA16BF 		.word	-1089025341
 3128 3050 563D2256 		.word	1445084502
 3129 3054 BB882E68 		.word	1747880123
 3130 3058 7FFF9CD4 		.word	-727908481
 3131 305c 082E44F9 		.word	-112972280
 3132 3060 E2B40338 		.word	939767010
 3133 3064 A2D870BA 		.word	-1167009630
 3134 3068 B717CF97 		.word	-1748035657
 3135 306c 3869C354 		.word	1422092600
 3136 3070 350F0000 		.word	3893
 3137 3074 B4050000 		.word	1460
 3138 3078 11190000 		.word	6417
 3139 307c 8FFFFFFF 		.word	-113
ARM GAS  /tmp/ccP16T4R.s 			page 56


 3140 3080 7D060000 		.word	1661
 3141 3084 B11A0000 		.word	6833
 3142 3088 28130000 		.word	4904
 3143 308c 1F190000 		.word	6431
 3144 3090 42140000 		.word	5186
 3145 3094 041F0000 		.word	7940
 3146 3098 AAEDFFFF 		.word	-4694
 3147 309c 96E3FFFF 		.word	-7274
 3148 30a0 8DF4FFFF 		.word	-2931
 3149 30a4 510F0000 		.word	3921
 3150 30a8 00070000 		.word	1792
 3151 30ac F6230000 		.word	9206
 3152 30b0 F11B0000 		.word	7153
 3153 30b4 A8F7FFFF 		.word	-2136
 3154 30b8 8DF2FFFF 		.word	-3443
 3155 30bc 68210000 		.word	8552
 3156 30c0 261C0000 		.word	7206
 3157 30c4 F7FCFFFF 		.word	-777
 3158 30c8 F9F7FFFF 		.word	-2055
 3159 30cc 0B000000 		.word	11
 3160 30d0 B55A36AB 		.word	-1422501195
 3161 30d4 63783E4A 		.word	1245608035
 3162 30d8 28150DF7 		.word	-150137560
 3163 30dc 815B07D0 		.word	-804824191
 3164 30e0 1501E8B1 		.word	-1310195435
 3165 30e4 51CDE7E6 		.word	-421016239
 3166 30e8 05553521 		.word	557143301
 3167 30ec 52711F1A 		.word	438268242
 3168 30f0 6CF203D6 		.word	-704384404
 3169 30f4 E23DD957 		.word	1473854946
 3170 30f8 44DC1BD9 		.word	-652485564
 3171 30fc 7FD20925 		.word	621400703
 3172 3100 078198D9 		.word	-644316921
 3173 3104 B3E0BDF2 		.word	-222437197
 3174 3108 4119163E 		.word	1041635649
 3175 310c 19D22EE7 		.word	-416361959
 3176 3110 15C7D1F4 		.word	-187578603
 3177 3114 3DBBBD2B 		.word	733854525
 3178 3118 BAE139BF 		.word	-1086725702
 3179 311c 1024E4BC 		.word	-1125899248
 3180 3120 3517112C 		.word	739317557
 3181 3124 5318C039 		.word	968890451
 3182 3128 81929DCE 		.word	-828534143
 3183 312c 6A1FE852 		.word	1390944106
 3184 3130 D2ED0538 		.word	939912658
 3185 3134 FFB7812A 		.word	713144319
 3186 3138 87A6B0F5 		.word	-172972409
 3187 313c F5F5CC0B 		.word	197981685
 3188 3140 E20914B1 		.word	-1324086814
 3189 3144 2426ED89 		.word	-1980946908
 3190 3148 F460A5F6 		.word	-156933900
 3191 314c B4A22881 		.word	-2128043340
 3192 3150 40D59A48 		.word	1218106688
 3193 3154 A7B333B7 		.word	-1221348441
 3194 3158 9928DB5A 		.word	1524312217
 3195 315c D14A4B2A 		.word	709577425
 3196 3160 280C23B0 		.word	-1339880408
ARM GAS  /tmp/ccP16T4R.s 			page 57


 3197 3164 0929BDBC 		.word	-1128453879
 3198 3168 04961207 		.word	118658564
 3199 316c 22F6B2D8 		.word	-659360222
 3200 3170 96122E04 		.word	70128278
 3201 3174 D1812DBC 		.word	-1137868335
 3202 3178 25020000 		.word	549
 3203 317c 54050000 		.word	1364
 3204 3180 A5FDFFFF 		.word	-603
 3205 3184 56000000 		.word	86
 3206 3188 C8FEFFFF 		.word	-312
 3207 318c B4FCFFFF 		.word	-844
 3208 3190 29FCFFFF 		.word	-983
 3209 3194 00000000 		.word	0
 3210              		.global	g_network_activations_table
 3211              		.section	.data.g_network_activations_table,"aw"
 3212              		.align	2
 3215              	g_network_activations_table:
 3216 0000 DECAFAA1 		.word	-1577399586
 3217 0004 00000000 		.word	0
 3218 0008 DECAFAA1 		.word	-1577399586
 3219              		.text
 3220              	.Letext0:
 3221              		.file 2 "/opt/st/stm32cubeclt_1.20.0/GNU-tools-for-STM32/arm-none-eabi/include/machine/_default_ty
 3222              		.file 3 "/opt/st/stm32cubeclt_1.20.0/GNU-tools-for-STM32/arm-none-eabi/include/sys/_stdint.h"
 3223              		.file 4 "Middlewares/ST/AI/Inc/ai_platform.h"
 3224              		.file 5 "X-CUBE-AI/App/network_data_params.h"
ARM GAS  /tmp/ccP16T4R.s 			page 58


DEFINED SYMBOLS
                            *ABS*:00000000 network_data_params.c
     /tmp/ccP16T4R.s:26     .data.g_network_weights_table:00000000 g_network_weights_table
     /tmp/ccP16T4R.s:23     .data.g_network_weights_table:00000000 $d
     /tmp/ccP16T4R.s:35     .rodata.s_network_weights_array_u64:00000000 s_network_weights_array_u64
     /tmp/ccP16T4R.s:32     .rodata.s_network_weights_array_u64:00000000 $d
     /tmp/ccP16T4R.s:3215   .data.g_network_activations_table:00000000 g_network_activations_table
     /tmp/ccP16T4R.s:3212   .data.g_network_activations_table:00000000 $d

NO UNDEFINED SYMBOLS
