ARM GAS  /tmp/cc5QMZ95.s 			page 1


   1              		.cpu cortex-m33
   2              		.arch armv8-m.main
   3              		.fpu fpv5-sp-d16
   4              		.arch_extension dsp
   5              		.eabi_attribute 27, 1
   6              		.eabi_attribute 28, 1
   7              		.eabi_attribute 20, 1
   8              		.eabi_attribute 21, 1
   9              		.eabi_attribute 23, 3
  10              		.eabi_attribute 24, 1
  11              		.eabi_attribute 25, 1
  12              		.eabi_attribute 26, 1
  13              		.eabi_attribute 30, 1
  14              		.eabi_attribute 34, 1
  15              		.eabi_attribute 18, 4
  16              		.file	"network.c"
  17              		.text
  18              	.Ltext0:
  19              		.cfi_sections	.debug_frame
  20              		.file 1 "X-CUBE-AI/App/network.c"
  21              		.section	.text.network_configure_weights,"ax",%progbits
  22              		.align	1
  23              		.syntax unified
  24              		.thumb
  25              		.thumb_func
  27              	network_configure_weights:
  28              	.LVL0:
  29              	.LFB5:
   1:X-CUBE-AI/App/network.c **** /**
   2:X-CUBE-AI/App/network.c ****   ******************************************************************************
   3:X-CUBE-AI/App/network.c ****   * @file    network.c
   4:X-CUBE-AI/App/network.c ****   * @author  AST Embedded Analytics Research Platform
   5:X-CUBE-AI/App/network.c ****   * @date    2026-05-31T11:42:35+0200
   6:X-CUBE-AI/App/network.c ****   * @brief   AI Tool Automatic Code Generator for Embedded NN computing
   7:X-CUBE-AI/App/network.c ****   ******************************************************************************
   8:X-CUBE-AI/App/network.c ****   * @attention
   9:X-CUBE-AI/App/network.c ****   *
  10:X-CUBE-AI/App/network.c ****   * Copyright (c) 2026 STMicroelectronics.
  11:X-CUBE-AI/App/network.c ****   * All rights reserved.
  12:X-CUBE-AI/App/network.c ****   *
  13:X-CUBE-AI/App/network.c ****   * This software is licensed under terms that can be found in the LICENSE file
  14:X-CUBE-AI/App/network.c ****   * in the root directory of this software component.
  15:X-CUBE-AI/App/network.c ****   * If no LICENSE file comes with this software, it is provided AS-IS.
  16:X-CUBE-AI/App/network.c ****   ******************************************************************************
  17:X-CUBE-AI/App/network.c ****   */
  18:X-CUBE-AI/App/network.c **** 
  19:X-CUBE-AI/App/network.c **** 
  20:X-CUBE-AI/App/network.c **** #include "network.h"
  21:X-CUBE-AI/App/network.c **** #include "network_data.h"
  22:X-CUBE-AI/App/network.c **** 
  23:X-CUBE-AI/App/network.c **** #include "ai_platform.h"
  24:X-CUBE-AI/App/network.c **** #include "ai_platform_interface.h"
  25:X-CUBE-AI/App/network.c **** #include "ai_math_helpers.h"
  26:X-CUBE-AI/App/network.c **** 
  27:X-CUBE-AI/App/network.c **** #include "core_common.h"
  28:X-CUBE-AI/App/network.c **** #include "core_convert.h"
  29:X-CUBE-AI/App/network.c **** 
ARM GAS  /tmp/cc5QMZ95.s 			page 2


  30:X-CUBE-AI/App/network.c **** #include "layers.h"
  31:X-CUBE-AI/App/network.c **** 
  32:X-CUBE-AI/App/network.c **** 
  33:X-CUBE-AI/App/network.c **** 
  34:X-CUBE-AI/App/network.c **** #undef AI_NET_OBJ_INSTANCE
  35:X-CUBE-AI/App/network.c **** #define AI_NET_OBJ_INSTANCE g_network
  36:X-CUBE-AI/App/network.c ****  
  37:X-CUBE-AI/App/network.c **** #undef AI_NETWORK_MODEL_SIGNATURE
  38:X-CUBE-AI/App/network.c **** #define AI_NETWORK_MODEL_SIGNATURE     "0x831726b3062b67602e3a40eeed6a8985"
  39:X-CUBE-AI/App/network.c **** 
  40:X-CUBE-AI/App/network.c **** #ifndef AI_TOOLS_REVISION_ID
  41:X-CUBE-AI/App/network.c **** #define AI_TOOLS_REVISION_ID     ""
  42:X-CUBE-AI/App/network.c **** #endif
  43:X-CUBE-AI/App/network.c **** 
  44:X-CUBE-AI/App/network.c **** #undef AI_TOOLS_DATE_TIME
  45:X-CUBE-AI/App/network.c **** #define AI_TOOLS_DATE_TIME   "2026-05-31T11:42:35+0200"
  46:X-CUBE-AI/App/network.c **** 
  47:X-CUBE-AI/App/network.c **** #undef AI_TOOLS_COMPILE_TIME
  48:X-CUBE-AI/App/network.c **** #define AI_TOOLS_COMPILE_TIME    __DATE__ " " __TIME__
  49:X-CUBE-AI/App/network.c **** 
  50:X-CUBE-AI/App/network.c **** #undef AI_NETWORK_N_BATCHES
  51:X-CUBE-AI/App/network.c **** #define AI_NETWORK_N_BATCHES         (1)
  52:X-CUBE-AI/App/network.c **** 
  53:X-CUBE-AI/App/network.c **** static ai_ptr g_network_activations_map[1] = AI_C_ARRAY_INIT;
  54:X-CUBE-AI/App/network.c **** static ai_ptr g_network_weights_map[1] = AI_C_ARRAY_INIT;
  55:X-CUBE-AI/App/network.c **** 
  56:X-CUBE-AI/App/network.c **** 
  57:X-CUBE-AI/App/network.c **** 
  58:X-CUBE-AI/App/network.c **** /**  Array declarations section  **********************************************/
  59:X-CUBE-AI/App/network.c **** /* Array#0 */
  60:X-CUBE-AI/App/network.c **** AI_ARRAY_OBJ_DECLARE(
  61:X-CUBE-AI/App/network.c ****   serving_default_sensor_input0_output_array, AI_ARRAY_FORMAT_S8|AI_FMT_FLAG_IS_IO,
  62:X-CUBE-AI/App/network.c ****   NULL, NULL, 18, AI_STATIC)
  63:X-CUBE-AI/App/network.c **** 
  64:X-CUBE-AI/App/network.c **** /* Array#1 */
  65:X-CUBE-AI/App/network.c **** AI_ARRAY_OBJ_DECLARE(
  66:X-CUBE-AI/App/network.c ****   gemm_0_output_array, AI_ARRAY_FORMAT_S8,
  67:X-CUBE-AI/App/network.c ****   NULL, NULL, 64, AI_STATIC)
  68:X-CUBE-AI/App/network.c **** 
  69:X-CUBE-AI/App/network.c **** /* Array#2 */
  70:X-CUBE-AI/App/network.c **** AI_ARRAY_OBJ_DECLARE(
  71:X-CUBE-AI/App/network.c ****   gemm_1_output_array, AI_ARRAY_FORMAT_S8,
  72:X-CUBE-AI/App/network.c ****   NULL, NULL, 64, AI_STATIC)
  73:X-CUBE-AI/App/network.c **** 
  74:X-CUBE-AI/App/network.c **** /* Array#3 */
  75:X-CUBE-AI/App/network.c **** AI_ARRAY_OBJ_DECLARE(
  76:X-CUBE-AI/App/network.c ****   gemm_2_output_array, AI_ARRAY_FORMAT_S8,
  77:X-CUBE-AI/App/network.c ****   NULL, NULL, 64, AI_STATIC)
  78:X-CUBE-AI/App/network.c **** 
  79:X-CUBE-AI/App/network.c **** /* Array#4 */
  80:X-CUBE-AI/App/network.c **** AI_ARRAY_OBJ_DECLARE(
  81:X-CUBE-AI/App/network.c ****   eltwise_3_output_array, AI_ARRAY_FORMAT_S8,
  82:X-CUBE-AI/App/network.c ****   NULL, NULL, 64, AI_STATIC)
  83:X-CUBE-AI/App/network.c **** 
  84:X-CUBE-AI/App/network.c **** /* Array#5 */
  85:X-CUBE-AI/App/network.c **** AI_ARRAY_OBJ_DECLARE(
  86:X-CUBE-AI/App/network.c ****   gemm_4_output_array, AI_ARRAY_FORMAT_S8,
ARM GAS  /tmp/cc5QMZ95.s 			page 3


  87:X-CUBE-AI/App/network.c ****   NULL, NULL, 48, AI_STATIC)
  88:X-CUBE-AI/App/network.c **** 
  89:X-CUBE-AI/App/network.c **** /* Array#6 */
  90:X-CUBE-AI/App/network.c **** AI_ARRAY_OBJ_DECLARE(
  91:X-CUBE-AI/App/network.c ****   gemm_5_output_array, AI_ARRAY_FORMAT_S8,
  92:X-CUBE-AI/App/network.c ****   NULL, NULL, 48, AI_STATIC)
  93:X-CUBE-AI/App/network.c **** 
  94:X-CUBE-AI/App/network.c **** /* Array#7 */
  95:X-CUBE-AI/App/network.c **** AI_ARRAY_OBJ_DECLARE(
  96:X-CUBE-AI/App/network.c ****   gemm_6_output_array, AI_ARRAY_FORMAT_S8,
  97:X-CUBE-AI/App/network.c ****   NULL, NULL, 48, AI_STATIC)
  98:X-CUBE-AI/App/network.c **** 
  99:X-CUBE-AI/App/network.c **** /* Array#8 */
 100:X-CUBE-AI/App/network.c **** AI_ARRAY_OBJ_DECLARE(
 101:X-CUBE-AI/App/network.c ****   eltwise_7_output_array, AI_ARRAY_FORMAT_S8,
 102:X-CUBE-AI/App/network.c ****   NULL, NULL, 48, AI_STATIC)
 103:X-CUBE-AI/App/network.c **** 
 104:X-CUBE-AI/App/network.c **** /* Array#9 */
 105:X-CUBE-AI/App/network.c **** AI_ARRAY_OBJ_DECLARE(
 106:X-CUBE-AI/App/network.c ****   gemm_8_output_array, AI_ARRAY_FORMAT_S8,
 107:X-CUBE-AI/App/network.c ****   NULL, NULL, 32, AI_STATIC)
 108:X-CUBE-AI/App/network.c **** 
 109:X-CUBE-AI/App/network.c **** /* Array#10 */
 110:X-CUBE-AI/App/network.c **** AI_ARRAY_OBJ_DECLARE(
 111:X-CUBE-AI/App/network.c ****   gemm_9_output_array, AI_ARRAY_FORMAT_S8,
 112:X-CUBE-AI/App/network.c ****   NULL, NULL, 32, AI_STATIC)
 113:X-CUBE-AI/App/network.c **** 
 114:X-CUBE-AI/App/network.c **** /* Array#11 */
 115:X-CUBE-AI/App/network.c **** AI_ARRAY_OBJ_DECLARE(
 116:X-CUBE-AI/App/network.c ****   gemm_10_output_array, AI_ARRAY_FORMAT_S8,
 117:X-CUBE-AI/App/network.c ****   NULL, NULL, 32, AI_STATIC)
 118:X-CUBE-AI/App/network.c **** 
 119:X-CUBE-AI/App/network.c **** /* Array#12 */
 120:X-CUBE-AI/App/network.c **** AI_ARRAY_OBJ_DECLARE(
 121:X-CUBE-AI/App/network.c ****   eltwise_11_output_array, AI_ARRAY_FORMAT_S8,
 122:X-CUBE-AI/App/network.c ****   NULL, NULL, 32, AI_STATIC)
 123:X-CUBE-AI/App/network.c **** 
 124:X-CUBE-AI/App/network.c **** /* Array#13 */
 125:X-CUBE-AI/App/network.c **** AI_ARRAY_OBJ_DECLARE(
 126:X-CUBE-AI/App/network.c ****   gemm_12_output_array, AI_ARRAY_FORMAT_S8,
 127:X-CUBE-AI/App/network.c ****   NULL, NULL, 9, AI_STATIC)
 128:X-CUBE-AI/App/network.c **** 
 129:X-CUBE-AI/App/network.c **** /* Array#14 */
 130:X-CUBE-AI/App/network.c **** AI_ARRAY_OBJ_DECLARE(
 131:X-CUBE-AI/App/network.c ****   nl_13_output_array, AI_ARRAY_FORMAT_S8|AI_FMT_FLAG_IS_IO,
 132:X-CUBE-AI/App/network.c ****   NULL, NULL, 9, AI_STATIC)
 133:X-CUBE-AI/App/network.c **** 
 134:X-CUBE-AI/App/network.c **** /* Array#15 */
 135:X-CUBE-AI/App/network.c **** AI_ARRAY_OBJ_DECLARE(
 136:X-CUBE-AI/App/network.c ****   gemm_0_weights_array, AI_ARRAY_FORMAT_S8,
 137:X-CUBE-AI/App/network.c ****   NULL, NULL, 1152, AI_STATIC)
 138:X-CUBE-AI/App/network.c **** 
 139:X-CUBE-AI/App/network.c **** /* Array#16 */
 140:X-CUBE-AI/App/network.c **** AI_ARRAY_OBJ_DECLARE(
 141:X-CUBE-AI/App/network.c ****   gemm_0_bias_array, AI_ARRAY_FORMAT_S32,
 142:X-CUBE-AI/App/network.c ****   NULL, NULL, 64, AI_STATIC)
 143:X-CUBE-AI/App/network.c **** 
ARM GAS  /tmp/cc5QMZ95.s 			page 4


 144:X-CUBE-AI/App/network.c **** /* Array#17 */
 145:X-CUBE-AI/App/network.c **** AI_ARRAY_OBJ_DECLARE(
 146:X-CUBE-AI/App/network.c ****   gemm_1_weights_array, AI_ARRAY_FORMAT_S8,
 147:X-CUBE-AI/App/network.c ****   NULL, NULL, 4096, AI_STATIC)
 148:X-CUBE-AI/App/network.c **** 
 149:X-CUBE-AI/App/network.c **** /* Array#18 */
 150:X-CUBE-AI/App/network.c **** AI_ARRAY_OBJ_DECLARE(
 151:X-CUBE-AI/App/network.c ****   gemm_1_bias_array, AI_ARRAY_FORMAT_S32,
 152:X-CUBE-AI/App/network.c ****   NULL, NULL, 64, AI_STATIC)
 153:X-CUBE-AI/App/network.c **** 
 154:X-CUBE-AI/App/network.c **** /* Array#19 */
 155:X-CUBE-AI/App/network.c **** AI_ARRAY_OBJ_DECLARE(
 156:X-CUBE-AI/App/network.c ****   gemm_2_weights_array, AI_ARRAY_FORMAT_S8,
 157:X-CUBE-AI/App/network.c ****   NULL, NULL, 4096, AI_STATIC)
 158:X-CUBE-AI/App/network.c **** 
 159:X-CUBE-AI/App/network.c **** /* Array#20 */
 160:X-CUBE-AI/App/network.c **** AI_ARRAY_OBJ_DECLARE(
 161:X-CUBE-AI/App/network.c ****   gemm_2_bias_array, AI_ARRAY_FORMAT_S32,
 162:X-CUBE-AI/App/network.c ****   NULL, NULL, 64, AI_STATIC)
 163:X-CUBE-AI/App/network.c **** 
 164:X-CUBE-AI/App/network.c **** /* Array#21 */
 165:X-CUBE-AI/App/network.c **** AI_ARRAY_OBJ_DECLARE(
 166:X-CUBE-AI/App/network.c ****   gemm_4_weights_array, AI_ARRAY_FORMAT_S8,
 167:X-CUBE-AI/App/network.c ****   NULL, NULL, 3072, AI_STATIC)
 168:X-CUBE-AI/App/network.c **** 
 169:X-CUBE-AI/App/network.c **** /* Array#22 */
 170:X-CUBE-AI/App/network.c **** AI_ARRAY_OBJ_DECLARE(
 171:X-CUBE-AI/App/network.c ****   gemm_4_bias_array, AI_ARRAY_FORMAT_S32,
 172:X-CUBE-AI/App/network.c ****   NULL, NULL, 48, AI_STATIC)
 173:X-CUBE-AI/App/network.c **** 
 174:X-CUBE-AI/App/network.c **** /* Array#23 */
 175:X-CUBE-AI/App/network.c **** AI_ARRAY_OBJ_DECLARE(
 176:X-CUBE-AI/App/network.c ****   gemm_5_weights_array, AI_ARRAY_FORMAT_S8,
 177:X-CUBE-AI/App/network.c ****   NULL, NULL, 3072, AI_STATIC)
 178:X-CUBE-AI/App/network.c **** 
 179:X-CUBE-AI/App/network.c **** /* Array#24 */
 180:X-CUBE-AI/App/network.c **** AI_ARRAY_OBJ_DECLARE(
 181:X-CUBE-AI/App/network.c ****   gemm_5_bias_array, AI_ARRAY_FORMAT_S32,
 182:X-CUBE-AI/App/network.c ****   NULL, NULL, 48, AI_STATIC)
 183:X-CUBE-AI/App/network.c **** 
 184:X-CUBE-AI/App/network.c **** /* Array#25 */
 185:X-CUBE-AI/App/network.c **** AI_ARRAY_OBJ_DECLARE(
 186:X-CUBE-AI/App/network.c ****   gemm_6_weights_array, AI_ARRAY_FORMAT_S8,
 187:X-CUBE-AI/App/network.c ****   NULL, NULL, 2304, AI_STATIC)
 188:X-CUBE-AI/App/network.c **** 
 189:X-CUBE-AI/App/network.c **** /* Array#26 */
 190:X-CUBE-AI/App/network.c **** AI_ARRAY_OBJ_DECLARE(
 191:X-CUBE-AI/App/network.c ****   gemm_6_bias_array, AI_ARRAY_FORMAT_S32,
 192:X-CUBE-AI/App/network.c ****   NULL, NULL, 48, AI_STATIC)
 193:X-CUBE-AI/App/network.c **** 
 194:X-CUBE-AI/App/network.c **** /* Array#27 */
 195:X-CUBE-AI/App/network.c **** AI_ARRAY_OBJ_DECLARE(
 196:X-CUBE-AI/App/network.c ****   gemm_8_weights_array, AI_ARRAY_FORMAT_S8,
 197:X-CUBE-AI/App/network.c ****   NULL, NULL, 1536, AI_STATIC)
 198:X-CUBE-AI/App/network.c **** 
 199:X-CUBE-AI/App/network.c **** /* Array#28 */
 200:X-CUBE-AI/App/network.c **** AI_ARRAY_OBJ_DECLARE(
ARM GAS  /tmp/cc5QMZ95.s 			page 5


 201:X-CUBE-AI/App/network.c ****   gemm_8_bias_array, AI_ARRAY_FORMAT_S32,
 202:X-CUBE-AI/App/network.c ****   NULL, NULL, 32, AI_STATIC)
 203:X-CUBE-AI/App/network.c **** 
 204:X-CUBE-AI/App/network.c **** /* Array#29 */
 205:X-CUBE-AI/App/network.c **** AI_ARRAY_OBJ_DECLARE(
 206:X-CUBE-AI/App/network.c ****   gemm_9_weights_array, AI_ARRAY_FORMAT_S8,
 207:X-CUBE-AI/App/network.c ****   NULL, NULL, 1536, AI_STATIC)
 208:X-CUBE-AI/App/network.c **** 
 209:X-CUBE-AI/App/network.c **** /* Array#30 */
 210:X-CUBE-AI/App/network.c **** AI_ARRAY_OBJ_DECLARE(
 211:X-CUBE-AI/App/network.c ****   gemm_9_bias_array, AI_ARRAY_FORMAT_S32,
 212:X-CUBE-AI/App/network.c ****   NULL, NULL, 32, AI_STATIC)
 213:X-CUBE-AI/App/network.c **** 
 214:X-CUBE-AI/App/network.c **** /* Array#31 */
 215:X-CUBE-AI/App/network.c **** AI_ARRAY_OBJ_DECLARE(
 216:X-CUBE-AI/App/network.c ****   gemm_10_weights_array, AI_ARRAY_FORMAT_S8,
 217:X-CUBE-AI/App/network.c ****   NULL, NULL, 1024, AI_STATIC)
 218:X-CUBE-AI/App/network.c **** 
 219:X-CUBE-AI/App/network.c **** /* Array#32 */
 220:X-CUBE-AI/App/network.c **** AI_ARRAY_OBJ_DECLARE(
 221:X-CUBE-AI/App/network.c ****   gemm_10_bias_array, AI_ARRAY_FORMAT_S32,
 222:X-CUBE-AI/App/network.c ****   NULL, NULL, 32, AI_STATIC)
 223:X-CUBE-AI/App/network.c **** 
 224:X-CUBE-AI/App/network.c **** /* Array#33 */
 225:X-CUBE-AI/App/network.c **** AI_ARRAY_OBJ_DECLARE(
 226:X-CUBE-AI/App/network.c ****   gemm_12_weights_array, AI_ARRAY_FORMAT_S8,
 227:X-CUBE-AI/App/network.c ****   NULL, NULL, 288, AI_STATIC)
 228:X-CUBE-AI/App/network.c **** 
 229:X-CUBE-AI/App/network.c **** /* Array#34 */
 230:X-CUBE-AI/App/network.c **** AI_ARRAY_OBJ_DECLARE(
 231:X-CUBE-AI/App/network.c ****   gemm_12_bias_array, AI_ARRAY_FORMAT_S32,
 232:X-CUBE-AI/App/network.c ****   NULL, NULL, 9, AI_STATIC)
 233:X-CUBE-AI/App/network.c **** 
 234:X-CUBE-AI/App/network.c **** /* Array#35 */
 235:X-CUBE-AI/App/network.c **** AI_ARRAY_OBJ_DECLARE(
 236:X-CUBE-AI/App/network.c ****   gemm_0_scratch0_array, AI_ARRAY_FORMAT_S16,
 237:X-CUBE-AI/App/network.c ****   NULL, NULL, 338, AI_STATIC)
 238:X-CUBE-AI/App/network.c **** 
 239:X-CUBE-AI/App/network.c **** /* Array#36 */
 240:X-CUBE-AI/App/network.c **** AI_ARRAY_OBJ_DECLARE(
 241:X-CUBE-AI/App/network.c ****   gemm_1_scratch0_array, AI_ARRAY_FORMAT_S16,
 242:X-CUBE-AI/App/network.c ****   NULL, NULL, 384, AI_STATIC)
 243:X-CUBE-AI/App/network.c **** 
 244:X-CUBE-AI/App/network.c **** /* Array#37 */
 245:X-CUBE-AI/App/network.c **** AI_ARRAY_OBJ_DECLARE(
 246:X-CUBE-AI/App/network.c ****   gemm_2_scratch0_array, AI_ARRAY_FORMAT_S16,
 247:X-CUBE-AI/App/network.c ****   NULL, NULL, 384, AI_STATIC)
 248:X-CUBE-AI/App/network.c **** 
 249:X-CUBE-AI/App/network.c **** /* Array#38 */
 250:X-CUBE-AI/App/network.c **** AI_ARRAY_OBJ_DECLARE(
 251:X-CUBE-AI/App/network.c ****   gemm_4_scratch0_array, AI_ARRAY_FORMAT_S16,
 252:X-CUBE-AI/App/network.c ****   NULL, NULL, 304, AI_STATIC)
 253:X-CUBE-AI/App/network.c **** 
 254:X-CUBE-AI/App/network.c **** /* Array#39 */
 255:X-CUBE-AI/App/network.c **** AI_ARRAY_OBJ_DECLARE(
 256:X-CUBE-AI/App/network.c ****   gemm_5_scratch0_array, AI_ARRAY_FORMAT_S16,
 257:X-CUBE-AI/App/network.c ****   NULL, NULL, 304, AI_STATIC)
ARM GAS  /tmp/cc5QMZ95.s 			page 6


 258:X-CUBE-AI/App/network.c **** 
 259:X-CUBE-AI/App/network.c **** /* Array#40 */
 260:X-CUBE-AI/App/network.c **** AI_ARRAY_OBJ_DECLARE(
 261:X-CUBE-AI/App/network.c ****   gemm_6_scratch0_array, AI_ARRAY_FORMAT_S16,
 262:X-CUBE-AI/App/network.c ****   NULL, NULL, 288, AI_STATIC)
 263:X-CUBE-AI/App/network.c **** 
 264:X-CUBE-AI/App/network.c **** /* Array#41 */
 265:X-CUBE-AI/App/network.c **** AI_ARRAY_OBJ_DECLARE(
 266:X-CUBE-AI/App/network.c ****   gemm_8_scratch0_array, AI_ARRAY_FORMAT_S16,
 267:X-CUBE-AI/App/network.c ****   NULL, NULL, 208, AI_STATIC)
 268:X-CUBE-AI/App/network.c **** 
 269:X-CUBE-AI/App/network.c **** /* Array#42 */
 270:X-CUBE-AI/App/network.c **** AI_ARRAY_OBJ_DECLARE(
 271:X-CUBE-AI/App/network.c ****   gemm_9_scratch0_array, AI_ARRAY_FORMAT_S16,
 272:X-CUBE-AI/App/network.c ****   NULL, NULL, 208, AI_STATIC)
 273:X-CUBE-AI/App/network.c **** 
 274:X-CUBE-AI/App/network.c **** /* Array#43 */
 275:X-CUBE-AI/App/network.c **** AI_ARRAY_OBJ_DECLARE(
 276:X-CUBE-AI/App/network.c ****   gemm_10_scratch0_array, AI_ARRAY_FORMAT_S16,
 277:X-CUBE-AI/App/network.c ****   NULL, NULL, 192, AI_STATIC)
 278:X-CUBE-AI/App/network.c **** 
 279:X-CUBE-AI/App/network.c **** /* Array#44 */
 280:X-CUBE-AI/App/network.c **** AI_ARRAY_OBJ_DECLARE(
 281:X-CUBE-AI/App/network.c ****   gemm_12_scratch0_array, AI_ARRAY_FORMAT_S16,
 282:X-CUBE-AI/App/network.c ****   NULL, NULL, 77, AI_STATIC)
 283:X-CUBE-AI/App/network.c **** 
 284:X-CUBE-AI/App/network.c **** /* Array#45 */
 285:X-CUBE-AI/App/network.c **** AI_ARRAY_OBJ_DECLARE(
 286:X-CUBE-AI/App/network.c ****   nl_13_scratch0_array, AI_ARRAY_FORMAT_S32,
 287:X-CUBE-AI/App/network.c ****   NULL, NULL, 248, AI_STATIC)
 288:X-CUBE-AI/App/network.c **** 
 289:X-CUBE-AI/App/network.c **** /**  Array metadata declarations section  *************************************/
 290:X-CUBE-AI/App/network.c **** /* Int quant #0 */
 291:X-CUBE-AI/App/network.c **** AI_INTQ_INFO_LIST_OBJ_DECLARE(eltwise_11_output_array_intq, AI_STATIC_CONST,
 292:X-CUBE-AI/App/network.c ****   AI_BUFFER_META_FLAG_SCALE_FLOAT|AI_BUFFER_META_FLAG_ZEROPOINT_S8, 1,
 293:X-CUBE-AI/App/network.c ****   AI_PACK_INTQ_INFO(
 294:X-CUBE-AI/App/network.c ****     AI_PACK_INTQ_SCALE(0.03720763698220253f),
 295:X-CUBE-AI/App/network.c ****     AI_PACK_INTQ_ZP(-128)))
 296:X-CUBE-AI/App/network.c **** 
 297:X-CUBE-AI/App/network.c **** /* Int quant #1 */
 298:X-CUBE-AI/App/network.c **** AI_INTQ_INFO_LIST_OBJ_DECLARE(eltwise_3_output_array_intq, AI_STATIC_CONST,
 299:X-CUBE-AI/App/network.c ****   AI_BUFFER_META_FLAG_SCALE_FLOAT|AI_BUFFER_META_FLAG_ZEROPOINT_S8, 1,
 300:X-CUBE-AI/App/network.c ****   AI_PACK_INTQ_INFO(
 301:X-CUBE-AI/App/network.c ****     AI_PACK_INTQ_SCALE(0.028021613135933876f),
 302:X-CUBE-AI/App/network.c ****     AI_PACK_INTQ_ZP(-128)))
 303:X-CUBE-AI/App/network.c **** 
 304:X-CUBE-AI/App/network.c **** /* Int quant #2 */
 305:X-CUBE-AI/App/network.c **** AI_INTQ_INFO_LIST_OBJ_DECLARE(eltwise_7_output_array_intq, AI_STATIC_CONST,
 306:X-CUBE-AI/App/network.c ****   AI_BUFFER_META_FLAG_SCALE_FLOAT|AI_BUFFER_META_FLAG_ZEROPOINT_S8, 1,
 307:X-CUBE-AI/App/network.c ****   AI_PACK_INTQ_INFO(
 308:X-CUBE-AI/App/network.c ****     AI_PACK_INTQ_SCALE(0.036268576979637146f),
 309:X-CUBE-AI/App/network.c ****     AI_PACK_INTQ_ZP(-128)))
 310:X-CUBE-AI/App/network.c **** 
 311:X-CUBE-AI/App/network.c **** /* Int quant #3 */
 312:X-CUBE-AI/App/network.c **** AI_INTQ_INFO_LIST_OBJ_DECLARE(gemm_0_output_array_intq, AI_STATIC_CONST,
 313:X-CUBE-AI/App/network.c ****   AI_BUFFER_META_FLAG_SCALE_FLOAT|AI_BUFFER_META_FLAG_ZEROPOINT_S8, 1,
 314:X-CUBE-AI/App/network.c ****   AI_PACK_INTQ_INFO(
ARM GAS  /tmp/cc5QMZ95.s 			page 7


 315:X-CUBE-AI/App/network.c ****     AI_PACK_INTQ_SCALE(0.01564747653901577f),
 316:X-CUBE-AI/App/network.c ****     AI_PACK_INTQ_ZP(-128)))
 317:X-CUBE-AI/App/network.c **** 
 318:X-CUBE-AI/App/network.c **** /* Int quant #4 */
 319:X-CUBE-AI/App/network.c **** AI_INTQ_INFO_LIST_OBJ_DECLARE(gemm_0_weights_array_intq, AI_STATIC_CONST,
 320:X-CUBE-AI/App/network.c ****   AI_BUFFER_META_FLAG_SCALE_FLOAT|AI_BUFFER_META_FLAG_ZEROPOINT_S8, 64,
 321:X-CUBE-AI/App/network.c ****   AI_PACK_INTQ_INFO(
 322:X-CUBE-AI/App/network.c ****     AI_PACK_INTQ_SCALE(0.024989375844597816f, 0.019208131358027458f, 0.0195513516664505f, 0.0200592
 323:X-CUBE-AI/App/network.c ****     AI_PACK_INTQ_ZP(0, 0, 0, 0, 0, 0, 0, 0, 0, 0, 0, 0, 0, 0, 0, 0, 0, 0, 0, 0, 0, 0, 0, 0, 0, 0, 0
 324:X-CUBE-AI/App/network.c **** 
 325:X-CUBE-AI/App/network.c **** /* Int quant #5 */
 326:X-CUBE-AI/App/network.c **** AI_INTQ_INFO_LIST_OBJ_DECLARE(gemm_10_output_array_intq, AI_STATIC_CONST,
 327:X-CUBE-AI/App/network.c ****   AI_BUFFER_META_FLAG_SCALE_FLOAT|AI_BUFFER_META_FLAG_ZEROPOINT_S8, 1,
 328:X-CUBE-AI/App/network.c ****   AI_PACK_INTQ_INFO(
 329:X-CUBE-AI/App/network.c ****     AI_PACK_INTQ_SCALE(0.0574040524661541f),
 330:X-CUBE-AI/App/network.c ****     AI_PACK_INTQ_ZP(-38)))
 331:X-CUBE-AI/App/network.c **** 
 332:X-CUBE-AI/App/network.c **** /* Int quant #6 */
 333:X-CUBE-AI/App/network.c **** AI_INTQ_INFO_LIST_OBJ_DECLARE(gemm_10_weights_array_intq, AI_STATIC_CONST,
 334:X-CUBE-AI/App/network.c ****   AI_BUFFER_META_FLAG_SCALE_FLOAT|AI_BUFFER_META_FLAG_ZEROPOINT_S8, 32,
 335:X-CUBE-AI/App/network.c ****   AI_PACK_INTQ_INFO(
 336:X-CUBE-AI/App/network.c ****     AI_PACK_INTQ_SCALE(0.003416704013943672f, 0.003948511090129614f, 0.0028085503727197647f, 0.0030
 337:X-CUBE-AI/App/network.c ****     AI_PACK_INTQ_ZP(0, 0, 0, 0, 0, 0, 0, 0, 0, 0, 0, 0, 0, 0, 0, 0, 0, 0, 0, 0, 0, 0, 0, 0, 0, 0, 0
 338:X-CUBE-AI/App/network.c **** 
 339:X-CUBE-AI/App/network.c **** /* Int quant #7 */
 340:X-CUBE-AI/App/network.c **** AI_INTQ_INFO_LIST_OBJ_DECLARE(gemm_12_output_array_intq, AI_STATIC_CONST,
 341:X-CUBE-AI/App/network.c ****   AI_BUFFER_META_FLAG_SCALE_FLOAT|AI_BUFFER_META_FLAG_ZEROPOINT_S8, 1,
 342:X-CUBE-AI/App/network.c ****   AI_PACK_INTQ_INFO(
 343:X-CUBE-AI/App/network.c ****     AI_PACK_INTQ_SCALE(0.07212952524423599f),
 344:X-CUBE-AI/App/network.c ****     AI_PACK_INTQ_ZP(31)))
 345:X-CUBE-AI/App/network.c **** 
 346:X-CUBE-AI/App/network.c **** /* Int quant #8 */
 347:X-CUBE-AI/App/network.c **** AI_INTQ_INFO_LIST_OBJ_DECLARE(gemm_12_weights_array_intq, AI_STATIC_CONST,
 348:X-CUBE-AI/App/network.c ****   AI_BUFFER_META_FLAG_SCALE_FLOAT|AI_BUFFER_META_FLAG_ZEROPOINT_S8, 9,
 349:X-CUBE-AI/App/network.c ****   AI_PACK_INTQ_INFO(
 350:X-CUBE-AI/App/network.c ****     AI_PACK_INTQ_SCALE(0.005937106441706419f, 0.0032694446854293346f, 0.003146494971588254f, 0.0031
 351:X-CUBE-AI/App/network.c ****     AI_PACK_INTQ_ZP(0, 0, 0, 0, 0, 0, 0, 0, 0)))
 352:X-CUBE-AI/App/network.c **** 
 353:X-CUBE-AI/App/network.c **** /* Int quant #9 */
 354:X-CUBE-AI/App/network.c **** AI_INTQ_INFO_LIST_OBJ_DECLARE(gemm_1_output_array_intq, AI_STATIC_CONST,
 355:X-CUBE-AI/App/network.c ****   AI_BUFFER_META_FLAG_SCALE_FLOAT|AI_BUFFER_META_FLAG_ZEROPOINT_S8, 1,
 356:X-CUBE-AI/App/network.c ****   AI_PACK_INTQ_INFO(
 357:X-CUBE-AI/App/network.c ****     AI_PACK_INTQ_SCALE(0.01731584407389164f),
 358:X-CUBE-AI/App/network.c ****     AI_PACK_INTQ_ZP(-128)))
 359:X-CUBE-AI/App/network.c **** 
 360:X-CUBE-AI/App/network.c **** /* Int quant #10 */
 361:X-CUBE-AI/App/network.c **** AI_INTQ_INFO_LIST_OBJ_DECLARE(gemm_1_weights_array_intq, AI_STATIC_CONST,
 362:X-CUBE-AI/App/network.c ****   AI_BUFFER_META_FLAG_SCALE_FLOAT|AI_BUFFER_META_FLAG_ZEROPOINT_S8, 64,
 363:X-CUBE-AI/App/network.c ****   AI_PACK_INTQ_INFO(
 364:X-CUBE-AI/App/network.c ****     AI_PACK_INTQ_SCALE(0.0037870174273848534f, 0.0038863313384354115f, 0.005592025816440582f, 0.004
 365:X-CUBE-AI/App/network.c ****     AI_PACK_INTQ_ZP(0, 0, 0, 0, 0, 0, 0, 0, 0, 0, 0, 0, 0, 0, 0, 0, 0, 0, 0, 0, 0, 0, 0, 0, 0, 0, 0
 366:X-CUBE-AI/App/network.c **** 
 367:X-CUBE-AI/App/network.c **** /* Int quant #11 */
 368:X-CUBE-AI/App/network.c **** AI_INTQ_INFO_LIST_OBJ_DECLARE(gemm_2_output_array_intq, AI_STATIC_CONST,
 369:X-CUBE-AI/App/network.c ****   AI_BUFFER_META_FLAG_SCALE_FLOAT|AI_BUFFER_META_FLAG_ZEROPOINT_S8, 1,
 370:X-CUBE-AI/App/network.c ****   AI_PACK_INTQ_INFO(
 371:X-CUBE-AI/App/network.c ****     AI_PACK_INTQ_SCALE(0.0563570037484169f),
ARM GAS  /tmp/cc5QMZ95.s 			page 8


 372:X-CUBE-AI/App/network.c ****     AI_PACK_INTQ_ZP(0)))
 373:X-CUBE-AI/App/network.c **** 
 374:X-CUBE-AI/App/network.c **** /* Int quant #12 */
 375:X-CUBE-AI/App/network.c **** AI_INTQ_INFO_LIST_OBJ_DECLARE(gemm_2_weights_array_intq, AI_STATIC_CONST,
 376:X-CUBE-AI/App/network.c ****   AI_BUFFER_META_FLAG_SCALE_FLOAT|AI_BUFFER_META_FLAG_ZEROPOINT_S8, 64,
 377:X-CUBE-AI/App/network.c ****   AI_PACK_INTQ_INFO(
 378:X-CUBE-AI/App/network.c ****     AI_PACK_INTQ_SCALE(0.0043336329981684685f, 0.00397882703691721f, 0.0036373722832649946f, 0.0050
 379:X-CUBE-AI/App/network.c ****     AI_PACK_INTQ_ZP(0, 0, 0, 0, 0, 0, 0, 0, 0, 0, 0, 0, 0, 0, 0, 0, 0, 0, 0, 0, 0, 0, 0, 0, 0, 0, 0
 380:X-CUBE-AI/App/network.c **** 
 381:X-CUBE-AI/App/network.c **** /* Int quant #13 */
 382:X-CUBE-AI/App/network.c **** AI_INTQ_INFO_LIST_OBJ_DECLARE(gemm_4_output_array_intq, AI_STATIC_CONST,
 383:X-CUBE-AI/App/network.c ****   AI_BUFFER_META_FLAG_SCALE_FLOAT|AI_BUFFER_META_FLAG_ZEROPOINT_S8, 1,
 384:X-CUBE-AI/App/network.c ****   AI_PACK_INTQ_INFO(
 385:X-CUBE-AI/App/network.c ****     AI_PACK_INTQ_SCALE(0.0391242615878582f),
 386:X-CUBE-AI/App/network.c ****     AI_PACK_INTQ_ZP(-6)))
 387:X-CUBE-AI/App/network.c **** 
 388:X-CUBE-AI/App/network.c **** /* Int quant #14 */
 389:X-CUBE-AI/App/network.c **** AI_INTQ_INFO_LIST_OBJ_DECLARE(gemm_4_weights_array_intq, AI_STATIC_CONST,
 390:X-CUBE-AI/App/network.c ****   AI_BUFFER_META_FLAG_SCALE_FLOAT|AI_BUFFER_META_FLAG_ZEROPOINT_S8, 48,
 391:X-CUBE-AI/App/network.c ****   AI_PACK_INTQ_INFO(
 392:X-CUBE-AI/App/network.c ****     AI_PACK_INTQ_SCALE(0.0019054944859817624f, 0.0022547319531440735f, 0.0021606283262372017f, 0.00
 393:X-CUBE-AI/App/network.c ****     AI_PACK_INTQ_ZP(0, 0, 0, 0, 0, 0, 0, 0, 0, 0, 0, 0, 0, 0, 0, 0, 0, 0, 0, 0, 0, 0, 0, 0, 0, 0, 0
 394:X-CUBE-AI/App/network.c **** 
 395:X-CUBE-AI/App/network.c **** /* Int quant #15 */
 396:X-CUBE-AI/App/network.c **** AI_INTQ_INFO_LIST_OBJ_DECLARE(gemm_5_output_array_intq, AI_STATIC_CONST,
 397:X-CUBE-AI/App/network.c ****   AI_BUFFER_META_FLAG_SCALE_FLOAT|AI_BUFFER_META_FLAG_ZEROPOINT_S8, 1,
 398:X-CUBE-AI/App/network.c ****   AI_PACK_INTQ_INFO(
 399:X-CUBE-AI/App/network.c ****     AI_PACK_INTQ_SCALE(0.025833625346422195f),
 400:X-CUBE-AI/App/network.c ****     AI_PACK_INTQ_ZP(-128)))
 401:X-CUBE-AI/App/network.c **** 
 402:X-CUBE-AI/App/network.c **** /* Int quant #16 */
 403:X-CUBE-AI/App/network.c **** AI_INTQ_INFO_LIST_OBJ_DECLARE(gemm_5_weights_array_intq, AI_STATIC_CONST,
 404:X-CUBE-AI/App/network.c ****   AI_BUFFER_META_FLAG_SCALE_FLOAT|AI_BUFFER_META_FLAG_ZEROPOINT_S8, 48,
 405:X-CUBE-AI/App/network.c ****   AI_PACK_INTQ_INFO(
 406:X-CUBE-AI/App/network.c ****     AI_PACK_INTQ_SCALE(0.002154337475076318f, 0.0021401492413133383f, 0.002148817526176572f, 0.0021
 407:X-CUBE-AI/App/network.c ****     AI_PACK_INTQ_ZP(0, 0, 0, 0, 0, 0, 0, 0, 0, 0, 0, 0, 0, 0, 0, 0, 0, 0, 0, 0, 0, 0, 0, 0, 0, 0, 0
 408:X-CUBE-AI/App/network.c **** 
 409:X-CUBE-AI/App/network.c **** /* Int quant #17 */
 410:X-CUBE-AI/App/network.c **** AI_INTQ_INFO_LIST_OBJ_DECLARE(gemm_6_output_array_intq, AI_STATIC_CONST,
 411:X-CUBE-AI/App/network.c ****   AI_BUFFER_META_FLAG_SCALE_FLOAT|AI_BUFFER_META_FLAG_ZEROPOINT_S8, 1,
 412:X-CUBE-AI/App/network.c ****   AI_PACK_INTQ_INFO(
 413:X-CUBE-AI/App/network.c ****     AI_PACK_INTQ_SCALE(0.058563780039548874f),
 414:X-CUBE-AI/App/network.c ****     AI_PACK_INTQ_ZP(-31)))
 415:X-CUBE-AI/App/network.c **** 
 416:X-CUBE-AI/App/network.c **** /* Int quant #18 */
 417:X-CUBE-AI/App/network.c **** AI_INTQ_INFO_LIST_OBJ_DECLARE(gemm_6_weights_array_intq, AI_STATIC_CONST,
 418:X-CUBE-AI/App/network.c ****   AI_BUFFER_META_FLAG_SCALE_FLOAT|AI_BUFFER_META_FLAG_ZEROPOINT_S8, 48,
 419:X-CUBE-AI/App/network.c ****   AI_PACK_INTQ_INFO(
 420:X-CUBE-AI/App/network.c ****     AI_PACK_INTQ_SCALE(0.004137970041483641f, 0.008480127900838852f, 0.0038721903692930937f, 0.0052
 421:X-CUBE-AI/App/network.c ****     AI_PACK_INTQ_ZP(0, 0, 0, 0, 0, 0, 0, 0, 0, 0, 0, 0, 0, 0, 0, 0, 0, 0, 0, 0, 0, 0, 0, 0, 0, 0, 0
 422:X-CUBE-AI/App/network.c **** 
 423:X-CUBE-AI/App/network.c **** /* Int quant #19 */
 424:X-CUBE-AI/App/network.c **** AI_INTQ_INFO_LIST_OBJ_DECLARE(gemm_8_output_array_intq, AI_STATIC_CONST,
 425:X-CUBE-AI/App/network.c ****   AI_BUFFER_META_FLAG_SCALE_FLOAT|AI_BUFFER_META_FLAG_ZEROPOINT_S8, 1,
 426:X-CUBE-AI/App/network.c ****   AI_PACK_INTQ_INFO(
 427:X-CUBE-AI/App/network.c ****     AI_PACK_INTQ_SCALE(0.03544481471180916f),
 428:X-CUBE-AI/App/network.c ****     AI_PACK_INTQ_ZP(8)))
ARM GAS  /tmp/cc5QMZ95.s 			page 9


 429:X-CUBE-AI/App/network.c **** 
 430:X-CUBE-AI/App/network.c **** /* Int quant #20 */
 431:X-CUBE-AI/App/network.c **** AI_INTQ_INFO_LIST_OBJ_DECLARE(gemm_8_weights_array_intq, AI_STATIC_CONST,
 432:X-CUBE-AI/App/network.c ****   AI_BUFFER_META_FLAG_SCALE_FLOAT|AI_BUFFER_META_FLAG_ZEROPOINT_S8, 32,
 433:X-CUBE-AI/App/network.c ****   AI_PACK_INTQ_INFO(
 434:X-CUBE-AI/App/network.c ****     AI_PACK_INTQ_SCALE(0.0012104475172236562f, 0.001538327895104885f, 0.001499414211139083f, 0.0013
 435:X-CUBE-AI/App/network.c ****     AI_PACK_INTQ_ZP(0, 0, 0, 0, 0, 0, 0, 0, 0, 0, 0, 0, 0, 0, 0, 0, 0, 0, 0, 0, 0, 0, 0, 0, 0, 0, 0
 436:X-CUBE-AI/App/network.c **** 
 437:X-CUBE-AI/App/network.c **** /* Int quant #21 */
 438:X-CUBE-AI/App/network.c **** AI_INTQ_INFO_LIST_OBJ_DECLARE(gemm_9_output_array_intq, AI_STATIC_CONST,
 439:X-CUBE-AI/App/network.c ****   AI_BUFFER_META_FLAG_SCALE_FLOAT|AI_BUFFER_META_FLAG_ZEROPOINT_S8, 1,
 440:X-CUBE-AI/App/network.c ****   AI_PACK_INTQ_INFO(
 441:X-CUBE-AI/App/network.c ****     AI_PACK_INTQ_SCALE(0.022007456049323082f),
 442:X-CUBE-AI/App/network.c ****     AI_PACK_INTQ_ZP(-128)))
 443:X-CUBE-AI/App/network.c **** 
 444:X-CUBE-AI/App/network.c **** /* Int quant #22 */
 445:X-CUBE-AI/App/network.c **** AI_INTQ_INFO_LIST_OBJ_DECLARE(gemm_9_weights_array_intq, AI_STATIC_CONST,
 446:X-CUBE-AI/App/network.c ****   AI_BUFFER_META_FLAG_SCALE_FLOAT|AI_BUFFER_META_FLAG_ZEROPOINT_S8, 32,
 447:X-CUBE-AI/App/network.c ****   AI_PACK_INTQ_INFO(
 448:X-CUBE-AI/App/network.c ****     AI_PACK_INTQ_SCALE(0.0025096379686146975f, 0.0014446761924773455f, 0.0014696584548801184f, 0.00
 449:X-CUBE-AI/App/network.c ****     AI_PACK_INTQ_ZP(0, 0, 0, 0, 0, 0, 0, 0, 0, 0, 0, 0, 0, 0, 0, 0, 0, 0, 0, 0, 0, 0, 0, 0, 0, 0, 0
 450:X-CUBE-AI/App/network.c **** 
 451:X-CUBE-AI/App/network.c **** /* Int quant #23 */
 452:X-CUBE-AI/App/network.c **** AI_INTQ_INFO_LIST_OBJ_DECLARE(nl_13_output_array_intq, AI_STATIC_CONST,
 453:X-CUBE-AI/App/network.c ****   AI_BUFFER_META_FLAG_SCALE_FLOAT|AI_BUFFER_META_FLAG_ZEROPOINT_S8, 1,
 454:X-CUBE-AI/App/network.c ****   AI_PACK_INTQ_INFO(
 455:X-CUBE-AI/App/network.c ****     AI_PACK_INTQ_SCALE(0.00390625f),
 456:X-CUBE-AI/App/network.c ****     AI_PACK_INTQ_ZP(-128)))
 457:X-CUBE-AI/App/network.c **** 
 458:X-CUBE-AI/App/network.c **** /* Int quant #24 */
 459:X-CUBE-AI/App/network.c **** AI_INTQ_INFO_LIST_OBJ_DECLARE(serving_default_sensor_input0_output_array_intq, AI_STATIC_CONST,
 460:X-CUBE-AI/App/network.c ****   AI_BUFFER_META_FLAG_SCALE_FLOAT|AI_BUFFER_META_FLAG_ZEROPOINT_S8, 1,
 461:X-CUBE-AI/App/network.c ****   AI_PACK_INTQ_INFO(
 462:X-CUBE-AI/App/network.c ****     AI_PACK_INTQ_SCALE(0.003921568859368563f),
 463:X-CUBE-AI/App/network.c ****     AI_PACK_INTQ_ZP(-128)))
 464:X-CUBE-AI/App/network.c **** 
 465:X-CUBE-AI/App/network.c **** /**  Tensor declarations section  *********************************************/
 466:X-CUBE-AI/App/network.c **** /* Tensor #0 */
 467:X-CUBE-AI/App/network.c **** AI_TENSOR_OBJ_DECLARE(
 468:X-CUBE-AI/App/network.c ****   eltwise_11_output, AI_STATIC,
 469:X-CUBE-AI/App/network.c ****   0, 0x1,
 470:X-CUBE-AI/App/network.c ****   AI_SHAPE_INIT(4, 1, 32, 1, 1), AI_STRIDE_INIT(4, 1, 1, 32, 32),
 471:X-CUBE-AI/App/network.c ****   1, &eltwise_11_output_array, &eltwise_11_output_array_intq)
 472:X-CUBE-AI/App/network.c **** 
 473:X-CUBE-AI/App/network.c **** /* Tensor #1 */
 474:X-CUBE-AI/App/network.c **** AI_TENSOR_OBJ_DECLARE(
 475:X-CUBE-AI/App/network.c ****   eltwise_3_output, AI_STATIC,
 476:X-CUBE-AI/App/network.c ****   1, 0x1,
 477:X-CUBE-AI/App/network.c ****   AI_SHAPE_INIT(4, 1, 64, 1, 1), AI_STRIDE_INIT(4, 1, 1, 64, 64),
 478:X-CUBE-AI/App/network.c ****   1, &eltwise_3_output_array, &eltwise_3_output_array_intq)
 479:X-CUBE-AI/App/network.c **** 
 480:X-CUBE-AI/App/network.c **** /* Tensor #2 */
 481:X-CUBE-AI/App/network.c **** AI_TENSOR_OBJ_DECLARE(
 482:X-CUBE-AI/App/network.c ****   eltwise_7_output, AI_STATIC,
 483:X-CUBE-AI/App/network.c ****   2, 0x1,
 484:X-CUBE-AI/App/network.c ****   AI_SHAPE_INIT(4, 1, 48, 1, 1), AI_STRIDE_INIT(4, 1, 1, 48, 48),
 485:X-CUBE-AI/App/network.c ****   1, &eltwise_7_output_array, &eltwise_7_output_array_intq)
ARM GAS  /tmp/cc5QMZ95.s 			page 10


 486:X-CUBE-AI/App/network.c **** 
 487:X-CUBE-AI/App/network.c **** /* Tensor #3 */
 488:X-CUBE-AI/App/network.c **** AI_TENSOR_OBJ_DECLARE(
 489:X-CUBE-AI/App/network.c ****   gemm_0_bias, AI_STATIC,
 490:X-CUBE-AI/App/network.c ****   3, 0x0,
 491:X-CUBE-AI/App/network.c ****   AI_SHAPE_INIT(4, 1, 64, 1, 1), AI_STRIDE_INIT(4, 4, 4, 256, 256),
 492:X-CUBE-AI/App/network.c ****   1, &gemm_0_bias_array, NULL)
 493:X-CUBE-AI/App/network.c **** 
 494:X-CUBE-AI/App/network.c **** /* Tensor #4 */
 495:X-CUBE-AI/App/network.c **** AI_TENSOR_OBJ_DECLARE(
 496:X-CUBE-AI/App/network.c ****   gemm_0_output, AI_STATIC,
 497:X-CUBE-AI/App/network.c ****   4, 0x1,
 498:X-CUBE-AI/App/network.c ****   AI_SHAPE_INIT(4, 1, 64, 1, 1), AI_STRIDE_INIT(4, 1, 1, 64, 64),
 499:X-CUBE-AI/App/network.c ****   1, &gemm_0_output_array, &gemm_0_output_array_intq)
 500:X-CUBE-AI/App/network.c **** 
 501:X-CUBE-AI/App/network.c **** /* Tensor #5 */
 502:X-CUBE-AI/App/network.c **** AI_TENSOR_OBJ_DECLARE(
 503:X-CUBE-AI/App/network.c ****   gemm_0_scratch0, AI_STATIC,
 504:X-CUBE-AI/App/network.c ****   5, 0x0,
 505:X-CUBE-AI/App/network.c ****   AI_SHAPE_INIT(4, 1, 338, 1, 1), AI_STRIDE_INIT(4, 2, 2, 676, 676),
 506:X-CUBE-AI/App/network.c ****   1, &gemm_0_scratch0_array, NULL)
 507:X-CUBE-AI/App/network.c **** 
 508:X-CUBE-AI/App/network.c **** /* Tensor #6 */
 509:X-CUBE-AI/App/network.c **** AI_TENSOR_OBJ_DECLARE(
 510:X-CUBE-AI/App/network.c ****   gemm_0_weights, AI_STATIC,
 511:X-CUBE-AI/App/network.c ****   6, 0x1,
 512:X-CUBE-AI/App/network.c ****   AI_SHAPE_INIT(4, 18, 64, 1, 1), AI_STRIDE_INIT(4, 1, 18, 1152, 1152),
 513:X-CUBE-AI/App/network.c ****   1, &gemm_0_weights_array, &gemm_0_weights_array_intq)
 514:X-CUBE-AI/App/network.c **** 
 515:X-CUBE-AI/App/network.c **** /* Tensor #7 */
 516:X-CUBE-AI/App/network.c **** AI_TENSOR_OBJ_DECLARE(
 517:X-CUBE-AI/App/network.c ****   gemm_10_bias, AI_STATIC,
 518:X-CUBE-AI/App/network.c ****   7, 0x0,
 519:X-CUBE-AI/App/network.c ****   AI_SHAPE_INIT(4, 1, 32, 1, 1), AI_STRIDE_INIT(4, 4, 4, 128, 128),
 520:X-CUBE-AI/App/network.c ****   1, &gemm_10_bias_array, NULL)
 521:X-CUBE-AI/App/network.c **** 
 522:X-CUBE-AI/App/network.c **** /* Tensor #8 */
 523:X-CUBE-AI/App/network.c **** AI_TENSOR_OBJ_DECLARE(
 524:X-CUBE-AI/App/network.c ****   gemm_10_output, AI_STATIC,
 525:X-CUBE-AI/App/network.c ****   8, 0x1,
 526:X-CUBE-AI/App/network.c ****   AI_SHAPE_INIT(4, 1, 32, 1, 1), AI_STRIDE_INIT(4, 1, 1, 32, 32),
 527:X-CUBE-AI/App/network.c ****   1, &gemm_10_output_array, &gemm_10_output_array_intq)
 528:X-CUBE-AI/App/network.c **** 
 529:X-CUBE-AI/App/network.c **** /* Tensor #9 */
 530:X-CUBE-AI/App/network.c **** AI_TENSOR_OBJ_DECLARE(
 531:X-CUBE-AI/App/network.c ****   gemm_10_scratch0, AI_STATIC,
 532:X-CUBE-AI/App/network.c ****   9, 0x0,
 533:X-CUBE-AI/App/network.c ****   AI_SHAPE_INIT(4, 1, 192, 1, 1), AI_STRIDE_INIT(4, 2, 2, 384, 384),
 534:X-CUBE-AI/App/network.c ****   1, &gemm_10_scratch0_array, NULL)
 535:X-CUBE-AI/App/network.c **** 
 536:X-CUBE-AI/App/network.c **** /* Tensor #10 */
 537:X-CUBE-AI/App/network.c **** AI_TENSOR_OBJ_DECLARE(
 538:X-CUBE-AI/App/network.c ****   gemm_10_weights, AI_STATIC,
 539:X-CUBE-AI/App/network.c ****   10, 0x1,
 540:X-CUBE-AI/App/network.c ****   AI_SHAPE_INIT(4, 32, 32, 1, 1), AI_STRIDE_INIT(4, 1, 32, 1024, 1024),
 541:X-CUBE-AI/App/network.c ****   1, &gemm_10_weights_array, &gemm_10_weights_array_intq)
 542:X-CUBE-AI/App/network.c **** 
ARM GAS  /tmp/cc5QMZ95.s 			page 11


 543:X-CUBE-AI/App/network.c **** /* Tensor #11 */
 544:X-CUBE-AI/App/network.c **** AI_TENSOR_OBJ_DECLARE(
 545:X-CUBE-AI/App/network.c ****   gemm_12_bias, AI_STATIC,
 546:X-CUBE-AI/App/network.c ****   11, 0x0,
 547:X-CUBE-AI/App/network.c ****   AI_SHAPE_INIT(4, 1, 9, 1, 1), AI_STRIDE_INIT(4, 4, 4, 36, 36),
 548:X-CUBE-AI/App/network.c ****   1, &gemm_12_bias_array, NULL)
 549:X-CUBE-AI/App/network.c **** 
 550:X-CUBE-AI/App/network.c **** /* Tensor #12 */
 551:X-CUBE-AI/App/network.c **** AI_TENSOR_OBJ_DECLARE(
 552:X-CUBE-AI/App/network.c ****   gemm_12_output, AI_STATIC,
 553:X-CUBE-AI/App/network.c ****   12, 0x1,
 554:X-CUBE-AI/App/network.c ****   AI_SHAPE_INIT(4, 1, 9, 1, 1), AI_STRIDE_INIT(4, 1, 1, 9, 9),
 555:X-CUBE-AI/App/network.c ****   1, &gemm_12_output_array, &gemm_12_output_array_intq)
 556:X-CUBE-AI/App/network.c **** 
 557:X-CUBE-AI/App/network.c **** /* Tensor #13 */
 558:X-CUBE-AI/App/network.c **** AI_TENSOR_OBJ_DECLARE(
 559:X-CUBE-AI/App/network.c ****   gemm_12_scratch0, AI_STATIC,
 560:X-CUBE-AI/App/network.c ****   13, 0x0,
 561:X-CUBE-AI/App/network.c ****   AI_SHAPE_INIT(4, 1, 77, 1, 1), AI_STRIDE_INIT(4, 2, 2, 154, 154),
 562:X-CUBE-AI/App/network.c ****   1, &gemm_12_scratch0_array, NULL)
 563:X-CUBE-AI/App/network.c **** 
 564:X-CUBE-AI/App/network.c **** /* Tensor #14 */
 565:X-CUBE-AI/App/network.c **** AI_TENSOR_OBJ_DECLARE(
 566:X-CUBE-AI/App/network.c ****   gemm_12_weights, AI_STATIC,
 567:X-CUBE-AI/App/network.c ****   14, 0x1,
 568:X-CUBE-AI/App/network.c ****   AI_SHAPE_INIT(4, 32, 9, 1, 1), AI_STRIDE_INIT(4, 1, 32, 288, 288),
 569:X-CUBE-AI/App/network.c ****   1, &gemm_12_weights_array, &gemm_12_weights_array_intq)
 570:X-CUBE-AI/App/network.c **** 
 571:X-CUBE-AI/App/network.c **** /* Tensor #15 */
 572:X-CUBE-AI/App/network.c **** AI_TENSOR_OBJ_DECLARE(
 573:X-CUBE-AI/App/network.c ****   gemm_1_bias, AI_STATIC,
 574:X-CUBE-AI/App/network.c ****   15, 0x0,
 575:X-CUBE-AI/App/network.c ****   AI_SHAPE_INIT(4, 1, 64, 1, 1), AI_STRIDE_INIT(4, 4, 4, 256, 256),
 576:X-CUBE-AI/App/network.c ****   1, &gemm_1_bias_array, NULL)
 577:X-CUBE-AI/App/network.c **** 
 578:X-CUBE-AI/App/network.c **** /* Tensor #16 */
 579:X-CUBE-AI/App/network.c **** AI_TENSOR_OBJ_DECLARE(
 580:X-CUBE-AI/App/network.c ****   gemm_1_output, AI_STATIC,
 581:X-CUBE-AI/App/network.c ****   16, 0x1,
 582:X-CUBE-AI/App/network.c ****   AI_SHAPE_INIT(4, 1, 64, 1, 1), AI_STRIDE_INIT(4, 1, 1, 64, 64),
 583:X-CUBE-AI/App/network.c ****   1, &gemm_1_output_array, &gemm_1_output_array_intq)
 584:X-CUBE-AI/App/network.c **** 
 585:X-CUBE-AI/App/network.c **** /* Tensor #17 */
 586:X-CUBE-AI/App/network.c **** AI_TENSOR_OBJ_DECLARE(
 587:X-CUBE-AI/App/network.c ****   gemm_1_scratch0, AI_STATIC,
 588:X-CUBE-AI/App/network.c ****   17, 0x0,
 589:X-CUBE-AI/App/network.c ****   AI_SHAPE_INIT(4, 1, 384, 1, 1), AI_STRIDE_INIT(4, 2, 2, 768, 768),
 590:X-CUBE-AI/App/network.c ****   1, &gemm_1_scratch0_array, NULL)
 591:X-CUBE-AI/App/network.c **** 
 592:X-CUBE-AI/App/network.c **** /* Tensor #18 */
 593:X-CUBE-AI/App/network.c **** AI_TENSOR_OBJ_DECLARE(
 594:X-CUBE-AI/App/network.c ****   gemm_1_weights, AI_STATIC,
 595:X-CUBE-AI/App/network.c ****   18, 0x1,
 596:X-CUBE-AI/App/network.c ****   AI_SHAPE_INIT(4, 64, 64, 1, 1), AI_STRIDE_INIT(4, 1, 64, 4096, 4096),
 597:X-CUBE-AI/App/network.c ****   1, &gemm_1_weights_array, &gemm_1_weights_array_intq)
 598:X-CUBE-AI/App/network.c **** 
 599:X-CUBE-AI/App/network.c **** /* Tensor #19 */
ARM GAS  /tmp/cc5QMZ95.s 			page 12


 600:X-CUBE-AI/App/network.c **** AI_TENSOR_OBJ_DECLARE(
 601:X-CUBE-AI/App/network.c ****   gemm_2_bias, AI_STATIC,
 602:X-CUBE-AI/App/network.c ****   19, 0x0,
 603:X-CUBE-AI/App/network.c ****   AI_SHAPE_INIT(4, 1, 64, 1, 1), AI_STRIDE_INIT(4, 4, 4, 256, 256),
 604:X-CUBE-AI/App/network.c ****   1, &gemm_2_bias_array, NULL)
 605:X-CUBE-AI/App/network.c **** 
 606:X-CUBE-AI/App/network.c **** /* Tensor #20 */
 607:X-CUBE-AI/App/network.c **** AI_TENSOR_OBJ_DECLARE(
 608:X-CUBE-AI/App/network.c ****   gemm_2_output, AI_STATIC,
 609:X-CUBE-AI/App/network.c ****   20, 0x1,
 610:X-CUBE-AI/App/network.c ****   AI_SHAPE_INIT(4, 1, 64, 1, 1), AI_STRIDE_INIT(4, 1, 1, 64, 64),
 611:X-CUBE-AI/App/network.c ****   1, &gemm_2_output_array, &gemm_2_output_array_intq)
 612:X-CUBE-AI/App/network.c **** 
 613:X-CUBE-AI/App/network.c **** /* Tensor #21 */
 614:X-CUBE-AI/App/network.c **** AI_TENSOR_OBJ_DECLARE(
 615:X-CUBE-AI/App/network.c ****   gemm_2_scratch0, AI_STATIC,
 616:X-CUBE-AI/App/network.c ****   21, 0x0,
 617:X-CUBE-AI/App/network.c ****   AI_SHAPE_INIT(4, 1, 384, 1, 1), AI_STRIDE_INIT(4, 2, 2, 768, 768),
 618:X-CUBE-AI/App/network.c ****   1, &gemm_2_scratch0_array, NULL)
 619:X-CUBE-AI/App/network.c **** 
 620:X-CUBE-AI/App/network.c **** /* Tensor #22 */
 621:X-CUBE-AI/App/network.c **** AI_TENSOR_OBJ_DECLARE(
 622:X-CUBE-AI/App/network.c ****   gemm_2_weights, AI_STATIC,
 623:X-CUBE-AI/App/network.c ****   22, 0x1,
 624:X-CUBE-AI/App/network.c ****   AI_SHAPE_INIT(4, 64, 64, 1, 1), AI_STRIDE_INIT(4, 1, 64, 4096, 4096),
 625:X-CUBE-AI/App/network.c ****   1, &gemm_2_weights_array, &gemm_2_weights_array_intq)
 626:X-CUBE-AI/App/network.c **** 
 627:X-CUBE-AI/App/network.c **** /* Tensor #23 */
 628:X-CUBE-AI/App/network.c **** AI_TENSOR_OBJ_DECLARE(
 629:X-CUBE-AI/App/network.c ****   gemm_4_bias, AI_STATIC,
 630:X-CUBE-AI/App/network.c ****   23, 0x0,
 631:X-CUBE-AI/App/network.c ****   AI_SHAPE_INIT(4, 1, 48, 1, 1), AI_STRIDE_INIT(4, 4, 4, 192, 192),
 632:X-CUBE-AI/App/network.c ****   1, &gemm_4_bias_array, NULL)
 633:X-CUBE-AI/App/network.c **** 
 634:X-CUBE-AI/App/network.c **** /* Tensor #24 */
 635:X-CUBE-AI/App/network.c **** AI_TENSOR_OBJ_DECLARE(
 636:X-CUBE-AI/App/network.c ****   gemm_4_output, AI_STATIC,
 637:X-CUBE-AI/App/network.c ****   24, 0x1,
 638:X-CUBE-AI/App/network.c ****   AI_SHAPE_INIT(4, 1, 48, 1, 1), AI_STRIDE_INIT(4, 1, 1, 48, 48),
 639:X-CUBE-AI/App/network.c ****   1, &gemm_4_output_array, &gemm_4_output_array_intq)
 640:X-CUBE-AI/App/network.c **** 
 641:X-CUBE-AI/App/network.c **** /* Tensor #25 */
 642:X-CUBE-AI/App/network.c **** AI_TENSOR_OBJ_DECLARE(
 643:X-CUBE-AI/App/network.c ****   gemm_4_scratch0, AI_STATIC,
 644:X-CUBE-AI/App/network.c ****   25, 0x0,
 645:X-CUBE-AI/App/network.c ****   AI_SHAPE_INIT(4, 1, 304, 1, 1), AI_STRIDE_INIT(4, 2, 2, 608, 608),
 646:X-CUBE-AI/App/network.c ****   1, &gemm_4_scratch0_array, NULL)
 647:X-CUBE-AI/App/network.c **** 
 648:X-CUBE-AI/App/network.c **** /* Tensor #26 */
 649:X-CUBE-AI/App/network.c **** AI_TENSOR_OBJ_DECLARE(
 650:X-CUBE-AI/App/network.c ****   gemm_4_weights, AI_STATIC,
 651:X-CUBE-AI/App/network.c ****   26, 0x1,
 652:X-CUBE-AI/App/network.c ****   AI_SHAPE_INIT(4, 64, 48, 1, 1), AI_STRIDE_INIT(4, 1, 64, 3072, 3072),
 653:X-CUBE-AI/App/network.c ****   1, &gemm_4_weights_array, &gemm_4_weights_array_intq)
 654:X-CUBE-AI/App/network.c **** 
 655:X-CUBE-AI/App/network.c **** /* Tensor #27 */
 656:X-CUBE-AI/App/network.c **** AI_TENSOR_OBJ_DECLARE(
ARM GAS  /tmp/cc5QMZ95.s 			page 13


 657:X-CUBE-AI/App/network.c ****   gemm_5_bias, AI_STATIC,
 658:X-CUBE-AI/App/network.c ****   27, 0x0,
 659:X-CUBE-AI/App/network.c ****   AI_SHAPE_INIT(4, 1, 48, 1, 1), AI_STRIDE_INIT(4, 4, 4, 192, 192),
 660:X-CUBE-AI/App/network.c ****   1, &gemm_5_bias_array, NULL)
 661:X-CUBE-AI/App/network.c **** 
 662:X-CUBE-AI/App/network.c **** /* Tensor #28 */
 663:X-CUBE-AI/App/network.c **** AI_TENSOR_OBJ_DECLARE(
 664:X-CUBE-AI/App/network.c ****   gemm_5_output, AI_STATIC,
 665:X-CUBE-AI/App/network.c ****   28, 0x1,
 666:X-CUBE-AI/App/network.c ****   AI_SHAPE_INIT(4, 1, 48, 1, 1), AI_STRIDE_INIT(4, 1, 1, 48, 48),
 667:X-CUBE-AI/App/network.c ****   1, &gemm_5_output_array, &gemm_5_output_array_intq)
 668:X-CUBE-AI/App/network.c **** 
 669:X-CUBE-AI/App/network.c **** /* Tensor #29 */
 670:X-CUBE-AI/App/network.c **** AI_TENSOR_OBJ_DECLARE(
 671:X-CUBE-AI/App/network.c ****   gemm_5_scratch0, AI_STATIC,
 672:X-CUBE-AI/App/network.c ****   29, 0x0,
 673:X-CUBE-AI/App/network.c ****   AI_SHAPE_INIT(4, 1, 304, 1, 1), AI_STRIDE_INIT(4, 2, 2, 608, 608),
 674:X-CUBE-AI/App/network.c ****   1, &gemm_5_scratch0_array, NULL)
 675:X-CUBE-AI/App/network.c **** 
 676:X-CUBE-AI/App/network.c **** /* Tensor #30 */
 677:X-CUBE-AI/App/network.c **** AI_TENSOR_OBJ_DECLARE(
 678:X-CUBE-AI/App/network.c ****   gemm_5_weights, AI_STATIC,
 679:X-CUBE-AI/App/network.c ****   30, 0x1,
 680:X-CUBE-AI/App/network.c ****   AI_SHAPE_INIT(4, 64, 48, 1, 1), AI_STRIDE_INIT(4, 1, 64, 3072, 3072),
 681:X-CUBE-AI/App/network.c ****   1, &gemm_5_weights_array, &gemm_5_weights_array_intq)
 682:X-CUBE-AI/App/network.c **** 
 683:X-CUBE-AI/App/network.c **** /* Tensor #31 */
 684:X-CUBE-AI/App/network.c **** AI_TENSOR_OBJ_DECLARE(
 685:X-CUBE-AI/App/network.c ****   gemm_6_bias, AI_STATIC,
 686:X-CUBE-AI/App/network.c ****   31, 0x0,
 687:X-CUBE-AI/App/network.c ****   AI_SHAPE_INIT(4, 1, 48, 1, 1), AI_STRIDE_INIT(4, 4, 4, 192, 192),
 688:X-CUBE-AI/App/network.c ****   1, &gemm_6_bias_array, NULL)
 689:X-CUBE-AI/App/network.c **** 
 690:X-CUBE-AI/App/network.c **** /* Tensor #32 */
 691:X-CUBE-AI/App/network.c **** AI_TENSOR_OBJ_DECLARE(
 692:X-CUBE-AI/App/network.c ****   gemm_6_output, AI_STATIC,
 693:X-CUBE-AI/App/network.c ****   32, 0x1,
 694:X-CUBE-AI/App/network.c ****   AI_SHAPE_INIT(4, 1, 48, 1, 1), AI_STRIDE_INIT(4, 1, 1, 48, 48),
 695:X-CUBE-AI/App/network.c ****   1, &gemm_6_output_array, &gemm_6_output_array_intq)
 696:X-CUBE-AI/App/network.c **** 
 697:X-CUBE-AI/App/network.c **** /* Tensor #33 */
 698:X-CUBE-AI/App/network.c **** AI_TENSOR_OBJ_DECLARE(
 699:X-CUBE-AI/App/network.c ****   gemm_6_scratch0, AI_STATIC,
 700:X-CUBE-AI/App/network.c ****   33, 0x0,
 701:X-CUBE-AI/App/network.c ****   AI_SHAPE_INIT(4, 1, 288, 1, 1), AI_STRIDE_INIT(4, 2, 2, 576, 576),
 702:X-CUBE-AI/App/network.c ****   1, &gemm_6_scratch0_array, NULL)
 703:X-CUBE-AI/App/network.c **** 
 704:X-CUBE-AI/App/network.c **** /* Tensor #34 */
 705:X-CUBE-AI/App/network.c **** AI_TENSOR_OBJ_DECLARE(
 706:X-CUBE-AI/App/network.c ****   gemm_6_weights, AI_STATIC,
 707:X-CUBE-AI/App/network.c ****   34, 0x1,
 708:X-CUBE-AI/App/network.c ****   AI_SHAPE_INIT(4, 48, 48, 1, 1), AI_STRIDE_INIT(4, 1, 48, 2304, 2304),
 709:X-CUBE-AI/App/network.c ****   1, &gemm_6_weights_array, &gemm_6_weights_array_intq)
 710:X-CUBE-AI/App/network.c **** 
 711:X-CUBE-AI/App/network.c **** /* Tensor #35 */
 712:X-CUBE-AI/App/network.c **** AI_TENSOR_OBJ_DECLARE(
 713:X-CUBE-AI/App/network.c ****   gemm_8_bias, AI_STATIC,
ARM GAS  /tmp/cc5QMZ95.s 			page 14


 714:X-CUBE-AI/App/network.c ****   35, 0x0,
 715:X-CUBE-AI/App/network.c ****   AI_SHAPE_INIT(4, 1, 32, 1, 1), AI_STRIDE_INIT(4, 4, 4, 128, 128),
 716:X-CUBE-AI/App/network.c ****   1, &gemm_8_bias_array, NULL)
 717:X-CUBE-AI/App/network.c **** 
 718:X-CUBE-AI/App/network.c **** /* Tensor #36 */
 719:X-CUBE-AI/App/network.c **** AI_TENSOR_OBJ_DECLARE(
 720:X-CUBE-AI/App/network.c ****   gemm_8_output, AI_STATIC,
 721:X-CUBE-AI/App/network.c ****   36, 0x1,
 722:X-CUBE-AI/App/network.c ****   AI_SHAPE_INIT(4, 1, 32, 1, 1), AI_STRIDE_INIT(4, 1, 1, 32, 32),
 723:X-CUBE-AI/App/network.c ****   1, &gemm_8_output_array, &gemm_8_output_array_intq)
 724:X-CUBE-AI/App/network.c **** 
 725:X-CUBE-AI/App/network.c **** /* Tensor #37 */
 726:X-CUBE-AI/App/network.c **** AI_TENSOR_OBJ_DECLARE(
 727:X-CUBE-AI/App/network.c ****   gemm_8_scratch0, AI_STATIC,
 728:X-CUBE-AI/App/network.c ****   37, 0x0,
 729:X-CUBE-AI/App/network.c ****   AI_SHAPE_INIT(4, 1, 208, 1, 1), AI_STRIDE_INIT(4, 2, 2, 416, 416),
 730:X-CUBE-AI/App/network.c ****   1, &gemm_8_scratch0_array, NULL)
 731:X-CUBE-AI/App/network.c **** 
 732:X-CUBE-AI/App/network.c **** /* Tensor #38 */
 733:X-CUBE-AI/App/network.c **** AI_TENSOR_OBJ_DECLARE(
 734:X-CUBE-AI/App/network.c ****   gemm_8_weights, AI_STATIC,
 735:X-CUBE-AI/App/network.c ****   38, 0x1,
 736:X-CUBE-AI/App/network.c ****   AI_SHAPE_INIT(4, 48, 32, 1, 1), AI_STRIDE_INIT(4, 1, 48, 1536, 1536),
 737:X-CUBE-AI/App/network.c ****   1, &gemm_8_weights_array, &gemm_8_weights_array_intq)
 738:X-CUBE-AI/App/network.c **** 
 739:X-CUBE-AI/App/network.c **** /* Tensor #39 */
 740:X-CUBE-AI/App/network.c **** AI_TENSOR_OBJ_DECLARE(
 741:X-CUBE-AI/App/network.c ****   gemm_9_bias, AI_STATIC,
 742:X-CUBE-AI/App/network.c ****   39, 0x0,
 743:X-CUBE-AI/App/network.c ****   AI_SHAPE_INIT(4, 1, 32, 1, 1), AI_STRIDE_INIT(4, 4, 4, 128, 128),
 744:X-CUBE-AI/App/network.c ****   1, &gemm_9_bias_array, NULL)
 745:X-CUBE-AI/App/network.c **** 
 746:X-CUBE-AI/App/network.c **** /* Tensor #40 */
 747:X-CUBE-AI/App/network.c **** AI_TENSOR_OBJ_DECLARE(
 748:X-CUBE-AI/App/network.c ****   gemm_9_output, AI_STATIC,
 749:X-CUBE-AI/App/network.c ****   40, 0x1,
 750:X-CUBE-AI/App/network.c ****   AI_SHAPE_INIT(4, 1, 32, 1, 1), AI_STRIDE_INIT(4, 1, 1, 32, 32),
 751:X-CUBE-AI/App/network.c ****   1, &gemm_9_output_array, &gemm_9_output_array_intq)
 752:X-CUBE-AI/App/network.c **** 
 753:X-CUBE-AI/App/network.c **** /* Tensor #41 */
 754:X-CUBE-AI/App/network.c **** AI_TENSOR_OBJ_DECLARE(
 755:X-CUBE-AI/App/network.c ****   gemm_9_scratch0, AI_STATIC,
 756:X-CUBE-AI/App/network.c ****   41, 0x0,
 757:X-CUBE-AI/App/network.c ****   AI_SHAPE_INIT(4, 1, 208, 1, 1), AI_STRIDE_INIT(4, 2, 2, 416, 416),
 758:X-CUBE-AI/App/network.c ****   1, &gemm_9_scratch0_array, NULL)
 759:X-CUBE-AI/App/network.c **** 
 760:X-CUBE-AI/App/network.c **** /* Tensor #42 */
 761:X-CUBE-AI/App/network.c **** AI_TENSOR_OBJ_DECLARE(
 762:X-CUBE-AI/App/network.c ****   gemm_9_weights, AI_STATIC,
 763:X-CUBE-AI/App/network.c ****   42, 0x1,
 764:X-CUBE-AI/App/network.c ****   AI_SHAPE_INIT(4, 48, 32, 1, 1), AI_STRIDE_INIT(4, 1, 48, 1536, 1536),
 765:X-CUBE-AI/App/network.c ****   1, &gemm_9_weights_array, &gemm_9_weights_array_intq)
 766:X-CUBE-AI/App/network.c **** 
 767:X-CUBE-AI/App/network.c **** /* Tensor #43 */
 768:X-CUBE-AI/App/network.c **** AI_TENSOR_OBJ_DECLARE(
 769:X-CUBE-AI/App/network.c ****   nl_13_output, AI_STATIC,
 770:X-CUBE-AI/App/network.c ****   43, 0x1,
ARM GAS  /tmp/cc5QMZ95.s 			page 15


 771:X-CUBE-AI/App/network.c ****   AI_SHAPE_INIT(4, 1, 9, 1, 1), AI_STRIDE_INIT(4, 1, 1, 9, 9),
 772:X-CUBE-AI/App/network.c ****   1, &nl_13_output_array, &nl_13_output_array_intq)
 773:X-CUBE-AI/App/network.c **** 
 774:X-CUBE-AI/App/network.c **** /* Tensor #44 */
 775:X-CUBE-AI/App/network.c **** AI_TENSOR_OBJ_DECLARE(
 776:X-CUBE-AI/App/network.c ****   nl_13_scratch0, AI_STATIC,
 777:X-CUBE-AI/App/network.c ****   44, 0x0,
 778:X-CUBE-AI/App/network.c ****   AI_SHAPE_INIT(4, 1, 248, 1, 1), AI_STRIDE_INIT(4, 4, 4, 992, 992),
 779:X-CUBE-AI/App/network.c ****   1, &nl_13_scratch0_array, NULL)
 780:X-CUBE-AI/App/network.c **** 
 781:X-CUBE-AI/App/network.c **** /* Tensor #45 */
 782:X-CUBE-AI/App/network.c **** AI_TENSOR_OBJ_DECLARE(
 783:X-CUBE-AI/App/network.c ****   serving_default_sensor_input0_output, AI_STATIC,
 784:X-CUBE-AI/App/network.c ****   45, 0x1,
 785:X-CUBE-AI/App/network.c ****   AI_SHAPE_INIT(4, 1, 18, 1, 1), AI_STRIDE_INIT(4, 1, 1, 18, 18),
 786:X-CUBE-AI/App/network.c ****   1, &serving_default_sensor_input0_output_array, &serving_default_sensor_input0_output_array_intq)
 787:X-CUBE-AI/App/network.c **** 
 788:X-CUBE-AI/App/network.c **** 
 789:X-CUBE-AI/App/network.c **** 
 790:X-CUBE-AI/App/network.c **** /**  Layer declarations section  **********************************************/
 791:X-CUBE-AI/App/network.c **** 
 792:X-CUBE-AI/App/network.c **** 
 793:X-CUBE-AI/App/network.c **** 
 794:X-CUBE-AI/App/network.c **** AI_STATIC_CONST ai_i32 nl_13_nl_params_data[] = { 1239175808, 23, -248 };
 795:X-CUBE-AI/App/network.c **** AI_ARRAY_OBJ_DECLARE(
 796:X-CUBE-AI/App/network.c ****     nl_13_nl_params, AI_ARRAY_FORMAT_S32,
 797:X-CUBE-AI/App/network.c ****     nl_13_nl_params_data, nl_13_nl_params_data, 3, AI_STATIC_CONST)
 798:X-CUBE-AI/App/network.c **** AI_TENSOR_CHAIN_OBJ_DECLARE(
 799:X-CUBE-AI/App/network.c ****   nl_13_chain, AI_STATIC_CONST, 4,
 800:X-CUBE-AI/App/network.c ****   AI_TENSOR_LIST_OBJ_INIT(AI_FLAG_NONE, 1, &gemm_12_output),
 801:X-CUBE-AI/App/network.c ****   AI_TENSOR_LIST_OBJ_INIT(AI_FLAG_NONE, 1, &nl_13_output),
 802:X-CUBE-AI/App/network.c ****   AI_TENSOR_LIST_OBJ_EMPTY,
 803:X-CUBE-AI/App/network.c ****   AI_TENSOR_LIST_OBJ_INIT(AI_FLAG_NONE, 1, &nl_13_scratch0)
 804:X-CUBE-AI/App/network.c **** )
 805:X-CUBE-AI/App/network.c **** 
 806:X-CUBE-AI/App/network.c **** AI_LAYER_OBJ_DECLARE(
 807:X-CUBE-AI/App/network.c ****   nl_13_layer, 13,
 808:X-CUBE-AI/App/network.c ****   SM_TYPE, 0x0, NULL,
 809:X-CUBE-AI/App/network.c ****   sm, forward_sm_integer,
 810:X-CUBE-AI/App/network.c ****   &nl_13_chain,
 811:X-CUBE-AI/App/network.c ****   NULL, &nl_13_layer, AI_STATIC, 
 812:X-CUBE-AI/App/network.c ****   .nl_params = &nl_13_nl_params, 
 813:X-CUBE-AI/App/network.c ****   .axis = AI_SHAPE_CHANNEL, 
 814:X-CUBE-AI/App/network.c **** )
 815:X-CUBE-AI/App/network.c **** 
 816:X-CUBE-AI/App/network.c **** AI_TENSOR_CHAIN_OBJ_DECLARE(
 817:X-CUBE-AI/App/network.c ****   gemm_12_chain, AI_STATIC_CONST, 4,
 818:X-CUBE-AI/App/network.c ****   AI_TENSOR_LIST_OBJ_INIT(AI_FLAG_NONE, 1, &eltwise_11_output),
 819:X-CUBE-AI/App/network.c ****   AI_TENSOR_LIST_OBJ_INIT(AI_FLAG_NONE, 1, &gemm_12_output),
 820:X-CUBE-AI/App/network.c ****   AI_TENSOR_LIST_OBJ_INIT(AI_FLAG_NONE, 2, &gemm_12_weights, &gemm_12_bias),
 821:X-CUBE-AI/App/network.c ****   AI_TENSOR_LIST_OBJ_INIT(AI_FLAG_NONE, 1, &gemm_12_scratch0)
 822:X-CUBE-AI/App/network.c **** )
 823:X-CUBE-AI/App/network.c **** 
 824:X-CUBE-AI/App/network.c **** AI_LAYER_OBJ_DECLARE(
 825:X-CUBE-AI/App/network.c ****   gemm_12_layer, 12,
 826:X-CUBE-AI/App/network.c ****   DENSE_TYPE, 0x0, NULL,
 827:X-CUBE-AI/App/network.c ****   dense, forward_dense_integer_SSSA_ch,
ARM GAS  /tmp/cc5QMZ95.s 			page 16


 828:X-CUBE-AI/App/network.c ****   &gemm_12_chain,
 829:X-CUBE-AI/App/network.c ****   NULL, &nl_13_layer, AI_STATIC, 
 830:X-CUBE-AI/App/network.c **** )
 831:X-CUBE-AI/App/network.c **** 
 832:X-CUBE-AI/App/network.c **** AI_TENSOR_CHAIN_OBJ_DECLARE(
 833:X-CUBE-AI/App/network.c ****   eltwise_11_chain, AI_STATIC_CONST, 4,
 834:X-CUBE-AI/App/network.c ****   AI_TENSOR_LIST_OBJ_INIT(AI_FLAG_NONE, 2, &gemm_10_output, &gemm_8_output),
 835:X-CUBE-AI/App/network.c ****   AI_TENSOR_LIST_OBJ_INIT(AI_FLAG_NONE, 1, &eltwise_11_output),
 836:X-CUBE-AI/App/network.c ****   AI_TENSOR_LIST_OBJ_EMPTY,
 837:X-CUBE-AI/App/network.c ****   AI_TENSOR_LIST_OBJ_EMPTY
 838:X-CUBE-AI/App/network.c **** )
 839:X-CUBE-AI/App/network.c **** 
 840:X-CUBE-AI/App/network.c **** AI_LAYER_OBJ_DECLARE(
 841:X-CUBE-AI/App/network.c ****   eltwise_11_layer, 11,
 842:X-CUBE-AI/App/network.c ****   ELTWISE_INTEGER_TYPE, 0x0, NULL,
 843:X-CUBE-AI/App/network.c ****   eltwise_integer, forward_eltwise_integer_INT8,
 844:X-CUBE-AI/App/network.c ****   &eltwise_11_chain,
 845:X-CUBE-AI/App/network.c ****   NULL, &gemm_12_layer, AI_STATIC, 
 846:X-CUBE-AI/App/network.c ****   .operation = ai_sum_f32, 
 847:X-CUBE-AI/App/network.c ****   .buffer_operation = ai_sum_buffer_INT8, 
 848:X-CUBE-AI/App/network.c **** )
 849:X-CUBE-AI/App/network.c **** 
 850:X-CUBE-AI/App/network.c **** AI_TENSOR_CHAIN_OBJ_DECLARE(
 851:X-CUBE-AI/App/network.c ****   gemm_10_chain, AI_STATIC_CONST, 4,
 852:X-CUBE-AI/App/network.c ****   AI_TENSOR_LIST_OBJ_INIT(AI_FLAG_NONE, 1, &gemm_9_output),
 853:X-CUBE-AI/App/network.c ****   AI_TENSOR_LIST_OBJ_INIT(AI_FLAG_NONE, 1, &gemm_10_output),
 854:X-CUBE-AI/App/network.c ****   AI_TENSOR_LIST_OBJ_INIT(AI_FLAG_NONE, 2, &gemm_10_weights, &gemm_10_bias),
 855:X-CUBE-AI/App/network.c ****   AI_TENSOR_LIST_OBJ_INIT(AI_FLAG_NONE, 1, &gemm_10_scratch0)
 856:X-CUBE-AI/App/network.c **** )
 857:X-CUBE-AI/App/network.c **** 
 858:X-CUBE-AI/App/network.c **** AI_LAYER_OBJ_DECLARE(
 859:X-CUBE-AI/App/network.c ****   gemm_10_layer, 10,
 860:X-CUBE-AI/App/network.c ****   DENSE_TYPE, 0x0, NULL,
 861:X-CUBE-AI/App/network.c ****   dense, forward_dense_integer_SSSA_ch,
 862:X-CUBE-AI/App/network.c ****   &gemm_10_chain,
 863:X-CUBE-AI/App/network.c ****   NULL, &eltwise_11_layer, AI_STATIC, 
 864:X-CUBE-AI/App/network.c **** )
 865:X-CUBE-AI/App/network.c **** 
 866:X-CUBE-AI/App/network.c **** AI_TENSOR_CHAIN_OBJ_DECLARE(
 867:X-CUBE-AI/App/network.c ****   gemm_9_chain, AI_STATIC_CONST, 4,
 868:X-CUBE-AI/App/network.c ****   AI_TENSOR_LIST_OBJ_INIT(AI_FLAG_NONE, 1, &eltwise_7_output),
 869:X-CUBE-AI/App/network.c ****   AI_TENSOR_LIST_OBJ_INIT(AI_FLAG_NONE, 1, &gemm_9_output),
 870:X-CUBE-AI/App/network.c ****   AI_TENSOR_LIST_OBJ_INIT(AI_FLAG_NONE, 2, &gemm_9_weights, &gemm_9_bias),
 871:X-CUBE-AI/App/network.c ****   AI_TENSOR_LIST_OBJ_INIT(AI_FLAG_NONE, 1, &gemm_9_scratch0)
 872:X-CUBE-AI/App/network.c **** )
 873:X-CUBE-AI/App/network.c **** 
 874:X-CUBE-AI/App/network.c **** AI_LAYER_OBJ_DECLARE(
 875:X-CUBE-AI/App/network.c ****   gemm_9_layer, 9,
 876:X-CUBE-AI/App/network.c ****   DENSE_TYPE, 0x0, NULL,
 877:X-CUBE-AI/App/network.c ****   dense, forward_dense_integer_SSSA_ch,
 878:X-CUBE-AI/App/network.c ****   &gemm_9_chain,
 879:X-CUBE-AI/App/network.c ****   NULL, &gemm_10_layer, AI_STATIC, 
 880:X-CUBE-AI/App/network.c **** )
 881:X-CUBE-AI/App/network.c **** 
 882:X-CUBE-AI/App/network.c **** AI_TENSOR_CHAIN_OBJ_DECLARE(
 883:X-CUBE-AI/App/network.c ****   gemm_8_chain, AI_STATIC_CONST, 4,
 884:X-CUBE-AI/App/network.c ****   AI_TENSOR_LIST_OBJ_INIT(AI_FLAG_NONE, 1, &eltwise_7_output),
ARM GAS  /tmp/cc5QMZ95.s 			page 17


 885:X-CUBE-AI/App/network.c ****   AI_TENSOR_LIST_OBJ_INIT(AI_FLAG_NONE, 1, &gemm_8_output),
 886:X-CUBE-AI/App/network.c ****   AI_TENSOR_LIST_OBJ_INIT(AI_FLAG_NONE, 2, &gemm_8_weights, &gemm_8_bias),
 887:X-CUBE-AI/App/network.c ****   AI_TENSOR_LIST_OBJ_INIT(AI_FLAG_NONE, 1, &gemm_8_scratch0)
 888:X-CUBE-AI/App/network.c **** )
 889:X-CUBE-AI/App/network.c **** 
 890:X-CUBE-AI/App/network.c **** AI_LAYER_OBJ_DECLARE(
 891:X-CUBE-AI/App/network.c ****   gemm_8_layer, 8,
 892:X-CUBE-AI/App/network.c ****   DENSE_TYPE, 0x0, NULL,
 893:X-CUBE-AI/App/network.c ****   dense, forward_dense_integer_SSSA_ch,
 894:X-CUBE-AI/App/network.c ****   &gemm_8_chain,
 895:X-CUBE-AI/App/network.c ****   NULL, &gemm_9_layer, AI_STATIC, 
 896:X-CUBE-AI/App/network.c **** )
 897:X-CUBE-AI/App/network.c **** 
 898:X-CUBE-AI/App/network.c **** AI_TENSOR_CHAIN_OBJ_DECLARE(
 899:X-CUBE-AI/App/network.c ****   eltwise_7_chain, AI_STATIC_CONST, 4,
 900:X-CUBE-AI/App/network.c ****   AI_TENSOR_LIST_OBJ_INIT(AI_FLAG_NONE, 2, &gemm_6_output, &gemm_4_output),
 901:X-CUBE-AI/App/network.c ****   AI_TENSOR_LIST_OBJ_INIT(AI_FLAG_NONE, 1, &eltwise_7_output),
 902:X-CUBE-AI/App/network.c ****   AI_TENSOR_LIST_OBJ_EMPTY,
 903:X-CUBE-AI/App/network.c ****   AI_TENSOR_LIST_OBJ_EMPTY
 904:X-CUBE-AI/App/network.c **** )
 905:X-CUBE-AI/App/network.c **** 
 906:X-CUBE-AI/App/network.c **** AI_LAYER_OBJ_DECLARE(
 907:X-CUBE-AI/App/network.c ****   eltwise_7_layer, 7,
 908:X-CUBE-AI/App/network.c ****   ELTWISE_INTEGER_TYPE, 0x0, NULL,
 909:X-CUBE-AI/App/network.c ****   eltwise_integer, forward_eltwise_integer_INT8,
 910:X-CUBE-AI/App/network.c ****   &eltwise_7_chain,
 911:X-CUBE-AI/App/network.c ****   NULL, &gemm_8_layer, AI_STATIC, 
 912:X-CUBE-AI/App/network.c ****   .operation = ai_sum_f32, 
 913:X-CUBE-AI/App/network.c ****   .buffer_operation = ai_sum_buffer_INT8, 
 914:X-CUBE-AI/App/network.c **** )
 915:X-CUBE-AI/App/network.c **** 
 916:X-CUBE-AI/App/network.c **** AI_TENSOR_CHAIN_OBJ_DECLARE(
 917:X-CUBE-AI/App/network.c ****   gemm_6_chain, AI_STATIC_CONST, 4,
 918:X-CUBE-AI/App/network.c ****   AI_TENSOR_LIST_OBJ_INIT(AI_FLAG_NONE, 1, &gemm_5_output),
 919:X-CUBE-AI/App/network.c ****   AI_TENSOR_LIST_OBJ_INIT(AI_FLAG_NONE, 1, &gemm_6_output),
 920:X-CUBE-AI/App/network.c ****   AI_TENSOR_LIST_OBJ_INIT(AI_FLAG_NONE, 2, &gemm_6_weights, &gemm_6_bias),
 921:X-CUBE-AI/App/network.c ****   AI_TENSOR_LIST_OBJ_INIT(AI_FLAG_NONE, 1, &gemm_6_scratch0)
 922:X-CUBE-AI/App/network.c **** )
 923:X-CUBE-AI/App/network.c **** 
 924:X-CUBE-AI/App/network.c **** AI_LAYER_OBJ_DECLARE(
 925:X-CUBE-AI/App/network.c ****   gemm_6_layer, 6,
 926:X-CUBE-AI/App/network.c ****   DENSE_TYPE, 0x0, NULL,
 927:X-CUBE-AI/App/network.c ****   dense, forward_dense_integer_SSSA_ch,
 928:X-CUBE-AI/App/network.c ****   &gemm_6_chain,
 929:X-CUBE-AI/App/network.c ****   NULL, &eltwise_7_layer, AI_STATIC, 
 930:X-CUBE-AI/App/network.c **** )
 931:X-CUBE-AI/App/network.c **** 
 932:X-CUBE-AI/App/network.c **** AI_TENSOR_CHAIN_OBJ_DECLARE(
 933:X-CUBE-AI/App/network.c ****   gemm_5_chain, AI_STATIC_CONST, 4,
 934:X-CUBE-AI/App/network.c ****   AI_TENSOR_LIST_OBJ_INIT(AI_FLAG_NONE, 1, &eltwise_3_output),
 935:X-CUBE-AI/App/network.c ****   AI_TENSOR_LIST_OBJ_INIT(AI_FLAG_NONE, 1, &gemm_5_output),
 936:X-CUBE-AI/App/network.c ****   AI_TENSOR_LIST_OBJ_INIT(AI_FLAG_NONE, 2, &gemm_5_weights, &gemm_5_bias),
 937:X-CUBE-AI/App/network.c ****   AI_TENSOR_LIST_OBJ_INIT(AI_FLAG_NONE, 1, &gemm_5_scratch0)
 938:X-CUBE-AI/App/network.c **** )
 939:X-CUBE-AI/App/network.c **** 
 940:X-CUBE-AI/App/network.c **** AI_LAYER_OBJ_DECLARE(
 941:X-CUBE-AI/App/network.c ****   gemm_5_layer, 5,
ARM GAS  /tmp/cc5QMZ95.s 			page 18


 942:X-CUBE-AI/App/network.c ****   DENSE_TYPE, 0x0, NULL,
 943:X-CUBE-AI/App/network.c ****   dense, forward_dense_integer_SSSA_ch,
 944:X-CUBE-AI/App/network.c ****   &gemm_5_chain,
 945:X-CUBE-AI/App/network.c ****   NULL, &gemm_6_layer, AI_STATIC, 
 946:X-CUBE-AI/App/network.c **** )
 947:X-CUBE-AI/App/network.c **** 
 948:X-CUBE-AI/App/network.c **** AI_TENSOR_CHAIN_OBJ_DECLARE(
 949:X-CUBE-AI/App/network.c ****   gemm_4_chain, AI_STATIC_CONST, 4,
 950:X-CUBE-AI/App/network.c ****   AI_TENSOR_LIST_OBJ_INIT(AI_FLAG_NONE, 1, &eltwise_3_output),
 951:X-CUBE-AI/App/network.c ****   AI_TENSOR_LIST_OBJ_INIT(AI_FLAG_NONE, 1, &gemm_4_output),
 952:X-CUBE-AI/App/network.c ****   AI_TENSOR_LIST_OBJ_INIT(AI_FLAG_NONE, 2, &gemm_4_weights, &gemm_4_bias),
 953:X-CUBE-AI/App/network.c ****   AI_TENSOR_LIST_OBJ_INIT(AI_FLAG_NONE, 1, &gemm_4_scratch0)
 954:X-CUBE-AI/App/network.c **** )
 955:X-CUBE-AI/App/network.c **** 
 956:X-CUBE-AI/App/network.c **** AI_LAYER_OBJ_DECLARE(
 957:X-CUBE-AI/App/network.c ****   gemm_4_layer, 4,
 958:X-CUBE-AI/App/network.c ****   DENSE_TYPE, 0x0, NULL,
 959:X-CUBE-AI/App/network.c ****   dense, forward_dense_integer_SSSA_ch,
 960:X-CUBE-AI/App/network.c ****   &gemm_4_chain,
 961:X-CUBE-AI/App/network.c ****   NULL, &gemm_5_layer, AI_STATIC, 
 962:X-CUBE-AI/App/network.c **** )
 963:X-CUBE-AI/App/network.c **** 
 964:X-CUBE-AI/App/network.c **** AI_TENSOR_CHAIN_OBJ_DECLARE(
 965:X-CUBE-AI/App/network.c ****   eltwise_3_chain, AI_STATIC_CONST, 4,
 966:X-CUBE-AI/App/network.c ****   AI_TENSOR_LIST_OBJ_INIT(AI_FLAG_NONE, 2, &gemm_2_output, &gemm_0_output),
 967:X-CUBE-AI/App/network.c ****   AI_TENSOR_LIST_OBJ_INIT(AI_FLAG_NONE, 1, &eltwise_3_output),
 968:X-CUBE-AI/App/network.c ****   AI_TENSOR_LIST_OBJ_EMPTY,
 969:X-CUBE-AI/App/network.c ****   AI_TENSOR_LIST_OBJ_EMPTY
 970:X-CUBE-AI/App/network.c **** )
 971:X-CUBE-AI/App/network.c **** 
 972:X-CUBE-AI/App/network.c **** AI_LAYER_OBJ_DECLARE(
 973:X-CUBE-AI/App/network.c ****   eltwise_3_layer, 3,
 974:X-CUBE-AI/App/network.c ****   ELTWISE_INTEGER_TYPE, 0x0, NULL,
 975:X-CUBE-AI/App/network.c ****   eltwise_integer, forward_eltwise_integer_INT8,
 976:X-CUBE-AI/App/network.c ****   &eltwise_3_chain,
 977:X-CUBE-AI/App/network.c ****   NULL, &gemm_4_layer, AI_STATIC, 
 978:X-CUBE-AI/App/network.c ****   .operation = ai_sum_f32, 
 979:X-CUBE-AI/App/network.c ****   .buffer_operation = ai_sum_buffer_INT8, 
 980:X-CUBE-AI/App/network.c **** )
 981:X-CUBE-AI/App/network.c **** 
 982:X-CUBE-AI/App/network.c **** AI_TENSOR_CHAIN_OBJ_DECLARE(
 983:X-CUBE-AI/App/network.c ****   gemm_2_chain, AI_STATIC_CONST, 4,
 984:X-CUBE-AI/App/network.c ****   AI_TENSOR_LIST_OBJ_INIT(AI_FLAG_NONE, 1, &gemm_1_output),
 985:X-CUBE-AI/App/network.c ****   AI_TENSOR_LIST_OBJ_INIT(AI_FLAG_NONE, 1, &gemm_2_output),
 986:X-CUBE-AI/App/network.c ****   AI_TENSOR_LIST_OBJ_INIT(AI_FLAG_NONE, 2, &gemm_2_weights, &gemm_2_bias),
 987:X-CUBE-AI/App/network.c ****   AI_TENSOR_LIST_OBJ_INIT(AI_FLAG_NONE, 1, &gemm_2_scratch0)
 988:X-CUBE-AI/App/network.c **** )
 989:X-CUBE-AI/App/network.c **** 
 990:X-CUBE-AI/App/network.c **** AI_LAYER_OBJ_DECLARE(
 991:X-CUBE-AI/App/network.c ****   gemm_2_layer, 2,
 992:X-CUBE-AI/App/network.c ****   DENSE_TYPE, 0x0, NULL,
 993:X-CUBE-AI/App/network.c ****   dense, forward_dense_integer_SSSA_ch,
 994:X-CUBE-AI/App/network.c ****   &gemm_2_chain,
 995:X-CUBE-AI/App/network.c ****   NULL, &eltwise_3_layer, AI_STATIC, 
 996:X-CUBE-AI/App/network.c **** )
 997:X-CUBE-AI/App/network.c **** 
 998:X-CUBE-AI/App/network.c **** AI_TENSOR_CHAIN_OBJ_DECLARE(
ARM GAS  /tmp/cc5QMZ95.s 			page 19


 999:X-CUBE-AI/App/network.c ****   gemm_1_chain, AI_STATIC_CONST, 4,
1000:X-CUBE-AI/App/network.c ****   AI_TENSOR_LIST_OBJ_INIT(AI_FLAG_NONE, 1, &gemm_0_output),
1001:X-CUBE-AI/App/network.c ****   AI_TENSOR_LIST_OBJ_INIT(AI_FLAG_NONE, 1, &gemm_1_output),
1002:X-CUBE-AI/App/network.c ****   AI_TENSOR_LIST_OBJ_INIT(AI_FLAG_NONE, 2, &gemm_1_weights, &gemm_1_bias),
1003:X-CUBE-AI/App/network.c ****   AI_TENSOR_LIST_OBJ_INIT(AI_FLAG_NONE, 1, &gemm_1_scratch0)
1004:X-CUBE-AI/App/network.c **** )
1005:X-CUBE-AI/App/network.c **** 
1006:X-CUBE-AI/App/network.c **** AI_LAYER_OBJ_DECLARE(
1007:X-CUBE-AI/App/network.c ****   gemm_1_layer, 1,
1008:X-CUBE-AI/App/network.c ****   DENSE_TYPE, 0x0, NULL,
1009:X-CUBE-AI/App/network.c ****   dense, forward_dense_integer_SSSA_ch,
1010:X-CUBE-AI/App/network.c ****   &gemm_1_chain,
1011:X-CUBE-AI/App/network.c ****   NULL, &gemm_2_layer, AI_STATIC, 
1012:X-CUBE-AI/App/network.c **** )
1013:X-CUBE-AI/App/network.c **** 
1014:X-CUBE-AI/App/network.c **** AI_TENSOR_CHAIN_OBJ_DECLARE(
1015:X-CUBE-AI/App/network.c ****   gemm_0_chain, AI_STATIC_CONST, 4,
1016:X-CUBE-AI/App/network.c ****   AI_TENSOR_LIST_OBJ_INIT(AI_FLAG_NONE, 1, &serving_default_sensor_input0_output),
1017:X-CUBE-AI/App/network.c ****   AI_TENSOR_LIST_OBJ_INIT(AI_FLAG_NONE, 1, &gemm_0_output),
1018:X-CUBE-AI/App/network.c ****   AI_TENSOR_LIST_OBJ_INIT(AI_FLAG_NONE, 2, &gemm_0_weights, &gemm_0_bias),
1019:X-CUBE-AI/App/network.c ****   AI_TENSOR_LIST_OBJ_INIT(AI_FLAG_NONE, 1, &gemm_0_scratch0)
1020:X-CUBE-AI/App/network.c **** )
1021:X-CUBE-AI/App/network.c **** 
1022:X-CUBE-AI/App/network.c **** AI_LAYER_OBJ_DECLARE(
1023:X-CUBE-AI/App/network.c ****   gemm_0_layer, 0,
1024:X-CUBE-AI/App/network.c ****   DENSE_TYPE, 0x0, NULL,
1025:X-CUBE-AI/App/network.c ****   dense, forward_dense_integer_SSSA_ch,
1026:X-CUBE-AI/App/network.c ****   &gemm_0_chain,
1027:X-CUBE-AI/App/network.c ****   NULL, &gemm_1_layer, AI_STATIC, 
1028:X-CUBE-AI/App/network.c **** )
1029:X-CUBE-AI/App/network.c **** 
1030:X-CUBE-AI/App/network.c **** 
1031:X-CUBE-AI/App/network.c **** #if (AI_TOOLS_API_VERSION < AI_TOOLS_API_VERSION_1_5)
1032:X-CUBE-AI/App/network.c **** 
1033:X-CUBE-AI/App/network.c **** AI_NETWORK_OBJ_DECLARE(
1034:X-CUBE-AI/App/network.c ****   AI_NET_OBJ_INSTANCE, AI_STATIC,
1035:X-CUBE-AI/App/network.c ****   AI_BUFFER_INIT(AI_FLAG_NONE,  AI_BUFFER_FORMAT_U8,
1036:X-CUBE-AI/App/network.c ****     AI_BUFFER_SHAPE_INIT(AI_SHAPE_BCWH, 4, 1, 23940, 1, 1),
1037:X-CUBE-AI/App/network.c ****     23940, NULL, NULL),
1038:X-CUBE-AI/App/network.c ****   AI_BUFFER_INIT(AI_FLAG_NONE,  AI_BUFFER_FORMAT_U8,
1039:X-CUBE-AI/App/network.c ****     AI_BUFFER_SHAPE_INIT(AI_SHAPE_BCWH, 4, 1, 1004, 1, 1),
1040:X-CUBE-AI/App/network.c ****     1004, NULL, NULL),
1041:X-CUBE-AI/App/network.c ****   AI_TENSOR_LIST_IO_OBJ_INIT(AI_FLAG_NONE, AI_NETWORK_IN_NUM, &serving_default_sensor_input0_output
1042:X-CUBE-AI/App/network.c ****   AI_TENSOR_LIST_IO_OBJ_INIT(AI_FLAG_NONE, AI_NETWORK_OUT_NUM, &nl_13_output),
1043:X-CUBE-AI/App/network.c ****   &gemm_0_layer, 0x7940b212, NULL)
1044:X-CUBE-AI/App/network.c **** 
1045:X-CUBE-AI/App/network.c **** #else
1046:X-CUBE-AI/App/network.c **** 
1047:X-CUBE-AI/App/network.c **** AI_NETWORK_OBJ_DECLARE(
1048:X-CUBE-AI/App/network.c ****   AI_NET_OBJ_INSTANCE, AI_STATIC,
1049:X-CUBE-AI/App/network.c ****   AI_BUFFER_ARRAY_OBJ_INIT_STATIC(
1050:X-CUBE-AI/App/network.c ****   	AI_FLAG_NONE, 1,
1051:X-CUBE-AI/App/network.c ****     AI_BUFFER_INIT(AI_FLAG_NONE,  AI_BUFFER_FORMAT_U8,
1052:X-CUBE-AI/App/network.c ****       AI_BUFFER_SHAPE_INIT(AI_SHAPE_BCWH, 4, 1, 23940, 1, 1),
1053:X-CUBE-AI/App/network.c ****       23940, NULL, NULL)
1054:X-CUBE-AI/App/network.c ****   ),
1055:X-CUBE-AI/App/network.c ****   AI_BUFFER_ARRAY_OBJ_INIT_STATIC(
ARM GAS  /tmp/cc5QMZ95.s 			page 20


1056:X-CUBE-AI/App/network.c ****   	AI_FLAG_NONE, 1,
1057:X-CUBE-AI/App/network.c ****     AI_BUFFER_INIT(AI_FLAG_NONE,  AI_BUFFER_FORMAT_U8,
1058:X-CUBE-AI/App/network.c ****       AI_BUFFER_SHAPE_INIT(AI_SHAPE_BCWH, 4, 1, 1004, 1, 1),
1059:X-CUBE-AI/App/network.c ****       1004, NULL, NULL)
1060:X-CUBE-AI/App/network.c ****   ),
1061:X-CUBE-AI/App/network.c ****   AI_TENSOR_LIST_IO_OBJ_INIT(AI_FLAG_NONE, AI_NETWORK_IN_NUM, &serving_default_sensor_input0_output
1062:X-CUBE-AI/App/network.c ****   AI_TENSOR_LIST_IO_OBJ_INIT(AI_FLAG_NONE, AI_NETWORK_OUT_NUM, &nl_13_output),
1063:X-CUBE-AI/App/network.c ****   &gemm_0_layer, 0x7940b212, NULL)
1064:X-CUBE-AI/App/network.c **** 
1065:X-CUBE-AI/App/network.c **** #endif	/*(AI_TOOLS_API_VERSION < AI_TOOLS_API_VERSION_1_5)*/
1066:X-CUBE-AI/App/network.c **** 
1067:X-CUBE-AI/App/network.c **** 
1068:X-CUBE-AI/App/network.c **** 
1069:X-CUBE-AI/App/network.c **** /******************************************************************************/
1070:X-CUBE-AI/App/network.c **** AI_DECLARE_STATIC
1071:X-CUBE-AI/App/network.c **** ai_bool network_configure_activations(
1072:X-CUBE-AI/App/network.c ****   ai_network* net_ctx, const ai_network_params* params)
1073:X-CUBE-AI/App/network.c **** {
1074:X-CUBE-AI/App/network.c ****   AI_ASSERT(net_ctx)
1075:X-CUBE-AI/App/network.c **** 
1076:X-CUBE-AI/App/network.c ****   if (ai_platform_get_activations_map(g_network_activations_map, 1, params)) {
1077:X-CUBE-AI/App/network.c ****     /* Updating activations (byte) offsets */
1078:X-CUBE-AI/App/network.c ****     
1079:X-CUBE-AI/App/network.c ****     serving_default_sensor_input0_output_array.data = AI_PTR(g_network_activations_map[0] + 772);
1080:X-CUBE-AI/App/network.c ****     serving_default_sensor_input0_output_array.data_start = AI_PTR(g_network_activations_map[0] + 7
1081:X-CUBE-AI/App/network.c ****     gemm_0_scratch0_array.data = AI_PTR(g_network_activations_map[0] + 96);
1082:X-CUBE-AI/App/network.c ****     gemm_0_scratch0_array.data_start = AI_PTR(g_network_activations_map[0] + 96);
1083:X-CUBE-AI/App/network.c ****     gemm_0_output_array.data = AI_PTR(g_network_activations_map[0] + 32);
1084:X-CUBE-AI/App/network.c ****     gemm_0_output_array.data_start = AI_PTR(g_network_activations_map[0] + 32);
1085:X-CUBE-AI/App/network.c ****     gemm_1_scratch0_array.data = AI_PTR(g_network_activations_map[0] + 96);
1086:X-CUBE-AI/App/network.c ****     gemm_1_scratch0_array.data_start = AI_PTR(g_network_activations_map[0] + 96);
1087:X-CUBE-AI/App/network.c ****     gemm_1_output_array.data = AI_PTR(g_network_activations_map[0] + 864);
1088:X-CUBE-AI/App/network.c ****     gemm_1_output_array.data_start = AI_PTR(g_network_activations_map[0] + 864);
1089:X-CUBE-AI/App/network.c ****     gemm_2_scratch0_array.data = AI_PTR(g_network_activations_map[0] + 96);
1090:X-CUBE-AI/App/network.c ****     gemm_2_scratch0_array.data_start = AI_PTR(g_network_activations_map[0] + 96);
1091:X-CUBE-AI/App/network.c ****     gemm_2_output_array.data = AI_PTR(g_network_activations_map[0] + 928);
1092:X-CUBE-AI/App/network.c ****     gemm_2_output_array.data_start = AI_PTR(g_network_activations_map[0] + 928);
1093:X-CUBE-AI/App/network.c ****     eltwise_3_output_array.data = AI_PTR(g_network_activations_map[0] + 96);
1094:X-CUBE-AI/App/network.c ****     eltwise_3_output_array.data_start = AI_PTR(g_network_activations_map[0] + 96);
1095:X-CUBE-AI/App/network.c ****     gemm_4_scratch0_array.data = AI_PTR(g_network_activations_map[0] + 160);
1096:X-CUBE-AI/App/network.c ****     gemm_4_scratch0_array.data_start = AI_PTR(g_network_activations_map[0] + 160);
1097:X-CUBE-AI/App/network.c ****     gemm_4_output_array.data = AI_PTR(g_network_activations_map[0] + 32);
1098:X-CUBE-AI/App/network.c ****     gemm_4_output_array.data_start = AI_PTR(g_network_activations_map[0] + 32);
1099:X-CUBE-AI/App/network.c ****     gemm_5_scratch0_array.data = AI_PTR(g_network_activations_map[0] + 160);
1100:X-CUBE-AI/App/network.c ****     gemm_5_scratch0_array.data_start = AI_PTR(g_network_activations_map[0] + 160);
1101:X-CUBE-AI/App/network.c ****     gemm_5_output_array.data = AI_PTR(g_network_activations_map[0] + 768);
1102:X-CUBE-AI/App/network.c ****     gemm_5_output_array.data_start = AI_PTR(g_network_activations_map[0] + 768);
1103:X-CUBE-AI/App/network.c ****     gemm_6_scratch0_array.data = AI_PTR(g_network_activations_map[0] + 80);
1104:X-CUBE-AI/App/network.c ****     gemm_6_scratch0_array.data_start = AI_PTR(g_network_activations_map[0] + 80);
1105:X-CUBE-AI/App/network.c ****     gemm_6_output_array.data = AI_PTR(g_network_activations_map[0] + 656);
1106:X-CUBE-AI/App/network.c ****     gemm_6_output_array.data_start = AI_PTR(g_network_activations_map[0] + 656);
1107:X-CUBE-AI/App/network.c ****     eltwise_7_output_array.data = AI_PTR(g_network_activations_map[0] + 80);
1108:X-CUBE-AI/App/network.c ****     eltwise_7_output_array.data_start = AI_PTR(g_network_activations_map[0] + 80);
1109:X-CUBE-AI/App/network.c ****     gemm_8_scratch0_array.data = AI_PTR(g_network_activations_map[0] + 128);
1110:X-CUBE-AI/App/network.c ****     gemm_8_scratch0_array.data_start = AI_PTR(g_network_activations_map[0] + 128);
1111:X-CUBE-AI/App/network.c ****     gemm_8_output_array.data = AI_PTR(g_network_activations_map[0] + 32);
1112:X-CUBE-AI/App/network.c ****     gemm_8_output_array.data_start = AI_PTR(g_network_activations_map[0] + 32);
ARM GAS  /tmp/cc5QMZ95.s 			page 21


1113:X-CUBE-AI/App/network.c ****     gemm_9_scratch0_array.data = AI_PTR(g_network_activations_map[0] + 128);
1114:X-CUBE-AI/App/network.c ****     gemm_9_scratch0_array.data_start = AI_PTR(g_network_activations_map[0] + 128);
1115:X-CUBE-AI/App/network.c ****     gemm_9_output_array.data = AI_PTR(g_network_activations_map[0] + 544);
1116:X-CUBE-AI/App/network.c ****     gemm_9_output_array.data_start = AI_PTR(g_network_activations_map[0] + 544);
1117:X-CUBE-AI/App/network.c ****     gemm_10_scratch0_array.data = AI_PTR(g_network_activations_map[0] + 64);
1118:X-CUBE-AI/App/network.c ****     gemm_10_scratch0_array.data_start = AI_PTR(g_network_activations_map[0] + 64);
1119:X-CUBE-AI/App/network.c ****     gemm_10_output_array.data = AI_PTR(g_network_activations_map[0] + 448);
1120:X-CUBE-AI/App/network.c ****     gemm_10_output_array.data_start = AI_PTR(g_network_activations_map[0] + 448);
1121:X-CUBE-AI/App/network.c ****     eltwise_11_output_array.data = AI_PTR(g_network_activations_map[0] + 64);
1122:X-CUBE-AI/App/network.c ****     eltwise_11_output_array.data_start = AI_PTR(g_network_activations_map[0] + 64);
1123:X-CUBE-AI/App/network.c ****     gemm_12_scratch0_array.data = AI_PTR(g_network_activations_map[0] + 836);
1124:X-CUBE-AI/App/network.c ****     gemm_12_scratch0_array.data_start = AI_PTR(g_network_activations_map[0] + 836);
1125:X-CUBE-AI/App/network.c ****     gemm_12_output_array.data = AI_PTR(g_network_activations_map[0] + 992);
1126:X-CUBE-AI/App/network.c ****     gemm_12_output_array.data_start = AI_PTR(g_network_activations_map[0] + 992);
1127:X-CUBE-AI/App/network.c ****     nl_13_scratch0_array.data = AI_PTR(g_network_activations_map[0] + 0);
1128:X-CUBE-AI/App/network.c ****     nl_13_scratch0_array.data_start = AI_PTR(g_network_activations_map[0] + 0);
1129:X-CUBE-AI/App/network.c ****     nl_13_output_array.data = AI_PTR(g_network_activations_map[0] + 992);
1130:X-CUBE-AI/App/network.c ****     nl_13_output_array.data_start = AI_PTR(g_network_activations_map[0] + 992);
1131:X-CUBE-AI/App/network.c ****     return true;
1132:X-CUBE-AI/App/network.c ****   }
1133:X-CUBE-AI/App/network.c ****   AI_ERROR_TRAP(net_ctx, INIT_FAILED, NETWORK_ACTIVATIONS);
1134:X-CUBE-AI/App/network.c ****   return false;
1135:X-CUBE-AI/App/network.c **** }
1136:X-CUBE-AI/App/network.c **** 
1137:X-CUBE-AI/App/network.c **** 
1138:X-CUBE-AI/App/network.c **** 
1139:X-CUBE-AI/App/network.c **** 
1140:X-CUBE-AI/App/network.c **** /******************************************************************************/
1141:X-CUBE-AI/App/network.c **** AI_DECLARE_STATIC
1142:X-CUBE-AI/App/network.c **** ai_bool network_configure_weights(
1143:X-CUBE-AI/App/network.c ****   ai_network* net_ctx, const ai_network_params* params)
1144:X-CUBE-AI/App/network.c **** {
  30              		.loc 1 1144 1 view -0
  31              		.cfi_startproc
  32              		@ args = 0, pretend = 0, frame = 0
  33              		@ frame_needed = 0, uses_anonymous_args = 0
  34              		.loc 1 1144 1 is_stmt 0 view .LVU1
  35 0000 38B5     		push	{r3, r4, r5, lr}
  36              	.LCFI0:
  37              		.cfi_def_cfa_offset 16
  38              		.cfi_offset 3, -16
  39              		.cfi_offset 4, -12
  40              		.cfi_offset 5, -8
  41              		.cfi_offset 14, -4
  42 0002 0446     		mov	r4, r0
  43 0004 0A46     		mov	r2, r1
1145:X-CUBE-AI/App/network.c ****   AI_ASSERT(net_ctx)
  44              		.loc 1 1145 3 is_stmt 1 view .LVU2
1146:X-CUBE-AI/App/network.c **** 
1147:X-CUBE-AI/App/network.c ****   if (ai_platform_get_weights_map(g_network_weights_map, 1, params)) {
  45              		.loc 1 1147 3 view .LVU3
  46              		.loc 1 1147 7 is_stmt 0 view .LVU4
  47 0006 0121     		movs	r1, #1
  48              	.LVL1:
  49              		.loc 1 1147 7 view .LVU5
  50 0008 6548     		ldr	r0, .L5
  51              	.LVL2:
ARM GAS  /tmp/cc5QMZ95.s 			page 22


  52              		.loc 1 1147 7 view .LVU6
  53 000a FFF7FEFF 		bl	ai_platform_get_weights_map
  54              	.LVL3:
  55              		.loc 1 1147 6 discriminator 1 view .LVU7
  56 000e 0546     		mov	r5, r0
  57 0010 0028     		cmp	r0, #0
  58 0012 00F0BF80 		beq	.L2
1148:X-CUBE-AI/App/network.c ****     /* Updating weights (byte) offsets */
1149:X-CUBE-AI/App/network.c ****     
1150:X-CUBE-AI/App/network.c ****     gemm_0_weights_array.format |= AI_FMT_FLAG_CONST;
  59              		.loc 1 1150 5 is_stmt 1 view .LVU8
  60              		.loc 1 1150 25 is_stmt 0 view .LVU9
  61 0016 634A     		ldr	r2, .L5+4
  62 0018 1368     		ldr	r3, [r2]
  63              		.loc 1 1150 33 view .LVU10
  64 001a 43F08043 		orr	r3, r3, #1073741824
  65 001e 1360     		str	r3, [r2]
1151:X-CUBE-AI/App/network.c ****     gemm_0_weights_array.data = AI_PTR(g_network_weights_map[0] + 0);
  66              		.loc 1 1151 5 is_stmt 1 view .LVU11
  67              		.loc 1 1151 33 is_stmt 0 view .LVU12
  68 0020 5F4B     		ldr	r3, .L5
  69 0022 1B68     		ldr	r3, [r3]
  70              		.loc 1 1151 31 view .LVU13
  71 0024 9360     		str	r3, [r2, #8]
1152:X-CUBE-AI/App/network.c ****     gemm_0_weights_array.data_start = AI_PTR(g_network_weights_map[0] + 0);
  72              		.loc 1 1152 5 is_stmt 1 view .LVU14
  73              		.loc 1 1152 37 is_stmt 0 view .LVU15
  74 0026 D360     		str	r3, [r2, #12]
1153:X-CUBE-AI/App/network.c ****     gemm_0_bias_array.format |= AI_FMT_FLAG_CONST;
  75              		.loc 1 1153 5 is_stmt 1 view .LVU16
  76              		.loc 1 1153 22 is_stmt 0 view .LVU17
  77 0028 5F4A     		ldr	r2, .L5+8
  78 002a 1168     		ldr	r1, [r2]
  79              		.loc 1 1153 30 view .LVU18
  80 002c 41F08041 		orr	r1, r1, #1073741824
  81 0030 1160     		str	r1, [r2]
1154:X-CUBE-AI/App/network.c ****     gemm_0_bias_array.data = AI_PTR(g_network_weights_map[0] + 1152);
  82              		.loc 1 1154 5 is_stmt 1 view .LVU19
  83              		.loc 1 1154 30 is_stmt 0 view .LVU20
  84 0032 03F59061 		add	r1, r3, #1152
  85              		.loc 1 1154 28 view .LVU21
  86 0036 9160     		str	r1, [r2, #8]
1155:X-CUBE-AI/App/network.c ****     gemm_0_bias_array.data_start = AI_PTR(g_network_weights_map[0] + 1152);
  87              		.loc 1 1155 5 is_stmt 1 view .LVU22
  88              		.loc 1 1155 34 is_stmt 0 view .LVU23
  89 0038 D160     		str	r1, [r2, #12]
1156:X-CUBE-AI/App/network.c ****     gemm_1_weights_array.format |= AI_FMT_FLAG_CONST;
  90              		.loc 1 1156 5 is_stmt 1 view .LVU24
  91              		.loc 1 1156 25 is_stmt 0 view .LVU25
  92 003a 5C4A     		ldr	r2, .L5+12
  93 003c 1168     		ldr	r1, [r2]
  94              		.loc 1 1156 33 view .LVU26
  95 003e 41F08041 		orr	r1, r1, #1073741824
  96 0042 1160     		str	r1, [r2]
1157:X-CUBE-AI/App/network.c ****     gemm_1_weights_array.data = AI_PTR(g_network_weights_map[0] + 1408);
  97              		.loc 1 1157 5 is_stmt 1 view .LVU27
  98              		.loc 1 1157 33 is_stmt 0 view .LVU28
ARM GAS  /tmp/cc5QMZ95.s 			page 23


  99 0044 03F5B061 		add	r1, r3, #1408
 100              		.loc 1 1157 31 view .LVU29
 101 0048 9160     		str	r1, [r2, #8]
1158:X-CUBE-AI/App/network.c ****     gemm_1_weights_array.data_start = AI_PTR(g_network_weights_map[0] + 1408);
 102              		.loc 1 1158 5 is_stmt 1 view .LVU30
 103              		.loc 1 1158 37 is_stmt 0 view .LVU31
 104 004a D160     		str	r1, [r2, #12]
1159:X-CUBE-AI/App/network.c ****     gemm_1_bias_array.format |= AI_FMT_FLAG_CONST;
 105              		.loc 1 1159 5 is_stmt 1 view .LVU32
 106              		.loc 1 1159 22 is_stmt 0 view .LVU33
 107 004c 584A     		ldr	r2, .L5+16
 108 004e 1168     		ldr	r1, [r2]
 109              		.loc 1 1159 30 view .LVU34
 110 0050 41F08041 		orr	r1, r1, #1073741824
 111 0054 1160     		str	r1, [r2]
1160:X-CUBE-AI/App/network.c ****     gemm_1_bias_array.data = AI_PTR(g_network_weights_map[0] + 5504);
 112              		.loc 1 1160 5 is_stmt 1 view .LVU35
 113              		.loc 1 1160 30 is_stmt 0 view .LVU36
 114 0056 03F5AC51 		add	r1, r3, #5504
 115              		.loc 1 1160 28 view .LVU37
 116 005a 9160     		str	r1, [r2, #8]
1161:X-CUBE-AI/App/network.c ****     gemm_1_bias_array.data_start = AI_PTR(g_network_weights_map[0] + 5504);
 117              		.loc 1 1161 5 is_stmt 1 view .LVU38
 118              		.loc 1 1161 34 is_stmt 0 view .LVU39
 119 005c D160     		str	r1, [r2, #12]
1162:X-CUBE-AI/App/network.c ****     gemm_2_weights_array.format |= AI_FMT_FLAG_CONST;
 120              		.loc 1 1162 5 is_stmt 1 view .LVU40
 121              		.loc 1 1162 25 is_stmt 0 view .LVU41
 122 005e 554A     		ldr	r2, .L5+20
 123 0060 1168     		ldr	r1, [r2]
 124              		.loc 1 1162 33 view .LVU42
 125 0062 41F08041 		orr	r1, r1, #1073741824
 126 0066 1160     		str	r1, [r2]
1163:X-CUBE-AI/App/network.c ****     gemm_2_weights_array.data = AI_PTR(g_network_weights_map[0] + 5760);
 127              		.loc 1 1163 5 is_stmt 1 view .LVU43
 128              		.loc 1 1163 33 is_stmt 0 view .LVU44
 129 0068 03F5B451 		add	r1, r3, #5760
 130              		.loc 1 1163 31 view .LVU45
 131 006c 9160     		str	r1, [r2, #8]
1164:X-CUBE-AI/App/network.c ****     gemm_2_weights_array.data_start = AI_PTR(g_network_weights_map[0] + 5760);
 132              		.loc 1 1164 5 is_stmt 1 view .LVU46
 133              		.loc 1 1164 37 is_stmt 0 view .LVU47
 134 006e D160     		str	r1, [r2, #12]
1165:X-CUBE-AI/App/network.c ****     gemm_2_bias_array.format |= AI_FMT_FLAG_CONST;
 135              		.loc 1 1165 5 is_stmt 1 view .LVU48
 136              		.loc 1 1165 22 is_stmt 0 view .LVU49
 137 0070 514A     		ldr	r2, .L5+24
 138 0072 1168     		ldr	r1, [r2]
 139              		.loc 1 1165 30 view .LVU50
 140 0074 41F08041 		orr	r1, r1, #1073741824
 141 0078 1160     		str	r1, [r2]
1166:X-CUBE-AI/App/network.c ****     gemm_2_bias_array.data = AI_PTR(g_network_weights_map[0] + 9856);
 142              		.loc 1 1166 5 is_stmt 1 view .LVU51
 143              		.loc 1 1166 30 is_stmt 0 view .LVU52
 144 007a 03F51A51 		add	r1, r3, #9856
 145              		.loc 1 1166 28 view .LVU53
 146 007e 9160     		str	r1, [r2, #8]
ARM GAS  /tmp/cc5QMZ95.s 			page 24


1167:X-CUBE-AI/App/network.c ****     gemm_2_bias_array.data_start = AI_PTR(g_network_weights_map[0] + 9856);
 147              		.loc 1 1167 5 is_stmt 1 view .LVU54
 148              		.loc 1 1167 34 is_stmt 0 view .LVU55
 149 0080 D160     		str	r1, [r2, #12]
1168:X-CUBE-AI/App/network.c ****     gemm_4_weights_array.format |= AI_FMT_FLAG_CONST;
 150              		.loc 1 1168 5 is_stmt 1 view .LVU56
 151              		.loc 1 1168 25 is_stmt 0 view .LVU57
 152 0082 4E4A     		ldr	r2, .L5+28
 153 0084 1168     		ldr	r1, [r2]
 154              		.loc 1 1168 33 view .LVU58
 155 0086 41F08041 		orr	r1, r1, #1073741824
 156 008a 1160     		str	r1, [r2]
1169:X-CUBE-AI/App/network.c ****     gemm_4_weights_array.data = AI_PTR(g_network_weights_map[0] + 10112);
 157              		.loc 1 1169 5 is_stmt 1 view .LVU59
 158              		.loc 1 1169 33 is_stmt 0 view .LVU60
 159 008c 03F51E51 		add	r1, r3, #10112
 160              		.loc 1 1169 31 view .LVU61
 161 0090 9160     		str	r1, [r2, #8]
1170:X-CUBE-AI/App/network.c ****     gemm_4_weights_array.data_start = AI_PTR(g_network_weights_map[0] + 10112);
 162              		.loc 1 1170 5 is_stmt 1 view .LVU62
 163              		.loc 1 1170 37 is_stmt 0 view .LVU63
 164 0092 D160     		str	r1, [r2, #12]
1171:X-CUBE-AI/App/network.c ****     gemm_4_bias_array.format |= AI_FMT_FLAG_CONST;
 165              		.loc 1 1171 5 is_stmt 1 view .LVU64
 166              		.loc 1 1171 22 is_stmt 0 view .LVU65
 167 0094 4A4A     		ldr	r2, .L5+32
 168 0096 1168     		ldr	r1, [r2]
 169              		.loc 1 1171 30 view .LVU66
 170 0098 41F08041 		orr	r1, r1, #1073741824
 171 009c 1160     		str	r1, [r2]
1172:X-CUBE-AI/App/network.c ****     gemm_4_bias_array.data = AI_PTR(g_network_weights_map[0] + 13184);
 172              		.loc 1 1172 5 is_stmt 1 view .LVU67
 173              		.loc 1 1172 30 is_stmt 0 view .LVU68
 174 009e 03F54E51 		add	r1, r3, #13184
 175              		.loc 1 1172 28 view .LVU69
 176 00a2 9160     		str	r1, [r2, #8]
1173:X-CUBE-AI/App/network.c ****     gemm_4_bias_array.data_start = AI_PTR(g_network_weights_map[0] + 13184);
 177              		.loc 1 1173 5 is_stmt 1 view .LVU70
 178              		.loc 1 1173 34 is_stmt 0 view .LVU71
 179 00a4 D160     		str	r1, [r2, #12]
1174:X-CUBE-AI/App/network.c ****     gemm_5_weights_array.format |= AI_FMT_FLAG_CONST;
 180              		.loc 1 1174 5 is_stmt 1 view .LVU72
 181              		.loc 1 1174 25 is_stmt 0 view .LVU73
 182 00a6 474A     		ldr	r2, .L5+36
 183 00a8 1168     		ldr	r1, [r2]
 184              		.loc 1 1174 33 view .LVU74
 185 00aa 41F08041 		orr	r1, r1, #1073741824
 186 00ae 1160     		str	r1, [r2]
1175:X-CUBE-AI/App/network.c ****     gemm_5_weights_array.data = AI_PTR(g_network_weights_map[0] + 13376);
 187              		.loc 1 1175 5 is_stmt 1 view .LVU75
 188              		.loc 1 1175 33 is_stmt 0 view .LVU76
 189 00b0 03F55151 		add	r1, r3, #13376
 190              		.loc 1 1175 31 view .LVU77
 191 00b4 9160     		str	r1, [r2, #8]
1176:X-CUBE-AI/App/network.c ****     gemm_5_weights_array.data_start = AI_PTR(g_network_weights_map[0] + 13376);
 192              		.loc 1 1176 5 is_stmt 1 view .LVU78
 193              		.loc 1 1176 37 is_stmt 0 view .LVU79
ARM GAS  /tmp/cc5QMZ95.s 			page 25


 194 00b6 D160     		str	r1, [r2, #12]
1177:X-CUBE-AI/App/network.c ****     gemm_5_bias_array.format |= AI_FMT_FLAG_CONST;
 195              		.loc 1 1177 5 is_stmt 1 view .LVU80
 196              		.loc 1 1177 22 is_stmt 0 view .LVU81
 197 00b8 434A     		ldr	r2, .L5+40
 198 00ba 1168     		ldr	r1, [r2]
 199              		.loc 1 1177 30 view .LVU82
 200 00bc 41F08041 		orr	r1, r1, #1073741824
 201 00c0 1160     		str	r1, [r2]
1178:X-CUBE-AI/App/network.c ****     gemm_5_bias_array.data = AI_PTR(g_network_weights_map[0] + 16448);
 202              		.loc 1 1178 5 is_stmt 1 view .LVU83
 203              		.loc 1 1178 30 is_stmt 0 view .LVU84
 204 00c2 03F58041 		add	r1, r3, #16384
 205 00c6 4031     		adds	r1, r1, #64
 206              		.loc 1 1178 28 view .LVU85
 207 00c8 9160     		str	r1, [r2, #8]
1179:X-CUBE-AI/App/network.c ****     gemm_5_bias_array.data_start = AI_PTR(g_network_weights_map[0] + 16448);
 208              		.loc 1 1179 5 is_stmt 1 view .LVU86
 209              		.loc 1 1179 34 is_stmt 0 view .LVU87
 210 00ca D160     		str	r1, [r2, #12]
1180:X-CUBE-AI/App/network.c ****     gemm_6_weights_array.format |= AI_FMT_FLAG_CONST;
 211              		.loc 1 1180 5 is_stmt 1 view .LVU88
 212              		.loc 1 1180 25 is_stmt 0 view .LVU89
 213 00cc 3F4A     		ldr	r2, .L5+44
 214 00ce 1168     		ldr	r1, [r2]
 215              		.loc 1 1180 33 view .LVU90
 216 00d0 41F08041 		orr	r1, r1, #1073741824
 217 00d4 1160     		str	r1, [r2]
1181:X-CUBE-AI/App/network.c ****     gemm_6_weights_array.data = AI_PTR(g_network_weights_map[0] + 16640);
 218              		.loc 1 1181 5 is_stmt 1 view .LVU91
 219              		.loc 1 1181 33 is_stmt 0 view .LVU92
 220 00d6 03F58241 		add	r1, r3, #16640
 221              		.loc 1 1181 31 view .LVU93
 222 00da 9160     		str	r1, [r2, #8]
1182:X-CUBE-AI/App/network.c ****     gemm_6_weights_array.data_start = AI_PTR(g_network_weights_map[0] + 16640);
 223              		.loc 1 1182 5 is_stmt 1 view .LVU94
 224              		.loc 1 1182 37 is_stmt 0 view .LVU95
 225 00dc D160     		str	r1, [r2, #12]
1183:X-CUBE-AI/App/network.c ****     gemm_6_bias_array.format |= AI_FMT_FLAG_CONST;
 226              		.loc 1 1183 5 is_stmt 1 view .LVU96
 227              		.loc 1 1183 22 is_stmt 0 view .LVU97
 228 00de 3C4A     		ldr	r2, .L5+48
 229 00e0 1168     		ldr	r1, [r2]
 230              		.loc 1 1183 30 view .LVU98
 231 00e2 41F08041 		orr	r1, r1, #1073741824
 232 00e6 1160     		str	r1, [r2]
1184:X-CUBE-AI/App/network.c ****     gemm_6_bias_array.data = AI_PTR(g_network_weights_map[0] + 18944);
 233              		.loc 1 1184 5 is_stmt 1 view .LVU99
 234              		.loc 1 1184 30 is_stmt 0 view .LVU100
 235 00e8 03F59441 		add	r1, r3, #18944
 236              		.loc 1 1184 28 view .LVU101
 237 00ec 9160     		str	r1, [r2, #8]
1185:X-CUBE-AI/App/network.c ****     gemm_6_bias_array.data_start = AI_PTR(g_network_weights_map[0] + 18944);
 238              		.loc 1 1185 5 is_stmt 1 view .LVU102
 239              		.loc 1 1185 34 is_stmt 0 view .LVU103
 240 00ee D160     		str	r1, [r2, #12]
1186:X-CUBE-AI/App/network.c ****     gemm_8_weights_array.format |= AI_FMT_FLAG_CONST;
ARM GAS  /tmp/cc5QMZ95.s 			page 26


 241              		.loc 1 1186 5 is_stmt 1 view .LVU104
 242              		.loc 1 1186 25 is_stmt 0 view .LVU105
 243 00f0 384A     		ldr	r2, .L5+52
 244 00f2 1168     		ldr	r1, [r2]
 245              		.loc 1 1186 33 view .LVU106
 246 00f4 41F08041 		orr	r1, r1, #1073741824
 247 00f8 1160     		str	r1, [r2]
1187:X-CUBE-AI/App/network.c ****     gemm_8_weights_array.data = AI_PTR(g_network_weights_map[0] + 19136);
 248              		.loc 1 1187 5 is_stmt 1 view .LVU107
 249              		.loc 1 1187 33 is_stmt 0 view .LVU108
 250 00fa 03F59541 		add	r1, r3, #19072
 251 00fe 4031     		adds	r1, r1, #64
 252              		.loc 1 1187 31 view .LVU109
 253 0100 9160     		str	r1, [r2, #8]
1188:X-CUBE-AI/App/network.c ****     gemm_8_weights_array.data_start = AI_PTR(g_network_weights_map[0] + 19136);
 254              		.loc 1 1188 5 is_stmt 1 view .LVU110
 255              		.loc 1 1188 37 is_stmt 0 view .LVU111
 256 0102 D160     		str	r1, [r2, #12]
1189:X-CUBE-AI/App/network.c ****     gemm_8_bias_array.format |= AI_FMT_FLAG_CONST;
 257              		.loc 1 1189 5 is_stmt 1 view .LVU112
 258              		.loc 1 1189 22 is_stmt 0 view .LVU113
 259 0104 344A     		ldr	r2, .L5+56
 260 0106 1168     		ldr	r1, [r2]
 261              		.loc 1 1189 30 view .LVU114
 262 0108 41F08041 		orr	r1, r1, #1073741824
 263 010c 1160     		str	r1, [r2]
1190:X-CUBE-AI/App/network.c ****     gemm_8_bias_array.data = AI_PTR(g_network_weights_map[0] + 20672);
 264              		.loc 1 1190 5 is_stmt 1 view .LVU115
 265              		.loc 1 1190 30 is_stmt 0 view .LVU116
 266 010e 03F5A141 		add	r1, r3, #20608
 267 0112 4031     		adds	r1, r1, #64
 268              		.loc 1 1190 28 view .LVU117
 269 0114 9160     		str	r1, [r2, #8]
1191:X-CUBE-AI/App/network.c ****     gemm_8_bias_array.data_start = AI_PTR(g_network_weights_map[0] + 20672);
 270              		.loc 1 1191 5 is_stmt 1 view .LVU118
 271              		.loc 1 1191 34 is_stmt 0 view .LVU119
 272 0116 D160     		str	r1, [r2, #12]
1192:X-CUBE-AI/App/network.c ****     gemm_9_weights_array.format |= AI_FMT_FLAG_CONST;
 273              		.loc 1 1192 5 is_stmt 1 view .LVU120
 274              		.loc 1 1192 25 is_stmt 0 view .LVU121
 275 0118 304A     		ldr	r2, .L5+60
 276 011a 1168     		ldr	r1, [r2]
 277              		.loc 1 1192 33 view .LVU122
 278 011c 41F08041 		orr	r1, r1, #1073741824
 279 0120 1160     		str	r1, [r2]
1193:X-CUBE-AI/App/network.c ****     gemm_9_weights_array.data = AI_PTR(g_network_weights_map[0] + 20800);
 280              		.loc 1 1193 5 is_stmt 1 view .LVU123
 281              		.loc 1 1193 33 is_stmt 0 view .LVU124
 282 0122 03F5A241 		add	r1, r3, #20736
 283 0126 4031     		adds	r1, r1, #64
 284              		.loc 1 1193 31 view .LVU125
 285 0128 9160     		str	r1, [r2, #8]
1194:X-CUBE-AI/App/network.c ****     gemm_9_weights_array.data_start = AI_PTR(g_network_weights_map[0] + 20800);
 286              		.loc 1 1194 5 is_stmt 1 view .LVU126
 287              		.loc 1 1194 37 is_stmt 0 view .LVU127
 288 012a D160     		str	r1, [r2, #12]
1195:X-CUBE-AI/App/network.c ****     gemm_9_bias_array.format |= AI_FMT_FLAG_CONST;
ARM GAS  /tmp/cc5QMZ95.s 			page 27


 289              		.loc 1 1195 5 is_stmt 1 view .LVU128
 290              		.loc 1 1195 22 is_stmt 0 view .LVU129
 291 012c 2C4A     		ldr	r2, .L5+64
 292 012e 1168     		ldr	r1, [r2]
 293              		.loc 1 1195 30 view .LVU130
 294 0130 41F08041 		orr	r1, r1, #1073741824
 295 0134 1160     		str	r1, [r2]
1196:X-CUBE-AI/App/network.c ****     gemm_9_bias_array.data = AI_PTR(g_network_weights_map[0] + 22336);
 296              		.loc 1 1196 5 is_stmt 1 view .LVU131
 297              		.loc 1 1196 30 is_stmt 0 view .LVU132
 298 0136 03F5AE41 		add	r1, r3, #22272
 299 013a 4031     		adds	r1, r1, #64
 300              		.loc 1 1196 28 view .LVU133
 301 013c 9160     		str	r1, [r2, #8]
1197:X-CUBE-AI/App/network.c ****     gemm_9_bias_array.data_start = AI_PTR(g_network_weights_map[0] + 22336);
 302              		.loc 1 1197 5 is_stmt 1 view .LVU134
 303              		.loc 1 1197 34 is_stmt 0 view .LVU135
 304 013e D160     		str	r1, [r2, #12]
1198:X-CUBE-AI/App/network.c ****     gemm_10_weights_array.format |= AI_FMT_FLAG_CONST;
 305              		.loc 1 1198 5 is_stmt 1 view .LVU136
 306              		.loc 1 1198 26 is_stmt 0 view .LVU137
 307 0140 284A     		ldr	r2, .L5+68
 308 0142 1168     		ldr	r1, [r2]
 309              		.loc 1 1198 34 view .LVU138
 310 0144 41F08041 		orr	r1, r1, #1073741824
 311 0148 1160     		str	r1, [r2]
1199:X-CUBE-AI/App/network.c ****     gemm_10_weights_array.data = AI_PTR(g_network_weights_map[0] + 22464);
 312              		.loc 1 1199 5 is_stmt 1 view .LVU139
 313              		.loc 1 1199 34 is_stmt 0 view .LVU140
 314 014a 03F5AF41 		add	r1, r3, #22400
 315 014e 4031     		adds	r1, r1, #64
 316              		.loc 1 1199 32 view .LVU141
 317 0150 9160     		str	r1, [r2, #8]
1200:X-CUBE-AI/App/network.c ****     gemm_10_weights_array.data_start = AI_PTR(g_network_weights_map[0] + 22464);
 318              		.loc 1 1200 5 is_stmt 1 view .LVU142
 319              		.loc 1 1200 38 is_stmt 0 view .LVU143
 320 0152 D160     		str	r1, [r2, #12]
1201:X-CUBE-AI/App/network.c ****     gemm_10_bias_array.format |= AI_FMT_FLAG_CONST;
 321              		.loc 1 1201 5 is_stmt 1 view .LVU144
 322              		.loc 1 1201 23 is_stmt 0 view .LVU145
 323 0154 244A     		ldr	r2, .L5+72
 324 0156 1168     		ldr	r1, [r2]
 325              		.loc 1 1201 31 view .LVU146
 326 0158 41F08041 		orr	r1, r1, #1073741824
 327 015c 1160     		str	r1, [r2]
1202:X-CUBE-AI/App/network.c ****     gemm_10_bias_array.data = AI_PTR(g_network_weights_map[0] + 23488);
 328              		.loc 1 1202 5 is_stmt 1 view .LVU147
 329              		.loc 1 1202 31 is_stmt 0 view .LVU148
 330 015e 03F5B741 		add	r1, r3, #23424
 331 0162 4031     		adds	r1, r1, #64
 332              		.loc 1 1202 29 view .LVU149
 333 0164 9160     		str	r1, [r2, #8]
1203:X-CUBE-AI/App/network.c ****     gemm_10_bias_array.data_start = AI_PTR(g_network_weights_map[0] + 23488);
 334              		.loc 1 1203 5 is_stmt 1 view .LVU150
 335              		.loc 1 1203 35 is_stmt 0 view .LVU151
 336 0166 D160     		str	r1, [r2, #12]
1204:X-CUBE-AI/App/network.c ****     gemm_12_weights_array.format |= AI_FMT_FLAG_CONST;
ARM GAS  /tmp/cc5QMZ95.s 			page 28


 337              		.loc 1 1204 5 is_stmt 1 view .LVU152
 338              		.loc 1 1204 26 is_stmt 0 view .LVU153
 339 0168 204A     		ldr	r2, .L5+76
 340 016a 1168     		ldr	r1, [r2]
 341              		.loc 1 1204 34 view .LVU154
 342 016c 41F08041 		orr	r1, r1, #1073741824
 343 0170 1160     		str	r1, [r2]
1205:X-CUBE-AI/App/network.c ****     gemm_12_weights_array.data = AI_PTR(g_network_weights_map[0] + 23616);
 344              		.loc 1 1205 5 is_stmt 1 view .LVU155
 345              		.loc 1 1205 34 is_stmt 0 view .LVU156
 346 0172 03F5B841 		add	r1, r3, #23552
 347 0176 4031     		adds	r1, r1, #64
 348              		.loc 1 1205 32 view .LVU157
 349 0178 9160     		str	r1, [r2, #8]
1206:X-CUBE-AI/App/network.c ****     gemm_12_weights_array.data_start = AI_PTR(g_network_weights_map[0] + 23616);
 350              		.loc 1 1206 5 is_stmt 1 view .LVU158
 351              		.loc 1 1206 38 is_stmt 0 view .LVU159
 352 017a D160     		str	r1, [r2, #12]
1207:X-CUBE-AI/App/network.c ****     gemm_12_bias_array.format |= AI_FMT_FLAG_CONST;
 353              		.loc 1 1207 5 is_stmt 1 view .LVU160
 354              		.loc 1 1207 23 is_stmt 0 view .LVU161
 355 017c 1C4A     		ldr	r2, .L5+80
 356 017e 1168     		ldr	r1, [r2]
 357              		.loc 1 1207 31 view .LVU162
 358 0180 41F08041 		orr	r1, r1, #1073741824
 359 0184 1160     		str	r1, [r2]
1208:X-CUBE-AI/App/network.c ****     gemm_12_bias_array.data = AI_PTR(g_network_weights_map[0] + 23904);
 360              		.loc 1 1208 5 is_stmt 1 view .LVU163
 361              		.loc 1 1208 31 is_stmt 0 view .LVU164
 362 0186 03F5BA43 		add	r3, r3, #23808
 363 018a 6033     		adds	r3, r3, #96
 364              		.loc 1 1208 29 view .LVU165
 365 018c 9360     		str	r3, [r2, #8]
1209:X-CUBE-AI/App/network.c ****     gemm_12_bias_array.data_start = AI_PTR(g_network_weights_map[0] + 23904);
 366              		.loc 1 1209 5 is_stmt 1 view .LVU166
 367              		.loc 1 1209 35 is_stmt 0 view .LVU167
 368 018e D360     		str	r3, [r2, #12]
1210:X-CUBE-AI/App/network.c ****     return true;
 369              		.loc 1 1210 5 is_stmt 1 view .LVU168
 370              	.L3:
1211:X-CUBE-AI/App/network.c ****   }
1212:X-CUBE-AI/App/network.c ****   AI_ERROR_TRAP(net_ctx, INIT_FAILED, NETWORK_WEIGHTS);
1213:X-CUBE-AI/App/network.c ****   return false;
1214:X-CUBE-AI/App/network.c **** }
 371              		.loc 1 1214 1 is_stmt 0 view .LVU169
 372 0190 2846     		mov	r0, r5
 373 0192 38BD     		pop	{r3, r4, r5, pc}
 374              	.LVL4:
 375              	.L2:
1212:X-CUBE-AI/App/network.c ****   return false;
 376              		.loc 1 1212 3 is_stmt 1 view .LVU170
 377 0194 1222     		movs	r2, #18
 378 0196 3021     		movs	r1, #48
 379 0198 2046     		mov	r0, r4
 380 019a FFF7FEFF 		bl	ai_platform_network_set_error
 381              	.LVL5:
1213:X-CUBE-AI/App/network.c **** }
ARM GAS  /tmp/cc5QMZ95.s 			page 29


 382              		.loc 1 1213 3 view .LVU171
1213:X-CUBE-AI/App/network.c **** }
 383              		.loc 1 1213 10 is_stmt 0 view .LVU172
 384 019e F7E7     		b	.L3
 385              	.L6:
 386              		.align	2
 387              	.L5:
 388 01a0 00000000 		.word	g_network_weights_map
 389 01a4 00000000 		.word	gemm_0_weights_array
 390 01a8 00000000 		.word	gemm_0_bias_array
 391 01ac 00000000 		.word	gemm_1_weights_array
 392 01b0 00000000 		.word	gemm_1_bias_array
 393 01b4 00000000 		.word	gemm_2_weights_array
 394 01b8 00000000 		.word	gemm_2_bias_array
 395 01bc 00000000 		.word	gemm_4_weights_array
 396 01c0 00000000 		.word	gemm_4_bias_array
 397 01c4 00000000 		.word	gemm_5_weights_array
 398 01c8 00000000 		.word	gemm_5_bias_array
 399 01cc 00000000 		.word	gemm_6_weights_array
 400 01d0 00000000 		.word	gemm_6_bias_array
 401 01d4 00000000 		.word	gemm_8_weights_array
 402 01d8 00000000 		.word	gemm_8_bias_array
 403 01dc 00000000 		.word	gemm_9_weights_array
 404 01e0 00000000 		.word	gemm_9_bias_array
 405 01e4 00000000 		.word	gemm_10_weights_array
 406 01e8 00000000 		.word	gemm_10_bias_array
 407 01ec 00000000 		.word	gemm_12_weights_array
 408 01f0 00000000 		.word	gemm_12_bias_array
 409              		.cfi_endproc
 410              	.LFE5:
 412              		.section	.text.network_configure_activations,"ax",%progbits
 413              		.align	1
 414              		.syntax unified
 415              		.thumb
 416              		.thumb_func
 418              	network_configure_activations:
 419              	.LVL6:
 420              	.LFB4:
1073:X-CUBE-AI/App/network.c ****   AI_ASSERT(net_ctx)
 421              		.loc 1 1073 1 is_stmt 1 view -0
 422              		.cfi_startproc
 423              		@ args = 0, pretend = 0, frame = 0
 424              		@ frame_needed = 0, uses_anonymous_args = 0
1073:X-CUBE-AI/App/network.c ****   AI_ASSERT(net_ctx)
 425              		.loc 1 1073 1 is_stmt 0 view .LVU174
 426 0000 38B5     		push	{r3, r4, r5, lr}
 427              	.LCFI1:
 428              		.cfi_def_cfa_offset 16
 429              		.cfi_offset 3, -16
 430              		.cfi_offset 4, -12
 431              		.cfi_offset 5, -8
 432              		.cfi_offset 14, -4
 433 0002 0446     		mov	r4, r0
 434 0004 0A46     		mov	r2, r1
1074:X-CUBE-AI/App/network.c **** 
 435              		.loc 1 1074 3 is_stmt 1 view .LVU175
1076:X-CUBE-AI/App/network.c ****     /* Updating activations (byte) offsets */
ARM GAS  /tmp/cc5QMZ95.s 			page 30


 436              		.loc 1 1076 3 view .LVU176
1076:X-CUBE-AI/App/network.c ****     /* Updating activations (byte) offsets */
 437              		.loc 1 1076 7 is_stmt 0 view .LVU177
 438 0006 0121     		movs	r1, #1
 439              	.LVL7:
1076:X-CUBE-AI/App/network.c ****     /* Updating activations (byte) offsets */
 440              		.loc 1 1076 7 view .LVU178
 441 0008 3D48     		ldr	r0, .L11
 442              	.LVL8:
1076:X-CUBE-AI/App/network.c ****     /* Updating activations (byte) offsets */
 443              		.loc 1 1076 7 view .LVU179
 444 000a FFF7FEFF 		bl	ai_platform_get_activations_map
 445              	.LVL9:
1076:X-CUBE-AI/App/network.c ****     /* Updating activations (byte) offsets */
 446              		.loc 1 1076 6 discriminator 1 view .LVU180
 447 000e 0546     		mov	r5, r0
 448 0010 0028     		cmp	r0, #0
 449 0012 6FD0     		beq	.L8
1079:X-CUBE-AI/App/network.c ****     serving_default_sensor_input0_output_array.data_start = AI_PTR(g_network_activations_map[0] + 7
 450              		.loc 1 1079 5 is_stmt 1 view .LVU181
1079:X-CUBE-AI/App/network.c ****     serving_default_sensor_input0_output_array.data_start = AI_PTR(g_network_activations_map[0] + 7
 451              		.loc 1 1079 55 is_stmt 0 view .LVU182
 452 0014 3A4B     		ldr	r3, .L11
 453 0016 1B68     		ldr	r3, [r3]
 454 0018 03F54171 		add	r1, r3, #772
1079:X-CUBE-AI/App/network.c ****     serving_default_sensor_input0_output_array.data_start = AI_PTR(g_network_activations_map[0] + 7
 455              		.loc 1 1079 53 view .LVU183
 456 001c 394A     		ldr	r2, .L11+4
 457 001e 9160     		str	r1, [r2, #8]
1080:X-CUBE-AI/App/network.c ****     gemm_0_scratch0_array.data = AI_PTR(g_network_activations_map[0] + 96);
 458              		.loc 1 1080 5 is_stmt 1 view .LVU184
1080:X-CUBE-AI/App/network.c ****     gemm_0_scratch0_array.data = AI_PTR(g_network_activations_map[0] + 96);
 459              		.loc 1 1080 59 is_stmt 0 view .LVU185
 460 0020 D160     		str	r1, [r2, #12]
1081:X-CUBE-AI/App/network.c ****     gemm_0_scratch0_array.data_start = AI_PTR(g_network_activations_map[0] + 96);
 461              		.loc 1 1081 5 is_stmt 1 view .LVU186
1081:X-CUBE-AI/App/network.c ****     gemm_0_scratch0_array.data_start = AI_PTR(g_network_activations_map[0] + 96);
 462              		.loc 1 1081 34 is_stmt 0 view .LVU187
 463 0022 03F16002 		add	r2, r3, #96
1081:X-CUBE-AI/App/network.c ****     gemm_0_scratch0_array.data_start = AI_PTR(g_network_activations_map[0] + 96);
 464              		.loc 1 1081 32 view .LVU188
 465 0026 3849     		ldr	r1, .L11+8
 466 0028 8A60     		str	r2, [r1, #8]
1082:X-CUBE-AI/App/network.c ****     gemm_0_output_array.data = AI_PTR(g_network_activations_map[0] + 32);
 467              		.loc 1 1082 5 is_stmt 1 view .LVU189
1082:X-CUBE-AI/App/network.c ****     gemm_0_output_array.data = AI_PTR(g_network_activations_map[0] + 32);
 468              		.loc 1 1082 38 is_stmt 0 view .LVU190
 469 002a CA60     		str	r2, [r1, #12]
1083:X-CUBE-AI/App/network.c ****     gemm_0_output_array.data_start = AI_PTR(g_network_activations_map[0] + 32);
 470              		.loc 1 1083 5 is_stmt 1 view .LVU191
1083:X-CUBE-AI/App/network.c ****     gemm_0_output_array.data_start = AI_PTR(g_network_activations_map[0] + 32);
 471              		.loc 1 1083 32 is_stmt 0 view .LVU192
 472 002c 03F12001 		add	r1, r3, #32
1083:X-CUBE-AI/App/network.c ****     gemm_0_output_array.data_start = AI_PTR(g_network_activations_map[0] + 32);
 473              		.loc 1 1083 30 view .LVU193
 474 0030 3648     		ldr	r0, .L11+12
 475 0032 8160     		str	r1, [r0, #8]
ARM GAS  /tmp/cc5QMZ95.s 			page 31


1084:X-CUBE-AI/App/network.c ****     gemm_1_scratch0_array.data = AI_PTR(g_network_activations_map[0] + 96);
 476              		.loc 1 1084 5 is_stmt 1 view .LVU194
1084:X-CUBE-AI/App/network.c ****     gemm_1_scratch0_array.data = AI_PTR(g_network_activations_map[0] + 96);
 477              		.loc 1 1084 36 is_stmt 0 view .LVU195
 478 0034 C160     		str	r1, [r0, #12]
1085:X-CUBE-AI/App/network.c ****     gemm_1_scratch0_array.data_start = AI_PTR(g_network_activations_map[0] + 96);
 479              		.loc 1 1085 5 is_stmt 1 view .LVU196
1085:X-CUBE-AI/App/network.c ****     gemm_1_scratch0_array.data_start = AI_PTR(g_network_activations_map[0] + 96);
 480              		.loc 1 1085 32 is_stmt 0 view .LVU197
 481 0036 3648     		ldr	r0, .L11+16
 482 0038 8260     		str	r2, [r0, #8]
1086:X-CUBE-AI/App/network.c ****     gemm_1_output_array.data = AI_PTR(g_network_activations_map[0] + 864);
 483              		.loc 1 1086 5 is_stmt 1 view .LVU198
1086:X-CUBE-AI/App/network.c ****     gemm_1_output_array.data = AI_PTR(g_network_activations_map[0] + 864);
 484              		.loc 1 1086 38 is_stmt 0 view .LVU199
 485 003a C260     		str	r2, [r0, #12]
1087:X-CUBE-AI/App/network.c ****     gemm_1_output_array.data_start = AI_PTR(g_network_activations_map[0] + 864);
 486              		.loc 1 1087 5 is_stmt 1 view .LVU200
1087:X-CUBE-AI/App/network.c ****     gemm_1_output_array.data_start = AI_PTR(g_network_activations_map[0] + 864);
 487              		.loc 1 1087 32 is_stmt 0 view .LVU201
 488 003c 03F55874 		add	r4, r3, #864
 489              	.LVL10:
1087:X-CUBE-AI/App/network.c ****     gemm_1_output_array.data_start = AI_PTR(g_network_activations_map[0] + 864);
 490              		.loc 1 1087 30 view .LVU202
 491 0040 3448     		ldr	r0, .L11+20
 492 0042 8460     		str	r4, [r0, #8]
1088:X-CUBE-AI/App/network.c ****     gemm_2_scratch0_array.data = AI_PTR(g_network_activations_map[0] + 96);
 493              		.loc 1 1088 5 is_stmt 1 view .LVU203
1088:X-CUBE-AI/App/network.c ****     gemm_2_scratch0_array.data = AI_PTR(g_network_activations_map[0] + 96);
 494              		.loc 1 1088 36 is_stmt 0 view .LVU204
 495 0044 C460     		str	r4, [r0, #12]
1089:X-CUBE-AI/App/network.c ****     gemm_2_scratch0_array.data_start = AI_PTR(g_network_activations_map[0] + 96);
 496              		.loc 1 1089 5 is_stmt 1 view .LVU205
1089:X-CUBE-AI/App/network.c ****     gemm_2_scratch0_array.data_start = AI_PTR(g_network_activations_map[0] + 96);
 497              		.loc 1 1089 32 is_stmt 0 view .LVU206
 498 0046 3448     		ldr	r0, .L11+24
 499 0048 8260     		str	r2, [r0, #8]
1090:X-CUBE-AI/App/network.c ****     gemm_2_output_array.data = AI_PTR(g_network_activations_map[0] + 928);
 500              		.loc 1 1090 5 is_stmt 1 view .LVU207
1090:X-CUBE-AI/App/network.c ****     gemm_2_output_array.data = AI_PTR(g_network_activations_map[0] + 928);
 501              		.loc 1 1090 38 is_stmt 0 view .LVU208
 502 004a C260     		str	r2, [r0, #12]
1091:X-CUBE-AI/App/network.c ****     gemm_2_output_array.data_start = AI_PTR(g_network_activations_map[0] + 928);
 503              		.loc 1 1091 5 is_stmt 1 view .LVU209
1091:X-CUBE-AI/App/network.c ****     gemm_2_output_array.data_start = AI_PTR(g_network_activations_map[0] + 928);
 504              		.loc 1 1091 32 is_stmt 0 view .LVU210
 505 004c 03F56874 		add	r4, r3, #928
1091:X-CUBE-AI/App/network.c ****     gemm_2_output_array.data_start = AI_PTR(g_network_activations_map[0] + 928);
 506              		.loc 1 1091 30 view .LVU211
 507 0050 3248     		ldr	r0, .L11+28
 508 0052 8460     		str	r4, [r0, #8]
1092:X-CUBE-AI/App/network.c ****     eltwise_3_output_array.data = AI_PTR(g_network_activations_map[0] + 96);
 509              		.loc 1 1092 5 is_stmt 1 view .LVU212
1092:X-CUBE-AI/App/network.c ****     eltwise_3_output_array.data = AI_PTR(g_network_activations_map[0] + 96);
 510              		.loc 1 1092 36 is_stmt 0 view .LVU213
 511 0054 C460     		str	r4, [r0, #12]
1093:X-CUBE-AI/App/network.c ****     eltwise_3_output_array.data_start = AI_PTR(g_network_activations_map[0] + 96);
ARM GAS  /tmp/cc5QMZ95.s 			page 32


 512              		.loc 1 1093 5 is_stmt 1 view .LVU214
1093:X-CUBE-AI/App/network.c ****     eltwise_3_output_array.data_start = AI_PTR(g_network_activations_map[0] + 96);
 513              		.loc 1 1093 33 is_stmt 0 view .LVU215
 514 0056 3248     		ldr	r0, .L11+32
 515 0058 8260     		str	r2, [r0, #8]
1094:X-CUBE-AI/App/network.c ****     gemm_4_scratch0_array.data = AI_PTR(g_network_activations_map[0] + 160);
 516              		.loc 1 1094 5 is_stmt 1 view .LVU216
1094:X-CUBE-AI/App/network.c ****     gemm_4_scratch0_array.data = AI_PTR(g_network_activations_map[0] + 160);
 517              		.loc 1 1094 39 is_stmt 0 view .LVU217
 518 005a C260     		str	r2, [r0, #12]
1095:X-CUBE-AI/App/network.c ****     gemm_4_scratch0_array.data_start = AI_PTR(g_network_activations_map[0] + 160);
 519              		.loc 1 1095 5 is_stmt 1 view .LVU218
1095:X-CUBE-AI/App/network.c ****     gemm_4_scratch0_array.data_start = AI_PTR(g_network_activations_map[0] + 160);
 520              		.loc 1 1095 34 is_stmt 0 view .LVU219
 521 005c 03F1A002 		add	r2, r3, #160
1095:X-CUBE-AI/App/network.c ****     gemm_4_scratch0_array.data_start = AI_PTR(g_network_activations_map[0] + 160);
 522              		.loc 1 1095 32 view .LVU220
 523 0060 3048     		ldr	r0, .L11+36
 524 0062 8260     		str	r2, [r0, #8]
1096:X-CUBE-AI/App/network.c ****     gemm_4_output_array.data = AI_PTR(g_network_activations_map[0] + 32);
 525              		.loc 1 1096 5 is_stmt 1 view .LVU221
1096:X-CUBE-AI/App/network.c ****     gemm_4_output_array.data = AI_PTR(g_network_activations_map[0] + 32);
 526              		.loc 1 1096 38 is_stmt 0 view .LVU222
 527 0064 C260     		str	r2, [r0, #12]
1097:X-CUBE-AI/App/network.c ****     gemm_4_output_array.data_start = AI_PTR(g_network_activations_map[0] + 32);
 528              		.loc 1 1097 5 is_stmt 1 view .LVU223
1097:X-CUBE-AI/App/network.c ****     gemm_4_output_array.data_start = AI_PTR(g_network_activations_map[0] + 32);
 529              		.loc 1 1097 30 is_stmt 0 view .LVU224
 530 0066 3048     		ldr	r0, .L11+40
 531 0068 8160     		str	r1, [r0, #8]
1098:X-CUBE-AI/App/network.c ****     gemm_5_scratch0_array.data = AI_PTR(g_network_activations_map[0] + 160);
 532              		.loc 1 1098 5 is_stmt 1 view .LVU225
1098:X-CUBE-AI/App/network.c ****     gemm_5_scratch0_array.data = AI_PTR(g_network_activations_map[0] + 160);
 533              		.loc 1 1098 36 is_stmt 0 view .LVU226
 534 006a C160     		str	r1, [r0, #12]
1099:X-CUBE-AI/App/network.c ****     gemm_5_scratch0_array.data_start = AI_PTR(g_network_activations_map[0] + 160);
 535              		.loc 1 1099 5 is_stmt 1 view .LVU227
1099:X-CUBE-AI/App/network.c ****     gemm_5_scratch0_array.data_start = AI_PTR(g_network_activations_map[0] + 160);
 536              		.loc 1 1099 32 is_stmt 0 view .LVU228
 537 006c 2F48     		ldr	r0, .L11+44
 538 006e 8260     		str	r2, [r0, #8]
1100:X-CUBE-AI/App/network.c ****     gemm_5_output_array.data = AI_PTR(g_network_activations_map[0] + 768);
 539              		.loc 1 1100 5 is_stmt 1 view .LVU229
1100:X-CUBE-AI/App/network.c ****     gemm_5_output_array.data = AI_PTR(g_network_activations_map[0] + 768);
 540              		.loc 1 1100 38 is_stmt 0 view .LVU230
 541 0070 C260     		str	r2, [r0, #12]
1101:X-CUBE-AI/App/network.c ****     gemm_5_output_array.data_start = AI_PTR(g_network_activations_map[0] + 768);
 542              		.loc 1 1101 5 is_stmt 1 view .LVU231
1101:X-CUBE-AI/App/network.c ****     gemm_5_output_array.data_start = AI_PTR(g_network_activations_map[0] + 768);
 543              		.loc 1 1101 32 is_stmt 0 view .LVU232
 544 0072 03F54070 		add	r0, r3, #768
1101:X-CUBE-AI/App/network.c ****     gemm_5_output_array.data_start = AI_PTR(g_network_activations_map[0] + 768);
 545              		.loc 1 1101 30 view .LVU233
 546 0076 2E4A     		ldr	r2, .L11+48
 547 0078 9060     		str	r0, [r2, #8]
1102:X-CUBE-AI/App/network.c ****     gemm_6_scratch0_array.data = AI_PTR(g_network_activations_map[0] + 80);
 548              		.loc 1 1102 5 is_stmt 1 view .LVU234
ARM GAS  /tmp/cc5QMZ95.s 			page 33


1102:X-CUBE-AI/App/network.c ****     gemm_6_scratch0_array.data = AI_PTR(g_network_activations_map[0] + 80);
 549              		.loc 1 1102 36 is_stmt 0 view .LVU235
 550 007a D060     		str	r0, [r2, #12]
1103:X-CUBE-AI/App/network.c ****     gemm_6_scratch0_array.data_start = AI_PTR(g_network_activations_map[0] + 80);
 551              		.loc 1 1103 5 is_stmt 1 view .LVU236
1103:X-CUBE-AI/App/network.c ****     gemm_6_scratch0_array.data_start = AI_PTR(g_network_activations_map[0] + 80);
 552              		.loc 1 1103 34 is_stmt 0 view .LVU237
 553 007c 03F15002 		add	r2, r3, #80
1103:X-CUBE-AI/App/network.c ****     gemm_6_scratch0_array.data_start = AI_PTR(g_network_activations_map[0] + 80);
 554              		.loc 1 1103 32 view .LVU238
 555 0080 2C48     		ldr	r0, .L11+52
 556 0082 8260     		str	r2, [r0, #8]
1104:X-CUBE-AI/App/network.c ****     gemm_6_output_array.data = AI_PTR(g_network_activations_map[0] + 656);
 557              		.loc 1 1104 5 is_stmt 1 view .LVU239
1104:X-CUBE-AI/App/network.c ****     gemm_6_output_array.data = AI_PTR(g_network_activations_map[0] + 656);
 558              		.loc 1 1104 38 is_stmt 0 view .LVU240
 559 0084 C260     		str	r2, [r0, #12]
1105:X-CUBE-AI/App/network.c ****     gemm_6_output_array.data_start = AI_PTR(g_network_activations_map[0] + 656);
 560              		.loc 1 1105 5 is_stmt 1 view .LVU241
1105:X-CUBE-AI/App/network.c ****     gemm_6_output_array.data_start = AI_PTR(g_network_activations_map[0] + 656);
 561              		.loc 1 1105 32 is_stmt 0 view .LVU242
 562 0086 03F52474 		add	r4, r3, #656
1105:X-CUBE-AI/App/network.c ****     gemm_6_output_array.data_start = AI_PTR(g_network_activations_map[0] + 656);
 563              		.loc 1 1105 30 view .LVU243
 564 008a 2B48     		ldr	r0, .L11+56
 565 008c 8460     		str	r4, [r0, #8]
1106:X-CUBE-AI/App/network.c ****     eltwise_7_output_array.data = AI_PTR(g_network_activations_map[0] + 80);
 566              		.loc 1 1106 5 is_stmt 1 view .LVU244
1106:X-CUBE-AI/App/network.c ****     eltwise_7_output_array.data = AI_PTR(g_network_activations_map[0] + 80);
 567              		.loc 1 1106 36 is_stmt 0 view .LVU245
 568 008e C460     		str	r4, [r0, #12]
1107:X-CUBE-AI/App/network.c ****     eltwise_7_output_array.data_start = AI_PTR(g_network_activations_map[0] + 80);
 569              		.loc 1 1107 5 is_stmt 1 view .LVU246
1107:X-CUBE-AI/App/network.c ****     eltwise_7_output_array.data_start = AI_PTR(g_network_activations_map[0] + 80);
 570              		.loc 1 1107 33 is_stmt 0 view .LVU247
 571 0090 2A48     		ldr	r0, .L11+60
 572 0092 8260     		str	r2, [r0, #8]
1108:X-CUBE-AI/App/network.c ****     gemm_8_scratch0_array.data = AI_PTR(g_network_activations_map[0] + 128);
 573              		.loc 1 1108 5 is_stmt 1 view .LVU248
1108:X-CUBE-AI/App/network.c ****     gemm_8_scratch0_array.data = AI_PTR(g_network_activations_map[0] + 128);
 574              		.loc 1 1108 39 is_stmt 0 view .LVU249
 575 0094 C260     		str	r2, [r0, #12]
1109:X-CUBE-AI/App/network.c ****     gemm_8_scratch0_array.data_start = AI_PTR(g_network_activations_map[0] + 128);
 576              		.loc 1 1109 5 is_stmt 1 view .LVU250
1109:X-CUBE-AI/App/network.c ****     gemm_8_scratch0_array.data_start = AI_PTR(g_network_activations_map[0] + 128);
 577              		.loc 1 1109 34 is_stmt 0 view .LVU251
 578 0096 03F18002 		add	r2, r3, #128
1109:X-CUBE-AI/App/network.c ****     gemm_8_scratch0_array.data_start = AI_PTR(g_network_activations_map[0] + 128);
 579              		.loc 1 1109 32 view .LVU252
 580 009a 2948     		ldr	r0, .L11+64
 581 009c 8260     		str	r2, [r0, #8]
1110:X-CUBE-AI/App/network.c ****     gemm_8_output_array.data = AI_PTR(g_network_activations_map[0] + 32);
 582              		.loc 1 1110 5 is_stmt 1 view .LVU253
1110:X-CUBE-AI/App/network.c ****     gemm_8_output_array.data = AI_PTR(g_network_activations_map[0] + 32);
 583              		.loc 1 1110 38 is_stmt 0 view .LVU254
 584 009e C260     		str	r2, [r0, #12]
1111:X-CUBE-AI/App/network.c ****     gemm_8_output_array.data_start = AI_PTR(g_network_activations_map[0] + 32);
ARM GAS  /tmp/cc5QMZ95.s 			page 34


 585              		.loc 1 1111 5 is_stmt 1 view .LVU255
1111:X-CUBE-AI/App/network.c ****     gemm_8_output_array.data_start = AI_PTR(g_network_activations_map[0] + 32);
 586              		.loc 1 1111 30 is_stmt 0 view .LVU256
 587 00a0 2848     		ldr	r0, .L11+68
 588 00a2 8160     		str	r1, [r0, #8]
1112:X-CUBE-AI/App/network.c ****     gemm_9_scratch0_array.data = AI_PTR(g_network_activations_map[0] + 128);
 589              		.loc 1 1112 5 is_stmt 1 view .LVU257
1112:X-CUBE-AI/App/network.c ****     gemm_9_scratch0_array.data = AI_PTR(g_network_activations_map[0] + 128);
 590              		.loc 1 1112 36 is_stmt 0 view .LVU258
 591 00a4 C160     		str	r1, [r0, #12]
1113:X-CUBE-AI/App/network.c ****     gemm_9_scratch0_array.data_start = AI_PTR(g_network_activations_map[0] + 128);
 592              		.loc 1 1113 5 is_stmt 1 view .LVU259
1113:X-CUBE-AI/App/network.c ****     gemm_9_scratch0_array.data_start = AI_PTR(g_network_activations_map[0] + 128);
 593              		.loc 1 1113 32 is_stmt 0 view .LVU260
 594 00a6 2849     		ldr	r1, .L11+72
 595 00a8 8A60     		str	r2, [r1, #8]
1114:X-CUBE-AI/App/network.c ****     gemm_9_output_array.data = AI_PTR(g_network_activations_map[0] + 544);
 596              		.loc 1 1114 5 is_stmt 1 view .LVU261
1114:X-CUBE-AI/App/network.c ****     gemm_9_output_array.data = AI_PTR(g_network_activations_map[0] + 544);
 597              		.loc 1 1114 38 is_stmt 0 view .LVU262
 598 00aa CA60     		str	r2, [r1, #12]
1115:X-CUBE-AI/App/network.c ****     gemm_9_output_array.data_start = AI_PTR(g_network_activations_map[0] + 544);
 599              		.loc 1 1115 5 is_stmt 1 view .LVU263
1115:X-CUBE-AI/App/network.c ****     gemm_9_output_array.data_start = AI_PTR(g_network_activations_map[0] + 544);
 600              		.loc 1 1115 32 is_stmt 0 view .LVU264
 601 00ac 03F50871 		add	r1, r3, #544
1115:X-CUBE-AI/App/network.c ****     gemm_9_output_array.data_start = AI_PTR(g_network_activations_map[0] + 544);
 602              		.loc 1 1115 30 view .LVU265
 603 00b0 264A     		ldr	r2, .L11+76
 604 00b2 9160     		str	r1, [r2, #8]
1116:X-CUBE-AI/App/network.c ****     gemm_10_scratch0_array.data = AI_PTR(g_network_activations_map[0] + 64);
 605              		.loc 1 1116 5 is_stmt 1 view .LVU266
1116:X-CUBE-AI/App/network.c ****     gemm_10_scratch0_array.data = AI_PTR(g_network_activations_map[0] + 64);
 606              		.loc 1 1116 36 is_stmt 0 view .LVU267
 607 00b4 D160     		str	r1, [r2, #12]
1117:X-CUBE-AI/App/network.c ****     gemm_10_scratch0_array.data_start = AI_PTR(g_network_activations_map[0] + 64);
 608              		.loc 1 1117 5 is_stmt 1 view .LVU268
1117:X-CUBE-AI/App/network.c ****     gemm_10_scratch0_array.data_start = AI_PTR(g_network_activations_map[0] + 64);
 609              		.loc 1 1117 35 is_stmt 0 view .LVU269
 610 00b6 03F14002 		add	r2, r3, #64
1117:X-CUBE-AI/App/network.c ****     gemm_10_scratch0_array.data_start = AI_PTR(g_network_activations_map[0] + 64);
 611              		.loc 1 1117 33 view .LVU270
 612 00ba 2549     		ldr	r1, .L11+80
 613 00bc 8A60     		str	r2, [r1, #8]
1118:X-CUBE-AI/App/network.c ****     gemm_10_output_array.data = AI_PTR(g_network_activations_map[0] + 448);
 614              		.loc 1 1118 5 is_stmt 1 view .LVU271
1118:X-CUBE-AI/App/network.c ****     gemm_10_output_array.data = AI_PTR(g_network_activations_map[0] + 448);
 615              		.loc 1 1118 39 is_stmt 0 view .LVU272
 616 00be CA60     		str	r2, [r1, #12]
1119:X-CUBE-AI/App/network.c ****     gemm_10_output_array.data_start = AI_PTR(g_network_activations_map[0] + 448);
 617              		.loc 1 1119 5 is_stmt 1 view .LVU273
1119:X-CUBE-AI/App/network.c ****     gemm_10_output_array.data_start = AI_PTR(g_network_activations_map[0] + 448);
 618              		.loc 1 1119 33 is_stmt 0 view .LVU274
 619 00c0 03F5E070 		add	r0, r3, #448
1119:X-CUBE-AI/App/network.c ****     gemm_10_output_array.data_start = AI_PTR(g_network_activations_map[0] + 448);
 620              		.loc 1 1119 31 view .LVU275
 621 00c4 2349     		ldr	r1, .L11+84
ARM GAS  /tmp/cc5QMZ95.s 			page 35


 622 00c6 8860     		str	r0, [r1, #8]
1120:X-CUBE-AI/App/network.c ****     eltwise_11_output_array.data = AI_PTR(g_network_activations_map[0] + 64);
 623              		.loc 1 1120 5 is_stmt 1 view .LVU276
1120:X-CUBE-AI/App/network.c ****     eltwise_11_output_array.data = AI_PTR(g_network_activations_map[0] + 64);
 624              		.loc 1 1120 37 is_stmt 0 view .LVU277
 625 00c8 C860     		str	r0, [r1, #12]
1121:X-CUBE-AI/App/network.c ****     eltwise_11_output_array.data_start = AI_PTR(g_network_activations_map[0] + 64);
 626              		.loc 1 1121 5 is_stmt 1 view .LVU278
1121:X-CUBE-AI/App/network.c ****     eltwise_11_output_array.data_start = AI_PTR(g_network_activations_map[0] + 64);
 627              		.loc 1 1121 34 is_stmt 0 view .LVU279
 628 00ca 2349     		ldr	r1, .L11+88
 629 00cc 8A60     		str	r2, [r1, #8]
1122:X-CUBE-AI/App/network.c ****     gemm_12_scratch0_array.data = AI_PTR(g_network_activations_map[0] + 836);
 630              		.loc 1 1122 5 is_stmt 1 view .LVU280
1122:X-CUBE-AI/App/network.c ****     gemm_12_scratch0_array.data = AI_PTR(g_network_activations_map[0] + 836);
 631              		.loc 1 1122 40 is_stmt 0 view .LVU281
 632 00ce CA60     		str	r2, [r1, #12]
1123:X-CUBE-AI/App/network.c ****     gemm_12_scratch0_array.data_start = AI_PTR(g_network_activations_map[0] + 836);
 633              		.loc 1 1123 5 is_stmt 1 view .LVU282
1123:X-CUBE-AI/App/network.c ****     gemm_12_scratch0_array.data_start = AI_PTR(g_network_activations_map[0] + 836);
 634              		.loc 1 1123 35 is_stmt 0 view .LVU283
 635 00d0 03F55171 		add	r1, r3, #836
1123:X-CUBE-AI/App/network.c ****     gemm_12_scratch0_array.data_start = AI_PTR(g_network_activations_map[0] + 836);
 636              		.loc 1 1123 33 view .LVU284
 637 00d4 214A     		ldr	r2, .L11+92
 638 00d6 9160     		str	r1, [r2, #8]
1124:X-CUBE-AI/App/network.c ****     gemm_12_output_array.data = AI_PTR(g_network_activations_map[0] + 992);
 639              		.loc 1 1124 5 is_stmt 1 view .LVU285
1124:X-CUBE-AI/App/network.c ****     gemm_12_output_array.data = AI_PTR(g_network_activations_map[0] + 992);
 640              		.loc 1 1124 39 is_stmt 0 view .LVU286
 641 00d8 D160     		str	r1, [r2, #12]
1125:X-CUBE-AI/App/network.c ****     gemm_12_output_array.data_start = AI_PTR(g_network_activations_map[0] + 992);
 642              		.loc 1 1125 5 is_stmt 1 view .LVU287
1125:X-CUBE-AI/App/network.c ****     gemm_12_output_array.data_start = AI_PTR(g_network_activations_map[0] + 992);
 643              		.loc 1 1125 33 is_stmt 0 view .LVU288
 644 00da 03F57872 		add	r2, r3, #992
1125:X-CUBE-AI/App/network.c ****     gemm_12_output_array.data_start = AI_PTR(g_network_activations_map[0] + 992);
 645              		.loc 1 1125 31 view .LVU289
 646 00de 2049     		ldr	r1, .L11+96
 647 00e0 8A60     		str	r2, [r1, #8]
1126:X-CUBE-AI/App/network.c ****     nl_13_scratch0_array.data = AI_PTR(g_network_activations_map[0] + 0);
 648              		.loc 1 1126 5 is_stmt 1 view .LVU290
1126:X-CUBE-AI/App/network.c ****     nl_13_scratch0_array.data = AI_PTR(g_network_activations_map[0] + 0);
 649              		.loc 1 1126 37 is_stmt 0 view .LVU291
 650 00e2 CA60     		str	r2, [r1, #12]
1127:X-CUBE-AI/App/network.c ****     nl_13_scratch0_array.data_start = AI_PTR(g_network_activations_map[0] + 0);
 651              		.loc 1 1127 5 is_stmt 1 view .LVU292
1127:X-CUBE-AI/App/network.c ****     nl_13_scratch0_array.data_start = AI_PTR(g_network_activations_map[0] + 0);
 652              		.loc 1 1127 31 is_stmt 0 view .LVU293
 653 00e4 1F49     		ldr	r1, .L11+100
 654 00e6 8B60     		str	r3, [r1, #8]
1128:X-CUBE-AI/App/network.c ****     nl_13_output_array.data = AI_PTR(g_network_activations_map[0] + 992);
 655              		.loc 1 1128 5 is_stmt 1 view .LVU294
1128:X-CUBE-AI/App/network.c ****     nl_13_output_array.data = AI_PTR(g_network_activations_map[0] + 992);
 656              		.loc 1 1128 37 is_stmt 0 view .LVU295
 657 00e8 CB60     		str	r3, [r1, #12]
1129:X-CUBE-AI/App/network.c ****     nl_13_output_array.data_start = AI_PTR(g_network_activations_map[0] + 992);
ARM GAS  /tmp/cc5QMZ95.s 			page 36


 658              		.loc 1 1129 5 is_stmt 1 view .LVU296
1129:X-CUBE-AI/App/network.c ****     nl_13_output_array.data_start = AI_PTR(g_network_activations_map[0] + 992);
 659              		.loc 1 1129 29 is_stmt 0 view .LVU297
 660 00ea 1F4B     		ldr	r3, .L11+104
 661 00ec 9A60     		str	r2, [r3, #8]
1130:X-CUBE-AI/App/network.c ****     return true;
 662              		.loc 1 1130 5 is_stmt 1 view .LVU298
1130:X-CUBE-AI/App/network.c ****     return true;
 663              		.loc 1 1130 35 is_stmt 0 view .LVU299
 664 00ee DA60     		str	r2, [r3, #12]
1131:X-CUBE-AI/App/network.c ****   }
 665              		.loc 1 1131 5 is_stmt 1 view .LVU300
 666              	.L9:
1135:X-CUBE-AI/App/network.c **** 
 667              		.loc 1 1135 1 is_stmt 0 view .LVU301
 668 00f0 2846     		mov	r0, r5
 669 00f2 38BD     		pop	{r3, r4, r5, pc}
 670              	.LVL11:
 671              	.L8:
1133:X-CUBE-AI/App/network.c ****   return false;
 672              		.loc 1 1133 3 is_stmt 1 view .LVU302
 673 00f4 1322     		movs	r2, #19
 674 00f6 3021     		movs	r1, #48
 675 00f8 2046     		mov	r0, r4
 676 00fa FFF7FEFF 		bl	ai_platform_network_set_error
 677              	.LVL12:
1134:X-CUBE-AI/App/network.c **** }
 678              		.loc 1 1134 3 view .LVU303
1134:X-CUBE-AI/App/network.c **** }
 679              		.loc 1 1134 10 is_stmt 0 view .LVU304
 680 00fe F7E7     		b	.L9
 681              	.L12:
 682              		.align	2
 683              	.L11:
 684 0100 00000000 		.word	g_network_activations_map
 685 0104 00000000 		.word	serving_default_sensor_input0_output_array
 686 0108 00000000 		.word	gemm_0_scratch0_array
 687 010c 00000000 		.word	gemm_0_output_array
 688 0110 00000000 		.word	gemm_1_scratch0_array
 689 0114 00000000 		.word	gemm_1_output_array
 690 0118 00000000 		.word	gemm_2_scratch0_array
 691 011c 00000000 		.word	gemm_2_output_array
 692 0120 00000000 		.word	eltwise_3_output_array
 693 0124 00000000 		.word	gemm_4_scratch0_array
 694 0128 00000000 		.word	gemm_4_output_array
 695 012c 00000000 		.word	gemm_5_scratch0_array
 696 0130 00000000 		.word	gemm_5_output_array
 697 0134 00000000 		.word	gemm_6_scratch0_array
 698 0138 00000000 		.word	gemm_6_output_array
 699 013c 00000000 		.word	eltwise_7_output_array
 700 0140 00000000 		.word	gemm_8_scratch0_array
 701 0144 00000000 		.word	gemm_8_output_array
 702 0148 00000000 		.word	gemm_9_scratch0_array
 703 014c 00000000 		.word	gemm_9_output_array
 704 0150 00000000 		.word	gemm_10_scratch0_array
 705 0154 00000000 		.word	gemm_10_output_array
 706 0158 00000000 		.word	eltwise_11_output_array
ARM GAS  /tmp/cc5QMZ95.s 			page 37


 707 015c 00000000 		.word	gemm_12_scratch0_array
 708 0160 00000000 		.word	gemm_12_output_array
 709 0164 00000000 		.word	nl_13_scratch0_array
 710 0168 00000000 		.word	nl_13_output_array
 711              		.cfi_endproc
 712              	.LFE4:
 714              		.section	.rodata.ai_network_get_info.str1.4,"aMS",%progbits,1
 715              		.align	2
 716              	.LC0:
 717 0000 6E657477 		.ascii	"network\000"
 717      6F726B00 
 718              		.align	2
 719              	.LC1:
 720 0008 30783833 		.ascii	"0x831726b3062b67602e3a40eeed6a8985\000"
 720      31373236 
 720      62333036 
 720      32623637 
 720      36303265 
 721 002b 00       		.align	2
 722              	.LC2:
 723 002c 32303236 		.ascii	"2026-05-31T11:42:35+0200\000"
 723      2D30352D 
 723      33315431 
 723      313A3432 
 723      3A33352B 
 724 0045 000000   		.align	2
 725              	.LC3:
 726 0048 4D617920 		.ascii	"May 31 2026 13:58:32\000"
 726      33312032 
 726      30323620 
 726      31333A35 
 726      383A3332 
 727 005d 000000   		.align	2
 728              	.LC4:
 729 0060 00       		.ascii	"\000"
 730              		.section	.text.ai_network_get_info,"ax",%progbits
 731              		.align	1
 732              		.global	ai_network_get_info
 733              		.syntax unified
 734              		.thumb
 735              		.thumb_func
 737              	ai_network_get_info:
 738              	.LVL13:
 739              	.LFB6:
1215:X-CUBE-AI/App/network.c **** 
1216:X-CUBE-AI/App/network.c **** 
1217:X-CUBE-AI/App/network.c **** /**  PUBLIC APIs SECTION  *****************************************************/
1218:X-CUBE-AI/App/network.c **** 
1219:X-CUBE-AI/App/network.c **** 
1220:X-CUBE-AI/App/network.c **** 
1221:X-CUBE-AI/App/network.c **** AI_DEPRECATED
1222:X-CUBE-AI/App/network.c **** AI_API_ENTRY
1223:X-CUBE-AI/App/network.c **** ai_bool ai_network_get_info(
1224:X-CUBE-AI/App/network.c ****   ai_handle network, ai_network_report* report)
1225:X-CUBE-AI/App/network.c **** {
 740              		.loc 1 1225 1 is_stmt 1 view -0
 741              		.cfi_startproc
ARM GAS  /tmp/cc5QMZ95.s 			page 38


 742              		@ args = 0, pretend = 0, frame = 136
 743              		@ frame_needed = 0, uses_anonymous_args = 0
 744              		.loc 1 1225 1 is_stmt 0 view .LVU306
 745 0000 30B5     		push	{r4, r5, lr}
 746              	.LCFI2:
 747              		.cfi_def_cfa_offset 12
 748              		.cfi_offset 4, -12
 749              		.cfi_offset 5, -8
 750              		.cfi_offset 14, -4
 751 0002 A3B0     		sub	sp, sp, #140
 752              	.LCFI3:
 753              		.cfi_def_cfa_offset 152
 754 0004 0546     		mov	r5, r0
 755 0006 0C46     		mov	r4, r1
1226:X-CUBE-AI/App/network.c ****   ai_network* net_ctx = AI_NETWORK_ACQUIRE_CTX(network);
 756              		.loc 1 1226 3 is_stmt 1 view .LVU307
 757              		.loc 1 1226 25 is_stmt 0 view .LVU308
 758 0008 FFF7FEFF 		bl	ai_platform_context_acquire
 759              	.LVL14:
1227:X-CUBE-AI/App/network.c **** 
1228:X-CUBE-AI/App/network.c ****   if (report && net_ctx)
 760              		.loc 1 1228 3 is_stmt 1 view .LVU309
 761              		.loc 1 1228 6 is_stmt 0 view .LVU310
 762 000c 002C     		cmp	r4, #0
 763 000e 34D0     		beq	.L16
 764              		.loc 1 1228 14 discriminator 1 view .LVU311
 765 0010 0028     		cmp	r0, #0
 766 0012 34D0     		beq	.L17
 767              	.LBB2:
1229:X-CUBE-AI/App/network.c ****   {
1230:X-CUBE-AI/App/network.c ****     ai_network_report r = {
 768              		.loc 1 1230 5 is_stmt 1 view .LVU312
 769              		.loc 1 1230 23 is_stmt 0 view .LVU313
 770 0014 8822     		movs	r2, #136
 771 0016 0021     		movs	r1, #0
 772 0018 6846     		mov	r0, sp
 773              	.LVL15:
 774              		.loc 1 1230 23 view .LVU314
 775 001a FFF7FEFF 		bl	memset
 776              	.LVL16:
 777 001e 1A4B     		ldr	r3, .L19
 778 0020 0093     		str	r3, [sp]
 779 0022 1A4B     		ldr	r3, .L19+4
 780 0024 0193     		str	r3, [sp, #4]
 781 0026 1A4B     		ldr	r3, .L19+8
 782 0028 0293     		str	r3, [sp, #8]
 783 002a 1A4B     		ldr	r3, .L19+12
 784 002c 0393     		str	r3, [sp, #12]
1231:X-CUBE-AI/App/network.c ****       .model_name        = AI_NETWORK_MODEL_NAME,
1232:X-CUBE-AI/App/network.c ****       .model_signature   = AI_NETWORK_MODEL_SIGNATURE,
1233:X-CUBE-AI/App/network.c ****       .model_datetime    = AI_TOOLS_DATE_TIME,
1234:X-CUBE-AI/App/network.c ****       
1235:X-CUBE-AI/App/network.c ****       .compile_datetime  = AI_TOOLS_COMPILE_TIME,
1236:X-CUBE-AI/App/network.c ****       
1237:X-CUBE-AI/App/network.c ****       .runtime_revision  = ai_platform_runtime_get_revision(),
 785              		.loc 1 1237 28 view .LVU315
 786 002e FFF7FEFF 		bl	ai_platform_runtime_get_revision
ARM GAS  /tmp/cc5QMZ95.s 			page 39


 787              	.LVL17:
1230:X-CUBE-AI/App/network.c ****       .model_name        = AI_NETWORK_MODEL_NAME,
 788              		.loc 1 1230 23 view .LVU316
 789 0032 0490     		str	r0, [sp, #16]
1238:X-CUBE-AI/App/network.c ****       .runtime_version   = ai_platform_runtime_get_version(),
 790              		.loc 1 1238 28 view .LVU317
 791 0034 FFF7FEFF 		bl	ai_platform_runtime_get_version
 792              	.LVL18:
 793 0038 0590     		str	r0, [sp, #20]
1230:X-CUBE-AI/App/network.c ****       .model_name        = AI_NETWORK_MODEL_NAME,
 794              		.loc 1 1230 23 view .LVU318
 795 003a 174B     		ldr	r3, .L19+16
 796 003c 0693     		str	r3, [sp, #24]
 797 003e 0223     		movs	r3, #2
 798 0040 8DF81C30 		strb	r3, [sp, #28]
 799 0044 8DF81D30 		strb	r3, [sp, #29]
1239:X-CUBE-AI/App/network.c **** 
1240:X-CUBE-AI/App/network.c ****       .tool_revision     = AI_TOOLS_REVISION_ID,
1241:X-CUBE-AI/App/network.c ****       .tool_version      = {AI_TOOLS_VERSION_MAJOR, AI_TOOLS_VERSION_MINOR,
1242:X-CUBE-AI/App/network.c ****                             AI_TOOLS_VERSION_MICRO, 0x0},
1243:X-CUBE-AI/App/network.c ****       .tool_api_version  = AI_STRUCT_INIT,
1244:X-CUBE-AI/App/network.c **** 
1245:X-CUBE-AI/App/network.c ****       .api_version            = ai_platform_api_get_version(),
 800              		.loc 1 1245 33 view .LVU319
 801 0048 FFF7FEFF 		bl	ai_platform_api_get_version
 802              	.LVL19:
 803 004c 0990     		str	r0, [sp, #36]
1246:X-CUBE-AI/App/network.c ****       .interface_api_version  = ai_platform_interface_api_get_version(),
 804              		.loc 1 1246 33 view .LVU320
 805 004e FFF7FEFF 		bl	ai_platform_interface_api_get_version
 806              	.LVL20:
 807 0052 0A90     		str	r0, [sp, #40]
1230:X-CUBE-AI/App/network.c ****       .model_name        = AI_NETWORK_MODEL_NAME,
 808              		.loc 1 1230 23 view .LVU321
 809 0054 45F67012 		movw	r2, #22896
 810 0058 0023     		movs	r3, #0
 811 005a CDE90C23 		strd	r2, [sp, #48]
 812 005e 0F4B     		ldr	r3, .L19+20
 813 0060 2093     		str	r3, [sp, #128]
1247:X-CUBE-AI/App/network.c ****       
1248:X-CUBE-AI/App/network.c ****       .n_macc            = 22896,
1249:X-CUBE-AI/App/network.c ****       .n_inputs          = 0,
1250:X-CUBE-AI/App/network.c ****       .inputs            = NULL,
1251:X-CUBE-AI/App/network.c ****       .n_outputs         = 0,
1252:X-CUBE-AI/App/network.c ****       .outputs           = NULL,
1253:X-CUBE-AI/App/network.c ****       .params            = AI_STRUCT_INIT,
1254:X-CUBE-AI/App/network.c ****       .activations       = AI_STRUCT_INIT,
1255:X-CUBE-AI/App/network.c ****       .n_nodes           = 0,
1256:X-CUBE-AI/App/network.c ****       .signature         = 0x7940b212,
1257:X-CUBE-AI/App/network.c ****     };
1258:X-CUBE-AI/App/network.c **** 
1259:X-CUBE-AI/App/network.c ****     if (!ai_platform_api_get_network_report(network, &r)) return false;
 814              		.loc 1 1259 5 is_stmt 1 view .LVU322
 815              		.loc 1 1259 10 is_stmt 0 view .LVU323
 816 0062 6946     		mov	r1, sp
 817 0064 2846     		mov	r0, r5
 818 0066 FFF7FEFF 		bl	ai_platform_api_get_network_report
ARM GAS  /tmp/cc5QMZ95.s 			page 40


 819              	.LVL21:
 820              		.loc 1 1259 8 discriminator 1 view .LVU324
 821 006a 0546     		mov	r5, r0
 822              	.LVL22:
 823              		.loc 1 1259 8 discriminator 1 view .LVU325
 824 006c 40B1     		cbz	r0, .L14
1260:X-CUBE-AI/App/network.c **** 
1261:X-CUBE-AI/App/network.c ****     *report = r;
 825              		.loc 1 1261 5 is_stmt 1 view .LVU326
 826              		.loc 1 1261 13 is_stmt 0 view .LVU327
 827 006e 8822     		movs	r2, #136
 828 0070 6946     		mov	r1, sp
 829 0072 2046     		mov	r0, r4
 830 0074 FFF7FEFF 		bl	memcpy
 831              	.LVL23:
1262:X-CUBE-AI/App/network.c ****     return true;
 832              		.loc 1 1262 5 is_stmt 1 view .LVU328
 833              		.loc 1 1262 12 is_stmt 0 view .LVU329
 834 0078 02E0     		b	.L14
 835              	.LVL24:
 836              	.L16:
 837              		.loc 1 1262 12 view .LVU330
 838              	.LBE2:
1263:X-CUBE-AI/App/network.c ****   }
1264:X-CUBE-AI/App/network.c ****   return false;
 839              		.loc 1 1264 10 view .LVU331
 840 007a 0025     		movs	r5, #0
 841              	.LVL25:
 842              		.loc 1 1264 10 view .LVU332
 843 007c 00E0     		b	.L14
 844              	.LVL26:
 845              	.L17:
 846              		.loc 1 1264 10 view .LVU333
 847 007e 0025     		movs	r5, #0
 848              	.LVL27:
 849              	.L14:
1265:X-CUBE-AI/App/network.c **** }
 850              		.loc 1 1265 1 view .LVU334
 851 0080 2846     		mov	r0, r5
 852 0082 23B0     		add	sp, sp, #140
 853              	.LCFI4:
 854              		.cfi_def_cfa_offset 12
 855              		@ sp needed
 856 0084 30BD     		pop	{r4, r5, pc}
 857              	.LVL28:
 858              	.L20:
 859              		.loc 1 1265 1 view .LVU335
 860 0086 00BF     		.align	2
 861              	.L19:
 862 0088 00000000 		.word	.LC0
 863 008c 08000000 		.word	.LC1
 864 0090 2C000000 		.word	.LC2
 865 0094 48000000 		.word	.LC3
 866 0098 60000000 		.word	.LC4
 867 009c 12B24079 		.word	2034283026
 868              		.cfi_endproc
 869              	.LFE6:
ARM GAS  /tmp/cc5QMZ95.s 			page 41


 871              		.section	.text.ai_network_get_report,"ax",%progbits
 872              		.align	1
 873              		.global	ai_network_get_report
 874              		.syntax unified
 875              		.thumb
 876              		.thumb_func
 878              	ai_network_get_report:
 879              	.LVL29:
 880              	.LFB7:
1266:X-CUBE-AI/App/network.c **** 
1267:X-CUBE-AI/App/network.c **** 
1268:X-CUBE-AI/App/network.c **** 
1269:X-CUBE-AI/App/network.c **** AI_API_ENTRY
1270:X-CUBE-AI/App/network.c **** ai_bool ai_network_get_report(
1271:X-CUBE-AI/App/network.c ****   ai_handle network, ai_network_report* report)
1272:X-CUBE-AI/App/network.c **** {
 881              		.loc 1 1272 1 is_stmt 1 view -0
 882              		.cfi_startproc
 883              		@ args = 0, pretend = 0, frame = 136
 884              		@ frame_needed = 0, uses_anonymous_args = 0
 885              		.loc 1 1272 1 is_stmt 0 view .LVU337
 886 0000 30B5     		push	{r4, r5, lr}
 887              	.LCFI5:
 888              		.cfi_def_cfa_offset 12
 889              		.cfi_offset 4, -12
 890              		.cfi_offset 5, -8
 891              		.cfi_offset 14, -4
 892 0002 A3B0     		sub	sp, sp, #140
 893              	.LCFI6:
 894              		.cfi_def_cfa_offset 152
 895 0004 0546     		mov	r5, r0
 896 0006 0C46     		mov	r4, r1
1273:X-CUBE-AI/App/network.c ****   ai_network* net_ctx = AI_NETWORK_ACQUIRE_CTX(network);
 897              		.loc 1 1273 3 is_stmt 1 view .LVU338
 898              		.loc 1 1273 25 is_stmt 0 view .LVU339
 899 0008 FFF7FEFF 		bl	ai_platform_context_acquire
 900              	.LVL30:
1274:X-CUBE-AI/App/network.c **** 
1275:X-CUBE-AI/App/network.c ****   if (report && net_ctx)
 901              		.loc 1 1275 3 is_stmt 1 view .LVU340
 902              		.loc 1 1275 6 is_stmt 0 view .LVU341
 903 000c 002C     		cmp	r4, #0
 904 000e 36D0     		beq	.L24
 905              		.loc 1 1275 14 discriminator 1 view .LVU342
 906 0010 0028     		cmp	r0, #0
 907 0012 36D0     		beq	.L25
 908              	.LBB3:
1276:X-CUBE-AI/App/network.c ****   {
1277:X-CUBE-AI/App/network.c ****     ai_network_report r = {
 909              		.loc 1 1277 5 is_stmt 1 view .LVU343
 910              		.loc 1 1277 23 is_stmt 0 view .LVU344
 911 0014 8822     		movs	r2, #136
 912 0016 0021     		movs	r1, #0
 913 0018 6846     		mov	r0, sp
 914              	.LVL31:
 915              		.loc 1 1277 23 view .LVU345
 916 001a FFF7FEFF 		bl	memset
ARM GAS  /tmp/cc5QMZ95.s 			page 42


 917              	.LVL32:
 918 001e 1B4B     		ldr	r3, .L27
 919 0020 0093     		str	r3, [sp]
 920 0022 1B4B     		ldr	r3, .L27+4
 921 0024 0193     		str	r3, [sp, #4]
 922 0026 1B4B     		ldr	r3, .L27+8
 923 0028 0293     		str	r3, [sp, #8]
 924 002a 1B4B     		ldr	r3, .L27+12
 925 002c 0393     		str	r3, [sp, #12]
1278:X-CUBE-AI/App/network.c ****       .model_name        = AI_NETWORK_MODEL_NAME,
1279:X-CUBE-AI/App/network.c ****       .model_signature   = AI_NETWORK_MODEL_SIGNATURE,
1280:X-CUBE-AI/App/network.c ****       .model_datetime    = AI_TOOLS_DATE_TIME,
1281:X-CUBE-AI/App/network.c ****       
1282:X-CUBE-AI/App/network.c ****       .compile_datetime  = AI_TOOLS_COMPILE_TIME,
1283:X-CUBE-AI/App/network.c ****       
1284:X-CUBE-AI/App/network.c ****       .runtime_revision  = ai_platform_runtime_get_revision(),
 926              		.loc 1 1284 28 view .LVU346
 927 002e FFF7FEFF 		bl	ai_platform_runtime_get_revision
 928              	.LVL33:
1277:X-CUBE-AI/App/network.c ****       .model_name        = AI_NETWORK_MODEL_NAME,
 929              		.loc 1 1277 23 view .LVU347
 930 0032 0490     		str	r0, [sp, #16]
1285:X-CUBE-AI/App/network.c ****       .runtime_version   = ai_platform_runtime_get_version(),
 931              		.loc 1 1285 28 view .LVU348
 932 0034 FFF7FEFF 		bl	ai_platform_runtime_get_version
 933              	.LVL34:
 934 0038 0590     		str	r0, [sp, #20]
1277:X-CUBE-AI/App/network.c ****       .model_name        = AI_NETWORK_MODEL_NAME,
 935              		.loc 1 1277 23 view .LVU349
 936 003a 184B     		ldr	r3, .L27+16
 937 003c 0693     		str	r3, [sp, #24]
 938 003e 0223     		movs	r3, #2
 939 0040 8DF81C30 		strb	r3, [sp, #28]
 940 0044 8DF81D30 		strb	r3, [sp, #29]
1286:X-CUBE-AI/App/network.c **** 
1287:X-CUBE-AI/App/network.c ****       .tool_revision     = AI_TOOLS_REVISION_ID,
1288:X-CUBE-AI/App/network.c ****       .tool_version      = {AI_TOOLS_VERSION_MAJOR, AI_TOOLS_VERSION_MINOR,
1289:X-CUBE-AI/App/network.c ****                             AI_TOOLS_VERSION_MICRO, 0x0},
1290:X-CUBE-AI/App/network.c ****       .tool_api_version  = AI_STRUCT_INIT,
1291:X-CUBE-AI/App/network.c **** 
1292:X-CUBE-AI/App/network.c ****       .api_version            = ai_platform_api_get_version(),
 941              		.loc 1 1292 33 view .LVU350
 942 0048 FFF7FEFF 		bl	ai_platform_api_get_version
 943              	.LVL35:
 944 004c 0990     		str	r0, [sp, #36]
1293:X-CUBE-AI/App/network.c ****       .interface_api_version  = ai_platform_interface_api_get_version(),
 945              		.loc 1 1293 33 view .LVU351
 946 004e FFF7FEFF 		bl	ai_platform_interface_api_get_version
 947              	.LVL36:
 948 0052 0A90     		str	r0, [sp, #40]
1277:X-CUBE-AI/App/network.c ****       .model_name        = AI_NETWORK_MODEL_NAME,
 949              		.loc 1 1277 23 view .LVU352
 950 0054 45F67012 		movw	r2, #22896
 951 0058 0023     		movs	r3, #0
 952 005a CDE90C23 		strd	r2, [sp, #48]
 953 005e 104B     		ldr	r3, .L27+20
 954 0060 1193     		str	r3, [sp, #68]
ARM GAS  /tmp/cc5QMZ95.s 			page 43


 955 0062 104B     		ldr	r3, .L27+24
 956 0064 2093     		str	r3, [sp, #128]
1294:X-CUBE-AI/App/network.c ****       
1295:X-CUBE-AI/App/network.c ****       .n_macc            = 22896,
1296:X-CUBE-AI/App/network.c ****       .n_inputs          = 0,
1297:X-CUBE-AI/App/network.c ****       .inputs            = NULL,
1298:X-CUBE-AI/App/network.c ****       .n_outputs         = 0,
1299:X-CUBE-AI/App/network.c ****       .outputs           = NULL,
1300:X-CUBE-AI/App/network.c ****       .map_signature     = AI_MAGIC_SIGNATURE,
1301:X-CUBE-AI/App/network.c ****       .map_weights       = AI_STRUCT_INIT,
1302:X-CUBE-AI/App/network.c ****       .map_activations   = AI_STRUCT_INIT,
1303:X-CUBE-AI/App/network.c ****       .n_nodes           = 0,
1304:X-CUBE-AI/App/network.c ****       .signature         = 0x7940b212,
1305:X-CUBE-AI/App/network.c ****     };
1306:X-CUBE-AI/App/network.c **** 
1307:X-CUBE-AI/App/network.c ****     if (!ai_platform_api_get_network_report(network, &r)) return false;
 957              		.loc 1 1307 5 is_stmt 1 view .LVU353
 958              		.loc 1 1307 10 is_stmt 0 view .LVU354
 959 0066 6946     		mov	r1, sp
 960 0068 2846     		mov	r0, r5
 961 006a FFF7FEFF 		bl	ai_platform_api_get_network_report
 962              	.LVL37:
 963              		.loc 1 1307 8 discriminator 1 view .LVU355
 964 006e 0546     		mov	r5, r0
 965              	.LVL38:
 966              		.loc 1 1307 8 discriminator 1 view .LVU356
 967 0070 40B1     		cbz	r0, .L22
1308:X-CUBE-AI/App/network.c **** 
1309:X-CUBE-AI/App/network.c ****     *report = r;
 968              		.loc 1 1309 5 is_stmt 1 view .LVU357
 969              		.loc 1 1309 13 is_stmt 0 view .LVU358
 970 0072 8822     		movs	r2, #136
 971 0074 6946     		mov	r1, sp
 972 0076 2046     		mov	r0, r4
 973 0078 FFF7FEFF 		bl	memcpy
 974              	.LVL39:
1310:X-CUBE-AI/App/network.c ****     return true;
 975              		.loc 1 1310 5 is_stmt 1 view .LVU359
 976              		.loc 1 1310 12 is_stmt 0 view .LVU360
 977 007c 02E0     		b	.L22
 978              	.LVL40:
 979              	.L24:
 980              		.loc 1 1310 12 view .LVU361
 981              	.LBE3:
1311:X-CUBE-AI/App/network.c ****   }
1312:X-CUBE-AI/App/network.c ****   return false;
 982              		.loc 1 1312 10 view .LVU362
 983 007e 0025     		movs	r5, #0
 984              	.LVL41:
 985              		.loc 1 1312 10 view .LVU363
 986 0080 00E0     		b	.L22
 987              	.LVL42:
 988              	.L25:
 989              		.loc 1 1312 10 view .LVU364
 990 0082 0025     		movs	r5, #0
 991              	.LVL43:
 992              	.L22:
ARM GAS  /tmp/cc5QMZ95.s 			page 44


1313:X-CUBE-AI/App/network.c **** }
 993              		.loc 1 1313 1 view .LVU365
 994 0084 2846     		mov	r0, r5
 995 0086 23B0     		add	sp, sp, #140
 996              	.LCFI7:
 997              		.cfi_def_cfa_offset 12
 998              		@ sp needed
 999 0088 30BD     		pop	{r4, r5, pc}
 1000              	.LVL44:
 1001              	.L28:
 1002              		.loc 1 1313 1 view .LVU366
 1003 008a 00BF     		.align	2
 1004              	.L27:
 1005 008c 00000000 		.word	.LC0
 1006 0090 08000000 		.word	.LC1
 1007 0094 2C000000 		.word	.LC2
 1008 0098 48000000 		.word	.LC3
 1009 009c 60000000 		.word	.LC4
 1010 00a0 DECAFAA1 		.word	-1577399586
 1011 00a4 12B24079 		.word	2034283026
 1012              		.cfi_endproc
 1013              	.LFE7:
 1015              		.section	.text.ai_network_get_error,"ax",%progbits
 1016              		.align	1
 1017              		.global	ai_network_get_error
 1018              		.syntax unified
 1019              		.thumb
 1020              		.thumb_func
 1022              	ai_network_get_error:
 1023              	.LVL45:
 1024              	.LFB8:
1314:X-CUBE-AI/App/network.c **** 
1315:X-CUBE-AI/App/network.c **** 
1316:X-CUBE-AI/App/network.c **** AI_API_ENTRY
1317:X-CUBE-AI/App/network.c **** ai_error ai_network_get_error(ai_handle network)
1318:X-CUBE-AI/App/network.c **** {
 1025              		.loc 1 1318 1 is_stmt 1 view -0
 1026              		.cfi_startproc
 1027              		@ args = 0, pretend = 0, frame = 0
 1028              		@ frame_needed = 0, uses_anonymous_args = 0
 1029              		.loc 1 1318 1 is_stmt 0 view .LVU368
 1030 0000 08B5     		push	{r3, lr}
 1031              	.LCFI8:
 1032              		.cfi_def_cfa_offset 8
 1033              		.cfi_offset 3, -8
 1034              		.cfi_offset 14, -4
1319:X-CUBE-AI/App/network.c ****   return ai_platform_network_get_error(network);
 1035              		.loc 1 1319 3 is_stmt 1 view .LVU369
 1036              		.loc 1 1319 10 is_stmt 0 view .LVU370
 1037 0002 FFF7FEFF 		bl	ai_platform_network_get_error
 1038              	.LVL46:
1320:X-CUBE-AI/App/network.c **** }
 1039              		.loc 1 1320 1 view .LVU371
 1040 0006 08BD     		pop	{r3, pc}
 1041              		.cfi_endproc
 1042              	.LFE8:
 1044              		.section	.text.ai_network_create,"ax",%progbits
ARM GAS  /tmp/cc5QMZ95.s 			page 45


 1045              		.align	1
 1046              		.global	ai_network_create
 1047              		.syntax unified
 1048              		.thumb
 1049              		.thumb_func
 1051              	ai_network_create:
 1052              	.LVL47:
 1053              	.LFB9:
1321:X-CUBE-AI/App/network.c **** 
1322:X-CUBE-AI/App/network.c **** 
1323:X-CUBE-AI/App/network.c **** AI_API_ENTRY
1324:X-CUBE-AI/App/network.c **** ai_error ai_network_create(
1325:X-CUBE-AI/App/network.c ****   ai_handle* network, const ai_buffer* network_config)
1326:X-CUBE-AI/App/network.c **** {
 1054              		.loc 1 1326 1 is_stmt 1 view -0
 1055              		.cfi_startproc
 1056              		@ args = 0, pretend = 0, frame = 0
 1057              		@ frame_needed = 0, uses_anonymous_args = 0
 1058              		.loc 1 1326 1 is_stmt 0 view .LVU373
 1059 0000 00B5     		push	{lr}
 1060              	.LCFI9:
 1061              		.cfi_def_cfa_offset 4
 1062              		.cfi_offset 14, -4
 1063 0002 83B0     		sub	sp, sp, #12
 1064              	.LCFI10:
 1065              		.cfi_def_cfa_offset 16
1327:X-CUBE-AI/App/network.c ****   return ai_platform_network_create(
 1066              		.loc 1 1327 3 is_stmt 1 view .LVU374
 1067              		.loc 1 1327 10 is_stmt 0 view .LVU375
 1068 0004 0023     		movs	r3, #0
 1069 0006 0193     		str	r3, [sp, #4]
 1070 0008 0523     		movs	r3, #5
 1071 000a 0093     		str	r3, [sp]
 1072 000c 0123     		movs	r3, #1
 1073 000e 034A     		ldr	r2, .L33
 1074 0010 FFF7FEFF 		bl	ai_platform_network_create
 1075              	.LVL48:
1328:X-CUBE-AI/App/network.c ****     network, network_config, 
1329:X-CUBE-AI/App/network.c ****     AI_CONTEXT_OBJ(&AI_NET_OBJ_INSTANCE),
1330:X-CUBE-AI/App/network.c ****     AI_TOOLS_API_VERSION_MAJOR, AI_TOOLS_API_VERSION_MINOR, AI_TOOLS_API_VERSION_MICRO);
1331:X-CUBE-AI/App/network.c **** }
 1076              		.loc 1 1331 1 view .LVU376
 1077 0014 03B0     		add	sp, sp, #12
 1078              	.LCFI11:
 1079              		.cfi_def_cfa_offset 4
 1080              		@ sp needed
 1081 0016 5DF804FB 		ldr	pc, [sp], #4
 1082              	.L34:
 1083 001a 00BF     		.align	2
 1084              	.L33:
 1085 001c 00000000 		.word	g_network
 1086              		.cfi_endproc
 1087              	.LFE9:
 1089              		.section	.text.ai_network_inputs_get,"ax",%progbits
 1090              		.align	1
 1091              		.global	ai_network_inputs_get
 1092              		.syntax unified
ARM GAS  /tmp/cc5QMZ95.s 			page 46


 1093              		.thumb
 1094              		.thumb_func
 1096              	ai_network_inputs_get:
 1097              	.LVL49:
 1098              	.LFB11:
1332:X-CUBE-AI/App/network.c **** 
1333:X-CUBE-AI/App/network.c **** 
1334:X-CUBE-AI/App/network.c **** AI_API_ENTRY
1335:X-CUBE-AI/App/network.c **** ai_error ai_network_create_and_init(
1336:X-CUBE-AI/App/network.c ****   ai_handle* network, const ai_handle activations[], const ai_handle weights[])
1337:X-CUBE-AI/App/network.c **** {
1338:X-CUBE-AI/App/network.c ****   ai_error err;
1339:X-CUBE-AI/App/network.c ****   ai_network_params params;
1340:X-CUBE-AI/App/network.c **** 
1341:X-CUBE-AI/App/network.c ****   err = ai_network_create(network, AI_NETWORK_DATA_CONFIG);
1342:X-CUBE-AI/App/network.c ****   if (err.type != AI_ERROR_NONE) {
1343:X-CUBE-AI/App/network.c ****     return err;
1344:X-CUBE-AI/App/network.c ****   }
1345:X-CUBE-AI/App/network.c ****   
1346:X-CUBE-AI/App/network.c ****   if (ai_network_data_params_get(&params) != true) {
1347:X-CUBE-AI/App/network.c ****     err = ai_network_get_error(*network);
1348:X-CUBE-AI/App/network.c ****     return err;
1349:X-CUBE-AI/App/network.c ****   }
1350:X-CUBE-AI/App/network.c **** #if defined(AI_NETWORK_DATA_ACTIVATIONS_COUNT)
1351:X-CUBE-AI/App/network.c ****   /* set the addresses of the activations buffers */
1352:X-CUBE-AI/App/network.c ****   for (ai_u16 idx=0; activations && idx<params.map_activations.size; idx++) {
1353:X-CUBE-AI/App/network.c ****     AI_BUFFER_ARRAY_ITEM_SET_ADDRESS(&params.map_activations, idx, activations[idx]);
1354:X-CUBE-AI/App/network.c ****   }
1355:X-CUBE-AI/App/network.c **** #endif
1356:X-CUBE-AI/App/network.c **** #if defined(AI_NETWORK_DATA_WEIGHTS_COUNT)
1357:X-CUBE-AI/App/network.c ****   /* set the addresses of the weight buffers */
1358:X-CUBE-AI/App/network.c ****   for (ai_u16 idx=0; weights && idx<params.map_weights.size; idx++) {
1359:X-CUBE-AI/App/network.c ****     AI_BUFFER_ARRAY_ITEM_SET_ADDRESS(&params.map_weights, idx, weights[idx]);
1360:X-CUBE-AI/App/network.c ****   }
1361:X-CUBE-AI/App/network.c **** #endif
1362:X-CUBE-AI/App/network.c ****   if (ai_network_init(*network, &params) != true) {
1363:X-CUBE-AI/App/network.c ****     err = ai_network_get_error(*network);
1364:X-CUBE-AI/App/network.c ****   }
1365:X-CUBE-AI/App/network.c ****   return err;
1366:X-CUBE-AI/App/network.c **** }
1367:X-CUBE-AI/App/network.c **** 
1368:X-CUBE-AI/App/network.c **** 
1369:X-CUBE-AI/App/network.c **** AI_API_ENTRY
1370:X-CUBE-AI/App/network.c **** ai_buffer* ai_network_inputs_get(ai_handle network, ai_u16 *n_buffer)
1371:X-CUBE-AI/App/network.c **** {
 1099              		.loc 1 1371 1 is_stmt 1 view -0
 1100              		.cfi_startproc
 1101              		@ args = 0, pretend = 0, frame = 0
 1102              		@ frame_needed = 0, uses_anonymous_args = 0
 1103              		.loc 1 1371 1 is_stmt 0 view .LVU378
 1104 0000 08B5     		push	{r3, lr}
 1105              	.LCFI12:
 1106              		.cfi_def_cfa_offset 8
 1107              		.cfi_offset 3, -8
 1108              		.cfi_offset 14, -4
1372:X-CUBE-AI/App/network.c ****   if (network == AI_HANDLE_NULL) {
 1109              		.loc 1 1372 3 is_stmt 1 view .LVU379
ARM GAS  /tmp/cc5QMZ95.s 			page 47


 1110              		.loc 1 1372 6 is_stmt 0 view .LVU380
 1111 0002 10B1     		cbz	r0, .L38
 1112              	.LVL50:
 1113              	.L36:
1373:X-CUBE-AI/App/network.c ****     network = (ai_handle)&AI_NET_OBJ_INSTANCE;
1374:X-CUBE-AI/App/network.c ****     AI_NETWORK_OBJ(network)->magic = AI_MAGIC_CONTEXT_TOKEN;
1375:X-CUBE-AI/App/network.c ****   }
1376:X-CUBE-AI/App/network.c ****   return ai_platform_inputs_get(network, n_buffer);
 1114              		.loc 1 1376 3 is_stmt 1 view .LVU381
 1115              		.loc 1 1376 10 is_stmt 0 view .LVU382
 1116 0004 FFF7FEFF 		bl	ai_platform_inputs_get
 1117              	.LVL51:
1377:X-CUBE-AI/App/network.c **** }
 1118              		.loc 1 1377 1 view .LVU383
 1119 0008 08BD     		pop	{r3, pc}
 1120              	.LVL52:
 1121              	.L38:
1373:X-CUBE-AI/App/network.c ****     network = (ai_handle)&AI_NET_OBJ_INSTANCE;
 1122              		.loc 1 1373 5 is_stmt 1 view .LVU384
1374:X-CUBE-AI/App/network.c ****   }
 1123              		.loc 1 1374 5 view .LVU385
1374:X-CUBE-AI/App/network.c ****   }
 1124              		.loc 1 1374 36 is_stmt 0 view .LVU386
 1125 000a 0248     		ldr	r0, .L39
 1126 000c 024B     		ldr	r3, .L39+4
 1127 000e 0360     		str	r3, [r0]
 1128 0010 F8E7     		b	.L36
 1129              	.L40:
 1130 0012 00BF     		.align	2
 1131              	.L39:
 1132 0014 00000000 		.word	g_network
 1133 0018 0001C0A1 		.word	-1581252352
 1134              		.cfi_endproc
 1135              	.LFE11:
 1137              		.section	.text.ai_network_outputs_get,"ax",%progbits
 1138              		.align	1
 1139              		.global	ai_network_outputs_get
 1140              		.syntax unified
 1141              		.thumb
 1142              		.thumb_func
 1144              	ai_network_outputs_get:
 1145              	.LVL53:
 1146              	.LFB12:
1378:X-CUBE-AI/App/network.c **** 
1379:X-CUBE-AI/App/network.c **** 
1380:X-CUBE-AI/App/network.c **** AI_API_ENTRY
1381:X-CUBE-AI/App/network.c **** ai_buffer* ai_network_outputs_get(ai_handle network, ai_u16 *n_buffer)
1382:X-CUBE-AI/App/network.c **** {
 1147              		.loc 1 1382 1 is_stmt 1 view -0
 1148              		.cfi_startproc
 1149              		@ args = 0, pretend = 0, frame = 0
 1150              		@ frame_needed = 0, uses_anonymous_args = 0
 1151              		.loc 1 1382 1 is_stmt 0 view .LVU388
 1152 0000 08B5     		push	{r3, lr}
 1153              	.LCFI13:
 1154              		.cfi_def_cfa_offset 8
 1155              		.cfi_offset 3, -8
ARM GAS  /tmp/cc5QMZ95.s 			page 48


 1156              		.cfi_offset 14, -4
1383:X-CUBE-AI/App/network.c ****   if (network == AI_HANDLE_NULL) {
 1157              		.loc 1 1383 3 is_stmt 1 view .LVU389
 1158              		.loc 1 1383 6 is_stmt 0 view .LVU390
 1159 0002 10B1     		cbz	r0, .L44
 1160              	.LVL54:
 1161              	.L42:
1384:X-CUBE-AI/App/network.c ****     network = (ai_handle)&AI_NET_OBJ_INSTANCE;
1385:X-CUBE-AI/App/network.c ****     AI_NETWORK_OBJ(network)->magic = AI_MAGIC_CONTEXT_TOKEN;
1386:X-CUBE-AI/App/network.c ****   }
1387:X-CUBE-AI/App/network.c ****   return ai_platform_outputs_get(network, n_buffer);
 1162              		.loc 1 1387 3 is_stmt 1 view .LVU391
 1163              		.loc 1 1387 10 is_stmt 0 view .LVU392
 1164 0004 FFF7FEFF 		bl	ai_platform_outputs_get
 1165              	.LVL55:
1388:X-CUBE-AI/App/network.c **** }
 1166              		.loc 1 1388 1 view .LVU393
 1167 0008 08BD     		pop	{r3, pc}
 1168              	.LVL56:
 1169              	.L44:
1384:X-CUBE-AI/App/network.c ****     network = (ai_handle)&AI_NET_OBJ_INSTANCE;
 1170              		.loc 1 1384 5 is_stmt 1 view .LVU394
1385:X-CUBE-AI/App/network.c ****   }
 1171              		.loc 1 1385 5 view .LVU395
1385:X-CUBE-AI/App/network.c ****   }
 1172              		.loc 1 1385 36 is_stmt 0 view .LVU396
 1173 000a 0248     		ldr	r0, .L45
 1174 000c 024B     		ldr	r3, .L45+4
 1175 000e 0360     		str	r3, [r0]
 1176 0010 F8E7     		b	.L42
 1177              	.L46:
 1178 0012 00BF     		.align	2
 1179              	.L45:
 1180 0014 00000000 		.word	g_network
 1181 0018 0001C0A1 		.word	-1581252352
 1182              		.cfi_endproc
 1183              	.LFE12:
 1185              		.section	.text.ai_network_destroy,"ax",%progbits
 1186              		.align	1
 1187              		.global	ai_network_destroy
 1188              		.syntax unified
 1189              		.thumb
 1190              		.thumb_func
 1192              	ai_network_destroy:
 1193              	.LVL57:
 1194              	.LFB13:
1389:X-CUBE-AI/App/network.c **** 
1390:X-CUBE-AI/App/network.c **** 
1391:X-CUBE-AI/App/network.c **** AI_API_ENTRY
1392:X-CUBE-AI/App/network.c **** ai_handle ai_network_destroy(ai_handle network)
1393:X-CUBE-AI/App/network.c **** {
 1195              		.loc 1 1393 1 is_stmt 1 view -0
 1196              		.cfi_startproc
 1197              		@ args = 0, pretend = 0, frame = 0
 1198              		@ frame_needed = 0, uses_anonymous_args = 0
 1199              		.loc 1 1393 1 is_stmt 0 view .LVU398
 1200 0000 08B5     		push	{r3, lr}
ARM GAS  /tmp/cc5QMZ95.s 			page 49


 1201              	.LCFI14:
 1202              		.cfi_def_cfa_offset 8
 1203              		.cfi_offset 3, -8
 1204              		.cfi_offset 14, -4
1394:X-CUBE-AI/App/network.c ****   return ai_platform_network_destroy(network);
 1205              		.loc 1 1394 3 is_stmt 1 view .LVU399
 1206              		.loc 1 1394 10 is_stmt 0 view .LVU400
 1207 0002 FFF7FEFF 		bl	ai_platform_network_destroy
 1208              	.LVL58:
1395:X-CUBE-AI/App/network.c **** }
 1209              		.loc 1 1395 1 view .LVU401
 1210 0006 08BD     		pop	{r3, pc}
 1211              		.cfi_endproc
 1212              	.LFE13:
 1214              		.section	.text.ai_network_init,"ax",%progbits
 1215              		.align	1
 1216              		.global	ai_network_init
 1217              		.syntax unified
 1218              		.thumb
 1219              		.thumb_func
 1221              	ai_network_init:
 1222              	.LVL59:
 1223              	.LFB14:
1396:X-CUBE-AI/App/network.c **** 
1397:X-CUBE-AI/App/network.c **** 
1398:X-CUBE-AI/App/network.c **** AI_API_ENTRY
1399:X-CUBE-AI/App/network.c **** ai_bool ai_network_init(
1400:X-CUBE-AI/App/network.c ****   ai_handle network, const ai_network_params* params)
1401:X-CUBE-AI/App/network.c **** {
 1224              		.loc 1 1401 1 is_stmt 1 view -0
 1225              		.cfi_startproc
 1226              		@ args = 0, pretend = 0, frame = 0
 1227              		@ frame_needed = 0, uses_anonymous_args = 0
 1228              		.loc 1 1401 1 is_stmt 0 view .LVU403
 1229 0000 F8B5     		push	{r3, r4, r5, r6, r7, lr}
 1230              	.LCFI15:
 1231              		.cfi_def_cfa_offset 24
 1232              		.cfi_offset 3, -24
 1233              		.cfi_offset 4, -20
 1234              		.cfi_offset 5, -16
 1235              		.cfi_offset 6, -12
 1236              		.cfi_offset 7, -8
 1237              		.cfi_offset 14, -4
 1238 0002 0646     		mov	r6, r0
 1239 0004 0D46     		mov	r5, r1
1402:X-CUBE-AI/App/network.c ****   ai_network* net_ctx = AI_NETWORK_OBJ(ai_platform_network_init(network, params));
 1240              		.loc 1 1402 3 is_stmt 1 view .LVU404
 1241              		.loc 1 1402 25 is_stmt 0 view .LVU405
 1242 0006 FFF7FEFF 		bl	ai_platform_network_init
 1243              	.LVL60:
1403:X-CUBE-AI/App/network.c ****   ai_bool ok = true;
 1244              		.loc 1 1403 3 is_stmt 1 view .LVU406
1404:X-CUBE-AI/App/network.c **** 
1405:X-CUBE-AI/App/network.c ****   if (!net_ctx) return false;
 1245              		.loc 1 1405 3 view .LVU407
 1246              		.loc 1 1405 6 is_stmt 0 view .LVU408
 1247 000a 78B1     		cbz	r0, .L51
ARM GAS  /tmp/cc5QMZ95.s 			page 50


 1248 000c 0746     		mov	r7, r0
1406:X-CUBE-AI/App/network.c ****   ok &= network_configure_weights(net_ctx, params);
 1249              		.loc 1 1406 3 is_stmt 1 view .LVU409
 1250              		.loc 1 1406 9 is_stmt 0 view .LVU410
 1251 000e 2946     		mov	r1, r5
 1252 0010 FFF7FEFF 		bl	network_configure_weights
 1253              	.LVL61:
 1254              		.loc 1 1406 9 view .LVU411
 1255 0014 0446     		mov	r4, r0
 1256              	.LVL62:
1407:X-CUBE-AI/App/network.c ****   ok &= network_configure_activations(net_ctx, params);
 1257              		.loc 1 1407 3 is_stmt 1 view .LVU412
 1258              		.loc 1 1407 9 is_stmt 0 view .LVU413
 1259 0016 2946     		mov	r1, r5
 1260 0018 3846     		mov	r0, r7
 1261 001a FFF7FEFF 		bl	network_configure_activations
 1262              	.LVL63:
 1263 001e 0440     		ands	r4, r4, r0
 1264              	.LVL64:
 1265              		.loc 1 1407 9 view .LVU414
 1266 0020 E4B2     		uxtb	r4, r4
 1267              	.LVL65:
1408:X-CUBE-AI/App/network.c **** 
1409:X-CUBE-AI/App/network.c ****   ok &= ai_platform_network_post_init(network);
 1268              		.loc 1 1409 3 is_stmt 1 view .LVU415
 1269              		.loc 1 1409 9 is_stmt 0 view .LVU416
 1270 0022 3046     		mov	r0, r6
 1271 0024 FFF7FEFF 		bl	ai_platform_network_post_init
 1272              	.LVL66:
 1273 0028 2040     		ands	r0, r0, r4
 1274              	.LVL67:
1410:X-CUBE-AI/App/network.c **** 
1411:X-CUBE-AI/App/network.c ****   return ok;
 1275              		.loc 1 1411 3 is_stmt 1 view .LVU417
 1276              	.L50:
1412:X-CUBE-AI/App/network.c **** }
 1277              		.loc 1 1412 1 is_stmt 0 view .LVU418
 1278 002a F8BD     		pop	{r3, r4, r5, r6, r7, pc}
 1279              	.LVL68:
 1280              	.L51:
1405:X-CUBE-AI/App/network.c ****   ok &= network_configure_weights(net_ctx, params);
 1281              		.loc 1 1405 24 discriminator 1 view .LVU419
 1282 002c 0020     		movs	r0, #0
 1283              	.LVL69:
1405:X-CUBE-AI/App/network.c ****   ok &= network_configure_weights(net_ctx, params);
 1284              		.loc 1 1405 24 discriminator 1 view .LVU420
 1285 002e FCE7     		b	.L50
 1286              		.cfi_endproc
 1287              	.LFE14:
 1289              		.section	.text.ai_network_create_and_init,"ax",%progbits
 1290              		.align	1
 1291              		.global	ai_network_create_and_init
 1292              		.syntax unified
 1293              		.thumb
 1294              		.thumb_func
 1296              	ai_network_create_and_init:
 1297              	.LVL70:
ARM GAS  /tmp/cc5QMZ95.s 			page 51


 1298              	.LFB10:
1337:X-CUBE-AI/App/network.c ****   ai_error err;
 1299              		.loc 1 1337 1 is_stmt 1 view -0
 1300              		.cfi_startproc
 1301              		@ args = 0, pretend = 0, frame = 56
 1302              		@ frame_needed = 0, uses_anonymous_args = 0
1337:X-CUBE-AI/App/network.c ****   ai_error err;
 1303              		.loc 1 1337 1 is_stmt 0 view .LVU422
 1304 0000 2DE9F041 		push	{r4, r5, r6, r7, r8, lr}
 1305              	.LCFI16:
 1306              		.cfi_def_cfa_offset 24
 1307              		.cfi_offset 4, -24
 1308              		.cfi_offset 5, -20
 1309              		.cfi_offset 6, -16
 1310              		.cfi_offset 7, -12
 1311              		.cfi_offset 8, -8
 1312              		.cfi_offset 14, -4
 1313 0004 8EB0     		sub	sp, sp, #56
 1314              	.LCFI17:
 1315              		.cfi_def_cfa_offset 80
 1316 0006 8046     		mov	r8, r0
 1317 0008 0E46     		mov	r6, r1
 1318 000a 1546     		mov	r5, r2
1338:X-CUBE-AI/App/network.c ****   ai_network_params params;
 1319              		.loc 1 1338 3 is_stmt 1 view .LVU423
1339:X-CUBE-AI/App/network.c **** 
 1320              		.loc 1 1339 3 view .LVU424
1341:X-CUBE-AI/App/network.c ****   if (err.type != AI_ERROR_NONE) {
 1321              		.loc 1 1341 3 view .LVU425
1341:X-CUBE-AI/App/network.c ****   if (err.type != AI_ERROR_NONE) {
 1322              		.loc 1 1341 9 is_stmt 0 view .LVU426
 1323 000c 0021     		movs	r1, #0
 1324              	.LVL71:
1341:X-CUBE-AI/App/network.c ****   if (err.type != AI_ERROR_NONE) {
 1325              		.loc 1 1341 9 view .LVU427
 1326 000e FFF7FEFF 		bl	ai_network_create
 1327              	.LVL72:
1341:X-CUBE-AI/App/network.c ****   if (err.type != AI_ERROR_NONE) {
 1328              		.loc 1 1341 9 view .LVU428
 1329 0012 0746     		mov	r7, r0
 1330              	.LVL73:
1342:X-CUBE-AI/App/network.c ****     return err;
 1331              		.loc 1 1342 3 is_stmt 1 view .LVU429
1342:X-CUBE-AI/App/network.c ****     return err;
 1332              		.loc 1 1342 6 is_stmt 0 view .LVU430
 1333 0014 10F0FF0F 		tst	r0, #255
 1334 0018 02D0     		beq	.L54
 1335              	.LVL74:
 1336              	.L55:
1366:X-CUBE-AI/App/network.c **** 
 1337              		.loc 1 1366 1 view .LVU431
 1338 001a 0EB0     		add	sp, sp, #56
 1339              	.LCFI18:
 1340              		.cfi_remember_state
 1341              		.cfi_def_cfa_offset 24
 1342              		@ sp needed
 1343 001c BDE8F081 		pop	{r4, r5, r6, r7, r8, pc}
ARM GAS  /tmp/cc5QMZ95.s 			page 52


 1344              	.LVL75:
 1345              	.L54:
 1346              	.LCFI19:
 1347              		.cfi_restore_state
1346:X-CUBE-AI/App/network.c ****     err = ai_network_get_error(*network);
 1348              		.loc 1 1346 3 is_stmt 1 view .LVU432
1346:X-CUBE-AI/App/network.c ****     err = ai_network_get_error(*network);
 1349              		.loc 1 1346 7 is_stmt 0 view .LVU433
 1350 0020 6846     		mov	r0, sp
 1351              	.LVL76:
1346:X-CUBE-AI/App/network.c ****     err = ai_network_get_error(*network);
 1352              		.loc 1 1346 7 view .LVU434
 1353 0022 FFF7FEFF 		bl	ai_network_data_params_get
 1354              	.LVL77:
1346:X-CUBE-AI/App/network.c ****     err = ai_network_get_error(*network);
 1355              		.loc 1 1346 6 discriminator 1 view .LVU435
 1356 0026 08B1     		cbz	r0, .L66
 1357              	.LBB4:
1352:X-CUBE-AI/App/network.c ****     AI_BUFFER_ARRAY_ITEM_SET_ADDRESS(&params.map_activations, idx, activations[idx]);
 1358              		.loc 1 1352 15 view .LVU436
 1359 0028 0024     		movs	r4, #0
 1360 002a 0CE0     		b	.L56
 1361              	.L66:
 1362              	.LBE4:
1347:X-CUBE-AI/App/network.c ****     return err;
 1363              		.loc 1 1347 5 is_stmt 1 view .LVU437
1347:X-CUBE-AI/App/network.c ****     return err;
 1364              		.loc 1 1347 11 is_stmt 0 view .LVU438
 1365 002c D8F80000 		ldr	r0, [r8]
 1366 0030 FFF7FEFF 		bl	ai_network_get_error
 1367              	.LVL78:
1348:X-CUBE-AI/App/network.c ****   }
 1368              		.loc 1 1348 5 is_stmt 1 view .LVU439
1348:X-CUBE-AI/App/network.c ****   }
 1369              		.loc 1 1348 12 is_stmt 0 view .LVU440
 1370 0034 F1E7     		b	.L55
 1371              	.LVL79:
 1372              	.L58:
 1373              	.LBB5:
1353:X-CUBE-AI/App/network.c ****   }
 1374              		.loc 1 1353 5 is_stmt 1 view .LVU441
 1375 0036 56F82420 		ldr	r2, [r6, r4, lsl #2]
 1376 003a 2146     		mov	r1, r4
 1377 003c 03A8     		add	r0, sp, #12
 1378 003e FFF7FEFF 		bl	ai_buffer_array_item_set_address
 1379              	.LVL80:
1352:X-CUBE-AI/App/network.c ****     AI_BUFFER_ARRAY_ITEM_SET_ADDRESS(&params.map_activations, idx, activations[idx]);
 1380              		.loc 1 1352 73 discriminator 4 view .LVU442
 1381 0042 0134     		adds	r4, r4, #1
 1382              	.LVL81:
1352:X-CUBE-AI/App/network.c ****     AI_BUFFER_ARRAY_ITEM_SET_ADDRESS(&params.map_activations, idx, activations[idx]);
 1383              		.loc 1 1352 73 is_stmt 0 discriminator 4 view .LVU443
 1384 0044 A4B2     		uxth	r4, r4
 1385              	.LVL82:
 1386              	.L56:
1352:X-CUBE-AI/App/network.c ****     AI_BUFFER_ARRAY_ITEM_SET_ADDRESS(&params.map_activations, idx, activations[idx]);
 1387              		.loc 1 1352 34 is_stmt 1 discriminator 1 view .LVU444
ARM GAS  /tmp/cc5QMZ95.s 			page 53


 1388 0046 D6B1     		cbz	r6, .L64
1352:X-CUBE-AI/App/network.c ****     AI_BUFFER_ARRAY_ITEM_SET_ADDRESS(&params.map_activations, idx, activations[idx]);
 1389              		.loc 1 1352 63 is_stmt 0 discriminator 3 view .LVU445
 1390 0048 BDF80E30 		ldrh	r3, [sp, #14]
1352:X-CUBE-AI/App/network.c ****     AI_BUFFER_ARRAY_ITEM_SET_ADDRESS(&params.map_activations, idx, activations[idx]);
 1391              		.loc 1 1352 34 discriminator 3 view .LVU446
 1392 004c A342     		cmp	r3, r4
 1393 004e F2D8     		bhi	.L58
 1394 0050 0024     		movs	r4, #0
 1395              	.LVL83:
1352:X-CUBE-AI/App/network.c ****     AI_BUFFER_ARRAY_ITEM_SET_ADDRESS(&params.map_activations, idx, activations[idx]);
 1396              		.loc 1 1352 34 discriminator 3 view .LVU447
 1397 0052 07E0     		b	.L59
 1398              	.LVL84:
 1399              	.L61:
1352:X-CUBE-AI/App/network.c ****     AI_BUFFER_ARRAY_ITEM_SET_ADDRESS(&params.map_activations, idx, activations[idx]);
 1400              		.loc 1 1352 34 discriminator 3 view .LVU448
 1401              	.LBE5:
 1402              	.LBB6:
1359:X-CUBE-AI/App/network.c ****   }
 1403              		.loc 1 1359 5 is_stmt 1 view .LVU449
 1404 0054 55F82420 		ldr	r2, [r5, r4, lsl #2]
 1405 0058 2146     		mov	r1, r4
 1406 005a 01A8     		add	r0, sp, #4
 1407 005c FFF7FEFF 		bl	ai_buffer_array_item_set_address
 1408              	.LVL85:
1358:X-CUBE-AI/App/network.c ****     AI_BUFFER_ARRAY_ITEM_SET_ADDRESS(&params.map_weights, idx, weights[idx]);
 1409              		.loc 1 1358 65 discriminator 4 view .LVU450
 1410 0060 0134     		adds	r4, r4, #1
 1411              	.LVL86:
1358:X-CUBE-AI/App/network.c ****     AI_BUFFER_ARRAY_ITEM_SET_ADDRESS(&params.map_weights, idx, weights[idx]);
 1412              		.loc 1 1358 65 is_stmt 0 discriminator 4 view .LVU451
 1413 0062 A4B2     		uxth	r4, r4
 1414              	.LVL87:
 1415              	.L59:
1358:X-CUBE-AI/App/network.c ****     AI_BUFFER_ARRAY_ITEM_SET_ADDRESS(&params.map_weights, idx, weights[idx]);
 1416              		.loc 1 1358 30 is_stmt 1 discriminator 1 view .LVU452
 1417 0064 1DB1     		cbz	r5, .L60
1358:X-CUBE-AI/App/network.c ****     AI_BUFFER_ARRAY_ITEM_SET_ADDRESS(&params.map_weights, idx, weights[idx]);
 1418              		.loc 1 1358 55 is_stmt 0 discriminator 3 view .LVU453
 1419 0066 BDF80630 		ldrh	r3, [sp, #6]
1358:X-CUBE-AI/App/network.c ****     AI_BUFFER_ARRAY_ITEM_SET_ADDRESS(&params.map_weights, idx, weights[idx]);
 1420              		.loc 1 1358 30 discriminator 3 view .LVU454
 1421 006a A342     		cmp	r3, r4
 1422 006c F2D8     		bhi	.L61
 1423              	.L60:
 1424              	.LBE6:
1362:X-CUBE-AI/App/network.c ****     err = ai_network_get_error(*network);
 1425              		.loc 1 1362 3 is_stmt 1 view .LVU455
1362:X-CUBE-AI/App/network.c ****     err = ai_network_get_error(*network);
 1426              		.loc 1 1362 7 is_stmt 0 view .LVU456
 1427 006e 6946     		mov	r1, sp
 1428 0070 D8F80000 		ldr	r0, [r8]
 1429 0074 FFF7FEFF 		bl	ai_network_init
 1430              	.LVL88:
1362:X-CUBE-AI/App/network.c ****     err = ai_network_get_error(*network);
 1431              		.loc 1 1362 6 discriminator 1 view .LVU457
ARM GAS  /tmp/cc5QMZ95.s 			page 54


 1432 0078 18B1     		cbz	r0, .L67
 1433              	.L62:
1365:X-CUBE-AI/App/network.c **** }
 1434              		.loc 1 1365 3 is_stmt 1 view .LVU458
 1435              	.LVL89:
1365:X-CUBE-AI/App/network.c **** }
 1436              		.loc 1 1365 10 is_stmt 0 view .LVU459
 1437 007a 3846     		mov	r0, r7
 1438 007c CDE7     		b	.L55
 1439              	.LVL90:
 1440              	.L64:
 1441              	.LBB7:
1365:X-CUBE-AI/App/network.c **** }
 1442              		.loc 1 1365 10 view .LVU460
 1443 007e 0024     		movs	r4, #0
 1444              	.LVL91:
1365:X-CUBE-AI/App/network.c **** }
 1445              		.loc 1 1365 10 view .LVU461
 1446 0080 F0E7     		b	.L59
 1447              	.LVL92:
 1448              	.L67:
1365:X-CUBE-AI/App/network.c **** }
 1449              		.loc 1 1365 10 view .LVU462
 1450              	.LBE7:
1363:X-CUBE-AI/App/network.c ****   }
 1451              		.loc 1 1363 5 is_stmt 1 view .LVU463
1363:X-CUBE-AI/App/network.c ****   }
 1452              		.loc 1 1363 11 is_stmt 0 view .LVU464
 1453 0082 D8F80000 		ldr	r0, [r8]
 1454 0086 FFF7FEFF 		bl	ai_network_get_error
 1455              	.LVL93:
 1456 008a 0746     		mov	r7, r0
1363:X-CUBE-AI/App/network.c ****   }
 1457              		.loc 1 1363 11 view .LVU465
 1458 008c F5E7     		b	.L62
 1459              		.cfi_endproc
 1460              	.LFE10:
 1462              		.section	.text.ai_network_run,"ax",%progbits
 1463              		.align	1
 1464              		.global	ai_network_run
 1465              		.syntax unified
 1466              		.thumb
 1467              		.thumb_func
 1469              	ai_network_run:
 1470              	.LVL94:
 1471              	.LFB15:
1413:X-CUBE-AI/App/network.c **** 
1414:X-CUBE-AI/App/network.c **** 
1415:X-CUBE-AI/App/network.c **** AI_API_ENTRY
1416:X-CUBE-AI/App/network.c **** ai_i32 ai_network_run(
1417:X-CUBE-AI/App/network.c ****   ai_handle network, const ai_buffer* input, ai_buffer* output)
1418:X-CUBE-AI/App/network.c **** {
 1472              		.loc 1 1418 1 is_stmt 1 view -0
 1473              		.cfi_startproc
 1474              		@ args = 0, pretend = 0, frame = 0
 1475              		@ frame_needed = 0, uses_anonymous_args = 0
 1476              		.loc 1 1418 1 is_stmt 0 view .LVU467
ARM GAS  /tmp/cc5QMZ95.s 			page 55


 1477 0000 08B5     		push	{r3, lr}
 1478              	.LCFI20:
 1479              		.cfi_def_cfa_offset 8
 1480              		.cfi_offset 3, -8
 1481              		.cfi_offset 14, -4
1419:X-CUBE-AI/App/network.c ****   return ai_platform_network_process(network, input, output);
 1482              		.loc 1 1419 3 is_stmt 1 view .LVU468
 1483              		.loc 1 1419 10 is_stmt 0 view .LVU469
 1484 0002 FFF7FEFF 		bl	ai_platform_network_process
 1485              	.LVL95:
1420:X-CUBE-AI/App/network.c **** }
 1486              		.loc 1 1420 1 view .LVU470
 1487 0006 08BD     		pop	{r3, pc}
 1488              		.cfi_endproc
 1489              	.LFE15:
 1491              		.section	.text.ai_network_forward,"ax",%progbits
 1492              		.align	1
 1493              		.global	ai_network_forward
 1494              		.syntax unified
 1495              		.thumb
 1496              		.thumb_func
 1498              	ai_network_forward:
 1499              	.LVL96:
 1500              	.LFB16:
1421:X-CUBE-AI/App/network.c **** 
1422:X-CUBE-AI/App/network.c **** 
1423:X-CUBE-AI/App/network.c **** AI_API_ENTRY
1424:X-CUBE-AI/App/network.c **** ai_i32 ai_network_forward(ai_handle network, const ai_buffer* input)
1425:X-CUBE-AI/App/network.c **** {
 1501              		.loc 1 1425 1 is_stmt 1 view -0
 1502              		.cfi_startproc
 1503              		@ args = 0, pretend = 0, frame = 0
 1504              		@ frame_needed = 0, uses_anonymous_args = 0
 1505              		.loc 1 1425 1 is_stmt 0 view .LVU472
 1506 0000 08B5     		push	{r3, lr}
 1507              	.LCFI21:
 1508              		.cfi_def_cfa_offset 8
 1509              		.cfi_offset 3, -8
 1510              		.cfi_offset 14, -4
1426:X-CUBE-AI/App/network.c ****   return ai_platform_network_process(network, input, NULL);
 1511              		.loc 1 1426 3 is_stmt 1 view .LVU473
 1512              		.loc 1 1426 10 is_stmt 0 view .LVU474
 1513 0002 0022     		movs	r2, #0
 1514 0004 FFF7FEFF 		bl	ai_platform_network_process
 1515              	.LVL97:
1427:X-CUBE-AI/App/network.c **** }
 1516              		.loc 1 1427 1 view .LVU475
 1517 0008 08BD     		pop	{r3, pc}
 1518              		.cfi_endproc
 1519              	.LFE16:
 1521              		.section	.data.g_network,"aw"
 1522              		.align	2
 1525              	g_network:
 1526 0000 0001C0A1 		.word	-1581252352
 1527 0004 12B24079 		.word	2034283026
 1528 0008 00000000 		.word	0
 1529 000c 00       		.byte	0
ARM GAS  /tmp/cc5QMZ95.s 			page 56


 1530 000d 00       		.byte	0
 1531 000e 00       		.byte	0
 1532 000f 00       		.byte	0
 1533 0010 00000000 		.word	0
 1534 0014 00000000 		.word	0
 1535 0018 0000     		.short	0
 1536 001a 0000     		.short	0
 1537 001c DECAFAA1 		.word	-1577399586
 1538 0020 0000     		.short	0
 1539 0022 0100     		.short	1
 1540 0024 00000000 		.word	__compound_literal.238
 1541 0028 0000     		.short	0
 1542 002a 0100     		.short	1
 1543 002c 00000000 		.word	__compound_literal.240
 1544 0030 0200     		.short	2
 1545 0032 0000     		.short	0
 1546 0034 00000000 		.word	__compound_literal.251
 1547 0038 00000000 		.word	gemm_0_layer
 1548 003c 00000000 		.word	0
 1549 0040 00000000 		.word	0
 1550 0044 00000000 		.word	0
 1551 0048 00000000 		.word	0
 1552              		.section	.data.__compound_literal.251,"aw"
 1553              		.align	2
 1556              	__compound_literal.251:
 1557 0000 0100     		.short	1
 1558 0002 0000     		.short	0
 1559 0004 00000000 		.word	__compound_literal.241
 1560 0008 00000000 		.word	__compound_literal.245
 1561 000c 0100     		.short	1
 1562 000e 0000     		.short	0
 1563 0010 00000000 		.word	__compound_literal.246
 1564 0014 00000000 		.word	__compound_literal.250
 1565              		.section	.data.__compound_literal.250,"aw"
 1566              		.align	2
 1569              	__compound_literal.250:
 1570 0000 00000000 		.word	__compound_literal.248
 1571 0004 00000000 		.word	__compound_literal.247
 1572 0008 00000000 		.word	__compound_literal.249
 1573              		.section	.bss.__compound_literal.249,"aw",%nobits
 1574              		.align	2
 1577              	__compound_literal.249:
 1578 0000 00000000 		.space	8
 1578      00000000 
 1579              		.section	.bss.__compound_literal.248,"aw",%nobits
 1580              		.align	2
 1583              	__compound_literal.248:
 1584 0000 00000000 		.space	16
 1584      00000000 
 1584      00000000 
 1584      00000000 
 1585              		.section	.bss.__compound_literal.247,"aw",%nobits
 1586              		.align	2
 1589              	__compound_literal.247:
 1590 0000 00000000 		.space	28
 1590      00000000 
 1590      00000000 
ARM GAS  /tmp/cc5QMZ95.s 			page 57


 1590      00000000 
 1590      00000000 
 1591              		.section	.data.__compound_literal.246,"aw"
 1592              		.align	2
 1595              	__compound_literal.246:
 1596 0000 00000000 		.word	nl_13_output
 1597              		.section	.data.__compound_literal.245,"aw"
 1598              		.align	2
 1601              	__compound_literal.245:
 1602 0000 00000000 		.word	__compound_literal.243
 1603 0004 00000000 		.word	__compound_literal.242
 1604 0008 00000000 		.word	__compound_literal.244
 1605              		.section	.bss.__compound_literal.244,"aw",%nobits
 1606              		.align	2
 1609              	__compound_literal.244:
 1610 0000 00000000 		.space	8
 1610      00000000 
 1611              		.section	.bss.__compound_literal.243,"aw",%nobits
 1612              		.align	2
 1615              	__compound_literal.243:
 1616 0000 00000000 		.space	16
 1616      00000000 
 1616      00000000 
 1616      00000000 
 1617              		.section	.bss.__compound_literal.242,"aw",%nobits
 1618              		.align	2
 1621              	__compound_literal.242:
 1622 0000 00000000 		.space	28
 1622      00000000 
 1622      00000000 
 1622      00000000 
 1622      00000000 
 1623              		.section	.data.__compound_literal.241,"aw"
 1624              		.align	2
 1627              	__compound_literal.241:
 1628 0000 00000000 		.word	serving_default_sensor_input0_output
 1629              		.section	.data.__compound_literal.240,"aw"
 1630              		.align	2
 1633              	__compound_literal.240:
 1634 0000 40040400 		.word	263232
 1635 0004 00000000 		.word	0
 1636 0008 00000000 		.word	0
 1637 000c 00000000 		.word	0
 1638 0010 EC030000 		.word	1004
 1639 0014 01       		.byte	1
 1640 0015 04       		.byte	4
 1641 0016 00       		.byte	0
 1642 0017 00       		.byte	0
 1643 0018 00000000 		.word	__compound_literal.239
 1644              		.section	.data.__compound_literal.239,"aw"
 1645              		.align	2
 1648              	__compound_literal.239:
 1649 0000 01000000 		.word	1
 1650 0004 EC030000 		.word	1004
 1651 0008 01000000 		.word	1
 1652 000c 01000000 		.word	1
 1653              		.section	.data.__compound_literal.238,"aw"
ARM GAS  /tmp/cc5QMZ95.s 			page 58


 1654              		.align	2
 1657              	__compound_literal.238:
 1658 0000 40040400 		.word	263232
 1659 0004 00000000 		.word	0
 1660 0008 00000000 		.word	0
 1661 000c 00000000 		.word	0
 1662 0010 845D0000 		.word	23940
 1663 0014 01       		.byte	1
 1664 0015 04       		.byte	4
 1665 0016 00       		.byte	0
 1666 0017 00       		.byte	0
 1667 0018 00000000 		.word	__compound_literal.237
 1668              		.section	.data.__compound_literal.237,"aw"
 1669              		.align	2
 1672              	__compound_literal.237:
 1673 0000 01000000 		.word	1
 1674 0004 845D0000 		.word	23940
 1675 0008 01000000 		.word	1
 1676 000c 01000000 		.word	1
 1677              		.section	.data.gemm_0_layer,"aw"
 1678              		.align	2
 1681              	gemm_0_layer:
 1682 0000 0401     		.short	260
 1683 0002 0000     		.short	0
 1684 0004 00000000 		.word	0
 1685 0008 00000000 		.word	0
 1686 000c 00000000 		.word	0
 1687 0010 00000000 		.word	gemm_1_layer
 1688 0014 00000000 		.word	forward_dense_integer_SSSA_ch
 1689 0018 00000000 		.word	gemm_0_chain
 1690              		.section	.rodata.gemm_0_chain,"a"
 1691              		.align	2
 1694              	gemm_0_chain:
 1695 0000 0400     		.short	4
 1696 0002 0000     		.short	0
 1697 0004 00000000 		.word	__compound_literal.236
 1698              		.section	.data.__compound_literal.236,"aw"
 1699              		.align	2
 1702              	__compound_literal.236:
 1703 0000 0100     		.short	1
 1704 0002 0000     		.short	0
 1705 0004 00000000 		.word	__compound_literal.232
 1706 0008 00000000 		.word	0
 1707 000c 0100     		.short	1
 1708 000e 0000     		.short	0
 1709 0010 00000000 		.word	__compound_literal.233
 1710 0014 00000000 		.word	0
 1711 0018 0200     		.short	2
 1712 001a 0000     		.short	0
 1713 001c 00000000 		.word	__compound_literal.234
 1714 0020 00000000 		.word	0
 1715 0024 0100     		.short	1
 1716 0026 0000     		.short	0
 1717 0028 00000000 		.word	__compound_literal.235
 1718 002c 00000000 		.word	0
 1719              		.section	.data.__compound_literal.235,"aw"
 1720              		.align	2
ARM GAS  /tmp/cc5QMZ95.s 			page 59


 1723              	__compound_literal.235:
 1724 0000 00000000 		.word	gemm_0_scratch0
 1725              		.section	.data.__compound_literal.234,"aw"
 1726              		.align	2
 1729              	__compound_literal.234:
 1730 0000 00000000 		.word	gemm_0_weights
 1731 0004 00000000 		.word	gemm_0_bias
 1732              		.section	.data.__compound_literal.233,"aw"
 1733              		.align	2
 1736              	__compound_literal.233:
 1737 0000 00000000 		.word	gemm_0_output
 1738              		.section	.data.__compound_literal.232,"aw"
 1739              		.align	2
 1742              	__compound_literal.232:
 1743 0000 00000000 		.word	serving_default_sensor_input0_output
 1744              		.section	.data.gemm_1_layer,"aw"
 1745              		.align	2
 1748              	gemm_1_layer:
 1749 0000 0401     		.short	260
 1750 0002 0100     		.short	1
 1751 0004 00000000 		.word	0
 1752 0008 00000000 		.word	0
 1753 000c 00000000 		.word	0
 1754 0010 00000000 		.word	gemm_2_layer
 1755 0014 00000000 		.word	forward_dense_integer_SSSA_ch
 1756 0018 00000000 		.word	gemm_1_chain
 1757              		.section	.rodata.gemm_1_chain,"a"
 1758              		.align	2
 1761              	gemm_1_chain:
 1762 0000 0400     		.short	4
 1763 0002 0000     		.short	0
 1764 0004 00000000 		.word	__compound_literal.231
 1765              		.section	.data.__compound_literal.231,"aw"
 1766              		.align	2
 1769              	__compound_literal.231:
 1770 0000 0100     		.short	1
 1771 0002 0000     		.short	0
 1772 0004 00000000 		.word	__compound_literal.227
 1773 0008 00000000 		.word	0
 1774 000c 0100     		.short	1
 1775 000e 0000     		.short	0
 1776 0010 00000000 		.word	__compound_literal.228
 1777 0014 00000000 		.word	0
 1778 0018 0200     		.short	2
 1779 001a 0000     		.short	0
 1780 001c 00000000 		.word	__compound_literal.229
 1781 0020 00000000 		.word	0
 1782 0024 0100     		.short	1
 1783 0026 0000     		.short	0
 1784 0028 00000000 		.word	__compound_literal.230
 1785 002c 00000000 		.word	0
 1786              		.section	.data.__compound_literal.230,"aw"
 1787              		.align	2
 1790              	__compound_literal.230:
 1791 0000 00000000 		.word	gemm_1_scratch0
 1792              		.section	.data.__compound_literal.229,"aw"
 1793              		.align	2
ARM GAS  /tmp/cc5QMZ95.s 			page 60


 1796              	__compound_literal.229:
 1797 0000 00000000 		.word	gemm_1_weights
 1798 0004 00000000 		.word	gemm_1_bias
 1799              		.section	.data.__compound_literal.228,"aw"
 1800              		.align	2
 1803              	__compound_literal.228:
 1804 0000 00000000 		.word	gemm_1_output
 1805              		.section	.data.__compound_literal.227,"aw"
 1806              		.align	2
 1809              	__compound_literal.227:
 1810 0000 00000000 		.word	gemm_0_output
 1811              		.section	.data.gemm_2_layer,"aw"
 1812              		.align	2
 1815              	gemm_2_layer:
 1816 0000 0401     		.short	260
 1817 0002 0200     		.short	2
 1818 0004 00000000 		.word	0
 1819 0008 00000000 		.word	0
 1820 000c 00000000 		.word	0
 1821 0010 00000000 		.word	eltwise_3_layer
 1822 0014 00000000 		.word	forward_dense_integer_SSSA_ch
 1823 0018 00000000 		.word	gemm_2_chain
 1824              		.section	.rodata.gemm_2_chain,"a"
 1825              		.align	2
 1828              	gemm_2_chain:
 1829 0000 0400     		.short	4
 1830 0002 0000     		.short	0
 1831 0004 00000000 		.word	__compound_literal.226
 1832              		.section	.data.__compound_literal.226,"aw"
 1833              		.align	2
 1836              	__compound_literal.226:
 1837 0000 0100     		.short	1
 1838 0002 0000     		.short	0
 1839 0004 00000000 		.word	__compound_literal.222
 1840 0008 00000000 		.word	0
 1841 000c 0100     		.short	1
 1842 000e 0000     		.short	0
 1843 0010 00000000 		.word	__compound_literal.223
 1844 0014 00000000 		.word	0
 1845 0018 0200     		.short	2
 1846 001a 0000     		.short	0
 1847 001c 00000000 		.word	__compound_literal.224
 1848 0020 00000000 		.word	0
 1849 0024 0100     		.short	1
 1850 0026 0000     		.short	0
 1851 0028 00000000 		.word	__compound_literal.225
 1852 002c 00000000 		.word	0
 1853              		.section	.data.__compound_literal.225,"aw"
 1854              		.align	2
 1857              	__compound_literal.225:
 1858 0000 00000000 		.word	gemm_2_scratch0
 1859              		.section	.data.__compound_literal.224,"aw"
 1860              		.align	2
 1863              	__compound_literal.224:
 1864 0000 00000000 		.word	gemm_2_weights
 1865 0004 00000000 		.word	gemm_2_bias
 1866              		.section	.data.__compound_literal.223,"aw"
ARM GAS  /tmp/cc5QMZ95.s 			page 61


 1867              		.align	2
 1870              	__compound_literal.223:
 1871 0000 00000000 		.word	gemm_2_output
 1872              		.section	.data.__compound_literal.222,"aw"
 1873              		.align	2
 1876              	__compound_literal.222:
 1877 0000 00000000 		.word	gemm_1_output
 1878              		.section	.data.eltwise_3_layer,"aw"
 1879              		.align	2
 1882              	eltwise_3_layer:
 1883 0000 1401     		.short	276
 1884 0002 0300     		.short	3
 1885 0004 00000000 		.word	0
 1886 0008 00000000 		.word	0
 1887 000c 00000000 		.word	0
 1888 0010 00000000 		.word	gemm_4_layer
 1889 0014 00000000 		.word	forward_eltwise_integer_INT8
 1890 0018 00000000 		.word	eltwise_3_chain
 1891 001c 00000000 		.word	ai_sum_f32
 1892 0020 00000000 		.word	ai_sum_buffer_INT8
 1893              		.section	.rodata.eltwise_3_chain,"a"
 1894              		.align	2
 1897              	eltwise_3_chain:
 1898 0000 0400     		.short	4
 1899 0002 0000     		.short	0
 1900 0004 00000000 		.word	__compound_literal.221
 1901              		.section	.data.__compound_literal.221,"aw"
 1902              		.align	2
 1905              	__compound_literal.221:
 1906 0000 0200     		.short	2
 1907 0002 0000     		.short	0
 1908 0004 00000000 		.word	__compound_literal.217
 1909 0008 00000000 		.word	0
 1910 000c 0100     		.short	1
 1911 000e 0000     		.short	0
 1912 0010 00000000 		.word	__compound_literal.218
 1913 0014 00000000 		.word	0
 1914 0018 0000     		.short	0
 1915 001a 0000     		.short	0
 1916 001c 00000000 		.word	__compound_literal.219
 1917 0020 00000000 		.word	0
 1918 0024 0000     		.short	0
 1919 0026 0000     		.short	0
 1920 0028 00000000 		.word	__compound_literal.220
 1921 002c 00000000 		.word	0
 1922              		.section	.bss.__compound_literal.220,"aw",%nobits
 1923              		.align	2
 1926              	__compound_literal.220:
 1927 0000 00000000 		.space	4
 1928              		.section	.bss.__compound_literal.219,"aw",%nobits
 1929              		.align	2
 1932              	__compound_literal.219:
 1933 0000 00000000 		.space	4
 1934              		.section	.data.__compound_literal.218,"aw"
 1935              		.align	2
 1938              	__compound_literal.218:
 1939 0000 00000000 		.word	eltwise_3_output
ARM GAS  /tmp/cc5QMZ95.s 			page 62


 1940              		.section	.data.__compound_literal.217,"aw"
 1941              		.align	2
 1944              	__compound_literal.217:
 1945 0000 00000000 		.word	gemm_2_output
 1946 0004 00000000 		.word	gemm_0_output
 1947              		.section	.data.gemm_4_layer,"aw"
 1948              		.align	2
 1951              	gemm_4_layer:
 1952 0000 0401     		.short	260
 1953 0002 0400     		.short	4
 1954 0004 00000000 		.word	0
 1955 0008 00000000 		.word	0
 1956 000c 00000000 		.word	0
 1957 0010 00000000 		.word	gemm_5_layer
 1958 0014 00000000 		.word	forward_dense_integer_SSSA_ch
 1959 0018 00000000 		.word	gemm_4_chain
 1960              		.section	.rodata.gemm_4_chain,"a"
 1961              		.align	2
 1964              	gemm_4_chain:
 1965 0000 0400     		.short	4
 1966 0002 0000     		.short	0
 1967 0004 00000000 		.word	__compound_literal.216
 1968              		.section	.data.__compound_literal.216,"aw"
 1969              		.align	2
 1972              	__compound_literal.216:
 1973 0000 0100     		.short	1
 1974 0002 0000     		.short	0
 1975 0004 00000000 		.word	__compound_literal.212
 1976 0008 00000000 		.word	0
 1977 000c 0100     		.short	1
 1978 000e 0000     		.short	0
 1979 0010 00000000 		.word	__compound_literal.213
 1980 0014 00000000 		.word	0
 1981 0018 0200     		.short	2
 1982 001a 0000     		.short	0
 1983 001c 00000000 		.word	__compound_literal.214
 1984 0020 00000000 		.word	0
 1985 0024 0100     		.short	1
 1986 0026 0000     		.short	0
 1987 0028 00000000 		.word	__compound_literal.215
 1988 002c 00000000 		.word	0
 1989              		.section	.data.__compound_literal.215,"aw"
 1990              		.align	2
 1993              	__compound_literal.215:
 1994 0000 00000000 		.word	gemm_4_scratch0
 1995              		.section	.data.__compound_literal.214,"aw"
 1996              		.align	2
 1999              	__compound_literal.214:
 2000 0000 00000000 		.word	gemm_4_weights
 2001 0004 00000000 		.word	gemm_4_bias
 2002              		.section	.data.__compound_literal.213,"aw"
 2003              		.align	2
 2006              	__compound_literal.213:
 2007 0000 00000000 		.word	gemm_4_output
 2008              		.section	.data.__compound_literal.212,"aw"
 2009              		.align	2
 2012              	__compound_literal.212:
ARM GAS  /tmp/cc5QMZ95.s 			page 63


 2013 0000 00000000 		.word	eltwise_3_output
 2014              		.section	.data.gemm_5_layer,"aw"
 2015              		.align	2
 2018              	gemm_5_layer:
 2019 0000 0401     		.short	260
 2020 0002 0500     		.short	5
 2021 0004 00000000 		.word	0
 2022 0008 00000000 		.word	0
 2023 000c 00000000 		.word	0
 2024 0010 00000000 		.word	gemm_6_layer
 2025 0014 00000000 		.word	forward_dense_integer_SSSA_ch
 2026 0018 00000000 		.word	gemm_5_chain
 2027              		.section	.rodata.gemm_5_chain,"a"
 2028              		.align	2
 2031              	gemm_5_chain:
 2032 0000 0400     		.short	4
 2033 0002 0000     		.short	0
 2034 0004 00000000 		.word	__compound_literal.211
 2035              		.section	.data.__compound_literal.211,"aw"
 2036              		.align	2
 2039              	__compound_literal.211:
 2040 0000 0100     		.short	1
 2041 0002 0000     		.short	0
 2042 0004 00000000 		.word	__compound_literal.207
 2043 0008 00000000 		.word	0
 2044 000c 0100     		.short	1
 2045 000e 0000     		.short	0
 2046 0010 00000000 		.word	__compound_literal.208
 2047 0014 00000000 		.word	0
 2048 0018 0200     		.short	2
 2049 001a 0000     		.short	0
 2050 001c 00000000 		.word	__compound_literal.209
 2051 0020 00000000 		.word	0
 2052 0024 0100     		.short	1
 2053 0026 0000     		.short	0
 2054 0028 00000000 		.word	__compound_literal.210
 2055 002c 00000000 		.word	0
 2056              		.section	.data.__compound_literal.210,"aw"
 2057              		.align	2
 2060              	__compound_literal.210:
 2061 0000 00000000 		.word	gemm_5_scratch0
 2062              		.section	.data.__compound_literal.209,"aw"
 2063              		.align	2
 2066              	__compound_literal.209:
 2067 0000 00000000 		.word	gemm_5_weights
 2068 0004 00000000 		.word	gemm_5_bias
 2069              		.section	.data.__compound_literal.208,"aw"
 2070              		.align	2
 2073              	__compound_literal.208:
 2074 0000 00000000 		.word	gemm_5_output
 2075              		.section	.data.__compound_literal.207,"aw"
 2076              		.align	2
 2079              	__compound_literal.207:
 2080 0000 00000000 		.word	eltwise_3_output
 2081              		.section	.data.gemm_6_layer,"aw"
 2082              		.align	2
 2085              	gemm_6_layer:
ARM GAS  /tmp/cc5QMZ95.s 			page 64


 2086 0000 0401     		.short	260
 2087 0002 0600     		.short	6
 2088 0004 00000000 		.word	0
 2089 0008 00000000 		.word	0
 2090 000c 00000000 		.word	0
 2091 0010 00000000 		.word	eltwise_7_layer
 2092 0014 00000000 		.word	forward_dense_integer_SSSA_ch
 2093 0018 00000000 		.word	gemm_6_chain
 2094              		.section	.rodata.gemm_6_chain,"a"
 2095              		.align	2
 2098              	gemm_6_chain:
 2099 0000 0400     		.short	4
 2100 0002 0000     		.short	0
 2101 0004 00000000 		.word	__compound_literal.206
 2102              		.section	.data.__compound_literal.206,"aw"
 2103              		.align	2
 2106              	__compound_literal.206:
 2107 0000 0100     		.short	1
 2108 0002 0000     		.short	0
 2109 0004 00000000 		.word	__compound_literal.202
 2110 0008 00000000 		.word	0
 2111 000c 0100     		.short	1
 2112 000e 0000     		.short	0
 2113 0010 00000000 		.word	__compound_literal.203
 2114 0014 00000000 		.word	0
 2115 0018 0200     		.short	2
 2116 001a 0000     		.short	0
 2117 001c 00000000 		.word	__compound_literal.204
 2118 0020 00000000 		.word	0
 2119 0024 0100     		.short	1
 2120 0026 0000     		.short	0
 2121 0028 00000000 		.word	__compound_literal.205
 2122 002c 00000000 		.word	0
 2123              		.section	.data.__compound_literal.205,"aw"
 2124              		.align	2
 2127              	__compound_literal.205:
 2128 0000 00000000 		.word	gemm_6_scratch0
 2129              		.section	.data.__compound_literal.204,"aw"
 2130              		.align	2
 2133              	__compound_literal.204:
 2134 0000 00000000 		.word	gemm_6_weights
 2135 0004 00000000 		.word	gemm_6_bias
 2136              		.section	.data.__compound_literal.203,"aw"
 2137              		.align	2
 2140              	__compound_literal.203:
 2141 0000 00000000 		.word	gemm_6_output
 2142              		.section	.data.__compound_literal.202,"aw"
 2143              		.align	2
 2146              	__compound_literal.202:
 2147 0000 00000000 		.word	gemm_5_output
 2148              		.section	.data.eltwise_7_layer,"aw"
 2149              		.align	2
 2152              	eltwise_7_layer:
 2153 0000 1401     		.short	276
 2154 0002 0700     		.short	7
 2155 0004 00000000 		.word	0
 2156 0008 00000000 		.word	0
ARM GAS  /tmp/cc5QMZ95.s 			page 65


 2157 000c 00000000 		.word	0
 2158 0010 00000000 		.word	gemm_8_layer
 2159 0014 00000000 		.word	forward_eltwise_integer_INT8
 2160 0018 00000000 		.word	eltwise_7_chain
 2161 001c 00000000 		.word	ai_sum_f32
 2162 0020 00000000 		.word	ai_sum_buffer_INT8
 2163              		.section	.rodata.eltwise_7_chain,"a"
 2164              		.align	2
 2167              	eltwise_7_chain:
 2168 0000 0400     		.short	4
 2169 0002 0000     		.short	0
 2170 0004 00000000 		.word	__compound_literal.201
 2171              		.section	.data.__compound_literal.201,"aw"
 2172              		.align	2
 2175              	__compound_literal.201:
 2176 0000 0200     		.short	2
 2177 0002 0000     		.short	0
 2178 0004 00000000 		.word	__compound_literal.197
 2179 0008 00000000 		.word	0
 2180 000c 0100     		.short	1
 2181 000e 0000     		.short	0
 2182 0010 00000000 		.word	__compound_literal.198
 2183 0014 00000000 		.word	0
 2184 0018 0000     		.short	0
 2185 001a 0000     		.short	0
 2186 001c 00000000 		.word	__compound_literal.199
 2187 0020 00000000 		.word	0
 2188 0024 0000     		.short	0
 2189 0026 0000     		.short	0
 2190 0028 00000000 		.word	__compound_literal.200
 2191 002c 00000000 		.word	0
 2192              		.section	.bss.__compound_literal.200,"aw",%nobits
 2193              		.align	2
 2196              	__compound_literal.200:
 2197 0000 00000000 		.space	4
 2198              		.section	.bss.__compound_literal.199,"aw",%nobits
 2199              		.align	2
 2202              	__compound_literal.199:
 2203 0000 00000000 		.space	4
 2204              		.section	.data.__compound_literal.198,"aw"
 2205              		.align	2
 2208              	__compound_literal.198:
 2209 0000 00000000 		.word	eltwise_7_output
 2210              		.section	.data.__compound_literal.197,"aw"
 2211              		.align	2
 2214              	__compound_literal.197:
 2215 0000 00000000 		.word	gemm_6_output
 2216 0004 00000000 		.word	gemm_4_output
 2217              		.section	.data.gemm_8_layer,"aw"
 2218              		.align	2
 2221              	gemm_8_layer:
 2222 0000 0401     		.short	260
 2223 0002 0800     		.short	8
 2224 0004 00000000 		.word	0
 2225 0008 00000000 		.word	0
 2226 000c 00000000 		.word	0
 2227 0010 00000000 		.word	gemm_9_layer
ARM GAS  /tmp/cc5QMZ95.s 			page 66


 2228 0014 00000000 		.word	forward_dense_integer_SSSA_ch
 2229 0018 00000000 		.word	gemm_8_chain
 2230              		.section	.rodata.gemm_8_chain,"a"
 2231              		.align	2
 2234              	gemm_8_chain:
 2235 0000 0400     		.short	4
 2236 0002 0000     		.short	0
 2237 0004 00000000 		.word	__compound_literal.196
 2238              		.section	.data.__compound_literal.196,"aw"
 2239              		.align	2
 2242              	__compound_literal.196:
 2243 0000 0100     		.short	1
 2244 0002 0000     		.short	0
 2245 0004 00000000 		.word	__compound_literal.192
 2246 0008 00000000 		.word	0
 2247 000c 0100     		.short	1
 2248 000e 0000     		.short	0
 2249 0010 00000000 		.word	__compound_literal.193
 2250 0014 00000000 		.word	0
 2251 0018 0200     		.short	2
 2252 001a 0000     		.short	0
 2253 001c 00000000 		.word	__compound_literal.194
 2254 0020 00000000 		.word	0
 2255 0024 0100     		.short	1
 2256 0026 0000     		.short	0
 2257 0028 00000000 		.word	__compound_literal.195
 2258 002c 00000000 		.word	0
 2259              		.section	.data.__compound_literal.195,"aw"
 2260              		.align	2
 2263              	__compound_literal.195:
 2264 0000 00000000 		.word	gemm_8_scratch0
 2265              		.section	.data.__compound_literal.194,"aw"
 2266              		.align	2
 2269              	__compound_literal.194:
 2270 0000 00000000 		.word	gemm_8_weights
 2271 0004 00000000 		.word	gemm_8_bias
 2272              		.section	.data.__compound_literal.193,"aw"
 2273              		.align	2
 2276              	__compound_literal.193:
 2277 0000 00000000 		.word	gemm_8_output
 2278              		.section	.data.__compound_literal.192,"aw"
 2279              		.align	2
 2282              	__compound_literal.192:
 2283 0000 00000000 		.word	eltwise_7_output
 2284              		.section	.data.gemm_9_layer,"aw"
 2285              		.align	2
 2288              	gemm_9_layer:
 2289 0000 0401     		.short	260
 2290 0002 0900     		.short	9
 2291 0004 00000000 		.word	0
 2292 0008 00000000 		.word	0
 2293 000c 00000000 		.word	0
 2294 0010 00000000 		.word	gemm_10_layer
 2295 0014 00000000 		.word	forward_dense_integer_SSSA_ch
 2296 0018 00000000 		.word	gemm_9_chain
 2297              		.section	.rodata.gemm_9_chain,"a"
 2298              		.align	2
ARM GAS  /tmp/cc5QMZ95.s 			page 67


 2301              	gemm_9_chain:
 2302 0000 0400     		.short	4
 2303 0002 0000     		.short	0
 2304 0004 00000000 		.word	__compound_literal.191
 2305              		.section	.data.__compound_literal.191,"aw"
 2306              		.align	2
 2309              	__compound_literal.191:
 2310 0000 0100     		.short	1
 2311 0002 0000     		.short	0
 2312 0004 00000000 		.word	__compound_literal.187
 2313 0008 00000000 		.word	0
 2314 000c 0100     		.short	1
 2315 000e 0000     		.short	0
 2316 0010 00000000 		.word	__compound_literal.188
 2317 0014 00000000 		.word	0
 2318 0018 0200     		.short	2
 2319 001a 0000     		.short	0
 2320 001c 00000000 		.word	__compound_literal.189
 2321 0020 00000000 		.word	0
 2322 0024 0100     		.short	1
 2323 0026 0000     		.short	0
 2324 0028 00000000 		.word	__compound_literal.190
 2325 002c 00000000 		.word	0
 2326              		.section	.data.__compound_literal.190,"aw"
 2327              		.align	2
 2330              	__compound_literal.190:
 2331 0000 00000000 		.word	gemm_9_scratch0
 2332              		.section	.data.__compound_literal.189,"aw"
 2333              		.align	2
 2336              	__compound_literal.189:
 2337 0000 00000000 		.word	gemm_9_weights
 2338 0004 00000000 		.word	gemm_9_bias
 2339              		.section	.data.__compound_literal.188,"aw"
 2340              		.align	2
 2343              	__compound_literal.188:
 2344 0000 00000000 		.word	gemm_9_output
 2345              		.section	.data.__compound_literal.187,"aw"
 2346              		.align	2
 2349              	__compound_literal.187:
 2350 0000 00000000 		.word	eltwise_7_output
 2351              		.section	.data.gemm_10_layer,"aw"
 2352              		.align	2
 2355              	gemm_10_layer:
 2356 0000 0401     		.short	260
 2357 0002 0A00     		.short	10
 2358 0004 00000000 		.word	0
 2359 0008 00000000 		.word	0
 2360 000c 00000000 		.word	0
 2361 0010 00000000 		.word	eltwise_11_layer
 2362 0014 00000000 		.word	forward_dense_integer_SSSA_ch
 2363 0018 00000000 		.word	gemm_10_chain
 2364              		.section	.rodata.gemm_10_chain,"a"
 2365              		.align	2
 2368              	gemm_10_chain:
 2369 0000 0400     		.short	4
 2370 0002 0000     		.short	0
 2371 0004 00000000 		.word	__compound_literal.186
ARM GAS  /tmp/cc5QMZ95.s 			page 68


 2372              		.section	.data.__compound_literal.186,"aw"
 2373              		.align	2
 2376              	__compound_literal.186:
 2377 0000 0100     		.short	1
 2378 0002 0000     		.short	0
 2379 0004 00000000 		.word	__compound_literal.182
 2380 0008 00000000 		.word	0
 2381 000c 0100     		.short	1
 2382 000e 0000     		.short	0
 2383 0010 00000000 		.word	__compound_literal.183
 2384 0014 00000000 		.word	0
 2385 0018 0200     		.short	2
 2386 001a 0000     		.short	0
 2387 001c 00000000 		.word	__compound_literal.184
 2388 0020 00000000 		.word	0
 2389 0024 0100     		.short	1
 2390 0026 0000     		.short	0
 2391 0028 00000000 		.word	__compound_literal.185
 2392 002c 00000000 		.word	0
 2393              		.section	.data.__compound_literal.185,"aw"
 2394              		.align	2
 2397              	__compound_literal.185:
 2398 0000 00000000 		.word	gemm_10_scratch0
 2399              		.section	.data.__compound_literal.184,"aw"
 2400              		.align	2
 2403              	__compound_literal.184:
 2404 0000 00000000 		.word	gemm_10_weights
 2405 0004 00000000 		.word	gemm_10_bias
 2406              		.section	.data.__compound_literal.183,"aw"
 2407              		.align	2
 2410              	__compound_literal.183:
 2411 0000 00000000 		.word	gemm_10_output
 2412              		.section	.data.__compound_literal.182,"aw"
 2413              		.align	2
 2416              	__compound_literal.182:
 2417 0000 00000000 		.word	gemm_9_output
 2418              		.section	.data.eltwise_11_layer,"aw"
 2419              		.align	2
 2422              	eltwise_11_layer:
 2423 0000 1401     		.short	276
 2424 0002 0B00     		.short	11
 2425 0004 00000000 		.word	0
 2426 0008 00000000 		.word	0
 2427 000c 00000000 		.word	0
 2428 0010 00000000 		.word	gemm_12_layer
 2429 0014 00000000 		.word	forward_eltwise_integer_INT8
 2430 0018 00000000 		.word	eltwise_11_chain
 2431 001c 00000000 		.word	ai_sum_f32
 2432 0020 00000000 		.word	ai_sum_buffer_INT8
 2433              		.section	.rodata.eltwise_11_chain,"a"
 2434              		.align	2
 2437              	eltwise_11_chain:
 2438 0000 0400     		.short	4
 2439 0002 0000     		.short	0
 2440 0004 00000000 		.word	__compound_literal.181
 2441              		.section	.data.__compound_literal.181,"aw"
 2442              		.align	2
ARM GAS  /tmp/cc5QMZ95.s 			page 69


 2445              	__compound_literal.181:
 2446 0000 0200     		.short	2
 2447 0002 0000     		.short	0
 2448 0004 00000000 		.word	__compound_literal.177
 2449 0008 00000000 		.word	0
 2450 000c 0100     		.short	1
 2451 000e 0000     		.short	0
 2452 0010 00000000 		.word	__compound_literal.178
 2453 0014 00000000 		.word	0
 2454 0018 0000     		.short	0
 2455 001a 0000     		.short	0
 2456 001c 00000000 		.word	__compound_literal.179
 2457 0020 00000000 		.word	0
 2458 0024 0000     		.short	0
 2459 0026 0000     		.short	0
 2460 0028 00000000 		.word	__compound_literal.180
 2461 002c 00000000 		.word	0
 2462              		.section	.bss.__compound_literal.180,"aw",%nobits
 2463              		.align	2
 2466              	__compound_literal.180:
 2467 0000 00000000 		.space	4
 2468              		.section	.bss.__compound_literal.179,"aw",%nobits
 2469              		.align	2
 2472              	__compound_literal.179:
 2473 0000 00000000 		.space	4
 2474              		.section	.data.__compound_literal.178,"aw"
 2475              		.align	2
 2478              	__compound_literal.178:
 2479 0000 00000000 		.word	eltwise_11_output
 2480              		.section	.data.__compound_literal.177,"aw"
 2481              		.align	2
 2484              	__compound_literal.177:
 2485 0000 00000000 		.word	gemm_10_output
 2486 0004 00000000 		.word	gemm_8_output
 2487              		.section	.data.gemm_12_layer,"aw"
 2488              		.align	2
 2491              	gemm_12_layer:
 2492 0000 0401     		.short	260
 2493 0002 0C00     		.short	12
 2494 0004 00000000 		.word	0
 2495 0008 00000000 		.word	0
 2496 000c 00000000 		.word	0
 2497 0010 00000000 		.word	nl_13_layer
 2498 0014 00000000 		.word	forward_dense_integer_SSSA_ch
 2499 0018 00000000 		.word	gemm_12_chain
 2500              		.section	.rodata.gemm_12_chain,"a"
 2501              		.align	2
 2504              	gemm_12_chain:
 2505 0000 0400     		.short	4
 2506 0002 0000     		.short	0
 2507 0004 00000000 		.word	__compound_literal.176
 2508              		.section	.data.__compound_literal.176,"aw"
 2509              		.align	2
 2512              	__compound_literal.176:
 2513 0000 0100     		.short	1
 2514 0002 0000     		.short	0
 2515 0004 00000000 		.word	__compound_literal.172
ARM GAS  /tmp/cc5QMZ95.s 			page 70


 2516 0008 00000000 		.word	0
 2517 000c 0100     		.short	1
 2518 000e 0000     		.short	0
 2519 0010 00000000 		.word	__compound_literal.173
 2520 0014 00000000 		.word	0
 2521 0018 0200     		.short	2
 2522 001a 0000     		.short	0
 2523 001c 00000000 		.word	__compound_literal.174
 2524 0020 00000000 		.word	0
 2525 0024 0100     		.short	1
 2526 0026 0000     		.short	0
 2527 0028 00000000 		.word	__compound_literal.175
 2528 002c 00000000 		.word	0
 2529              		.section	.data.__compound_literal.175,"aw"
 2530              		.align	2
 2533              	__compound_literal.175:
 2534 0000 00000000 		.word	gemm_12_scratch0
 2535              		.section	.data.__compound_literal.174,"aw"
 2536              		.align	2
 2539              	__compound_literal.174:
 2540 0000 00000000 		.word	gemm_12_weights
 2541 0004 00000000 		.word	gemm_12_bias
 2542              		.section	.data.__compound_literal.173,"aw"
 2543              		.align	2
 2546              	__compound_literal.173:
 2547 0000 00000000 		.word	gemm_12_output
 2548              		.section	.data.__compound_literal.172,"aw"
 2549              		.align	2
 2552              	__compound_literal.172:
 2553 0000 00000000 		.word	eltwise_11_output
 2554              		.section	.data.nl_13_layer,"aw"
 2555              		.align	2
 2558              	nl_13_layer:
 2559 0000 0C01     		.short	268
 2560 0002 0D00     		.short	13
 2561 0004 00000000 		.word	0
 2562 0008 00000000 		.word	0
 2563 000c 00000000 		.word	0
 2564 0010 00000000 		.word	nl_13_layer
 2565 0014 00000000 		.word	forward_sm_integer
 2566 0018 00000000 		.word	nl_13_chain
 2567 001c 00000000 		.word	nl_13_nl_params
 2568 0020 0100     		.short	1
 2569 0022 0000     		.space	2
 2570              		.section	.rodata.nl_13_chain,"a"
 2571              		.align	2
 2574              	nl_13_chain:
 2575 0000 0400     		.short	4
 2576 0002 0000     		.short	0
 2577 0004 00000000 		.word	__compound_literal.171
 2578              		.section	.data.__compound_literal.171,"aw"
 2579              		.align	2
 2582              	__compound_literal.171:
 2583 0000 0100     		.short	1
 2584 0002 0000     		.short	0
 2585 0004 00000000 		.word	__compound_literal.167
 2586 0008 00000000 		.word	0
ARM GAS  /tmp/cc5QMZ95.s 			page 71


 2587 000c 0100     		.short	1
 2588 000e 0000     		.short	0
 2589 0010 00000000 		.word	__compound_literal.168
 2590 0014 00000000 		.word	0
 2591 0018 0000     		.short	0
 2592 001a 0000     		.short	0
 2593 001c 00000000 		.word	__compound_literal.169
 2594 0020 00000000 		.word	0
 2595 0024 0100     		.short	1
 2596 0026 0000     		.short	0
 2597 0028 00000000 		.word	__compound_literal.170
 2598 002c 00000000 		.word	0
 2599              		.section	.data.__compound_literal.170,"aw"
 2600              		.align	2
 2603              	__compound_literal.170:
 2604 0000 00000000 		.word	nl_13_scratch0
 2605              		.section	.bss.__compound_literal.169,"aw",%nobits
 2606              		.align	2
 2609              	__compound_literal.169:
 2610 0000 00000000 		.space	4
 2611              		.section	.data.__compound_literal.168,"aw"
 2612              		.align	2
 2615              	__compound_literal.168:
 2616 0000 00000000 		.word	nl_13_output
 2617              		.section	.data.__compound_literal.167,"aw"
 2618              		.align	2
 2621              	__compound_literal.167:
 2622 0000 00000000 		.word	gemm_12_output
 2623              		.section	.rodata.nl_13_nl_params,"a"
 2624              		.align	2
 2627              	nl_13_nl_params:
 2628 0000 40108400 		.word	8654912
 2629 0004 03000000 		.word	3
 2630 0008 00000000 		.word	nl_13_nl_params_data
 2631 000c 00000000 		.word	nl_13_nl_params_data
 2632              		.section	.rodata.nl_13_nl_params_data,"a"
 2633              		.align	2
 2636              	nl_13_nl_params_data:
 2637 0000 8052DC49 		.word	1239175808
 2638 0004 17000000 		.word	23
 2639 0008 08FFFFFF 		.word	-248
 2640              		.section	.data.serving_default_sensor_input0_output,"aw"
 2641              		.align	2
 2644              	serving_default_sensor_input0_output:
 2645 0000 00000000 		.word	serving_default_sensor_input0_output_array_intq
 2646 0004 2D00     		.short	45
 2647 0006 01       		.byte	1
 2648 0007 01       		.byte	1
 2649 0008 01       		.byte	1
 2650 0009 04       		.byte	4
 2651 000a 00       		.byte	0
 2652 000b 00       		.byte	0
 2653 000c 00000000 		.word	__compound_literal.165
 2654 0010 02       		.byte	2
 2655 0011 04       		.byte	4
 2656 0012 00       		.byte	0
 2657 0013 00       		.byte	0
ARM GAS  /tmp/cc5QMZ95.s 			page 72


 2658 0014 00000000 		.word	__compound_literal.166
 2659 0018 00000000 		.word	serving_default_sensor_input0_output_array
 2660              		.section	.data.__compound_literal.166,"aw"
 2661              		.align	2
 2664              	__compound_literal.166:
 2665 0000 01000000 		.word	1
 2666 0004 01000000 		.word	1
 2667 0008 12000000 		.word	18
 2668 000c 12000000 		.word	18
 2669              		.section	.data.__compound_literal.165,"aw"
 2670              		.align	2
 2673              	__compound_literal.165:
 2674 0000 01000000 		.word	1
 2675 0004 12000000 		.word	18
 2676 0008 01000000 		.word	1
 2677 000c 01000000 		.word	1
 2678              		.section	.data.nl_13_scratch0,"aw"
 2679              		.align	2
 2682              	nl_13_scratch0:
 2683 0000 00000000 		.word	0
 2684 0004 2C00     		.short	44
 2685 0006 00       		.byte	0
 2686 0007 01       		.byte	1
 2687 0008 01       		.byte	1
 2688 0009 04       		.byte	4
 2689 000a 00       		.byte	0
 2690 000b 00       		.byte	0
 2691 000c 00000000 		.word	__compound_literal.163
 2692 0010 02       		.byte	2
 2693 0011 04       		.byte	4
 2694 0012 00       		.byte	0
 2695 0013 00       		.byte	0
 2696 0014 00000000 		.word	__compound_literal.164
 2697 0018 00000000 		.word	nl_13_scratch0_array
 2698              		.section	.data.__compound_literal.164,"aw"
 2699              		.align	2
 2702              	__compound_literal.164:
 2703 0000 04000000 		.word	4
 2704 0004 04000000 		.word	4
 2705 0008 E0030000 		.word	992
 2706 000c E0030000 		.word	992
 2707              		.section	.data.__compound_literal.163,"aw"
 2708              		.align	2
 2711              	__compound_literal.163:
 2712 0000 01000000 		.word	1
 2713 0004 F8000000 		.word	248
 2714 0008 01000000 		.word	1
 2715 000c 01000000 		.word	1
 2716              		.section	.data.nl_13_output,"aw"
 2717              		.align	2
 2720              	nl_13_output:
 2721 0000 00000000 		.word	nl_13_output_array_intq
 2722 0004 2B00     		.short	43
 2723 0006 01       		.byte	1
 2724 0007 01       		.byte	1
 2725 0008 01       		.byte	1
 2726 0009 04       		.byte	4
ARM GAS  /tmp/cc5QMZ95.s 			page 73


 2727 000a 00       		.byte	0
 2728 000b 00       		.byte	0
 2729 000c 00000000 		.word	__compound_literal.161
 2730 0010 02       		.byte	2
 2731 0011 04       		.byte	4
 2732 0012 00       		.byte	0
 2733 0013 00       		.byte	0
 2734 0014 00000000 		.word	__compound_literal.162
 2735 0018 00000000 		.word	nl_13_output_array
 2736              		.section	.data.__compound_literal.162,"aw"
 2737              		.align	2
 2740              	__compound_literal.162:
 2741 0000 01000000 		.word	1
 2742 0004 01000000 		.word	1
 2743 0008 09000000 		.word	9
 2744 000c 09000000 		.word	9
 2745              		.section	.data.__compound_literal.161,"aw"
 2746              		.align	2
 2749              	__compound_literal.161:
 2750 0000 01000000 		.word	1
 2751 0004 09000000 		.word	9
 2752 0008 01000000 		.word	1
 2753 000c 01000000 		.word	1
 2754              		.section	.data.gemm_9_weights,"aw"
 2755              		.align	2
 2758              	gemm_9_weights:
 2759 0000 00000000 		.word	gemm_9_weights_array_intq
 2760 0004 2A00     		.short	42
 2761 0006 01       		.byte	1
 2762 0007 01       		.byte	1
 2763 0008 01       		.byte	1
 2764 0009 04       		.byte	4
 2765 000a 00       		.byte	0
 2766 000b 00       		.byte	0
 2767 000c 00000000 		.word	__compound_literal.159
 2768 0010 02       		.byte	2
 2769 0011 04       		.byte	4
 2770 0012 00       		.byte	0
 2771 0013 00       		.byte	0
 2772 0014 00000000 		.word	__compound_literal.160
 2773 0018 00000000 		.word	gemm_9_weights_array
 2774              		.section	.data.__compound_literal.160,"aw"
 2775              		.align	2
 2778              	__compound_literal.160:
 2779 0000 01000000 		.word	1
 2780 0004 30000000 		.word	48
 2781 0008 00060000 		.word	1536
 2782 000c 00060000 		.word	1536
 2783              		.section	.data.__compound_literal.159,"aw"
 2784              		.align	2
 2787              	__compound_literal.159:
 2788 0000 30000000 		.word	48
 2789 0004 20000000 		.word	32
 2790 0008 01000000 		.word	1
 2791 000c 01000000 		.word	1
 2792              		.section	.data.gemm_9_scratch0,"aw"
 2793              		.align	2
ARM GAS  /tmp/cc5QMZ95.s 			page 74


 2796              	gemm_9_scratch0:
 2797 0000 00000000 		.word	0
 2798 0004 2900     		.short	41
 2799 0006 00       		.byte	0
 2800 0007 01       		.byte	1
 2801 0008 01       		.byte	1
 2802 0009 04       		.byte	4
 2803 000a 00       		.byte	0
 2804 000b 00       		.byte	0
 2805 000c 00000000 		.word	__compound_literal.157
 2806 0010 02       		.byte	2
 2807 0011 04       		.byte	4
 2808 0012 00       		.byte	0
 2809 0013 00       		.byte	0
 2810 0014 00000000 		.word	__compound_literal.158
 2811 0018 00000000 		.word	gemm_9_scratch0_array
 2812              		.section	.data.__compound_literal.158,"aw"
 2813              		.align	2
 2816              	__compound_literal.158:
 2817 0000 02000000 		.word	2
 2818 0004 02000000 		.word	2
 2819 0008 A0010000 		.word	416
 2820 000c A0010000 		.word	416
 2821              		.section	.data.__compound_literal.157,"aw"
 2822              		.align	2
 2825              	__compound_literal.157:
 2826 0000 01000000 		.word	1
 2827 0004 D0000000 		.word	208
 2828 0008 01000000 		.word	1
 2829 000c 01000000 		.word	1
 2830              		.section	.data.gemm_9_output,"aw"
 2831              		.align	2
 2834              	gemm_9_output:
 2835 0000 00000000 		.word	gemm_9_output_array_intq
 2836 0004 2800     		.short	40
 2837 0006 01       		.byte	1
 2838 0007 01       		.byte	1
 2839 0008 01       		.byte	1
 2840 0009 04       		.byte	4
 2841 000a 00       		.byte	0
 2842 000b 00       		.byte	0
 2843 000c 00000000 		.word	__compound_literal.155
 2844 0010 02       		.byte	2
 2845 0011 04       		.byte	4
 2846 0012 00       		.byte	0
 2847 0013 00       		.byte	0
 2848 0014 00000000 		.word	__compound_literal.156
 2849 0018 00000000 		.word	gemm_9_output_array
 2850              		.section	.data.__compound_literal.156,"aw"
 2851              		.align	2
 2854              	__compound_literal.156:
 2855 0000 01000000 		.word	1
 2856 0004 01000000 		.word	1
 2857 0008 20000000 		.word	32
 2858 000c 20000000 		.word	32
 2859              		.section	.data.__compound_literal.155,"aw"
 2860              		.align	2
ARM GAS  /tmp/cc5QMZ95.s 			page 75


 2863              	__compound_literal.155:
 2864 0000 01000000 		.word	1
 2865 0004 20000000 		.word	32
 2866 0008 01000000 		.word	1
 2867 000c 01000000 		.word	1
 2868              		.section	.data.gemm_9_bias,"aw"
 2869              		.align	2
 2872              	gemm_9_bias:
 2873 0000 00000000 		.word	0
 2874 0004 2700     		.short	39
 2875 0006 00       		.byte	0
 2876 0007 01       		.byte	1
 2877 0008 01       		.byte	1
 2878 0009 04       		.byte	4
 2879 000a 00       		.byte	0
 2880 000b 00       		.byte	0
 2881 000c 00000000 		.word	__compound_literal.153
 2882 0010 02       		.byte	2
 2883 0011 04       		.byte	4
 2884 0012 00       		.byte	0
 2885 0013 00       		.byte	0
 2886 0014 00000000 		.word	__compound_literal.154
 2887 0018 00000000 		.word	gemm_9_bias_array
 2888              		.section	.data.__compound_literal.154,"aw"
 2889              		.align	2
 2892              	__compound_literal.154:
 2893 0000 04000000 		.word	4
 2894 0004 04000000 		.word	4
 2895 0008 80000000 		.word	128
 2896 000c 80000000 		.word	128
 2897              		.section	.data.__compound_literal.153,"aw"
 2898              		.align	2
 2901              	__compound_literal.153:
 2902 0000 01000000 		.word	1
 2903 0004 20000000 		.word	32
 2904 0008 01000000 		.word	1
 2905 000c 01000000 		.word	1
 2906              		.section	.data.gemm_8_weights,"aw"
 2907              		.align	2
 2910              	gemm_8_weights:
 2911 0000 00000000 		.word	gemm_8_weights_array_intq
 2912 0004 2600     		.short	38
 2913 0006 01       		.byte	1
 2914 0007 01       		.byte	1
 2915 0008 01       		.byte	1
 2916 0009 04       		.byte	4
 2917 000a 00       		.byte	0
 2918 000b 00       		.byte	0
 2919 000c 00000000 		.word	__compound_literal.151
 2920 0010 02       		.byte	2
 2921 0011 04       		.byte	4
 2922 0012 00       		.byte	0
 2923 0013 00       		.byte	0
 2924 0014 00000000 		.word	__compound_literal.152
 2925 0018 00000000 		.word	gemm_8_weights_array
 2926              		.section	.data.__compound_literal.152,"aw"
 2927              		.align	2
ARM GAS  /tmp/cc5QMZ95.s 			page 76


 2930              	__compound_literal.152:
 2931 0000 01000000 		.word	1
 2932 0004 30000000 		.word	48
 2933 0008 00060000 		.word	1536
 2934 000c 00060000 		.word	1536
 2935              		.section	.data.__compound_literal.151,"aw"
 2936              		.align	2
 2939              	__compound_literal.151:
 2940 0000 30000000 		.word	48
 2941 0004 20000000 		.word	32
 2942 0008 01000000 		.word	1
 2943 000c 01000000 		.word	1
 2944              		.section	.data.gemm_8_scratch0,"aw"
 2945              		.align	2
 2948              	gemm_8_scratch0:
 2949 0000 00000000 		.word	0
 2950 0004 2500     		.short	37
 2951 0006 00       		.byte	0
 2952 0007 01       		.byte	1
 2953 0008 01       		.byte	1
 2954 0009 04       		.byte	4
 2955 000a 00       		.byte	0
 2956 000b 00       		.byte	0
 2957 000c 00000000 		.word	__compound_literal.149
 2958 0010 02       		.byte	2
 2959 0011 04       		.byte	4
 2960 0012 00       		.byte	0
 2961 0013 00       		.byte	0
 2962 0014 00000000 		.word	__compound_literal.150
 2963 0018 00000000 		.word	gemm_8_scratch0_array
 2964              		.section	.data.__compound_literal.150,"aw"
 2965              		.align	2
 2968              	__compound_literal.150:
 2969 0000 02000000 		.word	2
 2970 0004 02000000 		.word	2
 2971 0008 A0010000 		.word	416
 2972 000c A0010000 		.word	416
 2973              		.section	.data.__compound_literal.149,"aw"
 2974              		.align	2
 2977              	__compound_literal.149:
 2978 0000 01000000 		.word	1
 2979 0004 D0000000 		.word	208
 2980 0008 01000000 		.word	1
 2981 000c 01000000 		.word	1
 2982              		.section	.data.gemm_8_output,"aw"
 2983              		.align	2
 2986              	gemm_8_output:
 2987 0000 00000000 		.word	gemm_8_output_array_intq
 2988 0004 2400     		.short	36
 2989 0006 01       		.byte	1
 2990 0007 01       		.byte	1
 2991 0008 01       		.byte	1
 2992 0009 04       		.byte	4
 2993 000a 00       		.byte	0
 2994 000b 00       		.byte	0
 2995 000c 00000000 		.word	__compound_literal.147
 2996 0010 02       		.byte	2
ARM GAS  /tmp/cc5QMZ95.s 			page 77


 2997 0011 04       		.byte	4
 2998 0012 00       		.byte	0
 2999 0013 00       		.byte	0
 3000 0014 00000000 		.word	__compound_literal.148
 3001 0018 00000000 		.word	gemm_8_output_array
 3002              		.section	.data.__compound_literal.148,"aw"
 3003              		.align	2
 3006              	__compound_literal.148:
 3007 0000 01000000 		.word	1
 3008 0004 01000000 		.word	1
 3009 0008 20000000 		.word	32
 3010 000c 20000000 		.word	32
 3011              		.section	.data.__compound_literal.147,"aw"
 3012              		.align	2
 3015              	__compound_literal.147:
 3016 0000 01000000 		.word	1
 3017 0004 20000000 		.word	32
 3018 0008 01000000 		.word	1
 3019 000c 01000000 		.word	1
 3020              		.section	.data.gemm_8_bias,"aw"
 3021              		.align	2
 3024              	gemm_8_bias:
 3025 0000 00000000 		.word	0
 3026 0004 2300     		.short	35
 3027 0006 00       		.byte	0
 3028 0007 01       		.byte	1
 3029 0008 01       		.byte	1
 3030 0009 04       		.byte	4
 3031 000a 00       		.byte	0
 3032 000b 00       		.byte	0
 3033 000c 00000000 		.word	__compound_literal.145
 3034 0010 02       		.byte	2
 3035 0011 04       		.byte	4
 3036 0012 00       		.byte	0
 3037 0013 00       		.byte	0
 3038 0014 00000000 		.word	__compound_literal.146
 3039 0018 00000000 		.word	gemm_8_bias_array
 3040              		.section	.data.__compound_literal.146,"aw"
 3041              		.align	2
 3044              	__compound_literal.146:
 3045 0000 04000000 		.word	4
 3046 0004 04000000 		.word	4
 3047 0008 80000000 		.word	128
 3048 000c 80000000 		.word	128
 3049              		.section	.data.__compound_literal.145,"aw"
 3050              		.align	2
 3053              	__compound_literal.145:
 3054 0000 01000000 		.word	1
 3055 0004 20000000 		.word	32
 3056 0008 01000000 		.word	1
 3057 000c 01000000 		.word	1
 3058              		.section	.data.gemm_6_weights,"aw"
 3059              		.align	2
 3062              	gemm_6_weights:
 3063 0000 00000000 		.word	gemm_6_weights_array_intq
 3064 0004 2200     		.short	34
 3065 0006 01       		.byte	1
ARM GAS  /tmp/cc5QMZ95.s 			page 78


 3066 0007 01       		.byte	1
 3067 0008 01       		.byte	1
 3068 0009 04       		.byte	4
 3069 000a 00       		.byte	0
 3070 000b 00       		.byte	0
 3071 000c 00000000 		.word	__compound_literal.143
 3072 0010 02       		.byte	2
 3073 0011 04       		.byte	4
 3074 0012 00       		.byte	0
 3075 0013 00       		.byte	0
 3076 0014 00000000 		.word	__compound_literal.144
 3077 0018 00000000 		.word	gemm_6_weights_array
 3078              		.section	.data.__compound_literal.144,"aw"
 3079              		.align	2
 3082              	__compound_literal.144:
 3083 0000 01000000 		.word	1
 3084 0004 30000000 		.word	48
 3085 0008 00090000 		.word	2304
 3086 000c 00090000 		.word	2304
 3087              		.section	.data.__compound_literal.143,"aw"
 3088              		.align	2
 3091              	__compound_literal.143:
 3092 0000 30000000 		.word	48
 3093 0004 30000000 		.word	48
 3094 0008 01000000 		.word	1
 3095 000c 01000000 		.word	1
 3096              		.section	.data.gemm_6_scratch0,"aw"
 3097              		.align	2
 3100              	gemm_6_scratch0:
 3101 0000 00000000 		.word	0
 3102 0004 2100     		.short	33
 3103 0006 00       		.byte	0
 3104 0007 01       		.byte	1
 3105 0008 01       		.byte	1
 3106 0009 04       		.byte	4
 3107 000a 00       		.byte	0
 3108 000b 00       		.byte	0
 3109 000c 00000000 		.word	__compound_literal.141
 3110 0010 02       		.byte	2
 3111 0011 04       		.byte	4
 3112 0012 00       		.byte	0
 3113 0013 00       		.byte	0
 3114 0014 00000000 		.word	__compound_literal.142
 3115 0018 00000000 		.word	gemm_6_scratch0_array
 3116              		.section	.data.__compound_literal.142,"aw"
 3117              		.align	2
 3120              	__compound_literal.142:
 3121 0000 02000000 		.word	2
 3122 0004 02000000 		.word	2
 3123 0008 40020000 		.word	576
 3124 000c 40020000 		.word	576
 3125              		.section	.data.__compound_literal.141,"aw"
 3126              		.align	2
 3129              	__compound_literal.141:
 3130 0000 01000000 		.word	1
 3131 0004 20010000 		.word	288
 3132 0008 01000000 		.word	1
ARM GAS  /tmp/cc5QMZ95.s 			page 79


 3133 000c 01000000 		.word	1
 3134              		.section	.data.gemm_6_output,"aw"
 3135              		.align	2
 3138              	gemm_6_output:
 3139 0000 00000000 		.word	gemm_6_output_array_intq
 3140 0004 2000     		.short	32
 3141 0006 01       		.byte	1
 3142 0007 01       		.byte	1
 3143 0008 01       		.byte	1
 3144 0009 04       		.byte	4
 3145 000a 00       		.byte	0
 3146 000b 00       		.byte	0
 3147 000c 00000000 		.word	__compound_literal.139
 3148 0010 02       		.byte	2
 3149 0011 04       		.byte	4
 3150 0012 00       		.byte	0
 3151 0013 00       		.byte	0
 3152 0014 00000000 		.word	__compound_literal.140
 3153 0018 00000000 		.word	gemm_6_output_array
 3154              		.section	.data.__compound_literal.140,"aw"
 3155              		.align	2
 3158              	__compound_literal.140:
 3159 0000 01000000 		.word	1
 3160 0004 01000000 		.word	1
 3161 0008 30000000 		.word	48
 3162 000c 30000000 		.word	48
 3163              		.section	.data.__compound_literal.139,"aw"
 3164              		.align	2
 3167              	__compound_literal.139:
 3168 0000 01000000 		.word	1
 3169 0004 30000000 		.word	48
 3170 0008 01000000 		.word	1
 3171 000c 01000000 		.word	1
 3172              		.section	.data.gemm_6_bias,"aw"
 3173              		.align	2
 3176              	gemm_6_bias:
 3177 0000 00000000 		.word	0
 3178 0004 1F00     		.short	31
 3179 0006 00       		.byte	0
 3180 0007 01       		.byte	1
 3181 0008 01       		.byte	1
 3182 0009 04       		.byte	4
 3183 000a 00       		.byte	0
 3184 000b 00       		.byte	0
 3185 000c 00000000 		.word	__compound_literal.137
 3186 0010 02       		.byte	2
 3187 0011 04       		.byte	4
 3188 0012 00       		.byte	0
 3189 0013 00       		.byte	0
 3190 0014 00000000 		.word	__compound_literal.138
 3191 0018 00000000 		.word	gemm_6_bias_array
 3192              		.section	.data.__compound_literal.138,"aw"
 3193              		.align	2
 3196              	__compound_literal.138:
 3197 0000 04000000 		.word	4
 3198 0004 04000000 		.word	4
 3199 0008 C0000000 		.word	192
ARM GAS  /tmp/cc5QMZ95.s 			page 80


 3200 000c C0000000 		.word	192
 3201              		.section	.data.__compound_literal.137,"aw"
 3202              		.align	2
 3205              	__compound_literal.137:
 3206 0000 01000000 		.word	1
 3207 0004 30000000 		.word	48
 3208 0008 01000000 		.word	1
 3209 000c 01000000 		.word	1
 3210              		.section	.data.gemm_5_weights,"aw"
 3211              		.align	2
 3214              	gemm_5_weights:
 3215 0000 00000000 		.word	gemm_5_weights_array_intq
 3216 0004 1E00     		.short	30
 3217 0006 01       		.byte	1
 3218 0007 01       		.byte	1
 3219 0008 01       		.byte	1
 3220 0009 04       		.byte	4
 3221 000a 00       		.byte	0
 3222 000b 00       		.byte	0
 3223 000c 00000000 		.word	__compound_literal.135
 3224 0010 02       		.byte	2
 3225 0011 04       		.byte	4
 3226 0012 00       		.byte	0
 3227 0013 00       		.byte	0
 3228 0014 00000000 		.word	__compound_literal.136
 3229 0018 00000000 		.word	gemm_5_weights_array
 3230              		.section	.data.__compound_literal.136,"aw"
 3231              		.align	2
 3234              	__compound_literal.136:
 3235 0000 01000000 		.word	1
 3236 0004 40000000 		.word	64
 3237 0008 000C0000 		.word	3072
 3238 000c 000C0000 		.word	3072
 3239              		.section	.data.__compound_literal.135,"aw"
 3240              		.align	2
 3243              	__compound_literal.135:
 3244 0000 40000000 		.word	64
 3245 0004 30000000 		.word	48
 3246 0008 01000000 		.word	1
 3247 000c 01000000 		.word	1
 3248              		.section	.data.gemm_5_scratch0,"aw"
 3249              		.align	2
 3252              	gemm_5_scratch0:
 3253 0000 00000000 		.word	0
 3254 0004 1D00     		.short	29
 3255 0006 00       		.byte	0
 3256 0007 01       		.byte	1
 3257 0008 01       		.byte	1
 3258 0009 04       		.byte	4
 3259 000a 00       		.byte	0
 3260 000b 00       		.byte	0
 3261 000c 00000000 		.word	__compound_literal.133
 3262 0010 02       		.byte	2
 3263 0011 04       		.byte	4
 3264 0012 00       		.byte	0
 3265 0013 00       		.byte	0
 3266 0014 00000000 		.word	__compound_literal.134
ARM GAS  /tmp/cc5QMZ95.s 			page 81


 3267 0018 00000000 		.word	gemm_5_scratch0_array
 3268              		.section	.data.__compound_literal.134,"aw"
 3269              		.align	2
 3272              	__compound_literal.134:
 3273 0000 02000000 		.word	2
 3274 0004 02000000 		.word	2
 3275 0008 60020000 		.word	608
 3276 000c 60020000 		.word	608
 3277              		.section	.data.__compound_literal.133,"aw"
 3278              		.align	2
 3281              	__compound_literal.133:
 3282 0000 01000000 		.word	1
 3283 0004 30010000 		.word	304
 3284 0008 01000000 		.word	1
 3285 000c 01000000 		.word	1
 3286              		.section	.data.gemm_5_output,"aw"
 3287              		.align	2
 3290              	gemm_5_output:
 3291 0000 00000000 		.word	gemm_5_output_array_intq
 3292 0004 1C00     		.short	28
 3293 0006 01       		.byte	1
 3294 0007 01       		.byte	1
 3295 0008 01       		.byte	1
 3296 0009 04       		.byte	4
 3297 000a 00       		.byte	0
 3298 000b 00       		.byte	0
 3299 000c 00000000 		.word	__compound_literal.131
 3300 0010 02       		.byte	2
 3301 0011 04       		.byte	4
 3302 0012 00       		.byte	0
 3303 0013 00       		.byte	0
 3304 0014 00000000 		.word	__compound_literal.132
 3305 0018 00000000 		.word	gemm_5_output_array
 3306              		.section	.data.__compound_literal.132,"aw"
 3307              		.align	2
 3310              	__compound_literal.132:
 3311 0000 01000000 		.word	1
 3312 0004 01000000 		.word	1
 3313 0008 30000000 		.word	48
 3314 000c 30000000 		.word	48
 3315              		.section	.data.__compound_literal.131,"aw"
 3316              		.align	2
 3319              	__compound_literal.131:
 3320 0000 01000000 		.word	1
 3321 0004 30000000 		.word	48
 3322 0008 01000000 		.word	1
 3323 000c 01000000 		.word	1
 3324              		.section	.data.gemm_5_bias,"aw"
 3325              		.align	2
 3328              	gemm_5_bias:
 3329 0000 00000000 		.word	0
 3330 0004 1B00     		.short	27
 3331 0006 00       		.byte	0
 3332 0007 01       		.byte	1
 3333 0008 01       		.byte	1
 3334 0009 04       		.byte	4
 3335 000a 00       		.byte	0
ARM GAS  /tmp/cc5QMZ95.s 			page 82


 3336 000b 00       		.byte	0
 3337 000c 00000000 		.word	__compound_literal.129
 3338 0010 02       		.byte	2
 3339 0011 04       		.byte	4
 3340 0012 00       		.byte	0
 3341 0013 00       		.byte	0
 3342 0014 00000000 		.word	__compound_literal.130
 3343 0018 00000000 		.word	gemm_5_bias_array
 3344              		.section	.data.__compound_literal.130,"aw"
 3345              		.align	2
 3348              	__compound_literal.130:
 3349 0000 04000000 		.word	4
 3350 0004 04000000 		.word	4
 3351 0008 C0000000 		.word	192
 3352 000c C0000000 		.word	192
 3353              		.section	.data.__compound_literal.129,"aw"
 3354              		.align	2
 3357              	__compound_literal.129:
 3358 0000 01000000 		.word	1
 3359 0004 30000000 		.word	48
 3360 0008 01000000 		.word	1
 3361 000c 01000000 		.word	1
 3362              		.section	.data.gemm_4_weights,"aw"
 3363              		.align	2
 3366              	gemm_4_weights:
 3367 0000 00000000 		.word	gemm_4_weights_array_intq
 3368 0004 1A00     		.short	26
 3369 0006 01       		.byte	1
 3370 0007 01       		.byte	1
 3371 0008 01       		.byte	1
 3372 0009 04       		.byte	4
 3373 000a 00       		.byte	0
 3374 000b 00       		.byte	0
 3375 000c 00000000 		.word	__compound_literal.127
 3376 0010 02       		.byte	2
 3377 0011 04       		.byte	4
 3378 0012 00       		.byte	0
 3379 0013 00       		.byte	0
 3380 0014 00000000 		.word	__compound_literal.128
 3381 0018 00000000 		.word	gemm_4_weights_array
 3382              		.section	.data.__compound_literal.128,"aw"
 3383              		.align	2
 3386              	__compound_literal.128:
 3387 0000 01000000 		.word	1
 3388 0004 40000000 		.word	64
 3389 0008 000C0000 		.word	3072
 3390 000c 000C0000 		.word	3072
 3391              		.section	.data.__compound_literal.127,"aw"
 3392              		.align	2
 3395              	__compound_literal.127:
 3396 0000 40000000 		.word	64
 3397 0004 30000000 		.word	48
 3398 0008 01000000 		.word	1
 3399 000c 01000000 		.word	1
 3400              		.section	.data.gemm_4_scratch0,"aw"
 3401              		.align	2
 3404              	gemm_4_scratch0:
ARM GAS  /tmp/cc5QMZ95.s 			page 83


 3405 0000 00000000 		.word	0
 3406 0004 1900     		.short	25
 3407 0006 00       		.byte	0
 3408 0007 01       		.byte	1
 3409 0008 01       		.byte	1
 3410 0009 04       		.byte	4
 3411 000a 00       		.byte	0
 3412 000b 00       		.byte	0
 3413 000c 00000000 		.word	__compound_literal.125
 3414 0010 02       		.byte	2
 3415 0011 04       		.byte	4
 3416 0012 00       		.byte	0
 3417 0013 00       		.byte	0
 3418 0014 00000000 		.word	__compound_literal.126
 3419 0018 00000000 		.word	gemm_4_scratch0_array
 3420              		.section	.data.__compound_literal.126,"aw"
 3421              		.align	2
 3424              	__compound_literal.126:
 3425 0000 02000000 		.word	2
 3426 0004 02000000 		.word	2
 3427 0008 60020000 		.word	608
 3428 000c 60020000 		.word	608
 3429              		.section	.data.__compound_literal.125,"aw"
 3430              		.align	2
 3433              	__compound_literal.125:
 3434 0000 01000000 		.word	1
 3435 0004 30010000 		.word	304
 3436 0008 01000000 		.word	1
 3437 000c 01000000 		.word	1
 3438              		.section	.data.gemm_4_output,"aw"
 3439              		.align	2
 3442              	gemm_4_output:
 3443 0000 00000000 		.word	gemm_4_output_array_intq
 3444 0004 1800     		.short	24
 3445 0006 01       		.byte	1
 3446 0007 01       		.byte	1
 3447 0008 01       		.byte	1
 3448 0009 04       		.byte	4
 3449 000a 00       		.byte	0
 3450 000b 00       		.byte	0
 3451 000c 00000000 		.word	__compound_literal.123
 3452 0010 02       		.byte	2
 3453 0011 04       		.byte	4
 3454 0012 00       		.byte	0
 3455 0013 00       		.byte	0
 3456 0014 00000000 		.word	__compound_literal.124
 3457 0018 00000000 		.word	gemm_4_output_array
 3458              		.section	.data.__compound_literal.124,"aw"
 3459              		.align	2
 3462              	__compound_literal.124:
 3463 0000 01000000 		.word	1
 3464 0004 01000000 		.word	1
 3465 0008 30000000 		.word	48
 3466 000c 30000000 		.word	48
 3467              		.section	.data.__compound_literal.123,"aw"
 3468              		.align	2
 3471              	__compound_literal.123:
ARM GAS  /tmp/cc5QMZ95.s 			page 84


 3472 0000 01000000 		.word	1
 3473 0004 30000000 		.word	48
 3474 0008 01000000 		.word	1
 3475 000c 01000000 		.word	1
 3476              		.section	.data.gemm_4_bias,"aw"
 3477              		.align	2
 3480              	gemm_4_bias:
 3481 0000 00000000 		.word	0
 3482 0004 1700     		.short	23
 3483 0006 00       		.byte	0
 3484 0007 01       		.byte	1
 3485 0008 01       		.byte	1
 3486 0009 04       		.byte	4
 3487 000a 00       		.byte	0
 3488 000b 00       		.byte	0
 3489 000c 00000000 		.word	__compound_literal.121
 3490 0010 02       		.byte	2
 3491 0011 04       		.byte	4
 3492 0012 00       		.byte	0
 3493 0013 00       		.byte	0
 3494 0014 00000000 		.word	__compound_literal.122
 3495 0018 00000000 		.word	gemm_4_bias_array
 3496              		.section	.data.__compound_literal.122,"aw"
 3497              		.align	2
 3500              	__compound_literal.122:
 3501 0000 04000000 		.word	4
 3502 0004 04000000 		.word	4
 3503 0008 C0000000 		.word	192
 3504 000c C0000000 		.word	192
 3505              		.section	.data.__compound_literal.121,"aw"
 3506              		.align	2
 3509              	__compound_literal.121:
 3510 0000 01000000 		.word	1
 3511 0004 30000000 		.word	48
 3512 0008 01000000 		.word	1
 3513 000c 01000000 		.word	1
 3514              		.section	.data.gemm_2_weights,"aw"
 3515              		.align	2
 3518              	gemm_2_weights:
 3519 0000 00000000 		.word	gemm_2_weights_array_intq
 3520 0004 1600     		.short	22
 3521 0006 01       		.byte	1
 3522 0007 01       		.byte	1
 3523 0008 01       		.byte	1
 3524 0009 04       		.byte	4
 3525 000a 00       		.byte	0
 3526 000b 00       		.byte	0
 3527 000c 00000000 		.word	__compound_literal.119
 3528 0010 02       		.byte	2
 3529 0011 04       		.byte	4
 3530 0012 00       		.byte	0
 3531 0013 00       		.byte	0
 3532 0014 00000000 		.word	__compound_literal.120
 3533 0018 00000000 		.word	gemm_2_weights_array
 3534              		.section	.data.__compound_literal.120,"aw"
 3535              		.align	2
 3538              	__compound_literal.120:
ARM GAS  /tmp/cc5QMZ95.s 			page 85


 3539 0000 01000000 		.word	1
 3540 0004 40000000 		.word	64
 3541 0008 00100000 		.word	4096
 3542 000c 00100000 		.word	4096
 3543              		.section	.data.__compound_literal.119,"aw"
 3544              		.align	2
 3547              	__compound_literal.119:
 3548 0000 40000000 		.word	64
 3549 0004 40000000 		.word	64
 3550 0008 01000000 		.word	1
 3551 000c 01000000 		.word	1
 3552              		.section	.data.gemm_2_scratch0,"aw"
 3553              		.align	2
 3556              	gemm_2_scratch0:
 3557 0000 00000000 		.word	0
 3558 0004 1500     		.short	21
 3559 0006 00       		.byte	0
 3560 0007 01       		.byte	1
 3561 0008 01       		.byte	1
 3562 0009 04       		.byte	4
 3563 000a 00       		.byte	0
 3564 000b 00       		.byte	0
 3565 000c 00000000 		.word	__compound_literal.117
 3566 0010 02       		.byte	2
 3567 0011 04       		.byte	4
 3568 0012 00       		.byte	0
 3569 0013 00       		.byte	0
 3570 0014 00000000 		.word	__compound_literal.118
 3571 0018 00000000 		.word	gemm_2_scratch0_array
 3572              		.section	.data.__compound_literal.118,"aw"
 3573              		.align	2
 3576              	__compound_literal.118:
 3577 0000 02000000 		.word	2
 3578 0004 02000000 		.word	2
 3579 0008 00030000 		.word	768
 3580 000c 00030000 		.word	768
 3581              		.section	.data.__compound_literal.117,"aw"
 3582              		.align	2
 3585              	__compound_literal.117:
 3586 0000 01000000 		.word	1
 3587 0004 80010000 		.word	384
 3588 0008 01000000 		.word	1
 3589 000c 01000000 		.word	1
 3590              		.section	.data.gemm_2_output,"aw"
 3591              		.align	2
 3594              	gemm_2_output:
 3595 0000 00000000 		.word	gemm_2_output_array_intq
 3596 0004 1400     		.short	20
 3597 0006 01       		.byte	1
 3598 0007 01       		.byte	1
 3599 0008 01       		.byte	1
 3600 0009 04       		.byte	4
 3601 000a 00       		.byte	0
 3602 000b 00       		.byte	0
 3603 000c 00000000 		.word	__compound_literal.115
 3604 0010 02       		.byte	2
 3605 0011 04       		.byte	4
ARM GAS  /tmp/cc5QMZ95.s 			page 86


 3606 0012 00       		.byte	0
 3607 0013 00       		.byte	0
 3608 0014 00000000 		.word	__compound_literal.116
 3609 0018 00000000 		.word	gemm_2_output_array
 3610              		.section	.data.__compound_literal.116,"aw"
 3611              		.align	2
 3614              	__compound_literal.116:
 3615 0000 01000000 		.word	1
 3616 0004 01000000 		.word	1
 3617 0008 40000000 		.word	64
 3618 000c 40000000 		.word	64
 3619              		.section	.data.__compound_literal.115,"aw"
 3620              		.align	2
 3623              	__compound_literal.115:
 3624 0000 01000000 		.word	1
 3625 0004 40000000 		.word	64
 3626 0008 01000000 		.word	1
 3627 000c 01000000 		.word	1
 3628              		.section	.data.gemm_2_bias,"aw"
 3629              		.align	2
 3632              	gemm_2_bias:
 3633 0000 00000000 		.word	0
 3634 0004 1300     		.short	19
 3635 0006 00       		.byte	0
 3636 0007 01       		.byte	1
 3637 0008 01       		.byte	1
 3638 0009 04       		.byte	4
 3639 000a 00       		.byte	0
 3640 000b 00       		.byte	0
 3641 000c 00000000 		.word	__compound_literal.113
 3642 0010 02       		.byte	2
 3643 0011 04       		.byte	4
 3644 0012 00       		.byte	0
 3645 0013 00       		.byte	0
 3646 0014 00000000 		.word	__compound_literal.114
 3647 0018 00000000 		.word	gemm_2_bias_array
 3648              		.section	.data.__compound_literal.114,"aw"
 3649              		.align	2
 3652              	__compound_literal.114:
 3653 0000 04000000 		.word	4
 3654 0004 04000000 		.word	4
 3655 0008 00010000 		.word	256
 3656 000c 00010000 		.word	256
 3657              		.section	.data.__compound_literal.113,"aw"
 3658              		.align	2
 3661              	__compound_literal.113:
 3662 0000 01000000 		.word	1
 3663 0004 40000000 		.word	64
 3664 0008 01000000 		.word	1
 3665 000c 01000000 		.word	1
 3666              		.section	.data.gemm_1_weights,"aw"
 3667              		.align	2
 3670              	gemm_1_weights:
 3671 0000 00000000 		.word	gemm_1_weights_array_intq
 3672 0004 1200     		.short	18
 3673 0006 01       		.byte	1
 3674 0007 01       		.byte	1
ARM GAS  /tmp/cc5QMZ95.s 			page 87


 3675 0008 01       		.byte	1
 3676 0009 04       		.byte	4
 3677 000a 00       		.byte	0
 3678 000b 00       		.byte	0
 3679 000c 00000000 		.word	__compound_literal.111
 3680 0010 02       		.byte	2
 3681 0011 04       		.byte	4
 3682 0012 00       		.byte	0
 3683 0013 00       		.byte	0
 3684 0014 00000000 		.word	__compound_literal.112
 3685 0018 00000000 		.word	gemm_1_weights_array
 3686              		.section	.data.__compound_literal.112,"aw"
 3687              		.align	2
 3690              	__compound_literal.112:
 3691 0000 01000000 		.word	1
 3692 0004 40000000 		.word	64
 3693 0008 00100000 		.word	4096
 3694 000c 00100000 		.word	4096
 3695              		.section	.data.__compound_literal.111,"aw"
 3696              		.align	2
 3699              	__compound_literal.111:
 3700 0000 40000000 		.word	64
 3701 0004 40000000 		.word	64
 3702 0008 01000000 		.word	1
 3703 000c 01000000 		.word	1
 3704              		.section	.data.gemm_1_scratch0,"aw"
 3705              		.align	2
 3708              	gemm_1_scratch0:
 3709 0000 00000000 		.word	0
 3710 0004 1100     		.short	17
 3711 0006 00       		.byte	0
 3712 0007 01       		.byte	1
 3713 0008 01       		.byte	1
 3714 0009 04       		.byte	4
 3715 000a 00       		.byte	0
 3716 000b 00       		.byte	0
 3717 000c 00000000 		.word	__compound_literal.109
 3718 0010 02       		.byte	2
 3719 0011 04       		.byte	4
 3720 0012 00       		.byte	0
 3721 0013 00       		.byte	0
 3722 0014 00000000 		.word	__compound_literal.110
 3723 0018 00000000 		.word	gemm_1_scratch0_array
 3724              		.section	.data.__compound_literal.110,"aw"
 3725              		.align	2
 3728              	__compound_literal.110:
 3729 0000 02000000 		.word	2
 3730 0004 02000000 		.word	2
 3731 0008 00030000 		.word	768
 3732 000c 00030000 		.word	768
 3733              		.section	.data.__compound_literal.109,"aw"
 3734              		.align	2
 3737              	__compound_literal.109:
 3738 0000 01000000 		.word	1
 3739 0004 80010000 		.word	384
 3740 0008 01000000 		.word	1
 3741 000c 01000000 		.word	1
ARM GAS  /tmp/cc5QMZ95.s 			page 88


 3742              		.section	.data.gemm_1_output,"aw"
 3743              		.align	2
 3746              	gemm_1_output:
 3747 0000 00000000 		.word	gemm_1_output_array_intq
 3748 0004 1000     		.short	16
 3749 0006 01       		.byte	1
 3750 0007 01       		.byte	1
 3751 0008 01       		.byte	1
 3752 0009 04       		.byte	4
 3753 000a 00       		.byte	0
 3754 000b 00       		.byte	0
 3755 000c 00000000 		.word	__compound_literal.107
 3756 0010 02       		.byte	2
 3757 0011 04       		.byte	4
 3758 0012 00       		.byte	0
 3759 0013 00       		.byte	0
 3760 0014 00000000 		.word	__compound_literal.108
 3761 0018 00000000 		.word	gemm_1_output_array
 3762              		.section	.data.__compound_literal.108,"aw"
 3763              		.align	2
 3766              	__compound_literal.108:
 3767 0000 01000000 		.word	1
 3768 0004 01000000 		.word	1
 3769 0008 40000000 		.word	64
 3770 000c 40000000 		.word	64
 3771              		.section	.data.__compound_literal.107,"aw"
 3772              		.align	2
 3775              	__compound_literal.107:
 3776 0000 01000000 		.word	1
 3777 0004 40000000 		.word	64
 3778 0008 01000000 		.word	1
 3779 000c 01000000 		.word	1
 3780              		.section	.data.gemm_1_bias,"aw"
 3781              		.align	2
 3784              	gemm_1_bias:
 3785 0000 00000000 		.word	0
 3786 0004 0F00     		.short	15
 3787 0006 00       		.byte	0
 3788 0007 01       		.byte	1
 3789 0008 01       		.byte	1
 3790 0009 04       		.byte	4
 3791 000a 00       		.byte	0
 3792 000b 00       		.byte	0
 3793 000c 00000000 		.word	__compound_literal.105
 3794 0010 02       		.byte	2
 3795 0011 04       		.byte	4
 3796 0012 00       		.byte	0
 3797 0013 00       		.byte	0
 3798 0014 00000000 		.word	__compound_literal.106
 3799 0018 00000000 		.word	gemm_1_bias_array
 3800              		.section	.data.__compound_literal.106,"aw"
 3801              		.align	2
 3804              	__compound_literal.106:
 3805 0000 04000000 		.word	4
 3806 0004 04000000 		.word	4
 3807 0008 00010000 		.word	256
 3808 000c 00010000 		.word	256
ARM GAS  /tmp/cc5QMZ95.s 			page 89


 3809              		.section	.data.__compound_literal.105,"aw"
 3810              		.align	2
 3813              	__compound_literal.105:
 3814 0000 01000000 		.word	1
 3815 0004 40000000 		.word	64
 3816 0008 01000000 		.word	1
 3817 000c 01000000 		.word	1
 3818              		.section	.data.gemm_12_weights,"aw"
 3819              		.align	2
 3822              	gemm_12_weights:
 3823 0000 00000000 		.word	gemm_12_weights_array_intq
 3824 0004 0E00     		.short	14
 3825 0006 01       		.byte	1
 3826 0007 01       		.byte	1
 3827 0008 01       		.byte	1
 3828 0009 04       		.byte	4
 3829 000a 00       		.byte	0
 3830 000b 00       		.byte	0
 3831 000c 00000000 		.word	__compound_literal.103
 3832 0010 02       		.byte	2
 3833 0011 04       		.byte	4
 3834 0012 00       		.byte	0
 3835 0013 00       		.byte	0
 3836 0014 00000000 		.word	__compound_literal.104
 3837 0018 00000000 		.word	gemm_12_weights_array
 3838              		.section	.data.__compound_literal.104,"aw"
 3839              		.align	2
 3842              	__compound_literal.104:
 3843 0000 01000000 		.word	1
 3844 0004 20000000 		.word	32
 3845 0008 20010000 		.word	288
 3846 000c 20010000 		.word	288
 3847              		.section	.data.__compound_literal.103,"aw"
 3848              		.align	2
 3851              	__compound_literal.103:
 3852 0000 20000000 		.word	32
 3853 0004 09000000 		.word	9
 3854 0008 01000000 		.word	1
 3855 000c 01000000 		.word	1
 3856              		.section	.data.gemm_12_scratch0,"aw"
 3857              		.align	2
 3860              	gemm_12_scratch0:
 3861 0000 00000000 		.word	0
 3862 0004 0D00     		.short	13
 3863 0006 00       		.byte	0
 3864 0007 01       		.byte	1
 3865 0008 01       		.byte	1
 3866 0009 04       		.byte	4
 3867 000a 00       		.byte	0
 3868 000b 00       		.byte	0
 3869 000c 00000000 		.word	__compound_literal.101
 3870 0010 02       		.byte	2
 3871 0011 04       		.byte	4
 3872 0012 00       		.byte	0
 3873 0013 00       		.byte	0
 3874 0014 00000000 		.word	__compound_literal.102
 3875 0018 00000000 		.word	gemm_12_scratch0_array
ARM GAS  /tmp/cc5QMZ95.s 			page 90


 3876              		.section	.data.__compound_literal.102,"aw"
 3877              		.align	2
 3880              	__compound_literal.102:
 3881 0000 02000000 		.word	2
 3882 0004 02000000 		.word	2
 3883 0008 9A000000 		.word	154
 3884 000c 9A000000 		.word	154
 3885              		.section	.data.__compound_literal.101,"aw"
 3886              		.align	2
 3889              	__compound_literal.101:
 3890 0000 01000000 		.word	1
 3891 0004 4D000000 		.word	77
 3892 0008 01000000 		.word	1
 3893 000c 01000000 		.word	1
 3894              		.section	.data.gemm_12_output,"aw"
 3895              		.align	2
 3898              	gemm_12_output:
 3899 0000 00000000 		.word	gemm_12_output_array_intq
 3900 0004 0C00     		.short	12
 3901 0006 01       		.byte	1
 3902 0007 01       		.byte	1
 3903 0008 01       		.byte	1
 3904 0009 04       		.byte	4
 3905 000a 00       		.byte	0
 3906 000b 00       		.byte	0
 3907 000c 00000000 		.word	__compound_literal.99
 3908 0010 02       		.byte	2
 3909 0011 04       		.byte	4
 3910 0012 00       		.byte	0
 3911 0013 00       		.byte	0
 3912 0014 00000000 		.word	__compound_literal.100
 3913 0018 00000000 		.word	gemm_12_output_array
 3914              		.section	.data.__compound_literal.100,"aw"
 3915              		.align	2
 3918              	__compound_literal.100:
 3919 0000 01000000 		.word	1
 3920 0004 01000000 		.word	1
 3921 0008 09000000 		.word	9
 3922 000c 09000000 		.word	9
 3923              		.section	.data.__compound_literal.99,"aw"
 3924              		.align	2
 3927              	__compound_literal.99:
 3928 0000 01000000 		.word	1
 3929 0004 09000000 		.word	9
 3930 0008 01000000 		.word	1
 3931 000c 01000000 		.word	1
 3932              		.section	.data.gemm_12_bias,"aw"
 3933              		.align	2
 3936              	gemm_12_bias:
 3937 0000 00000000 		.word	0
 3938 0004 0B00     		.short	11
 3939 0006 00       		.byte	0
 3940 0007 01       		.byte	1
 3941 0008 01       		.byte	1
 3942 0009 04       		.byte	4
 3943 000a 00       		.byte	0
 3944 000b 00       		.byte	0
ARM GAS  /tmp/cc5QMZ95.s 			page 91


 3945 000c 00000000 		.word	__compound_literal.97
 3946 0010 02       		.byte	2
 3947 0011 04       		.byte	4
 3948 0012 00       		.byte	0
 3949 0013 00       		.byte	0
 3950 0014 00000000 		.word	__compound_literal.98
 3951 0018 00000000 		.word	gemm_12_bias_array
 3952              		.section	.data.__compound_literal.98,"aw"
 3953              		.align	2
 3956              	__compound_literal.98:
 3957 0000 04000000 		.word	4
 3958 0004 04000000 		.word	4
 3959 0008 24000000 		.word	36
 3960 000c 24000000 		.word	36
 3961              		.section	.data.__compound_literal.97,"aw"
 3962              		.align	2
 3965              	__compound_literal.97:
 3966 0000 01000000 		.word	1
 3967 0004 09000000 		.word	9
 3968 0008 01000000 		.word	1
 3969 000c 01000000 		.word	1
 3970              		.section	.data.gemm_10_weights,"aw"
 3971              		.align	2
 3974              	gemm_10_weights:
 3975 0000 00000000 		.word	gemm_10_weights_array_intq
 3976 0004 0A00     		.short	10
 3977 0006 01       		.byte	1
 3978 0007 01       		.byte	1
 3979 0008 01       		.byte	1
 3980 0009 04       		.byte	4
 3981 000a 00       		.byte	0
 3982 000b 00       		.byte	0
 3983 000c 00000000 		.word	__compound_literal.95
 3984 0010 02       		.byte	2
 3985 0011 04       		.byte	4
 3986 0012 00       		.byte	0
 3987 0013 00       		.byte	0
 3988 0014 00000000 		.word	__compound_literal.96
 3989 0018 00000000 		.word	gemm_10_weights_array
 3990              		.section	.data.__compound_literal.96,"aw"
 3991              		.align	2
 3994              	__compound_literal.96:
 3995 0000 01000000 		.word	1
 3996 0004 20000000 		.word	32
 3997 0008 00040000 		.word	1024
 3998 000c 00040000 		.word	1024
 3999              		.section	.data.__compound_literal.95,"aw"
 4000              		.align	2
 4003              	__compound_literal.95:
 4004 0000 20000000 		.word	32
 4005 0004 20000000 		.word	32
 4006 0008 01000000 		.word	1
 4007 000c 01000000 		.word	1
 4008              		.section	.data.gemm_10_scratch0,"aw"
 4009              		.align	2
 4012              	gemm_10_scratch0:
 4013 0000 00000000 		.word	0
ARM GAS  /tmp/cc5QMZ95.s 			page 92


 4014 0004 0900     		.short	9
 4015 0006 00       		.byte	0
 4016 0007 01       		.byte	1
 4017 0008 01       		.byte	1
 4018 0009 04       		.byte	4
 4019 000a 00       		.byte	0
 4020 000b 00       		.byte	0
 4021 000c 00000000 		.word	__compound_literal.93
 4022 0010 02       		.byte	2
 4023 0011 04       		.byte	4
 4024 0012 00       		.byte	0
 4025 0013 00       		.byte	0
 4026 0014 00000000 		.word	__compound_literal.94
 4027 0018 00000000 		.word	gemm_10_scratch0_array
 4028              		.section	.data.__compound_literal.94,"aw"
 4029              		.align	2
 4032              	__compound_literal.94:
 4033 0000 02000000 		.word	2
 4034 0004 02000000 		.word	2
 4035 0008 80010000 		.word	384
 4036 000c 80010000 		.word	384
 4037              		.section	.data.__compound_literal.93,"aw"
 4038              		.align	2
 4041              	__compound_literal.93:
 4042 0000 01000000 		.word	1
 4043 0004 C0000000 		.word	192
 4044 0008 01000000 		.word	1
 4045 000c 01000000 		.word	1
 4046              		.section	.data.gemm_10_output,"aw"
 4047              		.align	2
 4050              	gemm_10_output:
 4051 0000 00000000 		.word	gemm_10_output_array_intq
 4052 0004 0800     		.short	8
 4053 0006 01       		.byte	1
 4054 0007 01       		.byte	1
 4055 0008 01       		.byte	1
 4056 0009 04       		.byte	4
 4057 000a 00       		.byte	0
 4058 000b 00       		.byte	0
 4059 000c 00000000 		.word	__compound_literal.91
 4060 0010 02       		.byte	2
 4061 0011 04       		.byte	4
 4062 0012 00       		.byte	0
 4063 0013 00       		.byte	0
 4064 0014 00000000 		.word	__compound_literal.92
 4065 0018 00000000 		.word	gemm_10_output_array
 4066              		.section	.data.__compound_literal.92,"aw"
 4067              		.align	2
 4070              	__compound_literal.92:
 4071 0000 01000000 		.word	1
 4072 0004 01000000 		.word	1
 4073 0008 20000000 		.word	32
 4074 000c 20000000 		.word	32
 4075              		.section	.data.__compound_literal.91,"aw"
 4076              		.align	2
 4079              	__compound_literal.91:
 4080 0000 01000000 		.word	1
ARM GAS  /tmp/cc5QMZ95.s 			page 93


 4081 0004 20000000 		.word	32
 4082 0008 01000000 		.word	1
 4083 000c 01000000 		.word	1
 4084              		.section	.data.gemm_10_bias,"aw"
 4085              		.align	2
 4088              	gemm_10_bias:
 4089 0000 00000000 		.word	0
 4090 0004 0700     		.short	7
 4091 0006 00       		.byte	0
 4092 0007 01       		.byte	1
 4093 0008 01       		.byte	1
 4094 0009 04       		.byte	4
 4095 000a 00       		.byte	0
 4096 000b 00       		.byte	0
 4097 000c 00000000 		.word	__compound_literal.89
 4098 0010 02       		.byte	2
 4099 0011 04       		.byte	4
 4100 0012 00       		.byte	0
 4101 0013 00       		.byte	0
 4102 0014 00000000 		.word	__compound_literal.90
 4103 0018 00000000 		.word	gemm_10_bias_array
 4104              		.section	.data.__compound_literal.90,"aw"
 4105              		.align	2
 4108              	__compound_literal.90:
 4109 0000 04000000 		.word	4
 4110 0004 04000000 		.word	4
 4111 0008 80000000 		.word	128
 4112 000c 80000000 		.word	128
 4113              		.section	.data.__compound_literal.89,"aw"
 4114              		.align	2
 4117              	__compound_literal.89:
 4118 0000 01000000 		.word	1
 4119 0004 20000000 		.word	32
 4120 0008 01000000 		.word	1
 4121 000c 01000000 		.word	1
 4122              		.section	.data.gemm_0_weights,"aw"
 4123              		.align	2
 4126              	gemm_0_weights:
 4127 0000 00000000 		.word	gemm_0_weights_array_intq
 4128 0004 0600     		.short	6
 4129 0006 01       		.byte	1
 4130 0007 01       		.byte	1
 4131 0008 01       		.byte	1
 4132 0009 04       		.byte	4
 4133 000a 00       		.byte	0
 4134 000b 00       		.byte	0
 4135 000c 00000000 		.word	__compound_literal.87
 4136 0010 02       		.byte	2
 4137 0011 04       		.byte	4
 4138 0012 00       		.byte	0
 4139 0013 00       		.byte	0
 4140 0014 00000000 		.word	__compound_literal.88
 4141 0018 00000000 		.word	gemm_0_weights_array
 4142              		.section	.data.__compound_literal.88,"aw"
 4143              		.align	2
 4146              	__compound_literal.88:
 4147 0000 01000000 		.word	1
ARM GAS  /tmp/cc5QMZ95.s 			page 94


 4148 0004 12000000 		.word	18
 4149 0008 80040000 		.word	1152
 4150 000c 80040000 		.word	1152
 4151              		.section	.data.__compound_literal.87,"aw"
 4152              		.align	2
 4155              	__compound_literal.87:
 4156 0000 12000000 		.word	18
 4157 0004 40000000 		.word	64
 4158 0008 01000000 		.word	1
 4159 000c 01000000 		.word	1
 4160              		.section	.data.gemm_0_scratch0,"aw"
 4161              		.align	2
 4164              	gemm_0_scratch0:
 4165 0000 00000000 		.word	0
 4166 0004 0500     		.short	5
 4167 0006 00       		.byte	0
 4168 0007 01       		.byte	1
 4169 0008 01       		.byte	1
 4170 0009 04       		.byte	4
 4171 000a 00       		.byte	0
 4172 000b 00       		.byte	0
 4173 000c 00000000 		.word	__compound_literal.85
 4174 0010 02       		.byte	2
 4175 0011 04       		.byte	4
 4176 0012 00       		.byte	0
 4177 0013 00       		.byte	0
 4178 0014 00000000 		.word	__compound_literal.86
 4179 0018 00000000 		.word	gemm_0_scratch0_array
 4180              		.section	.data.__compound_literal.86,"aw"
 4181              		.align	2
 4184              	__compound_literal.86:
 4185 0000 02000000 		.word	2
 4186 0004 02000000 		.word	2
 4187 0008 A4020000 		.word	676
 4188 000c A4020000 		.word	676
 4189              		.section	.data.__compound_literal.85,"aw"
 4190              		.align	2
 4193              	__compound_literal.85:
 4194 0000 01000000 		.word	1
 4195 0004 52010000 		.word	338
 4196 0008 01000000 		.word	1
 4197 000c 01000000 		.word	1
 4198              		.section	.data.gemm_0_output,"aw"
 4199              		.align	2
 4202              	gemm_0_output:
 4203 0000 00000000 		.word	gemm_0_output_array_intq
 4204 0004 0400     		.short	4
 4205 0006 01       		.byte	1
 4206 0007 01       		.byte	1
 4207 0008 01       		.byte	1
 4208 0009 04       		.byte	4
 4209 000a 00       		.byte	0
 4210 000b 00       		.byte	0
 4211 000c 00000000 		.word	__compound_literal.83
 4212 0010 02       		.byte	2
 4213 0011 04       		.byte	4
 4214 0012 00       		.byte	0
ARM GAS  /tmp/cc5QMZ95.s 			page 95


 4215 0013 00       		.byte	0
 4216 0014 00000000 		.word	__compound_literal.84
 4217 0018 00000000 		.word	gemm_0_output_array
 4218              		.section	.data.__compound_literal.84,"aw"
 4219              		.align	2
 4222              	__compound_literal.84:
 4223 0000 01000000 		.word	1
 4224 0004 01000000 		.word	1
 4225 0008 40000000 		.word	64
 4226 000c 40000000 		.word	64
 4227              		.section	.data.__compound_literal.83,"aw"
 4228              		.align	2
 4231              	__compound_literal.83:
 4232 0000 01000000 		.word	1
 4233 0004 40000000 		.word	64
 4234 0008 01000000 		.word	1
 4235 000c 01000000 		.word	1
 4236              		.section	.data.gemm_0_bias,"aw"
 4237              		.align	2
 4240              	gemm_0_bias:
 4241 0000 00000000 		.word	0
 4242 0004 0300     		.short	3
 4243 0006 00       		.byte	0
 4244 0007 01       		.byte	1
 4245 0008 01       		.byte	1
 4246 0009 04       		.byte	4
 4247 000a 00       		.byte	0
 4248 000b 00       		.byte	0
 4249 000c 00000000 		.word	__compound_literal.81
 4250 0010 02       		.byte	2
 4251 0011 04       		.byte	4
 4252 0012 00       		.byte	0
 4253 0013 00       		.byte	0
 4254 0014 00000000 		.word	__compound_literal.82
 4255 0018 00000000 		.word	gemm_0_bias_array
 4256              		.section	.data.__compound_literal.82,"aw"
 4257              		.align	2
 4260              	__compound_literal.82:
 4261 0000 04000000 		.word	4
 4262 0004 04000000 		.word	4
 4263 0008 00010000 		.word	256
 4264 000c 00010000 		.word	256
 4265              		.section	.data.__compound_literal.81,"aw"
 4266              		.align	2
 4269              	__compound_literal.81:
 4270 0000 01000000 		.word	1
 4271 0004 40000000 		.word	64
 4272 0008 01000000 		.word	1
 4273 000c 01000000 		.word	1
 4274              		.section	.data.eltwise_7_output,"aw"
 4275              		.align	2
 4278              	eltwise_7_output:
 4279 0000 00000000 		.word	eltwise_7_output_array_intq
 4280 0004 0200     		.short	2
 4281 0006 01       		.byte	1
 4282 0007 01       		.byte	1
 4283 0008 01       		.byte	1
ARM GAS  /tmp/cc5QMZ95.s 			page 96


 4284 0009 04       		.byte	4
 4285 000a 00       		.byte	0
 4286 000b 00       		.byte	0
 4287 000c 00000000 		.word	__compound_literal.79
 4288 0010 02       		.byte	2
 4289 0011 04       		.byte	4
 4290 0012 00       		.byte	0
 4291 0013 00       		.byte	0
 4292 0014 00000000 		.word	__compound_literal.80
 4293 0018 00000000 		.word	eltwise_7_output_array
 4294              		.section	.data.__compound_literal.80,"aw"
 4295              		.align	2
 4298              	__compound_literal.80:
 4299 0000 01000000 		.word	1
 4300 0004 01000000 		.word	1
 4301 0008 30000000 		.word	48
 4302 000c 30000000 		.word	48
 4303              		.section	.data.__compound_literal.79,"aw"
 4304              		.align	2
 4307              	__compound_literal.79:
 4308 0000 01000000 		.word	1
 4309 0004 30000000 		.word	48
 4310 0008 01000000 		.word	1
 4311 000c 01000000 		.word	1
 4312              		.section	.data.eltwise_3_output,"aw"
 4313              		.align	2
 4316              	eltwise_3_output:
 4317 0000 00000000 		.word	eltwise_3_output_array_intq
 4318 0004 0100     		.short	1
 4319 0006 01       		.byte	1
 4320 0007 01       		.byte	1
 4321 0008 01       		.byte	1
 4322 0009 04       		.byte	4
 4323 000a 00       		.byte	0
 4324 000b 00       		.byte	0
 4325 000c 00000000 		.word	__compound_literal.77
 4326 0010 02       		.byte	2
 4327 0011 04       		.byte	4
 4328 0012 00       		.byte	0
 4329 0013 00       		.byte	0
 4330 0014 00000000 		.word	__compound_literal.78
 4331 0018 00000000 		.word	eltwise_3_output_array
 4332              		.section	.data.__compound_literal.78,"aw"
 4333              		.align	2
 4336              	__compound_literal.78:
 4337 0000 01000000 		.word	1
 4338 0004 01000000 		.word	1
 4339 0008 40000000 		.word	64
 4340 000c 40000000 		.word	64
 4341              		.section	.data.__compound_literal.77,"aw"
 4342              		.align	2
 4345              	__compound_literal.77:
 4346 0000 01000000 		.word	1
 4347 0004 40000000 		.word	64
 4348 0008 01000000 		.word	1
 4349 000c 01000000 		.word	1
 4350              		.section	.data.eltwise_11_output,"aw"
ARM GAS  /tmp/cc5QMZ95.s 			page 97


 4351              		.align	2
 4354              	eltwise_11_output:
 4355 0000 00000000 		.word	eltwise_11_output_array_intq
 4356 0004 0000     		.short	0
 4357 0006 01       		.byte	1
 4358 0007 01       		.byte	1
 4359 0008 01       		.byte	1
 4360 0009 04       		.byte	4
 4361 000a 00       		.byte	0
 4362 000b 00       		.byte	0
 4363 000c 00000000 		.word	__compound_literal.75
 4364 0010 02       		.byte	2
 4365 0011 04       		.byte	4
 4366 0012 00       		.byte	0
 4367 0013 00       		.byte	0
 4368 0014 00000000 		.word	__compound_literal.76
 4369 0018 00000000 		.word	eltwise_11_output_array
 4370              		.section	.data.__compound_literal.76,"aw"
 4371              		.align	2
 4374              	__compound_literal.76:
 4375 0000 01000000 		.word	1
 4376 0004 01000000 		.word	1
 4377 0008 20000000 		.word	32
 4378 000c 20000000 		.word	32
 4379              		.section	.data.__compound_literal.75,"aw"
 4380              		.align	2
 4383              	__compound_literal.75:
 4384 0000 01000000 		.word	1
 4385 0004 20000000 		.word	32
 4386 0008 01000000 		.word	1
 4387 000c 01000000 		.word	1
 4388              		.section	.rodata.serving_default_sensor_input0_output_array_intq,"a"
 4389              		.align	2
 4392              	serving_default_sensor_input0_output_array_intq:
 4393 0000 0500     		.short	5
 4394 0002 0100     		.short	1
 4395 0004 00000000 		.word	__compound_literal.74
 4396              		.section	.rodata.__compound_literal.74,"a"
 4397              		.align	2
 4400              	__compound_literal.74:
 4401 0000 00000000 		.word	__compound_literal.72
 4402 0004 00000000 		.word	__compound_literal.73
 4403              		.section	.rodata.__compound_literal.73,"a"
 4404              		.align	2
 4407              	__compound_literal.73:
 4408 0000 80       		.byte	-128
 4409              		.section	.rodata.__compound_literal.72,"a"
 4410              		.align	2
 4413              	__compound_literal.72:
 4414 0000 8180803B 		.word	998277249
 4415              		.section	.rodata.nl_13_output_array_intq,"a"
 4416              		.align	2
 4419              	nl_13_output_array_intq:
 4420 0000 0500     		.short	5
 4421 0002 0100     		.short	1
 4422 0004 00000000 		.word	__compound_literal.71
 4423              		.section	.rodata.__compound_literal.71,"a"
ARM GAS  /tmp/cc5QMZ95.s 			page 98


 4424              		.align	2
 4427              	__compound_literal.71:
 4428 0000 00000000 		.word	__compound_literal.69
 4429 0004 00000000 		.word	__compound_literal.70
 4430              		.section	.rodata.__compound_literal.70,"a"
 4431              		.align	2
 4434              	__compound_literal.70:
 4435 0000 80       		.byte	-128
 4436              		.section	.rodata.__compound_literal.69,"a"
 4437              		.align	2
 4440              	__compound_literal.69:
 4441 0000 0000803B 		.word	998244352
 4442              		.section	.rodata.gemm_9_weights_array_intq,"a"
 4443              		.align	2
 4446              	gemm_9_weights_array_intq:
 4447 0000 0500     		.short	5
 4448 0002 2000     		.short	32
 4449 0004 00000000 		.word	__compound_literal.68
 4450              		.section	.rodata.__compound_literal.68,"a"
 4451              		.align	2
 4454              	__compound_literal.68:
 4455 0000 00000000 		.word	__compound_literal.66
 4456 0004 00000000 		.word	__compound_literal.67
 4457              		.section	.rodata.__compound_literal.67,"a"
 4458              		.align	2
 4461              	__compound_literal.67:
 4462 0000 00000000 		.space	32
 4462      00000000 
 4462      00000000 
 4462      00000000 
 4462      00000000 
 4463              		.section	.rodata.__compound_literal.66,"a"
 4464              		.align	2
 4467              	__compound_literal.66:
 4468 0000 BD78243B 		.word	992245949
 4469 0004 4A5BBD3A 		.word	985488202
 4470 0008 8EA1C03A 		.word	985702798
 4471 000c FD3FDD3A 		.word	987578365
 4472 0010 E2C6F03A 		.word	988858082
 4473 0014 57F2AD3A 		.word	984478295
 4474 0018 3F110C3B 		.word	990646591
 4475 001c 1F61D43A 		.word	986997023
 4476 0020 1446963A 		.word	982926868
 4477 0024 E4ED0B3B 		.word	990637540
 4478 0028 77F4E33A 		.word	988017783
 4479 002c 4A7ACF3A 		.word	986675786
 4480 0030 254CE33A 		.word	987974693
 4481 0034 515EC83A 		.word	986209873
 4482 0038 3771D93A 		.word	987328823
 4483 003c E3F5B63A 		.word	985069027
 4484 0040 9B2F1B3B 		.word	991637403
 4485 0044 55932D3B 		.word	992842581
 4486 0048 A44DCA3A 		.word	986336676
 4487 004c F1E5053B 		.word	990242289
 4488 0050 1DDB453B 		.word	994433821
 4489 0054 D61AF93A 		.word	989403862
 4490 0058 5911DE3A 		.word	987631961
ARM GAS  /tmp/cc5QMZ95.s 			page 99


 4491 005c 56DDB93A 		.word	985259350
 4492 0060 CE99C03A 		.word	985700814
 4493 0064 E167DF3A 		.word	987719649
 4494 0068 1E4DE13A 		.word	987843870
 4495 006c 9CE11A3B 		.word	991617436
 4496 0070 0890DC3A 		.word	987533320
 4497 0074 74FCB43A 		.word	984939636
 4498 0078 DE93143B 		.word	991204318
 4499 007c F81FF63A 		.word	989208568
 4500              		.section	.rodata.gemm_9_output_array_intq,"a"
 4501              		.align	2
 4504              	gemm_9_output_array_intq:
 4505 0000 0500     		.short	5
 4506 0002 0100     		.short	1
 4507 0004 00000000 		.word	__compound_literal.65
 4508              		.section	.rodata.__compound_literal.65,"a"
 4509              		.align	2
 4512              	__compound_literal.65:
 4513 0000 00000000 		.word	__compound_literal.63
 4514 0004 00000000 		.word	__compound_literal.64
 4515              		.section	.rodata.__compound_literal.64,"a"
 4516              		.align	2
 4519              	__compound_literal.64:
 4520 0000 80       		.byte	-128
 4521              		.section	.rodata.__compound_literal.63,"a"
 4522              		.align	2
 4525              	__compound_literal.63:
 4526 0000 FB48B43C 		.word	1018448123
 4527              		.section	.rodata.gemm_8_weights_array_intq,"a"
 4528              		.align	2
 4531              	gemm_8_weights_array_intq:
 4532 0000 0500     		.short	5
 4533 0002 2000     		.short	32
 4534 0004 00000000 		.word	__compound_literal.62
 4535              		.section	.rodata.__compound_literal.62,"a"
 4536              		.align	2
 4539              	__compound_literal.62:
 4540 0000 00000000 		.word	__compound_literal.60
 4541 0004 00000000 		.word	__compound_literal.61
 4542              		.section	.rodata.__compound_literal.61,"a"
 4543              		.align	2
 4546              	__compound_literal.61:
 4547 0000 00000000 		.space	32
 4547      00000000 
 4547      00000000 
 4547      00000000 
 4547      00000000 
 4548              		.section	.rodata.__compound_literal.60,"a"
 4549              		.align	2
 4552              	__compound_literal.60:
 4553 0000 E1A79E3A 		.word	983476193
 4554 0004 B8A1C93A 		.word	986292664
 4555 0008 FE87C43A 		.word	985958398
 4556 000c 174FAB3A 		.word	984305431
 4557 0010 B5450C3B 		.word	990660021
 4558 0014 CC8FAF3A 		.word	984584140
 4559 0018 980AEE3A 		.word	988678808
ARM GAS  /tmp/cc5QMZ95.s 			page 100


 4560 001c A4AE9A3A 		.word	983215780
 4561 0020 1086053B 		.word	990217744
 4562 0024 A537F43A 		.word	989083557
 4563 0028 808AD33A 		.word	986942080
 4564 002c BC6A063B 		.word	990276284
 4565 0030 44B0163B 		.word	991342660
 4566 0034 764B143B 		.word	991185782
 4567 0038 3C84A83A 		.word	984122428
 4568 003c F1C1043B 		.word	990167537
 4569 0040 18E8D63A 		.word	987162648
 4570 0044 BEEDAB3A 		.word	984346046
 4571 0048 AC9D9D3A 		.word	983408044
 4572 004c 814CF73A 		.word	989285505
 4573 0050 3324133B 		.word	991110195
 4574 0054 1C31B03A 		.word	984625436
 4575 0058 FFB3003B 		.word	989901823
 4576 005c 4B94C53A 		.word	986027083
 4577 0060 D378DB3A 		.word	987461843
 4578 0064 8945143B 		.word	991184265
 4579 0068 9809D13A 		.word	986778008
 4580 006c 17E2CE3A 		.word	986636823
 4581 0070 D64CCC3A 		.word	986467542
 4582 0074 C62CB63A 		.word	985017542
 4583 0078 6248BE3A 		.word	985548898
 4584 007c 878EB73A 		.word	985108103
 4585              		.section	.rodata.gemm_8_output_array_intq,"a"
 4586              		.align	2
 4589              	gemm_8_output_array_intq:
 4590 0000 0500     		.short	5
 4591 0002 0100     		.short	1
 4592 0004 00000000 		.word	__compound_literal.59
 4593              		.section	.rodata.__compound_literal.59,"a"
 4594              		.align	2
 4597              	__compound_literal.59:
 4598 0000 00000000 		.word	__compound_literal.57
 4599 0004 00000000 		.word	__compound_literal.58
 4600              		.section	.rodata.__compound_literal.58,"a"
 4601              		.align	2
 4604              	__compound_literal.58:
 4605 0000 08       		.byte	8
 4606              		.section	.rodata.__compound_literal.57,"a"
 4607              		.align	2
 4610              	__compound_literal.57:
 4611 0000 952E113D 		.word	1024536213
 4612              		.section	.rodata.gemm_6_weights_array_intq,"a"
 4613              		.align	2
 4616              	gemm_6_weights_array_intq:
 4617 0000 0500     		.short	5
 4618 0002 3000     		.short	48
 4619 0004 00000000 		.word	__compound_literal.56
 4620              		.section	.rodata.__compound_literal.56,"a"
 4621              		.align	2
 4624              	__compound_literal.56:
 4625 0000 00000000 		.word	__compound_literal.54
 4626 0004 00000000 		.word	__compound_literal.55
 4627              		.section	.rodata.__compound_literal.55,"a"
 4628              		.align	2
ARM GAS  /tmp/cc5QMZ95.s 			page 101


 4631              	__compound_literal.55:
 4632 0000 00000000 		.space	48
 4632      00000000 
 4632      00000000 
 4632      00000000 
 4632      00000000 
 4633              		.section	.rodata.__compound_literal.54,"a"
 4634              		.align	2
 4637              	__compound_literal.54:
 4638 0000 CF97873B 		.word	998741967
 4639 0004 3CF00A3C 		.word	1007349820
 4640 0008 93C47D3B 		.word	998098067
 4641 000c DAA9AD3B 		.word	1001236954
 4642 0010 8493003B 		.word	989893508
 4643 0014 5CDA7E3B 		.word	998169180
 4644 0018 93A7613B 		.word	996255635
 4645 001c ABE9823B 		.word	998435243
 4646 0020 0FD1983B 		.word	999870735
 4647 0024 3BB1AB3B 		.word	1001107771
 4648 0028 93B16E3B 		.word	997110163
 4649 002c EF0F903B 		.word	999297007
 4650 0030 2B868B3B 		.word	998999595
 4651 0034 E9B5843B 		.word	998553065
 4652 0038 72CFA03B 		.word	1000394610
 4653 003c 7CB3883B 		.word	998814588
 4654 0040 7C9B903B 		.word	999332732
 4655 0044 F9AF883B 		.word	998813689
 4656 0048 0D567E3B 		.word	998135309
 4657 004c 1249803B 		.word	998263058
 4658 0050 DF1D803B 		.word	998251999
 4659 0054 85BA8B3B 		.word	999012997
 4660 0058 6D568A3B 		.word	998921837
 4661 005c 9176503B 		.word	995128977
 4662 0060 A736A33B 		.word	1000552103
 4663 0064 74F9683B 		.word	996735348
 4664 0068 9402603B 		.word	996147860
 4665 006c 9485703B 		.word	997229972
 4666 0070 7F7E0E3B 		.word	990805631
 4667 0074 EF49703B 		.word	997214703
 4668 0078 A597253B 		.word	992319397
 4669 007c E5D3153B 		.word	991286245
 4670 0080 F262393B 		.word	993616626
 4671 0084 99544E3B 		.word	994989209
 4672 0088 782A4D3B 		.word	994912888
 4673 008c F1BD6C3B 		.word	996982257
 4674 0090 168A8F3B 		.word	999262742
 4675 0094 82AD6F3B 		.word	997174658
 4676 0098 7012843B 		.word	998511216
 4677 009c E2EB163B 		.word	991357922
 4678 00a0 70E77F3B 		.word	998238064
 4679 00a4 4F68B73B 		.word	1001875535
 4680 00a8 89D8773B 		.word	997709961
 4681 00ac 42D1873B 		.word	998756674
 4682 00b0 37F65A3B 		.word	995817015
 4683 00b4 6878A23B 		.word	1000503400
 4684 00b8 F4544D3B 		.word	994923764
 4685 00bc 56BF9A3B 		.word	999997270
ARM GAS  /tmp/cc5QMZ95.s 			page 102


 4686              		.section	.rodata.gemm_6_output_array_intq,"a"
 4687              		.align	2
 4690              	gemm_6_output_array_intq:
 4691 0000 0500     		.short	5
 4692 0002 0100     		.short	1
 4693 0004 00000000 		.word	__compound_literal.53
 4694              		.section	.rodata.__compound_literal.53,"a"
 4695              		.align	2
 4698              	__compound_literal.53:
 4699 0000 00000000 		.word	__compound_literal.51
 4700 0004 00000000 		.word	__compound_literal.52
 4701              		.section	.rodata.__compound_literal.52,"a"
 4702              		.align	2
 4705              	__compound_literal.52:
 4706 0000 E1       		.byte	-31
 4707              		.section	.rodata.__compound_literal.51,"a"
 4708              		.align	2
 4711              	__compound_literal.51:
 4712 0000 93E06F3D 		.word	1030742163
 4713              		.section	.rodata.gemm_5_weights_array_intq,"a"
 4714              		.align	2
 4717              	gemm_5_weights_array_intq:
 4718 0000 0500     		.short	5
 4719 0002 3000     		.short	48
 4720 0004 00000000 		.word	__compound_literal.50
 4721              		.section	.rodata.__compound_literal.50,"a"
 4722              		.align	2
 4725              	__compound_literal.50:
 4726 0000 00000000 		.word	__compound_literal.48
 4727 0004 00000000 		.word	__compound_literal.49
 4728              		.section	.rodata.__compound_literal.49,"a"
 4729              		.align	2
 4732              	__compound_literal.49:
 4733 0000 00000000 		.space	48
 4733      00000000 
 4733      00000000 
 4733      00000000 
 4733      00000000 
 4734              		.section	.rodata.__compound_literal.48,"a"
 4735              		.align	2
 4738              	__compound_literal.48:
 4739 0000 C92F0D3B 		.word	990719945
 4740 0004 BF410C3B 		.word	990659007
 4741 0008 2DD30C3B 		.word	990696237
 4742 000c 4C8E0F3B 		.word	990875212
 4743 0010 4357213B 		.word	992040771
 4744 0014 C1DF423B 		.word	994238401
 4745 0018 2BA60D3B 		.word	990750251
 4746 001c 61C4353B 		.word	993379425
 4747 0020 F630023B 		.word	989999350
 4748 0024 4D24063B 		.word	990258253
 4749 0028 8C3A2C3B 		.word	992754316
 4750 002c C404E63A 		.word	988153028
 4751 0030 90E9EE3A 		.word	988735888
 4752 0034 B22C313B 		.word	993078450
 4753 0038 B22EDA3A 		.word	987377330
 4754 003c 18F2633B 		.word	996405784
ARM GAS  /tmp/cc5QMZ95.s 			page 103


 4755 0040 7B42253B 		.word	992297595
 4756 0044 2E13003B 		.word	989860654
 4757 0048 82F1AC3A 		.word	984412546
 4758 004c 5FF1343B 		.word	993325407
 4759 0050 F6B80C3B 		.word	990689526
 4760 0054 C342003B 		.word	989872835
 4761 0058 32BBDF3A 		.word	987740978
 4762 005c 7279113B 		.word	991000946
 4763 0060 0996563B 		.word	995530249
 4764 0064 A801013B 		.word	989921704
 4765 0068 A3722F3B 		.word	992965283
 4766 006c B97E043B 		.word	990150329
 4767 0070 7F3E043B 		.word	990133887
 4768 0074 88370A3B 		.word	990525320
 4769 0078 DA95093B 		.word	990483930
 4770 007c 8CDB083B 		.word	990436236
 4771 0080 3AD14C3B 		.word	994890042
 4772 0084 C33DDA3A 		.word	987381187
 4773 0088 9ABC013B 		.word	989969562
 4774 008c 4674E03A 		.word	987788358
 4775 0090 867BCE3A 		.word	986610566
 4776 0094 29C7353B 		.word	993380137
 4777 0098 6C27C73A 		.word	986130284
 4778 009c B64B153B 		.word	991251382
 4779 00a0 B583F53A 		.word	989168565
 4780 00a4 3CB9F43A 		.word	989116732
 4781 00a8 0EB6273B 		.word	992458254
 4782 00ac 84E0043B 		.word	990175364
 4783 00b0 C8FE153B 		.word	991297224
 4784 00b4 86AB263B 		.word	992390022
 4785 00b8 8EFC233B 		.word	992214158
 4786 00bc 3022103B 		.word	990913072
 4787              		.section	.rodata.gemm_5_output_array_intq,"a"
 4788              		.align	2
 4791              	gemm_5_output_array_intq:
 4792 0000 0500     		.short	5
 4793 0002 0100     		.short	1
 4794 0004 00000000 		.word	__compound_literal.47
 4795              		.section	.rodata.__compound_literal.47,"a"
 4796              		.align	2
 4799              	__compound_literal.47:
 4800 0000 00000000 		.word	__compound_literal.45
 4801 0004 00000000 		.word	__compound_literal.46
 4802              		.section	.rodata.__compound_literal.46,"a"
 4803              		.align	2
 4806              	__compound_literal.46:
 4807 0000 80       		.byte	-128
 4808              		.section	.rodata.__compound_literal.45,"a"
 4809              		.align	2
 4812              	__compound_literal.45:
 4813 0000 0AA1D33C 		.word	1020502282
 4814              		.section	.rodata.gemm_4_weights_array_intq,"a"
 4815              		.align	2
 4818              	gemm_4_weights_array_intq:
 4819 0000 0500     		.short	5
 4820 0002 3000     		.short	48
 4821 0004 00000000 		.word	__compound_literal.44
ARM GAS  /tmp/cc5QMZ95.s 			page 104


 4822              		.section	.rodata.__compound_literal.44,"a"
 4823              		.align	2
 4826              	__compound_literal.44:
 4827 0000 00000000 		.word	__compound_literal.42
 4828 0004 00000000 		.word	__compound_literal.43
 4829              		.section	.rodata.__compound_literal.43,"a"
 4830              		.align	2
 4833              	__compound_literal.43:
 4834 0000 00000000 		.space	48
 4834      00000000 
 4834      00000000 
 4834      00000000 
 4834      00000000 
 4835              		.section	.rodata.__compound_literal.42,"a"
 4836              		.align	2
 4839              	__compound_literal.42:
 4840 0000 C9C1F93A 		.word	989446601
 4841 0004 20C4133B 		.word	991151136
 4842 0008 54990D3B 		.word	990746964
 4843 000c B7A7DF3A 		.word	987735991
 4844 0010 BBDC073B 		.word	990371003
 4845 0014 4FC2DF3A 		.word	987742799
 4846 0018 DED9C73A 		.word	986175966
 4847 001c C1770A3B 		.word	990541761
 4848 0020 EDA6113B 		.word	991012589
 4849 0024 75F1293B 		.word	992604533
 4850 0028 86B32D3B 		.word	992850822
 4851 002c ABA21D3B 		.word	991797931
 4852 0030 D3572B3B 		.word	992696275
 4853 0034 537F063B 		.word	990281555
 4854 0038 35EA173B 		.word	991423029
 4855 003c 1CFE1B3B 		.word	991690268
 4856 0040 010A383B 		.word	993528321
 4857 0044 99C5093B 		.word	990496153
 4858 0048 EC4F253B 		.word	992301036
 4859 004c 57A01D3B 		.word	991797335
 4860 0050 0DC9423B 		.word	994232589
 4861 0054 907AF53A 		.word	989166224
 4862 0058 D673E33A 		.word	987984854
 4863 005c 6A7D013B 		.word	989953386
 4864 0060 32E2053B 		.word	990241330
 4865 0064 4B5FBE3A 		.word	985554763
 4866 0068 B8E8293B 		.word	992602296
 4867 006c E537C93A 		.word	986265573
 4868 0070 E060BB3A 		.word	985358560
 4869 0074 DB41213B 		.word	992035291
 4870 0078 72531F3B 		.word	991908722
 4871 007c CF83EA3A 		.word	988447695
 4872 0080 E36CA93A 		.word	984181987
 4873 0084 9326283B 		.word	992487059
 4874 0088 D9CABF3A 		.word	985647833
 4875 008c 804BD63A 		.word	987122560
 4876 0090 EDBB1B3B 		.word	991673325
 4877 0094 58BB393B 		.word	993639256
 4878 0098 2228053B 		.word	990193698
 4879 009c EAC1D83A 		.word	987283946
 4880 00a0 7C7D083B 		.word	990412156
ARM GAS  /tmp/cc5QMZ95.s 			page 105


 4881 00a4 9D8C083B 		.word	990416029
 4882 00a8 794CD03A 		.word	986729593
 4883 00ac 8D952A3B 		.word	992646541
 4884 00b0 20691D3B 		.word	991783200
 4885 00b4 897DF63A 		.word	989232521
 4886 00b8 61A1EF3A 		.word	988782945
 4887 00bc F027173B 		.word	991373296
 4888              		.section	.rodata.gemm_4_output_array_intq,"a"
 4889              		.align	2
 4892              	gemm_4_output_array_intq:
 4893 0000 0500     		.short	5
 4894 0002 0100     		.short	1
 4895 0004 00000000 		.word	__compound_literal.41
 4896              		.section	.rodata.__compound_literal.41,"a"
 4897              		.align	2
 4900              	__compound_literal.41:
 4901 0000 00000000 		.word	__compound_literal.39
 4902 0004 00000000 		.word	__compound_literal.40
 4903              		.section	.rodata.__compound_literal.40,"a"
 4904              		.align	2
 4907              	__compound_literal.40:
 4908 0000 FA       		.byte	-6
 4909              		.section	.rodata.__compound_literal.39,"a"
 4910              		.align	2
 4913              	__compound_literal.39:
 4914 0000 C340203D 		.word	1025523907
 4915              		.section	.rodata.gemm_2_weights_array_intq,"a"
 4916              		.align	2
 4919              	gemm_2_weights_array_intq:
 4920 0000 0500     		.short	5
 4921 0002 4000     		.short	64
 4922 0004 00000000 		.word	__compound_literal.38
 4923              		.section	.rodata.__compound_literal.38,"a"
 4924              		.align	2
 4927              	__compound_literal.38:
 4928 0000 00000000 		.word	__compound_literal.36
 4929 0004 00000000 		.word	__compound_literal.37
 4930              		.section	.rodata.__compound_literal.37,"a"
 4931              		.align	2
 4934              	__compound_literal.37:
 4935 0000 00000000 		.space	64
 4935      00000000 
 4935      00000000 
 4935      00000000 
 4935      00000000 
 4936              		.section	.rodata.__compound_literal.36,"a"
 4937              		.align	2
 4940              	__compound_literal.36:
 4941 0000 26018E3B 		.word	999162150
 4942 0004 D260823B 		.word	998400210
 4943 0008 FB606E3B 		.word	997089531
 4944 000c 0D50A43B 		.word	1000624141
 4945 0010 3496D93B 		.word	1004115508
 4946 0014 06E8A33B 		.word	1000597510
 4947 0018 49CF7B3B 		.word	997969737
 4948 001c 9CF2823B 		.word	998437532
 4949 0020 C751A73B 		.word	1000821191
ARM GAS  /tmp/cc5QMZ95.s 			page 106


 4950 0024 D8A3D53B 		.word	1003856856
 4951 0028 1A62C43B 		.word	1002725914
 4952 002c ADA3A13B 		.word	1000448941
 4953 0030 277CB33B 		.word	1001618471
 4954 0034 34E66F3B 		.word	997189172
 4955 0038 9083803B 		.word	998278032
 4956 003c 1F1CA53B 		.word	1000676383
 4957 0040 C53D943B 		.word	999570885
 4958 0044 59E5A03B 		.word	1000400217
 4959 0048 75DB9E3B 		.word	1000266613
 4960 004c DB6EC93B 		.word	1003056859
 4961 0050 8FFC913B 		.word	999423119
 4962 0054 39FF553B 		.word	995491641
 4963 0058 3AC1BA3B 		.word	1002094906
 4964 005c 304EAA3B 		.word	1001016880
 4965 0060 CDD99C3B 		.word	1000135117
 4966 0064 EF6C933B 		.word	999517423
 4967 0068 64348D3B 		.word	999109732
 4968 006c B626833B 		.word	998450870
 4969 0070 6ECC913B 		.word	999410798
 4970 0074 F2D98F3B 		.word	999283186
 4971 0078 86048B3B 		.word	998966406
 4972 007c 8B3F893B 		.word	998850443
 4973 0080 5A61923B 		.word	999448922
 4974 0084 AEB3923B 		.word	999469998
 4975 0088 057F783B 		.word	997752581
 4976 008c 6C015D3B 		.word	995950956
 4977 0090 989E6F3B 		.word	997170840
 4978 0094 A6EC8E3B 		.word	999222438
 4979 0098 DB27AE3B 		.word	1001269211
 4980 009c 042D7C3B 		.word	997993732
 4981 00a0 C4566D3B 		.word	997021380
 4982 00a4 20B2933B 		.word	999535136
 4983 00a8 E54A623B 		.word	996297445
 4984 00ac BCFC6E3B 		.word	997129404
 4985 00b0 9611A83B 		.word	1000870294
 4986 00b4 E709713B 		.word	997263847
 4987 00b8 2C8A9E3B 		.word	1000245804
 4988 00bc C75C4C3B 		.word	994860231
 4989 00c0 0718873B 		.word	998709255
 4990 00c4 03864E3B 		.word	995001859
 4991 00c8 6539973B 		.word	999766373
 4992 00cc 38FF943B 		.word	999620408
 4993 00d0 72F8773B 		.word	997718130
 4994 00d4 5E95843B 		.word	998544734
 4995 00d8 2CFAA33B 		.word	1000602156
 4996 00dc 5825773B 		.word	997664088
 4997 00e0 CD8A683B 		.word	996707021
 4998 00e4 D4B05E3B 		.word	996061396
 4999 00e8 02FF923B 		.word	999489282
 5000 00ec 8509803B 		.word	998246789
 5001 00f0 B7CB833B 		.word	998493111
 5002 00f4 46C56C3B 		.word	996984134
 5003 00f8 B1F2963B 		.word	999748273
 5004 00fc 592F903B 		.word	999305049
 5005              		.section	.rodata.gemm_2_output_array_intq,"a"
 5006              		.align	2
ARM GAS  /tmp/cc5QMZ95.s 			page 107


 5009              	gemm_2_output_array_intq:
 5010 0000 0500     		.short	5
 5011 0002 0100     		.short	1
 5012 0004 00000000 		.word	__compound_literal.35
 5013              		.section	.rodata.__compound_literal.35,"a"
 5014              		.align	2
 5017              	__compound_literal.35:
 5018 0000 00000000 		.word	__compound_literal.33
 5019 0004 00000000 		.word	__compound_literal.34
 5020              		.section	.rodata.__compound_literal.34,"a"
 5021              		.align	2
 5024              	__compound_literal.34:
 5025 0000 00       		.space	1
 5026              		.section	.rodata.__compound_literal.33,"a"
 5027              		.align	2
 5030              	__compound_literal.33:
 5031 0000 9AD6663D 		.word	1030149786
 5032              		.section	.rodata.gemm_1_weights_array_intq,"a"
 5033              		.align	2
 5036              	gemm_1_weights_array_intq:
 5037 0000 0500     		.short	5
 5038 0002 4000     		.short	64
 5039 0004 00000000 		.word	__compound_literal.32
 5040              		.section	.rodata.__compound_literal.32,"a"
 5041              		.align	2
 5044              	__compound_literal.32:
 5045 0000 00000000 		.word	__compound_literal.30
 5046 0004 00000000 		.word	__compound_literal.31
 5047              		.section	.rodata.__compound_literal.31,"a"
 5048              		.align	2
 5051              	__compound_literal.31:
 5052 0000 00000000 		.space	64
 5052      00000000 
 5052      00000000 
 5052      00000000 
 5052      00000000 
 5053              		.section	.rodata.__compound_literal.30,"a"
 5054              		.align	2
 5057              	__compound_literal.30:
 5058 0000 9C2F783B 		.word	997732252
 5059 0004 D2B17E3B 		.word	998158802
 5060 0008 503DB73B 		.word	1001864528
 5061 000c D83A8E3B 		.word	999176920
 5062 0010 B8433F3B 		.word	994001848
 5063 0014 E9D4803B 		.word	998298857
 5064 0018 022C8B3B 		.word	998976514
 5065 001c EB148D3B 		.word	999101675
 5066 0020 C88C943B 		.word	999591112
 5067 0024 597DF43B 		.word	1005878617
 5068 0028 64AC9D3B 		.word	1000189028
 5069 002c BBF2A23B 		.word	1000534715
 5070 0030 4CAA893B 		.word	998877772
 5071 0034 1A585A3B 		.word	995776538
 5072 0038 1C06813B 		.word	998311452
 5073 003c 3C8A803B 		.word	998279740
 5074 0040 39A2683B 		.word	996713017
 5075 0044 8D748B3B 		.word	998995085
ARM GAS  /tmp/cc5QMZ95.s 			page 108


 5076 0048 AA01863B 		.word	998637994
 5077 004c 59CEA53B 		.word	1000722009
 5078 0050 53067E3B 		.word	998114899
 5079 0054 E1C9853B 		.word	998623713
 5080 0058 9E6F9C3B 		.word	1000107934
 5081 005c 1514D23B 		.word	1003623445
 5082 0060 0625CF3B 		.word	1003431174
 5083 0064 94F7813B 		.word	998373268
 5084 0068 6926C83B 		.word	1002972777
 5085 006c FFC3783B 		.word	997770239
 5086 0070 1E94BB3B 		.word	1002148894
 5087 0074 A0B37E3B 		.word	998159264
 5088 0078 4A12B83B 		.word	1001919050
 5089 007c 0717903B 		.word	999298823
 5090 0080 20FC893B 		.word	998898720
 5091 0084 0F79EE3B 		.word	1005484303
 5092 0088 01F7673B 		.word	996669185
 5093 008c EE927A3B 		.word	997888750
 5094 0090 3004983B 		.word	999818288
 5095 0094 4C52603B 		.word	996168268
 5096 0098 A4D8BE3B 		.word	1002363044
 5097 009c 4EAD943B 		.word	999599438
 5098 00a0 F410673B 		.word	996610292
 5099 00a4 C251853B 		.word	998592962
 5100 00a8 79EE983B 		.word	999878265
 5101 00ac 3196683B 		.word	996709937
 5102 00b0 A459883B 		.word	998791588
 5103 00b4 AE7D283B 		.word	992509358
 5104 00b8 63638A3B 		.word	998925155
 5105 00bc E51A613B 		.word	996219621
 5106 00c0 3CF1963B 		.word	999747900
 5107 00c4 3B34943B 		.word	999568443
 5108 00c8 5BA0B03B 		.word	1001431131
 5109 00cc 39CEB23B 		.word	1001573945
 5110 00d0 0A4E9B3B 		.word	1000033802
 5111 00d4 BF92763B 		.word	997626559
 5112 00d8 E2158A3B 		.word	998905314
 5113 00dc FE9A4F3B 		.word	995072766
 5114 00e0 EB5D5F3B 		.word	996105707
 5115 00e4 025FAE3B 		.word	1001283330
 5116 00e8 1B98813B 		.word	998348827
 5117 00ec A0E3B63B 		.word	1001841568
 5118 00f0 DC286F3B 		.word	997140700
 5119 00f4 9D6AC93B 		.word	1003055773
 5120 00f8 912FC53B 		.word	1002778513
 5121 00fc D6B38E3B 		.word	999207894
 5122              		.section	.rodata.gemm_1_output_array_intq,"a"
 5123              		.align	2
 5126              	gemm_1_output_array_intq:
 5127 0000 0500     		.short	5
 5128 0002 0100     		.short	1
 5129 0004 00000000 		.word	__compound_literal.29
 5130              		.section	.rodata.__compound_literal.29,"a"
 5131              		.align	2
 5134              	__compound_literal.29:
 5135 0000 00000000 		.word	__compound_literal.27
 5136 0004 00000000 		.word	__compound_literal.28
ARM GAS  /tmp/cc5QMZ95.s 			page 109


 5137              		.section	.rodata.__compound_literal.28,"a"
 5138              		.align	2
 5141              	__compound_literal.28:
 5142 0000 80       		.byte	-128
 5143              		.section	.rodata.__compound_literal.27,"a"
 5144              		.align	2
 5147              	__compound_literal.27:
 5148 0000 F5D98D3C 		.word	1015929333
 5149              		.section	.rodata.gemm_12_weights_array_intq,"a"
 5150              		.align	2
 5153              	gemm_12_weights_array_intq:
 5154 0000 0500     		.short	5
 5155 0002 0900     		.short	9
 5156 0004 00000000 		.word	__compound_literal.26
 5157              		.section	.rodata.__compound_literal.26,"a"
 5158              		.align	2
 5161              	__compound_literal.26:
 5162 0000 00000000 		.word	__compound_literal.24
 5163 0004 00000000 		.word	__compound_literal.25
 5164              		.section	.rodata.__compound_literal.25,"a"
 5165              		.align	2
 5168              	__compound_literal.25:
 5169 0000 00000000 		.space	9
 5169      00000000 
 5169      00
 5170              		.section	.rodata.__compound_literal.24,"a"
 5171              		.align	2
 5174              	__compound_literal.24:
 5175 0000 0F8CC23B 		.word	1002605583
 5176 0004 2E44563B 		.word	995509294
 5177 0008 6D354E3B 		.word	994981229
 5178 000c E21D513B 		.word	995171810
 5179 0010 2DD59B3B 		.word	1000068397
 5180 0014 9C5F8D3B 		.word	999120796
 5181 0018 DC06D63B 		.word	1003882204
 5182 001c 6279C03B 		.word	1002469730
 5183 0020 0C5CB43B 		.word	1001675788
 5184              		.section	.rodata.gemm_12_output_array_intq,"a"
 5185              		.align	2
 5188              	gemm_12_output_array_intq:
 5189 0000 0500     		.short	5
 5190 0002 0100     		.short	1
 5191 0004 00000000 		.word	__compound_literal.23
 5192              		.section	.rodata.__compound_literal.23,"a"
 5193              		.align	2
 5196              	__compound_literal.23:
 5197 0000 00000000 		.word	__compound_literal.21
 5198 0004 00000000 		.word	__compound_literal.22
 5199              		.section	.rodata.__compound_literal.22,"a"
 5200              		.align	2
 5203              	__compound_literal.22:
 5204 0000 1F       		.byte	31
 5205              		.section	.rodata.__compound_literal.21,"a"
 5206              		.align	2
 5209              	__compound_literal.21:
 5210 0000 A5B8933D 		.word	1033091237
 5211              		.section	.rodata.gemm_10_weights_array_intq,"a"
ARM GAS  /tmp/cc5QMZ95.s 			page 110


 5212              		.align	2
 5215              	gemm_10_weights_array_intq:
 5216 0000 0500     		.short	5
 5217 0002 2000     		.short	32
 5218 0004 00000000 		.word	__compound_literal.20
 5219              		.section	.rodata.__compound_literal.20,"a"
 5220              		.align	2
 5223              	__compound_literal.20:
 5224 0000 00000000 		.word	__compound_literal.18
 5225 0004 00000000 		.word	__compound_literal.19
 5226              		.section	.rodata.__compound_literal.19,"a"
 5227              		.align	2
 5230              	__compound_literal.19:
 5231 0000 00000000 		.space	32
 5231      00000000 
 5231      00000000 
 5231      00000000 
 5231      00000000 
 5232              		.section	.rodata.__compound_literal.18,"a"
 5233              		.align	2
 5236              	__compound_literal.18:
 5237 0000 C8EA5F3B 		.word	996141768
 5238 0004 8362813B 		.word	998335107
 5239 0008 A80F383B 		.word	993529768
 5240 000c C42D463B 		.word	994454980
 5241 0010 314B863B 		.word	998656817
 5242 0014 CB05583B 		.word	995624395
 5243 0018 6A0B653B 		.word	996477802
 5244 001c 1EE61F3B 		.word	991946270
 5245 0020 20C4563B 		.word	995542048
 5246 0024 37087E3B 		.word	998115383
 5247 0028 676E203B 		.word	991981159
 5248 002c FC84883B 		.word	998802684
 5249 0030 066A333B 		.word	993225222
 5250 0034 D4F3553B 		.word	995488724
 5251 0038 20D8863B 		.word	998692896
 5252 003c 46F0673B 		.word	996667462
 5253 0040 4452333B 		.word	993219140
 5254 0044 396C683B 		.word	996699193
 5255 0048 D8277D3B 		.word	998057944
 5256 004c C8754F3B 		.word	995063240
 5257 0050 F757363B 		.word	993417207
 5258 0054 D039803B 		.word	998259152
 5259 0058 F040323B 		.word	993149168
 5260 005c E3FB4D3B 		.word	994966499
 5261 0060 E2D86F3B 		.word	997185762
 5262 0064 64F48B3B 		.word	999027812
 5263 0068 4EA45C3B 		.word	995927118
 5264 006c A1A7693B 		.word	996779937
 5265 0070 8AF4AF3B 		.word	1001387146
 5266 0074 CCB5613B 		.word	996259276
 5267 0078 BDF42D3B 		.word	992867517
 5268 007c 8EA8363B 		.word	993437838
 5269              		.section	.rodata.gemm_10_output_array_intq,"a"
 5270              		.align	2
 5273              	gemm_10_output_array_intq:
 5274 0000 0500     		.short	5
ARM GAS  /tmp/cc5QMZ95.s 			page 111


 5275 0002 0100     		.short	1
 5276 0004 00000000 		.word	__compound_literal.17
 5277              		.section	.rodata.__compound_literal.17,"a"
 5278              		.align	2
 5281              	__compound_literal.17:
 5282 0000 00000000 		.word	__compound_literal.15
 5283 0004 00000000 		.word	__compound_literal.16
 5284              		.section	.rodata.__compound_literal.16,"a"
 5285              		.align	2
 5288              	__compound_literal.16:
 5289 0000 DA       		.byte	-38
 5290              		.section	.rodata.__compound_literal.15,"a"
 5291              		.align	2
 5294              	__compound_literal.15:
 5295 0000 83206B3D 		.word	1030430851
 5296              		.section	.rodata.gemm_0_weights_array_intq,"a"
 5297              		.align	2
 5300              	gemm_0_weights_array_intq:
 5301 0000 0500     		.short	5
 5302 0002 4000     		.short	64
 5303 0004 00000000 		.word	__compound_literal.14
 5304              		.section	.rodata.__compound_literal.14,"a"
 5305              		.align	2
 5308              	__compound_literal.14:
 5309 0000 00000000 		.word	__compound_literal.12
 5310 0004 00000000 		.word	__compound_literal.13
 5311              		.section	.rodata.__compound_literal.13,"a"
 5312              		.align	2
 5315              	__compound_literal.13:
 5316 0000 00000000 		.space	64
 5316      00000000 
 5316      00000000 
 5316      00000000 
 5316      00000000 
 5317              		.section	.rodata.__compound_literal.12,"a"
 5318              		.align	2
 5321              	__compound_literal.12:
 5322 0000 85B6CC3C 		.word	1020049029
 5323 0004 5F5A9D3C 		.word	1016945247
 5324 0008 282AA03C 		.word	1017129512
 5325 000c 5053A43C 		.word	1017402192
 5326 0010 5C338F3C 		.word	1016017756
 5327 0014 C943843C 		.word	1015301065
 5328 0018 C909433D 		.word	1027803593
 5329 001c 2C98CB3C 		.word	1019975724
 5330 0020 5A84083D 		.word	1023968346
 5331 0024 A906AE3C 		.word	1018037929
 5332 0028 FD4EDA3C 		.word	1020940029
 5333 002c 22A1A13C 		.word	1017225506
 5334 0030 45D80D3D 		.word	1024317509
 5335 0034 B507C13C 		.word	1019283381
 5336 0038 DE9FA63C 		.word	1017552862
 5337 003c 46E0BE3C 		.word	1019142214
 5338 0040 76FE863C 		.word	1015479926
 5339 0044 B554F43C 		.word	1022645429
 5340 0048 0889883C 		.word	1015580936
 5341 004c 90DFD33C 		.word	1020518288
ARM GAS  /tmp/cc5QMZ95.s 			page 112


 5342 0050 05476B3C 		.word	1013663493
 5343 0054 B399E83C 		.word	1021876659
 5344 0058 518ABE3C 		.word	1019120209
 5345 005c 07E3BC3C 		.word	1019011847
 5346 0060 1D82113D 		.word	1024557597
 5347 0064 B6290B3D 		.word	1024141750
 5348 0068 1451B73C 		.word	1018646804
 5349 006c BA365A3C 		.word	1012545210
 5350 0070 FB71AC3C 		.word	1017934331
 5351 0074 9C06EE3C 		.word	1022232220
 5352 0078 1813843C 		.word	1015288600
 5353 007c 71C9813C 		.word	1015138673
 5354 0080 85F1803C 		.word	1015083397
 5355 0084 E1F5ED3C 		.word	1022227937
 5356 0088 7676E63C 		.word	1021736566
 5357 008c 3FD99F3D 		.word	1033886015
 5358 0090 3A911B3D 		.word	1025216826
 5359 0094 96DCA03D 		.word	1033952406
 5360 0098 F1B9B73C 		.word	1018673649
 5361 009c D971143D 		.word	1024750041
 5362 00a0 C8E89A3C 		.word	1016785096
 5363 00a4 C9EFC43C 		.word	1019539401
 5364 00a8 8CF8763C 		.word	1014429836
 5365 00ac F29E8C3D 		.word	1032625906
 5366 00b0 1290B33C 		.word	1018400786
 5367 00b4 F8A9713C 		.word	1014082040
 5368 00b8 6D66CF3C 		.word	1020225133
 5369 00bc DA5C493D 		.word	1028218074
 5370 00c0 4A2CAB3C 		.word	1017850954
 5371 00c4 311A963C 		.word	1016470065
 5372 00c8 4E36A43C 		.word	1017394766
 5373 00cc A0F38A3C 		.word	1015739296
 5374 00d0 9BE6083D 		.word	1023993499
 5375 00d4 6316863D 		.word	1032197731
 5376 00d8 5519F13C 		.word	1022433621
 5377 00dc 3ACEB23C 		.word	1018351162
 5378 00e0 860A873C 		.word	1015483014
 5379 00e4 56D3D13C 		.word	1020384086
 5380 00e8 6160BD3C 		.word	1019043937
 5381 00ec A19EA63C 		.word	1017552545
 5382 00f0 3FDB9B3C 		.word	1016847167
 5383 00f4 5F4B853C 		.word	1015368543
 5384 00f8 BC1C8D3C 		.word	1015880892
 5385 00fc 91C8413C 		.word	1010944145
 5386              		.section	.rodata.gemm_0_output_array_intq,"a"
 5387              		.align	2
 5390              	gemm_0_output_array_intq:
 5391 0000 0500     		.short	5
 5392 0002 0100     		.short	1
 5393 0004 00000000 		.word	__compound_literal.11
 5394              		.section	.rodata.__compound_literal.11,"a"
 5395              		.align	2
 5398              	__compound_literal.11:
 5399 0000 00000000 		.word	__compound_literal.9
 5400 0004 00000000 		.word	__compound_literal.10
 5401              		.section	.rodata.__compound_literal.10,"a"
 5402              		.align	2
ARM GAS  /tmp/cc5QMZ95.s 			page 113


 5405              	__compound_literal.10:
 5406 0000 80       		.byte	-128
 5407              		.section	.rodata.__compound_literal.9,"a"
 5408              		.align	2
 5411              	__compound_literal.9:
 5412 0000 232F803C 		.word	1015033635
 5413              		.section	.rodata.eltwise_7_output_array_intq,"a"
 5414              		.align	2
 5417              	eltwise_7_output_array_intq:
 5418 0000 0500     		.short	5
 5419 0002 0100     		.short	1
 5420 0004 00000000 		.word	__compound_literal.8
 5421              		.section	.rodata.__compound_literal.8,"a"
 5422              		.align	2
 5425              	__compound_literal.8:
 5426 0000 00000000 		.word	__compound_literal.6
 5427 0004 00000000 		.word	__compound_literal.7
 5428              		.section	.rodata.__compound_literal.7,"a"
 5429              		.align	2
 5432              	__compound_literal.7:
 5433 0000 80       		.byte	-128
 5434              		.section	.rodata.__compound_literal.6,"a"
 5435              		.align	2
 5438              	__compound_literal.6:
 5439 0000 5C8E143D 		.word	1024757340
 5440              		.section	.rodata.eltwise_3_output_array_intq,"a"
 5441              		.align	2
 5444              	eltwise_3_output_array_intq:
 5445 0000 0500     		.short	5
 5446 0002 0100     		.short	1
 5447 0004 00000000 		.word	__compound_literal.5
 5448              		.section	.rodata.__compound_literal.5,"a"
 5449              		.align	2
 5452              	__compound_literal.5:
 5453 0000 00000000 		.word	__compound_literal.3
 5454 0004 00000000 		.word	__compound_literal.4
 5455              		.section	.rodata.__compound_literal.4,"a"
 5456              		.align	2
 5459              	__compound_literal.4:
 5460 0000 80       		.byte	-128
 5461              		.section	.rodata.__compound_literal.3,"a"
 5462              		.align	2
 5465              	__compound_literal.3:
 5466 0000 958DE53C 		.word	1021676949
 5467              		.section	.rodata.eltwise_11_output_array_intq,"a"
 5468              		.align	2
 5471              	eltwise_11_output_array_intq:
 5472 0000 0500     		.short	5
 5473 0002 0100     		.short	1
 5474 0004 00000000 		.word	__compound_literal.2
 5475              		.section	.rodata.__compound_literal.2,"a"
 5476              		.align	2
 5479              	__compound_literal.2:
 5480 0000 00000000 		.word	__compound_literal.0
 5481 0004 00000000 		.word	__compound_literal.1
 5482              		.section	.rodata.__compound_literal.1,"a"
 5483              		.align	2
ARM GAS  /tmp/cc5QMZ95.s 			page 114


 5486              	__compound_literal.1:
 5487 0000 80       		.byte	-128
 5488              		.section	.rodata.__compound_literal.0,"a"
 5489              		.align	2
 5492              	__compound_literal.0:
 5493 0000 0967183D 		.word	1025009417
 5494              		.section	.data.nl_13_scratch0_array,"aw"
 5495              		.align	2
 5498              	nl_13_scratch0_array:
 5499 0000 40108400 		.word	8654912
 5500 0004 F8000000 		.word	248
 5501 0008 00000000 		.word	0
 5502 000c 00000000 		.word	0
 5503              		.section	.data.gemm_12_scratch0_array,"aw"
 5504              		.align	2
 5507              	gemm_12_scratch0_array:
 5508 0000 40088400 		.word	8652864
 5509 0004 4D000000 		.word	77
 5510 0008 00000000 		.word	0
 5511 000c 00000000 		.word	0
 5512              		.section	.data.gemm_10_scratch0_array,"aw"
 5513              		.align	2
 5516              	gemm_10_scratch0_array:
 5517 0000 40088400 		.word	8652864
 5518 0004 C0000000 		.word	192
 5519 0008 00000000 		.word	0
 5520 000c 00000000 		.word	0
 5521              		.section	.data.gemm_9_scratch0_array,"aw"
 5522              		.align	2
 5525              	gemm_9_scratch0_array:
 5526 0000 40088400 		.word	8652864
 5527 0004 D0000000 		.word	208
 5528 0008 00000000 		.word	0
 5529 000c 00000000 		.word	0
 5530              		.section	.data.gemm_8_scratch0_array,"aw"
 5531              		.align	2
 5534              	gemm_8_scratch0_array:
 5535 0000 40088400 		.word	8652864
 5536 0004 D0000000 		.word	208
 5537 0008 00000000 		.word	0
 5538 000c 00000000 		.word	0
 5539              		.section	.data.gemm_6_scratch0_array,"aw"
 5540              		.align	2
 5543              	gemm_6_scratch0_array:
 5544 0000 40088400 		.word	8652864
 5545 0004 20010000 		.word	288
 5546 0008 00000000 		.word	0
 5547 000c 00000000 		.word	0
 5548              		.section	.data.gemm_5_scratch0_array,"aw"
 5549              		.align	2
 5552              	gemm_5_scratch0_array:
 5553 0000 40088400 		.word	8652864
 5554 0004 30010000 		.word	304
 5555 0008 00000000 		.word	0
 5556 000c 00000000 		.word	0
 5557              		.section	.data.gemm_4_scratch0_array,"aw"
 5558              		.align	2
ARM GAS  /tmp/cc5QMZ95.s 			page 115


 5561              	gemm_4_scratch0_array:
 5562 0000 40088400 		.word	8652864
 5563 0004 30010000 		.word	304
 5564 0008 00000000 		.word	0
 5565 000c 00000000 		.word	0
 5566              		.section	.data.gemm_2_scratch0_array,"aw"
 5567              		.align	2
 5570              	gemm_2_scratch0_array:
 5571 0000 40088400 		.word	8652864
 5572 0004 80010000 		.word	384
 5573 0008 00000000 		.word	0
 5574 000c 00000000 		.word	0
 5575              		.section	.data.gemm_1_scratch0_array,"aw"
 5576              		.align	2
 5579              	gemm_1_scratch0_array:
 5580 0000 40088400 		.word	8652864
 5581 0004 80010000 		.word	384
 5582 0008 00000000 		.word	0
 5583 000c 00000000 		.word	0
 5584              		.section	.data.gemm_0_scratch0_array,"aw"
 5585              		.align	2
 5588              	gemm_0_scratch0_array:
 5589 0000 40088400 		.word	8652864
 5590 0004 52010000 		.word	338
 5591 0008 00000000 		.word	0
 5592 000c 00000000 		.word	0
 5593              		.section	.data.gemm_12_bias_array,"aw"
 5594              		.align	2
 5597              	gemm_12_bias_array:
 5598 0000 40108400 		.word	8654912
 5599 0004 09000000 		.word	9
 5600 0008 00000000 		.word	0
 5601 000c 00000000 		.word	0
 5602              		.section	.data.gemm_12_weights_array,"aw"
 5603              		.align	2
 5606              	gemm_12_weights_array:
 5607 0000 40048400 		.word	8651840
 5608 0004 20010000 		.word	288
 5609 0008 00000000 		.word	0
 5610 000c 00000000 		.word	0
 5611              		.section	.data.gemm_10_bias_array,"aw"
 5612              		.align	2
 5615              	gemm_10_bias_array:
 5616 0000 40108400 		.word	8654912
 5617 0004 20000000 		.word	32
 5618 0008 00000000 		.word	0
 5619 000c 00000000 		.word	0
 5620              		.section	.data.gemm_10_weights_array,"aw"
 5621              		.align	2
 5624              	gemm_10_weights_array:
 5625 0000 40048400 		.word	8651840
 5626 0004 00040000 		.word	1024
 5627 0008 00000000 		.word	0
 5628 000c 00000000 		.word	0
 5629              		.section	.data.gemm_9_bias_array,"aw"
 5630              		.align	2
 5633              	gemm_9_bias_array:
ARM GAS  /tmp/cc5QMZ95.s 			page 116


 5634 0000 40108400 		.word	8654912
 5635 0004 20000000 		.word	32
 5636 0008 00000000 		.word	0
 5637 000c 00000000 		.word	0
 5638              		.section	.data.gemm_9_weights_array,"aw"
 5639              		.align	2
 5642              	gemm_9_weights_array:
 5643 0000 40048400 		.word	8651840
 5644 0004 00060000 		.word	1536
 5645 0008 00000000 		.word	0
 5646 000c 00000000 		.word	0
 5647              		.section	.data.gemm_8_bias_array,"aw"
 5648              		.align	2
 5651              	gemm_8_bias_array:
 5652 0000 40108400 		.word	8654912
 5653 0004 20000000 		.word	32
 5654 0008 00000000 		.word	0
 5655 000c 00000000 		.word	0
 5656              		.section	.data.gemm_8_weights_array,"aw"
 5657              		.align	2
 5660              	gemm_8_weights_array:
 5661 0000 40048400 		.word	8651840
 5662 0004 00060000 		.word	1536
 5663 0008 00000000 		.word	0
 5664 000c 00000000 		.word	0
 5665              		.section	.data.gemm_6_bias_array,"aw"
 5666              		.align	2
 5669              	gemm_6_bias_array:
 5670 0000 40108400 		.word	8654912
 5671 0004 30000000 		.word	48
 5672 0008 00000000 		.word	0
 5673 000c 00000000 		.word	0
 5674              		.section	.data.gemm_6_weights_array,"aw"
 5675              		.align	2
 5678              	gemm_6_weights_array:
 5679 0000 40048400 		.word	8651840
 5680 0004 00090000 		.word	2304
 5681 0008 00000000 		.word	0
 5682 000c 00000000 		.word	0
 5683              		.section	.data.gemm_5_bias_array,"aw"
 5684              		.align	2
 5687              	gemm_5_bias_array:
 5688 0000 40108400 		.word	8654912
 5689 0004 30000000 		.word	48
 5690 0008 00000000 		.word	0
 5691 000c 00000000 		.word	0
 5692              		.section	.data.gemm_5_weights_array,"aw"
 5693              		.align	2
 5696              	gemm_5_weights_array:
 5697 0000 40048400 		.word	8651840
 5698 0004 000C0000 		.word	3072
 5699 0008 00000000 		.word	0
 5700 000c 00000000 		.word	0
 5701              		.section	.data.gemm_4_bias_array,"aw"
 5702              		.align	2
 5705              	gemm_4_bias_array:
 5706 0000 40108400 		.word	8654912
ARM GAS  /tmp/cc5QMZ95.s 			page 117


 5707 0004 30000000 		.word	48
 5708 0008 00000000 		.word	0
 5709 000c 00000000 		.word	0
 5710              		.section	.data.gemm_4_weights_array,"aw"
 5711              		.align	2
 5714              	gemm_4_weights_array:
 5715 0000 40048400 		.word	8651840
 5716 0004 000C0000 		.word	3072
 5717 0008 00000000 		.word	0
 5718 000c 00000000 		.word	0
 5719              		.section	.data.gemm_2_bias_array,"aw"
 5720              		.align	2
 5723              	gemm_2_bias_array:
 5724 0000 40108400 		.word	8654912
 5725 0004 40000000 		.word	64
 5726 0008 00000000 		.word	0
 5727 000c 00000000 		.word	0
 5728              		.section	.data.gemm_2_weights_array,"aw"
 5729              		.align	2
 5732              	gemm_2_weights_array:
 5733 0000 40048400 		.word	8651840
 5734 0004 00100000 		.word	4096
 5735 0008 00000000 		.word	0
 5736 000c 00000000 		.word	0
 5737              		.section	.data.gemm_1_bias_array,"aw"
 5738              		.align	2
 5741              	gemm_1_bias_array:
 5742 0000 40108400 		.word	8654912
 5743 0004 40000000 		.word	64
 5744 0008 00000000 		.word	0
 5745 000c 00000000 		.word	0
 5746              		.section	.data.gemm_1_weights_array,"aw"
 5747              		.align	2
 5750              	gemm_1_weights_array:
 5751 0000 40048400 		.word	8651840
 5752 0004 00100000 		.word	4096
 5753 0008 00000000 		.word	0
 5754 000c 00000000 		.word	0
 5755              		.section	.data.gemm_0_bias_array,"aw"
 5756              		.align	2
 5759              	gemm_0_bias_array:
 5760 0000 40108400 		.word	8654912
 5761 0004 40000000 		.word	64
 5762 0008 00000000 		.word	0
 5763 000c 00000000 		.word	0
 5764              		.section	.data.gemm_0_weights_array,"aw"
 5765              		.align	2
 5768              	gemm_0_weights_array:
 5769 0000 40048400 		.word	8651840
 5770 0004 80040000 		.word	1152
 5771 0008 00000000 		.word	0
 5772 000c 00000000 		.word	0
 5773              		.section	.data.nl_13_output_array,"aw"
 5774              		.align	2
 5777              	nl_13_output_array:
 5778 0000 40048408 		.word	142869568
 5779 0004 09000000 		.word	9
ARM GAS  /tmp/cc5QMZ95.s 			page 118


 5780 0008 00000000 		.word	0
 5781 000c 00000000 		.word	0
 5782              		.section	.data.gemm_12_output_array,"aw"
 5783              		.align	2
 5786              	gemm_12_output_array:
 5787 0000 40048400 		.word	8651840
 5788 0004 09000000 		.word	9
 5789 0008 00000000 		.word	0
 5790 000c 00000000 		.word	0
 5791              		.section	.data.eltwise_11_output_array,"aw"
 5792              		.align	2
 5795              	eltwise_11_output_array:
 5796 0000 40048400 		.word	8651840
 5797 0004 20000000 		.word	32
 5798 0008 00000000 		.word	0
 5799 000c 00000000 		.word	0
 5800              		.section	.data.gemm_10_output_array,"aw"
 5801              		.align	2
 5804              	gemm_10_output_array:
 5805 0000 40048400 		.word	8651840
 5806 0004 20000000 		.word	32
 5807 0008 00000000 		.word	0
 5808 000c 00000000 		.word	0
 5809              		.section	.data.gemm_9_output_array,"aw"
 5810              		.align	2
 5813              	gemm_9_output_array:
 5814 0000 40048400 		.word	8651840
 5815 0004 20000000 		.word	32
 5816 0008 00000000 		.word	0
 5817 000c 00000000 		.word	0
 5818              		.section	.data.gemm_8_output_array,"aw"
 5819              		.align	2
 5822              	gemm_8_output_array:
 5823 0000 40048400 		.word	8651840
 5824 0004 20000000 		.word	32
 5825 0008 00000000 		.word	0
 5826 000c 00000000 		.word	0
 5827              		.section	.data.eltwise_7_output_array,"aw"
 5828              		.align	2
 5831              	eltwise_7_output_array:
 5832 0000 40048400 		.word	8651840
 5833 0004 30000000 		.word	48
 5834 0008 00000000 		.word	0
 5835 000c 00000000 		.word	0
 5836              		.section	.data.gemm_6_output_array,"aw"
 5837              		.align	2
 5840              	gemm_6_output_array:
 5841 0000 40048400 		.word	8651840
 5842 0004 30000000 		.word	48
 5843 0008 00000000 		.word	0
 5844 000c 00000000 		.word	0
 5845              		.section	.data.gemm_5_output_array,"aw"
 5846              		.align	2
 5849              	gemm_5_output_array:
 5850 0000 40048400 		.word	8651840
 5851 0004 30000000 		.word	48
 5852 0008 00000000 		.word	0
ARM GAS  /tmp/cc5QMZ95.s 			page 119


 5853 000c 00000000 		.word	0
 5854              		.section	.data.gemm_4_output_array,"aw"
 5855              		.align	2
 5858              	gemm_4_output_array:
 5859 0000 40048400 		.word	8651840
 5860 0004 30000000 		.word	48
 5861 0008 00000000 		.word	0
 5862 000c 00000000 		.word	0
 5863              		.section	.data.eltwise_3_output_array,"aw"
 5864              		.align	2
 5867              	eltwise_3_output_array:
 5868 0000 40048400 		.word	8651840
 5869 0004 40000000 		.word	64
 5870 0008 00000000 		.word	0
 5871 000c 00000000 		.word	0
 5872              		.section	.data.gemm_2_output_array,"aw"
 5873              		.align	2
 5876              	gemm_2_output_array:
 5877 0000 40048400 		.word	8651840
 5878 0004 40000000 		.word	64
 5879 0008 00000000 		.word	0
 5880 000c 00000000 		.word	0
 5881              		.section	.data.gemm_1_output_array,"aw"
 5882              		.align	2
 5885              	gemm_1_output_array:
 5886 0000 40048400 		.word	8651840
 5887 0004 40000000 		.word	64
 5888 0008 00000000 		.word	0
 5889 000c 00000000 		.word	0
 5890              		.section	.data.gemm_0_output_array,"aw"
 5891              		.align	2
 5894              	gemm_0_output_array:
 5895 0000 40048400 		.word	8651840
 5896 0004 40000000 		.word	64
 5897 0008 00000000 		.word	0
 5898 000c 00000000 		.word	0
 5899              		.section	.data.serving_default_sensor_input0_output_array,"aw"
 5900              		.align	2
 5903              	serving_default_sensor_input0_output_array:
 5904 0000 40048408 		.word	142869568
 5905 0004 12000000 		.word	18
 5906 0008 00000000 		.word	0
 5907 000c 00000000 		.word	0
 5908              		.section	.bss.g_network_weights_map,"aw",%nobits
 5909              		.align	2
 5912              	g_network_weights_map:
 5913 0000 00000000 		.space	4
 5914              		.section	.bss.g_network_activations_map,"aw",%nobits
 5915              		.align	2
 5918              	g_network_activations_map:
 5919 0000 00000000 		.space	4
 5920              		.text
 5921              	.Letext0:
 5922              		.file 2 "/opt/st/stm32cubeclt_1.20.0/GNU-tools-for-STM32/arm-none-eabi/include/machine/_default_ty
 5923              		.file 3 "/opt/st/stm32cubeclt_1.20.0/GNU-tools-for-STM32/arm-none-eabi/include/sys/_stdint.h"
 5924              		.file 4 "Middlewares/ST/AI/Inc/ai_platform.h"
 5925              		.file 5 "Middlewares/ST/AI/Inc/datatypes_network.h"
ARM GAS  /tmp/cc5QMZ95.s 			page 120


 5926              		.file 6 "Middlewares/ST/AI/Inc/ai_datatypes_format.h"
 5927              		.file 7 "Middlewares/ST/AI/Inc/ai_platform_interface.h"
 5928              		.file 8 "Middlewares/ST/AI/Inc/core_common.h"
 5929              		.file 9 "Middlewares/ST/AI/Inc/core_datatypes.h"
 5930              		.file 10 "Middlewares/ST/AI/Inc/layers_common.h"
 5931              		.file 11 "Middlewares/ST/AI/Inc/layers_nl.h"
 5932              		.file 12 "Middlewares/ST/AI/Inc/layers_conv2d.h"
 5933              		.file 13 "Middlewares/ST/AI/Inc/layers_generic.h"
 5934              		.file 14 "X-CUBE-AI/App/network_data.h"
 5935              		.file 15 "Middlewares/ST/AI/Inc/ai_math_helpers.h"
 5936              		.file 16 "Middlewares/ST/AI/Inc/layers_dense.h"
 5937              		.file 17 "<built-in>"
ARM GAS  /tmp/cc5QMZ95.s 			page 121


DEFINED SYMBOLS
                            *ABS*:00000000 network.c
     /tmp/cc5QMZ95.s:22     .text.network_configure_weights:00000000 $t
     /tmp/cc5QMZ95.s:27     .text.network_configure_weights:00000000 network_configure_weights
     /tmp/cc5QMZ95.s:388    .text.network_configure_weights:000001a0 $d
     /tmp/cc5QMZ95.s:5912   .bss.g_network_weights_map:00000000 g_network_weights_map
     /tmp/cc5QMZ95.s:5768   .data.gemm_0_weights_array:00000000 gemm_0_weights_array
     /tmp/cc5QMZ95.s:5759   .data.gemm_0_bias_array:00000000 gemm_0_bias_array
     /tmp/cc5QMZ95.s:5750   .data.gemm_1_weights_array:00000000 gemm_1_weights_array
     /tmp/cc5QMZ95.s:5741   .data.gemm_1_bias_array:00000000 gemm_1_bias_array
     /tmp/cc5QMZ95.s:5732   .data.gemm_2_weights_array:00000000 gemm_2_weights_array
     /tmp/cc5QMZ95.s:5723   .data.gemm_2_bias_array:00000000 gemm_2_bias_array
     /tmp/cc5QMZ95.s:5714   .data.gemm_4_weights_array:00000000 gemm_4_weights_array
     /tmp/cc5QMZ95.s:5705   .data.gemm_4_bias_array:00000000 gemm_4_bias_array
     /tmp/cc5QMZ95.s:5696   .data.gemm_5_weights_array:00000000 gemm_5_weights_array
     /tmp/cc5QMZ95.s:5687   .data.gemm_5_bias_array:00000000 gemm_5_bias_array
     /tmp/cc5QMZ95.s:5678   .data.gemm_6_weights_array:00000000 gemm_6_weights_array
     /tmp/cc5QMZ95.s:5669   .data.gemm_6_bias_array:00000000 gemm_6_bias_array
     /tmp/cc5QMZ95.s:5660   .data.gemm_8_weights_array:00000000 gemm_8_weights_array
     /tmp/cc5QMZ95.s:5651   .data.gemm_8_bias_array:00000000 gemm_8_bias_array
     /tmp/cc5QMZ95.s:5642   .data.gemm_9_weights_array:00000000 gemm_9_weights_array
     /tmp/cc5QMZ95.s:5633   .data.gemm_9_bias_array:00000000 gemm_9_bias_array
     /tmp/cc5QMZ95.s:5624   .data.gemm_10_weights_array:00000000 gemm_10_weights_array
     /tmp/cc5QMZ95.s:5615   .data.gemm_10_bias_array:00000000 gemm_10_bias_array
     /tmp/cc5QMZ95.s:5606   .data.gemm_12_weights_array:00000000 gemm_12_weights_array
     /tmp/cc5QMZ95.s:5597   .data.gemm_12_bias_array:00000000 gemm_12_bias_array
     /tmp/cc5QMZ95.s:413    .text.network_configure_activations:00000000 $t
     /tmp/cc5QMZ95.s:418    .text.network_configure_activations:00000000 network_configure_activations
     /tmp/cc5QMZ95.s:684    .text.network_configure_activations:00000100 $d
     /tmp/cc5QMZ95.s:5918   .bss.g_network_activations_map:00000000 g_network_activations_map
     /tmp/cc5QMZ95.s:5903   .data.serving_default_sensor_input0_output_array:00000000 serving_default_sensor_input0_output_array
     /tmp/cc5QMZ95.s:5588   .data.gemm_0_scratch0_array:00000000 gemm_0_scratch0_array
     /tmp/cc5QMZ95.s:5894   .data.gemm_0_output_array:00000000 gemm_0_output_array
     /tmp/cc5QMZ95.s:5579   .data.gemm_1_scratch0_array:00000000 gemm_1_scratch0_array
     /tmp/cc5QMZ95.s:5885   .data.gemm_1_output_array:00000000 gemm_1_output_array
     /tmp/cc5QMZ95.s:5570   .data.gemm_2_scratch0_array:00000000 gemm_2_scratch0_array
     /tmp/cc5QMZ95.s:5876   .data.gemm_2_output_array:00000000 gemm_2_output_array
     /tmp/cc5QMZ95.s:5867   .data.eltwise_3_output_array:00000000 eltwise_3_output_array
     /tmp/cc5QMZ95.s:5561   .data.gemm_4_scratch0_array:00000000 gemm_4_scratch0_array
     /tmp/cc5QMZ95.s:5858   .data.gemm_4_output_array:00000000 gemm_4_output_array
     /tmp/cc5QMZ95.s:5552   .data.gemm_5_scratch0_array:00000000 gemm_5_scratch0_array
     /tmp/cc5QMZ95.s:5849   .data.gemm_5_output_array:00000000 gemm_5_output_array
     /tmp/cc5QMZ95.s:5543   .data.gemm_6_scratch0_array:00000000 gemm_6_scratch0_array
     /tmp/cc5QMZ95.s:5840   .data.gemm_6_output_array:00000000 gemm_6_output_array
     /tmp/cc5QMZ95.s:5831   .data.eltwise_7_output_array:00000000 eltwise_7_output_array
     /tmp/cc5QMZ95.s:5534   .data.gemm_8_scratch0_array:00000000 gemm_8_scratch0_array
     /tmp/cc5QMZ95.s:5822   .data.gemm_8_output_array:00000000 gemm_8_output_array
     /tmp/cc5QMZ95.s:5525   .data.gemm_9_scratch0_array:00000000 gemm_9_scratch0_array
     /tmp/cc5QMZ95.s:5813   .data.gemm_9_output_array:00000000 gemm_9_output_array
     /tmp/cc5QMZ95.s:5516   .data.gemm_10_scratch0_array:00000000 gemm_10_scratch0_array
     /tmp/cc5QMZ95.s:5804   .data.gemm_10_output_array:00000000 gemm_10_output_array
     /tmp/cc5QMZ95.s:5795   .data.eltwise_11_output_array:00000000 eltwise_11_output_array
     /tmp/cc5QMZ95.s:5507   .data.gemm_12_scratch0_array:00000000 gemm_12_scratch0_array
     /tmp/cc5QMZ95.s:5786   .data.gemm_12_output_array:00000000 gemm_12_output_array
     /tmp/cc5QMZ95.s:5498   .data.nl_13_scratch0_array:00000000 nl_13_scratch0_array
     /tmp/cc5QMZ95.s:5777   .data.nl_13_output_array:00000000 nl_13_output_array
     /tmp/cc5QMZ95.s:715    .rodata.ai_network_get_info.str1.4:00000000 $d
ARM GAS  /tmp/cc5QMZ95.s 			page 122


     /tmp/cc5QMZ95.s:731    .text.ai_network_get_info:00000000 $t
     /tmp/cc5QMZ95.s:737    .text.ai_network_get_info:00000000 ai_network_get_info
     /tmp/cc5QMZ95.s:862    .text.ai_network_get_info:00000088 $d
     /tmp/cc5QMZ95.s:872    .text.ai_network_get_report:00000000 $t
     /tmp/cc5QMZ95.s:878    .text.ai_network_get_report:00000000 ai_network_get_report
     /tmp/cc5QMZ95.s:1005   .text.ai_network_get_report:0000008c $d
     /tmp/cc5QMZ95.s:1016   .text.ai_network_get_error:00000000 $t
     /tmp/cc5QMZ95.s:1022   .text.ai_network_get_error:00000000 ai_network_get_error
     /tmp/cc5QMZ95.s:1045   .text.ai_network_create:00000000 $t
     /tmp/cc5QMZ95.s:1051   .text.ai_network_create:00000000 ai_network_create
     /tmp/cc5QMZ95.s:1085   .text.ai_network_create:0000001c $d
     /tmp/cc5QMZ95.s:1525   .data.g_network:00000000 g_network
     /tmp/cc5QMZ95.s:1090   .text.ai_network_inputs_get:00000000 $t
     /tmp/cc5QMZ95.s:1096   .text.ai_network_inputs_get:00000000 ai_network_inputs_get
     /tmp/cc5QMZ95.s:1132   .text.ai_network_inputs_get:00000014 $d
     /tmp/cc5QMZ95.s:1138   .text.ai_network_outputs_get:00000000 $t
     /tmp/cc5QMZ95.s:1144   .text.ai_network_outputs_get:00000000 ai_network_outputs_get
     /tmp/cc5QMZ95.s:1180   .text.ai_network_outputs_get:00000014 $d
     /tmp/cc5QMZ95.s:1186   .text.ai_network_destroy:00000000 $t
     /tmp/cc5QMZ95.s:1192   .text.ai_network_destroy:00000000 ai_network_destroy
     /tmp/cc5QMZ95.s:1215   .text.ai_network_init:00000000 $t
     /tmp/cc5QMZ95.s:1221   .text.ai_network_init:00000000 ai_network_init
     /tmp/cc5QMZ95.s:1290   .text.ai_network_create_and_init:00000000 $t
     /tmp/cc5QMZ95.s:1296   .text.ai_network_create_and_init:00000000 ai_network_create_and_init
     /tmp/cc5QMZ95.s:1463   .text.ai_network_run:00000000 $t
     /tmp/cc5QMZ95.s:1469   .text.ai_network_run:00000000 ai_network_run
     /tmp/cc5QMZ95.s:1492   .text.ai_network_forward:00000000 $t
     /tmp/cc5QMZ95.s:1498   .text.ai_network_forward:00000000 ai_network_forward
     /tmp/cc5QMZ95.s:1522   .data.g_network:00000000 $d
     /tmp/cc5QMZ95.s:1657   .data.__compound_literal.238:00000000 __compound_literal.238
     /tmp/cc5QMZ95.s:1633   .data.__compound_literal.240:00000000 __compound_literal.240
     /tmp/cc5QMZ95.s:1556   .data.__compound_literal.251:00000000 __compound_literal.251
     /tmp/cc5QMZ95.s:1681   .data.gemm_0_layer:00000000 gemm_0_layer
     /tmp/cc5QMZ95.s:1553   .data.__compound_literal.251:00000000 $d
     /tmp/cc5QMZ95.s:1627   .data.__compound_literal.241:00000000 __compound_literal.241
     /tmp/cc5QMZ95.s:1601   .data.__compound_literal.245:00000000 __compound_literal.245
     /tmp/cc5QMZ95.s:1595   .data.__compound_literal.246:00000000 __compound_literal.246
     /tmp/cc5QMZ95.s:1569   .data.__compound_literal.250:00000000 __compound_literal.250
     /tmp/cc5QMZ95.s:1566   .data.__compound_literal.250:00000000 $d
     /tmp/cc5QMZ95.s:1583   .bss.__compound_literal.248:00000000 __compound_literal.248
     /tmp/cc5QMZ95.s:1589   .bss.__compound_literal.247:00000000 __compound_literal.247
     /tmp/cc5QMZ95.s:1577   .bss.__compound_literal.249:00000000 __compound_literal.249
     /tmp/cc5QMZ95.s:1574   .bss.__compound_literal.249:00000000 $d
     /tmp/cc5QMZ95.s:1580   .bss.__compound_literal.248:00000000 $d
     /tmp/cc5QMZ95.s:1586   .bss.__compound_literal.247:00000000 $d
     /tmp/cc5QMZ95.s:1592   .data.__compound_literal.246:00000000 $d
     /tmp/cc5QMZ95.s:2720   .data.nl_13_output:00000000 nl_13_output
     /tmp/cc5QMZ95.s:1598   .data.__compound_literal.245:00000000 $d
     /tmp/cc5QMZ95.s:1615   .bss.__compound_literal.243:00000000 __compound_literal.243
     /tmp/cc5QMZ95.s:1621   .bss.__compound_literal.242:00000000 __compound_literal.242
     /tmp/cc5QMZ95.s:1609   .bss.__compound_literal.244:00000000 __compound_literal.244
     /tmp/cc5QMZ95.s:1606   .bss.__compound_literal.244:00000000 $d
     /tmp/cc5QMZ95.s:1612   .bss.__compound_literal.243:00000000 $d
     /tmp/cc5QMZ95.s:1618   .bss.__compound_literal.242:00000000 $d
     /tmp/cc5QMZ95.s:1624   .data.__compound_literal.241:00000000 $d
     /tmp/cc5QMZ95.s:2644   .data.serving_default_sensor_input0_output:00000000 serving_default_sensor_input0_output
     /tmp/cc5QMZ95.s:1630   .data.__compound_literal.240:00000000 $d
ARM GAS  /tmp/cc5QMZ95.s 			page 123


     /tmp/cc5QMZ95.s:1648   .data.__compound_literal.239:00000000 __compound_literal.239
     /tmp/cc5QMZ95.s:1645   .data.__compound_literal.239:00000000 $d
     /tmp/cc5QMZ95.s:1654   .data.__compound_literal.238:00000000 $d
     /tmp/cc5QMZ95.s:1672   .data.__compound_literal.237:00000000 __compound_literal.237
     /tmp/cc5QMZ95.s:1669   .data.__compound_literal.237:00000000 $d
     /tmp/cc5QMZ95.s:1678   .data.gemm_0_layer:00000000 $d
     /tmp/cc5QMZ95.s:1748   .data.gemm_1_layer:00000000 gemm_1_layer
     /tmp/cc5QMZ95.s:1694   .rodata.gemm_0_chain:00000000 gemm_0_chain
     /tmp/cc5QMZ95.s:1691   .rodata.gemm_0_chain:00000000 $d
     /tmp/cc5QMZ95.s:1702   .data.__compound_literal.236:00000000 __compound_literal.236
     /tmp/cc5QMZ95.s:1699   .data.__compound_literal.236:00000000 $d
     /tmp/cc5QMZ95.s:1742   .data.__compound_literal.232:00000000 __compound_literal.232
     /tmp/cc5QMZ95.s:1736   .data.__compound_literal.233:00000000 __compound_literal.233
     /tmp/cc5QMZ95.s:1729   .data.__compound_literal.234:00000000 __compound_literal.234
     /tmp/cc5QMZ95.s:1723   .data.__compound_literal.235:00000000 __compound_literal.235
     /tmp/cc5QMZ95.s:1720   .data.__compound_literal.235:00000000 $d
     /tmp/cc5QMZ95.s:4164   .data.gemm_0_scratch0:00000000 gemm_0_scratch0
     /tmp/cc5QMZ95.s:1726   .data.__compound_literal.234:00000000 $d
     /tmp/cc5QMZ95.s:4126   .data.gemm_0_weights:00000000 gemm_0_weights
     /tmp/cc5QMZ95.s:4240   .data.gemm_0_bias:00000000 gemm_0_bias
     /tmp/cc5QMZ95.s:1733   .data.__compound_literal.233:00000000 $d
     /tmp/cc5QMZ95.s:4202   .data.gemm_0_output:00000000 gemm_0_output
     /tmp/cc5QMZ95.s:1739   .data.__compound_literal.232:00000000 $d
     /tmp/cc5QMZ95.s:1745   .data.gemm_1_layer:00000000 $d
     /tmp/cc5QMZ95.s:1815   .data.gemm_2_layer:00000000 gemm_2_layer
     /tmp/cc5QMZ95.s:1761   .rodata.gemm_1_chain:00000000 gemm_1_chain
     /tmp/cc5QMZ95.s:1758   .rodata.gemm_1_chain:00000000 $d
     /tmp/cc5QMZ95.s:1769   .data.__compound_literal.231:00000000 __compound_literal.231
     /tmp/cc5QMZ95.s:1766   .data.__compound_literal.231:00000000 $d
     /tmp/cc5QMZ95.s:1809   .data.__compound_literal.227:00000000 __compound_literal.227
     /tmp/cc5QMZ95.s:1803   .data.__compound_literal.228:00000000 __compound_literal.228
     /tmp/cc5QMZ95.s:1796   .data.__compound_literal.229:00000000 __compound_literal.229
     /tmp/cc5QMZ95.s:1790   .data.__compound_literal.230:00000000 __compound_literal.230
     /tmp/cc5QMZ95.s:1787   .data.__compound_literal.230:00000000 $d
     /tmp/cc5QMZ95.s:3708   .data.gemm_1_scratch0:00000000 gemm_1_scratch0
     /tmp/cc5QMZ95.s:1793   .data.__compound_literal.229:00000000 $d
     /tmp/cc5QMZ95.s:3670   .data.gemm_1_weights:00000000 gemm_1_weights
     /tmp/cc5QMZ95.s:3784   .data.gemm_1_bias:00000000 gemm_1_bias
     /tmp/cc5QMZ95.s:1800   .data.__compound_literal.228:00000000 $d
     /tmp/cc5QMZ95.s:3746   .data.gemm_1_output:00000000 gemm_1_output
     /tmp/cc5QMZ95.s:1806   .data.__compound_literal.227:00000000 $d
     /tmp/cc5QMZ95.s:1812   .data.gemm_2_layer:00000000 $d
     /tmp/cc5QMZ95.s:1882   .data.eltwise_3_layer:00000000 eltwise_3_layer
     /tmp/cc5QMZ95.s:1828   .rodata.gemm_2_chain:00000000 gemm_2_chain
     /tmp/cc5QMZ95.s:1825   .rodata.gemm_2_chain:00000000 $d
     /tmp/cc5QMZ95.s:1836   .data.__compound_literal.226:00000000 __compound_literal.226
     /tmp/cc5QMZ95.s:1833   .data.__compound_literal.226:00000000 $d
     /tmp/cc5QMZ95.s:1876   .data.__compound_literal.222:00000000 __compound_literal.222
     /tmp/cc5QMZ95.s:1870   .data.__compound_literal.223:00000000 __compound_literal.223
     /tmp/cc5QMZ95.s:1863   .data.__compound_literal.224:00000000 __compound_literal.224
     /tmp/cc5QMZ95.s:1857   .data.__compound_literal.225:00000000 __compound_literal.225
     /tmp/cc5QMZ95.s:1854   .data.__compound_literal.225:00000000 $d
     /tmp/cc5QMZ95.s:3556   .data.gemm_2_scratch0:00000000 gemm_2_scratch0
     /tmp/cc5QMZ95.s:1860   .data.__compound_literal.224:00000000 $d
     /tmp/cc5QMZ95.s:3518   .data.gemm_2_weights:00000000 gemm_2_weights
     /tmp/cc5QMZ95.s:3632   .data.gemm_2_bias:00000000 gemm_2_bias
     /tmp/cc5QMZ95.s:1867   .data.__compound_literal.223:00000000 $d
ARM GAS  /tmp/cc5QMZ95.s 			page 124


     /tmp/cc5QMZ95.s:3594   .data.gemm_2_output:00000000 gemm_2_output
     /tmp/cc5QMZ95.s:1873   .data.__compound_literal.222:00000000 $d
     /tmp/cc5QMZ95.s:1879   .data.eltwise_3_layer:00000000 $d
     /tmp/cc5QMZ95.s:1951   .data.gemm_4_layer:00000000 gemm_4_layer
     /tmp/cc5QMZ95.s:1897   .rodata.eltwise_3_chain:00000000 eltwise_3_chain
     /tmp/cc5QMZ95.s:1894   .rodata.eltwise_3_chain:00000000 $d
     /tmp/cc5QMZ95.s:1905   .data.__compound_literal.221:00000000 __compound_literal.221
     /tmp/cc5QMZ95.s:1902   .data.__compound_literal.221:00000000 $d
     /tmp/cc5QMZ95.s:1944   .data.__compound_literal.217:00000000 __compound_literal.217
     /tmp/cc5QMZ95.s:1938   .data.__compound_literal.218:00000000 __compound_literal.218
     /tmp/cc5QMZ95.s:1932   .bss.__compound_literal.219:00000000 __compound_literal.219
     /tmp/cc5QMZ95.s:1926   .bss.__compound_literal.220:00000000 __compound_literal.220
     /tmp/cc5QMZ95.s:1923   .bss.__compound_literal.220:00000000 $d
     /tmp/cc5QMZ95.s:1929   .bss.__compound_literal.219:00000000 $d
     /tmp/cc5QMZ95.s:1935   .data.__compound_literal.218:00000000 $d
     /tmp/cc5QMZ95.s:4316   .data.eltwise_3_output:00000000 eltwise_3_output
     /tmp/cc5QMZ95.s:1941   .data.__compound_literal.217:00000000 $d
     /tmp/cc5QMZ95.s:1948   .data.gemm_4_layer:00000000 $d
     /tmp/cc5QMZ95.s:2018   .data.gemm_5_layer:00000000 gemm_5_layer
     /tmp/cc5QMZ95.s:1964   .rodata.gemm_4_chain:00000000 gemm_4_chain
     /tmp/cc5QMZ95.s:1961   .rodata.gemm_4_chain:00000000 $d
     /tmp/cc5QMZ95.s:1972   .data.__compound_literal.216:00000000 __compound_literal.216
     /tmp/cc5QMZ95.s:1969   .data.__compound_literal.216:00000000 $d
     /tmp/cc5QMZ95.s:2012   .data.__compound_literal.212:00000000 __compound_literal.212
     /tmp/cc5QMZ95.s:2006   .data.__compound_literal.213:00000000 __compound_literal.213
     /tmp/cc5QMZ95.s:1999   .data.__compound_literal.214:00000000 __compound_literal.214
     /tmp/cc5QMZ95.s:1993   .data.__compound_literal.215:00000000 __compound_literal.215
     /tmp/cc5QMZ95.s:1990   .data.__compound_literal.215:00000000 $d
     /tmp/cc5QMZ95.s:3404   .data.gemm_4_scratch0:00000000 gemm_4_scratch0
     /tmp/cc5QMZ95.s:1996   .data.__compound_literal.214:00000000 $d
     /tmp/cc5QMZ95.s:3366   .data.gemm_4_weights:00000000 gemm_4_weights
     /tmp/cc5QMZ95.s:3480   .data.gemm_4_bias:00000000 gemm_4_bias
     /tmp/cc5QMZ95.s:2003   .data.__compound_literal.213:00000000 $d
     /tmp/cc5QMZ95.s:3442   .data.gemm_4_output:00000000 gemm_4_output
     /tmp/cc5QMZ95.s:2009   .data.__compound_literal.212:00000000 $d
     /tmp/cc5QMZ95.s:2015   .data.gemm_5_layer:00000000 $d
     /tmp/cc5QMZ95.s:2085   .data.gemm_6_layer:00000000 gemm_6_layer
     /tmp/cc5QMZ95.s:2031   .rodata.gemm_5_chain:00000000 gemm_5_chain
     /tmp/cc5QMZ95.s:2028   .rodata.gemm_5_chain:00000000 $d
     /tmp/cc5QMZ95.s:2039   .data.__compound_literal.211:00000000 __compound_literal.211
     /tmp/cc5QMZ95.s:2036   .data.__compound_literal.211:00000000 $d
     /tmp/cc5QMZ95.s:2079   .data.__compound_literal.207:00000000 __compound_literal.207
     /tmp/cc5QMZ95.s:2073   .data.__compound_literal.208:00000000 __compound_literal.208
     /tmp/cc5QMZ95.s:2066   .data.__compound_literal.209:00000000 __compound_literal.209
     /tmp/cc5QMZ95.s:2060   .data.__compound_literal.210:00000000 __compound_literal.210
     /tmp/cc5QMZ95.s:2057   .data.__compound_literal.210:00000000 $d
     /tmp/cc5QMZ95.s:3252   .data.gemm_5_scratch0:00000000 gemm_5_scratch0
     /tmp/cc5QMZ95.s:2063   .data.__compound_literal.209:00000000 $d
     /tmp/cc5QMZ95.s:3214   .data.gemm_5_weights:00000000 gemm_5_weights
     /tmp/cc5QMZ95.s:3328   .data.gemm_5_bias:00000000 gemm_5_bias
     /tmp/cc5QMZ95.s:2070   .data.__compound_literal.208:00000000 $d
     /tmp/cc5QMZ95.s:3290   .data.gemm_5_output:00000000 gemm_5_output
     /tmp/cc5QMZ95.s:2076   .data.__compound_literal.207:00000000 $d
     /tmp/cc5QMZ95.s:2082   .data.gemm_6_layer:00000000 $d
     /tmp/cc5QMZ95.s:2152   .data.eltwise_7_layer:00000000 eltwise_7_layer
     /tmp/cc5QMZ95.s:2098   .rodata.gemm_6_chain:00000000 gemm_6_chain
     /tmp/cc5QMZ95.s:2095   .rodata.gemm_6_chain:00000000 $d
ARM GAS  /tmp/cc5QMZ95.s 			page 125


     /tmp/cc5QMZ95.s:2106   .data.__compound_literal.206:00000000 __compound_literal.206
     /tmp/cc5QMZ95.s:2103   .data.__compound_literal.206:00000000 $d
     /tmp/cc5QMZ95.s:2146   .data.__compound_literal.202:00000000 __compound_literal.202
     /tmp/cc5QMZ95.s:2140   .data.__compound_literal.203:00000000 __compound_literal.203
     /tmp/cc5QMZ95.s:2133   .data.__compound_literal.204:00000000 __compound_literal.204
     /tmp/cc5QMZ95.s:2127   .data.__compound_literal.205:00000000 __compound_literal.205
     /tmp/cc5QMZ95.s:2124   .data.__compound_literal.205:00000000 $d
     /tmp/cc5QMZ95.s:3100   .data.gemm_6_scratch0:00000000 gemm_6_scratch0
     /tmp/cc5QMZ95.s:2130   .data.__compound_literal.204:00000000 $d
     /tmp/cc5QMZ95.s:3062   .data.gemm_6_weights:00000000 gemm_6_weights
     /tmp/cc5QMZ95.s:3176   .data.gemm_6_bias:00000000 gemm_6_bias
     /tmp/cc5QMZ95.s:2137   .data.__compound_literal.203:00000000 $d
     /tmp/cc5QMZ95.s:3138   .data.gemm_6_output:00000000 gemm_6_output
     /tmp/cc5QMZ95.s:2143   .data.__compound_literal.202:00000000 $d
     /tmp/cc5QMZ95.s:2149   .data.eltwise_7_layer:00000000 $d
     /tmp/cc5QMZ95.s:2221   .data.gemm_8_layer:00000000 gemm_8_layer
     /tmp/cc5QMZ95.s:2167   .rodata.eltwise_7_chain:00000000 eltwise_7_chain
     /tmp/cc5QMZ95.s:2164   .rodata.eltwise_7_chain:00000000 $d
     /tmp/cc5QMZ95.s:2175   .data.__compound_literal.201:00000000 __compound_literal.201
     /tmp/cc5QMZ95.s:2172   .data.__compound_literal.201:00000000 $d
     /tmp/cc5QMZ95.s:2214   .data.__compound_literal.197:00000000 __compound_literal.197
     /tmp/cc5QMZ95.s:2208   .data.__compound_literal.198:00000000 __compound_literal.198
     /tmp/cc5QMZ95.s:2202   .bss.__compound_literal.199:00000000 __compound_literal.199
     /tmp/cc5QMZ95.s:2196   .bss.__compound_literal.200:00000000 __compound_literal.200
     /tmp/cc5QMZ95.s:2193   .bss.__compound_literal.200:00000000 $d
     /tmp/cc5QMZ95.s:2199   .bss.__compound_literal.199:00000000 $d
     /tmp/cc5QMZ95.s:2205   .data.__compound_literal.198:00000000 $d
     /tmp/cc5QMZ95.s:4278   .data.eltwise_7_output:00000000 eltwise_7_output
     /tmp/cc5QMZ95.s:2211   .data.__compound_literal.197:00000000 $d
     /tmp/cc5QMZ95.s:2218   .data.gemm_8_layer:00000000 $d
     /tmp/cc5QMZ95.s:2288   .data.gemm_9_layer:00000000 gemm_9_layer
     /tmp/cc5QMZ95.s:2234   .rodata.gemm_8_chain:00000000 gemm_8_chain
     /tmp/cc5QMZ95.s:2231   .rodata.gemm_8_chain:00000000 $d
     /tmp/cc5QMZ95.s:2242   .data.__compound_literal.196:00000000 __compound_literal.196
     /tmp/cc5QMZ95.s:2239   .data.__compound_literal.196:00000000 $d
     /tmp/cc5QMZ95.s:2282   .data.__compound_literal.192:00000000 __compound_literal.192
     /tmp/cc5QMZ95.s:2276   .data.__compound_literal.193:00000000 __compound_literal.193
     /tmp/cc5QMZ95.s:2269   .data.__compound_literal.194:00000000 __compound_literal.194
     /tmp/cc5QMZ95.s:2263   .data.__compound_literal.195:00000000 __compound_literal.195
     /tmp/cc5QMZ95.s:2260   .data.__compound_literal.195:00000000 $d
     /tmp/cc5QMZ95.s:2948   .data.gemm_8_scratch0:00000000 gemm_8_scratch0
     /tmp/cc5QMZ95.s:2266   .data.__compound_literal.194:00000000 $d
     /tmp/cc5QMZ95.s:2910   .data.gemm_8_weights:00000000 gemm_8_weights
     /tmp/cc5QMZ95.s:3024   .data.gemm_8_bias:00000000 gemm_8_bias
     /tmp/cc5QMZ95.s:2273   .data.__compound_literal.193:00000000 $d
     /tmp/cc5QMZ95.s:2986   .data.gemm_8_output:00000000 gemm_8_output
     /tmp/cc5QMZ95.s:2279   .data.__compound_literal.192:00000000 $d
     /tmp/cc5QMZ95.s:2285   .data.gemm_9_layer:00000000 $d
     /tmp/cc5QMZ95.s:2355   .data.gemm_10_layer:00000000 gemm_10_layer
     /tmp/cc5QMZ95.s:2301   .rodata.gemm_9_chain:00000000 gemm_9_chain
     /tmp/cc5QMZ95.s:2298   .rodata.gemm_9_chain:00000000 $d
     /tmp/cc5QMZ95.s:2309   .data.__compound_literal.191:00000000 __compound_literal.191
     /tmp/cc5QMZ95.s:2306   .data.__compound_literal.191:00000000 $d
     /tmp/cc5QMZ95.s:2349   .data.__compound_literal.187:00000000 __compound_literal.187
     /tmp/cc5QMZ95.s:2343   .data.__compound_literal.188:00000000 __compound_literal.188
     /tmp/cc5QMZ95.s:2336   .data.__compound_literal.189:00000000 __compound_literal.189
     /tmp/cc5QMZ95.s:2330   .data.__compound_literal.190:00000000 __compound_literal.190
ARM GAS  /tmp/cc5QMZ95.s 			page 126


     /tmp/cc5QMZ95.s:2327   .data.__compound_literal.190:00000000 $d
     /tmp/cc5QMZ95.s:2796   .data.gemm_9_scratch0:00000000 gemm_9_scratch0
     /tmp/cc5QMZ95.s:2333   .data.__compound_literal.189:00000000 $d
     /tmp/cc5QMZ95.s:2758   .data.gemm_9_weights:00000000 gemm_9_weights
     /tmp/cc5QMZ95.s:2872   .data.gemm_9_bias:00000000 gemm_9_bias
     /tmp/cc5QMZ95.s:2340   .data.__compound_literal.188:00000000 $d
     /tmp/cc5QMZ95.s:2834   .data.gemm_9_output:00000000 gemm_9_output
     /tmp/cc5QMZ95.s:2346   .data.__compound_literal.187:00000000 $d
     /tmp/cc5QMZ95.s:2352   .data.gemm_10_layer:00000000 $d
     /tmp/cc5QMZ95.s:2422   .data.eltwise_11_layer:00000000 eltwise_11_layer
     /tmp/cc5QMZ95.s:2368   .rodata.gemm_10_chain:00000000 gemm_10_chain
     /tmp/cc5QMZ95.s:2365   .rodata.gemm_10_chain:00000000 $d
     /tmp/cc5QMZ95.s:2376   .data.__compound_literal.186:00000000 __compound_literal.186
     /tmp/cc5QMZ95.s:2373   .data.__compound_literal.186:00000000 $d
     /tmp/cc5QMZ95.s:2416   .data.__compound_literal.182:00000000 __compound_literal.182
     /tmp/cc5QMZ95.s:2410   .data.__compound_literal.183:00000000 __compound_literal.183
     /tmp/cc5QMZ95.s:2403   .data.__compound_literal.184:00000000 __compound_literal.184
     /tmp/cc5QMZ95.s:2397   .data.__compound_literal.185:00000000 __compound_literal.185
     /tmp/cc5QMZ95.s:2394   .data.__compound_literal.185:00000000 $d
     /tmp/cc5QMZ95.s:4012   .data.gemm_10_scratch0:00000000 gemm_10_scratch0
     /tmp/cc5QMZ95.s:2400   .data.__compound_literal.184:00000000 $d
     /tmp/cc5QMZ95.s:3974   .data.gemm_10_weights:00000000 gemm_10_weights
     /tmp/cc5QMZ95.s:4088   .data.gemm_10_bias:00000000 gemm_10_bias
     /tmp/cc5QMZ95.s:2407   .data.__compound_literal.183:00000000 $d
     /tmp/cc5QMZ95.s:4050   .data.gemm_10_output:00000000 gemm_10_output
     /tmp/cc5QMZ95.s:2413   .data.__compound_literal.182:00000000 $d
     /tmp/cc5QMZ95.s:2419   .data.eltwise_11_layer:00000000 $d
     /tmp/cc5QMZ95.s:2491   .data.gemm_12_layer:00000000 gemm_12_layer
     /tmp/cc5QMZ95.s:2437   .rodata.eltwise_11_chain:00000000 eltwise_11_chain
     /tmp/cc5QMZ95.s:2434   .rodata.eltwise_11_chain:00000000 $d
     /tmp/cc5QMZ95.s:2445   .data.__compound_literal.181:00000000 __compound_literal.181
     /tmp/cc5QMZ95.s:2442   .data.__compound_literal.181:00000000 $d
     /tmp/cc5QMZ95.s:2484   .data.__compound_literal.177:00000000 __compound_literal.177
     /tmp/cc5QMZ95.s:2478   .data.__compound_literal.178:00000000 __compound_literal.178
     /tmp/cc5QMZ95.s:2472   .bss.__compound_literal.179:00000000 __compound_literal.179
     /tmp/cc5QMZ95.s:2466   .bss.__compound_literal.180:00000000 __compound_literal.180
     /tmp/cc5QMZ95.s:2463   .bss.__compound_literal.180:00000000 $d
     /tmp/cc5QMZ95.s:2469   .bss.__compound_literal.179:00000000 $d
     /tmp/cc5QMZ95.s:2475   .data.__compound_literal.178:00000000 $d
     /tmp/cc5QMZ95.s:4354   .data.eltwise_11_output:00000000 eltwise_11_output
     /tmp/cc5QMZ95.s:2481   .data.__compound_literal.177:00000000 $d
     /tmp/cc5QMZ95.s:2488   .data.gemm_12_layer:00000000 $d
     /tmp/cc5QMZ95.s:2558   .data.nl_13_layer:00000000 nl_13_layer
     /tmp/cc5QMZ95.s:2504   .rodata.gemm_12_chain:00000000 gemm_12_chain
     /tmp/cc5QMZ95.s:2501   .rodata.gemm_12_chain:00000000 $d
     /tmp/cc5QMZ95.s:2512   .data.__compound_literal.176:00000000 __compound_literal.176
     /tmp/cc5QMZ95.s:2509   .data.__compound_literal.176:00000000 $d
     /tmp/cc5QMZ95.s:2552   .data.__compound_literal.172:00000000 __compound_literal.172
     /tmp/cc5QMZ95.s:2546   .data.__compound_literal.173:00000000 __compound_literal.173
     /tmp/cc5QMZ95.s:2539   .data.__compound_literal.174:00000000 __compound_literal.174
     /tmp/cc5QMZ95.s:2533   .data.__compound_literal.175:00000000 __compound_literal.175
     /tmp/cc5QMZ95.s:2530   .data.__compound_literal.175:00000000 $d
     /tmp/cc5QMZ95.s:3860   .data.gemm_12_scratch0:00000000 gemm_12_scratch0
     /tmp/cc5QMZ95.s:2536   .data.__compound_literal.174:00000000 $d
     /tmp/cc5QMZ95.s:3822   .data.gemm_12_weights:00000000 gemm_12_weights
     /tmp/cc5QMZ95.s:3936   .data.gemm_12_bias:00000000 gemm_12_bias
     /tmp/cc5QMZ95.s:2543   .data.__compound_literal.173:00000000 $d
ARM GAS  /tmp/cc5QMZ95.s 			page 127


     /tmp/cc5QMZ95.s:3898   .data.gemm_12_output:00000000 gemm_12_output
     /tmp/cc5QMZ95.s:2549   .data.__compound_literal.172:00000000 $d
     /tmp/cc5QMZ95.s:2555   .data.nl_13_layer:00000000 $d
     /tmp/cc5QMZ95.s:2574   .rodata.nl_13_chain:00000000 nl_13_chain
     /tmp/cc5QMZ95.s:2627   .rodata.nl_13_nl_params:00000000 nl_13_nl_params
     /tmp/cc5QMZ95.s:2571   .rodata.nl_13_chain:00000000 $d
     /tmp/cc5QMZ95.s:2582   .data.__compound_literal.171:00000000 __compound_literal.171
     /tmp/cc5QMZ95.s:2579   .data.__compound_literal.171:00000000 $d
     /tmp/cc5QMZ95.s:2621   .data.__compound_literal.167:00000000 __compound_literal.167
     /tmp/cc5QMZ95.s:2615   .data.__compound_literal.168:00000000 __compound_literal.168
     /tmp/cc5QMZ95.s:2609   .bss.__compound_literal.169:00000000 __compound_literal.169
     /tmp/cc5QMZ95.s:2603   .data.__compound_literal.170:00000000 __compound_literal.170
     /tmp/cc5QMZ95.s:2600   .data.__compound_literal.170:00000000 $d
     /tmp/cc5QMZ95.s:2682   .data.nl_13_scratch0:00000000 nl_13_scratch0
     /tmp/cc5QMZ95.s:2606   .bss.__compound_literal.169:00000000 $d
     /tmp/cc5QMZ95.s:2612   .data.__compound_literal.168:00000000 $d
     /tmp/cc5QMZ95.s:2618   .data.__compound_literal.167:00000000 $d
     /tmp/cc5QMZ95.s:2624   .rodata.nl_13_nl_params:00000000 $d
     /tmp/cc5QMZ95.s:2636   .rodata.nl_13_nl_params_data:00000000 nl_13_nl_params_data
     /tmp/cc5QMZ95.s:2633   .rodata.nl_13_nl_params_data:00000000 $d
     /tmp/cc5QMZ95.s:2641   .data.serving_default_sensor_input0_output:00000000 $d
     /tmp/cc5QMZ95.s:4392   .rodata.serving_default_sensor_input0_output_array_intq:00000000 serving_default_sensor_input0_output_array_intq
     /tmp/cc5QMZ95.s:2673   .data.__compound_literal.165:00000000 __compound_literal.165
     /tmp/cc5QMZ95.s:2664   .data.__compound_literal.166:00000000 __compound_literal.166
     /tmp/cc5QMZ95.s:2661   .data.__compound_literal.166:00000000 $d
     /tmp/cc5QMZ95.s:2670   .data.__compound_literal.165:00000000 $d
     /tmp/cc5QMZ95.s:2679   .data.nl_13_scratch0:00000000 $d
     /tmp/cc5QMZ95.s:2711   .data.__compound_literal.163:00000000 __compound_literal.163
     /tmp/cc5QMZ95.s:2702   .data.__compound_literal.164:00000000 __compound_literal.164
     /tmp/cc5QMZ95.s:2699   .data.__compound_literal.164:00000000 $d
     /tmp/cc5QMZ95.s:2708   .data.__compound_literal.163:00000000 $d
     /tmp/cc5QMZ95.s:2717   .data.nl_13_output:00000000 $d
     /tmp/cc5QMZ95.s:4419   .rodata.nl_13_output_array_intq:00000000 nl_13_output_array_intq
     /tmp/cc5QMZ95.s:2749   .data.__compound_literal.161:00000000 __compound_literal.161
     /tmp/cc5QMZ95.s:2740   .data.__compound_literal.162:00000000 __compound_literal.162
     /tmp/cc5QMZ95.s:2737   .data.__compound_literal.162:00000000 $d
     /tmp/cc5QMZ95.s:2746   .data.__compound_literal.161:00000000 $d
     /tmp/cc5QMZ95.s:2755   .data.gemm_9_weights:00000000 $d
     /tmp/cc5QMZ95.s:4446   .rodata.gemm_9_weights_array_intq:00000000 gemm_9_weights_array_intq
     /tmp/cc5QMZ95.s:2787   .data.__compound_literal.159:00000000 __compound_literal.159
     /tmp/cc5QMZ95.s:2778   .data.__compound_literal.160:00000000 __compound_literal.160
     /tmp/cc5QMZ95.s:2775   .data.__compound_literal.160:00000000 $d
     /tmp/cc5QMZ95.s:2784   .data.__compound_literal.159:00000000 $d
     /tmp/cc5QMZ95.s:2793   .data.gemm_9_scratch0:00000000 $d
     /tmp/cc5QMZ95.s:2825   .data.__compound_literal.157:00000000 __compound_literal.157
     /tmp/cc5QMZ95.s:2816   .data.__compound_literal.158:00000000 __compound_literal.158
     /tmp/cc5QMZ95.s:2813   .data.__compound_literal.158:00000000 $d
     /tmp/cc5QMZ95.s:2822   .data.__compound_literal.157:00000000 $d
     /tmp/cc5QMZ95.s:2831   .data.gemm_9_output:00000000 $d
     /tmp/cc5QMZ95.s:4504   .rodata.gemm_9_output_array_intq:00000000 gemm_9_output_array_intq
     /tmp/cc5QMZ95.s:2863   .data.__compound_literal.155:00000000 __compound_literal.155
     /tmp/cc5QMZ95.s:2854   .data.__compound_literal.156:00000000 __compound_literal.156
     /tmp/cc5QMZ95.s:2851   .data.__compound_literal.156:00000000 $d
     /tmp/cc5QMZ95.s:2860   .data.__compound_literal.155:00000000 $d
     /tmp/cc5QMZ95.s:2869   .data.gemm_9_bias:00000000 $d
     /tmp/cc5QMZ95.s:2901   .data.__compound_literal.153:00000000 __compound_literal.153
     /tmp/cc5QMZ95.s:2892   .data.__compound_literal.154:00000000 __compound_literal.154
ARM GAS  /tmp/cc5QMZ95.s 			page 128


     /tmp/cc5QMZ95.s:2889   .data.__compound_literal.154:00000000 $d
     /tmp/cc5QMZ95.s:2898   .data.__compound_literal.153:00000000 $d
     /tmp/cc5QMZ95.s:2907   .data.gemm_8_weights:00000000 $d
     /tmp/cc5QMZ95.s:4531   .rodata.gemm_8_weights_array_intq:00000000 gemm_8_weights_array_intq
     /tmp/cc5QMZ95.s:2939   .data.__compound_literal.151:00000000 __compound_literal.151
     /tmp/cc5QMZ95.s:2930   .data.__compound_literal.152:00000000 __compound_literal.152
     /tmp/cc5QMZ95.s:2927   .data.__compound_literal.152:00000000 $d
     /tmp/cc5QMZ95.s:2936   .data.__compound_literal.151:00000000 $d
     /tmp/cc5QMZ95.s:2945   .data.gemm_8_scratch0:00000000 $d
     /tmp/cc5QMZ95.s:2977   .data.__compound_literal.149:00000000 __compound_literal.149
     /tmp/cc5QMZ95.s:2968   .data.__compound_literal.150:00000000 __compound_literal.150
     /tmp/cc5QMZ95.s:2965   .data.__compound_literal.150:00000000 $d
     /tmp/cc5QMZ95.s:2974   .data.__compound_literal.149:00000000 $d
     /tmp/cc5QMZ95.s:2983   .data.gemm_8_output:00000000 $d
     /tmp/cc5QMZ95.s:4589   .rodata.gemm_8_output_array_intq:00000000 gemm_8_output_array_intq
     /tmp/cc5QMZ95.s:3015   .data.__compound_literal.147:00000000 __compound_literal.147
     /tmp/cc5QMZ95.s:3006   .data.__compound_literal.148:00000000 __compound_literal.148
     /tmp/cc5QMZ95.s:3003   .data.__compound_literal.148:00000000 $d
     /tmp/cc5QMZ95.s:3012   .data.__compound_literal.147:00000000 $d
     /tmp/cc5QMZ95.s:3021   .data.gemm_8_bias:00000000 $d
     /tmp/cc5QMZ95.s:3053   .data.__compound_literal.145:00000000 __compound_literal.145
     /tmp/cc5QMZ95.s:3044   .data.__compound_literal.146:00000000 __compound_literal.146
     /tmp/cc5QMZ95.s:3041   .data.__compound_literal.146:00000000 $d
     /tmp/cc5QMZ95.s:3050   .data.__compound_literal.145:00000000 $d
     /tmp/cc5QMZ95.s:3059   .data.gemm_6_weights:00000000 $d
     /tmp/cc5QMZ95.s:4616   .rodata.gemm_6_weights_array_intq:00000000 gemm_6_weights_array_intq
     /tmp/cc5QMZ95.s:3091   .data.__compound_literal.143:00000000 __compound_literal.143
     /tmp/cc5QMZ95.s:3082   .data.__compound_literal.144:00000000 __compound_literal.144
     /tmp/cc5QMZ95.s:3079   .data.__compound_literal.144:00000000 $d
     /tmp/cc5QMZ95.s:3088   .data.__compound_literal.143:00000000 $d
     /tmp/cc5QMZ95.s:3097   .data.gemm_6_scratch0:00000000 $d
     /tmp/cc5QMZ95.s:3129   .data.__compound_literal.141:00000000 __compound_literal.141
     /tmp/cc5QMZ95.s:3120   .data.__compound_literal.142:00000000 __compound_literal.142
     /tmp/cc5QMZ95.s:3117   .data.__compound_literal.142:00000000 $d
     /tmp/cc5QMZ95.s:3126   .data.__compound_literal.141:00000000 $d
     /tmp/cc5QMZ95.s:3135   .data.gemm_6_output:00000000 $d
     /tmp/cc5QMZ95.s:4690   .rodata.gemm_6_output_array_intq:00000000 gemm_6_output_array_intq
     /tmp/cc5QMZ95.s:3167   .data.__compound_literal.139:00000000 __compound_literal.139
     /tmp/cc5QMZ95.s:3158   .data.__compound_literal.140:00000000 __compound_literal.140
     /tmp/cc5QMZ95.s:3155   .data.__compound_literal.140:00000000 $d
     /tmp/cc5QMZ95.s:3164   .data.__compound_literal.139:00000000 $d
     /tmp/cc5QMZ95.s:3173   .data.gemm_6_bias:00000000 $d
     /tmp/cc5QMZ95.s:3205   .data.__compound_literal.137:00000000 __compound_literal.137
     /tmp/cc5QMZ95.s:3196   .data.__compound_literal.138:00000000 __compound_literal.138
     /tmp/cc5QMZ95.s:3193   .data.__compound_literal.138:00000000 $d
     /tmp/cc5QMZ95.s:3202   .data.__compound_literal.137:00000000 $d
     /tmp/cc5QMZ95.s:3211   .data.gemm_5_weights:00000000 $d
     /tmp/cc5QMZ95.s:4717   .rodata.gemm_5_weights_array_intq:00000000 gemm_5_weights_array_intq
     /tmp/cc5QMZ95.s:3243   .data.__compound_literal.135:00000000 __compound_literal.135
     /tmp/cc5QMZ95.s:3234   .data.__compound_literal.136:00000000 __compound_literal.136
     /tmp/cc5QMZ95.s:3231   .data.__compound_literal.136:00000000 $d
     /tmp/cc5QMZ95.s:3240   .data.__compound_literal.135:00000000 $d
     /tmp/cc5QMZ95.s:3249   .data.gemm_5_scratch0:00000000 $d
     /tmp/cc5QMZ95.s:3281   .data.__compound_literal.133:00000000 __compound_literal.133
     /tmp/cc5QMZ95.s:3272   .data.__compound_literal.134:00000000 __compound_literal.134
     /tmp/cc5QMZ95.s:3269   .data.__compound_literal.134:00000000 $d
     /tmp/cc5QMZ95.s:3278   .data.__compound_literal.133:00000000 $d
ARM GAS  /tmp/cc5QMZ95.s 			page 129


     /tmp/cc5QMZ95.s:3287   .data.gemm_5_output:00000000 $d
     /tmp/cc5QMZ95.s:4791   .rodata.gemm_5_output_array_intq:00000000 gemm_5_output_array_intq
     /tmp/cc5QMZ95.s:3319   .data.__compound_literal.131:00000000 __compound_literal.131
     /tmp/cc5QMZ95.s:3310   .data.__compound_literal.132:00000000 __compound_literal.132
     /tmp/cc5QMZ95.s:3307   .data.__compound_literal.132:00000000 $d
     /tmp/cc5QMZ95.s:3316   .data.__compound_literal.131:00000000 $d
     /tmp/cc5QMZ95.s:3325   .data.gemm_5_bias:00000000 $d
     /tmp/cc5QMZ95.s:3357   .data.__compound_literal.129:00000000 __compound_literal.129
     /tmp/cc5QMZ95.s:3348   .data.__compound_literal.130:00000000 __compound_literal.130
     /tmp/cc5QMZ95.s:3345   .data.__compound_literal.130:00000000 $d
     /tmp/cc5QMZ95.s:3354   .data.__compound_literal.129:00000000 $d
     /tmp/cc5QMZ95.s:3363   .data.gemm_4_weights:00000000 $d
     /tmp/cc5QMZ95.s:4818   .rodata.gemm_4_weights_array_intq:00000000 gemm_4_weights_array_intq
     /tmp/cc5QMZ95.s:3395   .data.__compound_literal.127:00000000 __compound_literal.127
     /tmp/cc5QMZ95.s:3386   .data.__compound_literal.128:00000000 __compound_literal.128
     /tmp/cc5QMZ95.s:3383   .data.__compound_literal.128:00000000 $d
     /tmp/cc5QMZ95.s:3392   .data.__compound_literal.127:00000000 $d
     /tmp/cc5QMZ95.s:3401   .data.gemm_4_scratch0:00000000 $d
     /tmp/cc5QMZ95.s:3433   .data.__compound_literal.125:00000000 __compound_literal.125
     /tmp/cc5QMZ95.s:3424   .data.__compound_literal.126:00000000 __compound_literal.126
     /tmp/cc5QMZ95.s:3421   .data.__compound_literal.126:00000000 $d
     /tmp/cc5QMZ95.s:3430   .data.__compound_literal.125:00000000 $d
     /tmp/cc5QMZ95.s:3439   .data.gemm_4_output:00000000 $d
     /tmp/cc5QMZ95.s:4892   .rodata.gemm_4_output_array_intq:00000000 gemm_4_output_array_intq
     /tmp/cc5QMZ95.s:3471   .data.__compound_literal.123:00000000 __compound_literal.123
     /tmp/cc5QMZ95.s:3462   .data.__compound_literal.124:00000000 __compound_literal.124
     /tmp/cc5QMZ95.s:3459   .data.__compound_literal.124:00000000 $d
     /tmp/cc5QMZ95.s:3468   .data.__compound_literal.123:00000000 $d
     /tmp/cc5QMZ95.s:3477   .data.gemm_4_bias:00000000 $d
     /tmp/cc5QMZ95.s:3509   .data.__compound_literal.121:00000000 __compound_literal.121
     /tmp/cc5QMZ95.s:3500   .data.__compound_literal.122:00000000 __compound_literal.122
     /tmp/cc5QMZ95.s:3497   .data.__compound_literal.122:00000000 $d
     /tmp/cc5QMZ95.s:3506   .data.__compound_literal.121:00000000 $d
     /tmp/cc5QMZ95.s:3515   .data.gemm_2_weights:00000000 $d
     /tmp/cc5QMZ95.s:4919   .rodata.gemm_2_weights_array_intq:00000000 gemm_2_weights_array_intq
     /tmp/cc5QMZ95.s:3547   .data.__compound_literal.119:00000000 __compound_literal.119
     /tmp/cc5QMZ95.s:3538   .data.__compound_literal.120:00000000 __compound_literal.120
     /tmp/cc5QMZ95.s:3535   .data.__compound_literal.120:00000000 $d
     /tmp/cc5QMZ95.s:3544   .data.__compound_literal.119:00000000 $d
     /tmp/cc5QMZ95.s:3553   .data.gemm_2_scratch0:00000000 $d
     /tmp/cc5QMZ95.s:3585   .data.__compound_literal.117:00000000 __compound_literal.117
     /tmp/cc5QMZ95.s:3576   .data.__compound_literal.118:00000000 __compound_literal.118
     /tmp/cc5QMZ95.s:3573   .data.__compound_literal.118:00000000 $d
     /tmp/cc5QMZ95.s:3582   .data.__compound_literal.117:00000000 $d
     /tmp/cc5QMZ95.s:3591   .data.gemm_2_output:00000000 $d
     /tmp/cc5QMZ95.s:5009   .rodata.gemm_2_output_array_intq:00000000 gemm_2_output_array_intq
     /tmp/cc5QMZ95.s:3623   .data.__compound_literal.115:00000000 __compound_literal.115
     /tmp/cc5QMZ95.s:3614   .data.__compound_literal.116:00000000 __compound_literal.116
     /tmp/cc5QMZ95.s:3611   .data.__compound_literal.116:00000000 $d
     /tmp/cc5QMZ95.s:3620   .data.__compound_literal.115:00000000 $d
     /tmp/cc5QMZ95.s:3629   .data.gemm_2_bias:00000000 $d
     /tmp/cc5QMZ95.s:3661   .data.__compound_literal.113:00000000 __compound_literal.113
     /tmp/cc5QMZ95.s:3652   .data.__compound_literal.114:00000000 __compound_literal.114
     /tmp/cc5QMZ95.s:3649   .data.__compound_literal.114:00000000 $d
     /tmp/cc5QMZ95.s:3658   .data.__compound_literal.113:00000000 $d
     /tmp/cc5QMZ95.s:3667   .data.gemm_1_weights:00000000 $d
     /tmp/cc5QMZ95.s:5036   .rodata.gemm_1_weights_array_intq:00000000 gemm_1_weights_array_intq
ARM GAS  /tmp/cc5QMZ95.s 			page 130


     /tmp/cc5QMZ95.s:3699   .data.__compound_literal.111:00000000 __compound_literal.111
     /tmp/cc5QMZ95.s:3690   .data.__compound_literal.112:00000000 __compound_literal.112
     /tmp/cc5QMZ95.s:3687   .data.__compound_literal.112:00000000 $d
     /tmp/cc5QMZ95.s:3696   .data.__compound_literal.111:00000000 $d
     /tmp/cc5QMZ95.s:3705   .data.gemm_1_scratch0:00000000 $d
     /tmp/cc5QMZ95.s:3737   .data.__compound_literal.109:00000000 __compound_literal.109
     /tmp/cc5QMZ95.s:3728   .data.__compound_literal.110:00000000 __compound_literal.110
     /tmp/cc5QMZ95.s:3725   .data.__compound_literal.110:00000000 $d
     /tmp/cc5QMZ95.s:3734   .data.__compound_literal.109:00000000 $d
     /tmp/cc5QMZ95.s:3743   .data.gemm_1_output:00000000 $d
     /tmp/cc5QMZ95.s:5126   .rodata.gemm_1_output_array_intq:00000000 gemm_1_output_array_intq
     /tmp/cc5QMZ95.s:3775   .data.__compound_literal.107:00000000 __compound_literal.107
     /tmp/cc5QMZ95.s:3766   .data.__compound_literal.108:00000000 __compound_literal.108
     /tmp/cc5QMZ95.s:3763   .data.__compound_literal.108:00000000 $d
     /tmp/cc5QMZ95.s:3772   .data.__compound_literal.107:00000000 $d
     /tmp/cc5QMZ95.s:3781   .data.gemm_1_bias:00000000 $d
     /tmp/cc5QMZ95.s:3813   .data.__compound_literal.105:00000000 __compound_literal.105
     /tmp/cc5QMZ95.s:3804   .data.__compound_literal.106:00000000 __compound_literal.106
     /tmp/cc5QMZ95.s:3801   .data.__compound_literal.106:00000000 $d
     /tmp/cc5QMZ95.s:3810   .data.__compound_literal.105:00000000 $d
     /tmp/cc5QMZ95.s:3819   .data.gemm_12_weights:00000000 $d
     /tmp/cc5QMZ95.s:5153   .rodata.gemm_12_weights_array_intq:00000000 gemm_12_weights_array_intq
     /tmp/cc5QMZ95.s:3851   .data.__compound_literal.103:00000000 __compound_literal.103
     /tmp/cc5QMZ95.s:3842   .data.__compound_literal.104:00000000 __compound_literal.104
     /tmp/cc5QMZ95.s:3839   .data.__compound_literal.104:00000000 $d
     /tmp/cc5QMZ95.s:3848   .data.__compound_literal.103:00000000 $d
     /tmp/cc5QMZ95.s:3857   .data.gemm_12_scratch0:00000000 $d
     /tmp/cc5QMZ95.s:3889   .data.__compound_literal.101:00000000 __compound_literal.101
     /tmp/cc5QMZ95.s:3880   .data.__compound_literal.102:00000000 __compound_literal.102
     /tmp/cc5QMZ95.s:3877   .data.__compound_literal.102:00000000 $d
     /tmp/cc5QMZ95.s:3886   .data.__compound_literal.101:00000000 $d
     /tmp/cc5QMZ95.s:3895   .data.gemm_12_output:00000000 $d
     /tmp/cc5QMZ95.s:5188   .rodata.gemm_12_output_array_intq:00000000 gemm_12_output_array_intq
     /tmp/cc5QMZ95.s:3927   .data.__compound_literal.99:00000000 __compound_literal.99
     /tmp/cc5QMZ95.s:3918   .data.__compound_literal.100:00000000 __compound_literal.100
     /tmp/cc5QMZ95.s:3915   .data.__compound_literal.100:00000000 $d
     /tmp/cc5QMZ95.s:3924   .data.__compound_literal.99:00000000 $d
     /tmp/cc5QMZ95.s:3933   .data.gemm_12_bias:00000000 $d
     /tmp/cc5QMZ95.s:3965   .data.__compound_literal.97:00000000 __compound_literal.97
     /tmp/cc5QMZ95.s:3956   .data.__compound_literal.98:00000000 __compound_literal.98
     /tmp/cc5QMZ95.s:3953   .data.__compound_literal.98:00000000 $d
     /tmp/cc5QMZ95.s:3962   .data.__compound_literal.97:00000000 $d
     /tmp/cc5QMZ95.s:3971   .data.gemm_10_weights:00000000 $d
     /tmp/cc5QMZ95.s:5215   .rodata.gemm_10_weights_array_intq:00000000 gemm_10_weights_array_intq
     /tmp/cc5QMZ95.s:4003   .data.__compound_literal.95:00000000 __compound_literal.95
     /tmp/cc5QMZ95.s:3994   .data.__compound_literal.96:00000000 __compound_literal.96
     /tmp/cc5QMZ95.s:3991   .data.__compound_literal.96:00000000 $d
     /tmp/cc5QMZ95.s:4000   .data.__compound_literal.95:00000000 $d
     /tmp/cc5QMZ95.s:4009   .data.gemm_10_scratch0:00000000 $d
     /tmp/cc5QMZ95.s:4041   .data.__compound_literal.93:00000000 __compound_literal.93
     /tmp/cc5QMZ95.s:4032   .data.__compound_literal.94:00000000 __compound_literal.94
     /tmp/cc5QMZ95.s:4029   .data.__compound_literal.94:00000000 $d
     /tmp/cc5QMZ95.s:4038   .data.__compound_literal.93:00000000 $d
     /tmp/cc5QMZ95.s:4047   .data.gemm_10_output:00000000 $d
     /tmp/cc5QMZ95.s:5273   .rodata.gemm_10_output_array_intq:00000000 gemm_10_output_array_intq
     /tmp/cc5QMZ95.s:4079   .data.__compound_literal.91:00000000 __compound_literal.91
     /tmp/cc5QMZ95.s:4070   .data.__compound_literal.92:00000000 __compound_literal.92
ARM GAS  /tmp/cc5QMZ95.s 			page 131


     /tmp/cc5QMZ95.s:4067   .data.__compound_literal.92:00000000 $d
     /tmp/cc5QMZ95.s:4076   .data.__compound_literal.91:00000000 $d
     /tmp/cc5QMZ95.s:4085   .data.gemm_10_bias:00000000 $d
     /tmp/cc5QMZ95.s:4117   .data.__compound_literal.89:00000000 __compound_literal.89
     /tmp/cc5QMZ95.s:4108   .data.__compound_literal.90:00000000 __compound_literal.90
     /tmp/cc5QMZ95.s:4105   .data.__compound_literal.90:00000000 $d
     /tmp/cc5QMZ95.s:4114   .data.__compound_literal.89:00000000 $d
     /tmp/cc5QMZ95.s:4123   .data.gemm_0_weights:00000000 $d
     /tmp/cc5QMZ95.s:5300   .rodata.gemm_0_weights_array_intq:00000000 gemm_0_weights_array_intq
     /tmp/cc5QMZ95.s:4155   .data.__compound_literal.87:00000000 __compound_literal.87
     /tmp/cc5QMZ95.s:4146   .data.__compound_literal.88:00000000 __compound_literal.88
     /tmp/cc5QMZ95.s:4143   .data.__compound_literal.88:00000000 $d
     /tmp/cc5QMZ95.s:4152   .data.__compound_literal.87:00000000 $d
     /tmp/cc5QMZ95.s:4161   .data.gemm_0_scratch0:00000000 $d
     /tmp/cc5QMZ95.s:4193   .data.__compound_literal.85:00000000 __compound_literal.85
     /tmp/cc5QMZ95.s:4184   .data.__compound_literal.86:00000000 __compound_literal.86
     /tmp/cc5QMZ95.s:4181   .data.__compound_literal.86:00000000 $d
     /tmp/cc5QMZ95.s:4190   .data.__compound_literal.85:00000000 $d
     /tmp/cc5QMZ95.s:4199   .data.gemm_0_output:00000000 $d
     /tmp/cc5QMZ95.s:5390   .rodata.gemm_0_output_array_intq:00000000 gemm_0_output_array_intq
     /tmp/cc5QMZ95.s:4231   .data.__compound_literal.83:00000000 __compound_literal.83
     /tmp/cc5QMZ95.s:4222   .data.__compound_literal.84:00000000 __compound_literal.84
     /tmp/cc5QMZ95.s:4219   .data.__compound_literal.84:00000000 $d
     /tmp/cc5QMZ95.s:4228   .data.__compound_literal.83:00000000 $d
     /tmp/cc5QMZ95.s:4237   .data.gemm_0_bias:00000000 $d
     /tmp/cc5QMZ95.s:4269   .data.__compound_literal.81:00000000 __compound_literal.81
     /tmp/cc5QMZ95.s:4260   .data.__compound_literal.82:00000000 __compound_literal.82
     /tmp/cc5QMZ95.s:4257   .data.__compound_literal.82:00000000 $d
     /tmp/cc5QMZ95.s:4266   .data.__compound_literal.81:00000000 $d
     /tmp/cc5QMZ95.s:4275   .data.eltwise_7_output:00000000 $d
     /tmp/cc5QMZ95.s:5417   .rodata.eltwise_7_output_array_intq:00000000 eltwise_7_output_array_intq
     /tmp/cc5QMZ95.s:4307   .data.__compound_literal.79:00000000 __compound_literal.79
     /tmp/cc5QMZ95.s:4298   .data.__compound_literal.80:00000000 __compound_literal.80
     /tmp/cc5QMZ95.s:4295   .data.__compound_literal.80:00000000 $d
     /tmp/cc5QMZ95.s:4304   .data.__compound_literal.79:00000000 $d
     /tmp/cc5QMZ95.s:4313   .data.eltwise_3_output:00000000 $d
     /tmp/cc5QMZ95.s:5444   .rodata.eltwise_3_output_array_intq:00000000 eltwise_3_output_array_intq
     /tmp/cc5QMZ95.s:4345   .data.__compound_literal.77:00000000 __compound_literal.77
     /tmp/cc5QMZ95.s:4336   .data.__compound_literal.78:00000000 __compound_literal.78
     /tmp/cc5QMZ95.s:4333   .data.__compound_literal.78:00000000 $d
     /tmp/cc5QMZ95.s:4342   .data.__compound_literal.77:00000000 $d
     /tmp/cc5QMZ95.s:4351   .data.eltwise_11_output:00000000 $d
     /tmp/cc5QMZ95.s:5471   .rodata.eltwise_11_output_array_intq:00000000 eltwise_11_output_array_intq
     /tmp/cc5QMZ95.s:4383   .data.__compound_literal.75:00000000 __compound_literal.75
     /tmp/cc5QMZ95.s:4374   .data.__compound_literal.76:00000000 __compound_literal.76
     /tmp/cc5QMZ95.s:4371   .data.__compound_literal.76:00000000 $d
     /tmp/cc5QMZ95.s:4380   .data.__compound_literal.75:00000000 $d
     /tmp/cc5QMZ95.s:4389   .rodata.serving_default_sensor_input0_output_array_intq:00000000 $d
     /tmp/cc5QMZ95.s:4400   .rodata.__compound_literal.74:00000000 __compound_literal.74
     /tmp/cc5QMZ95.s:4397   .rodata.__compound_literal.74:00000000 $d
     /tmp/cc5QMZ95.s:4413   .rodata.__compound_literal.72:00000000 __compound_literal.72
     /tmp/cc5QMZ95.s:4407   .rodata.__compound_literal.73:00000000 __compound_literal.73
     /tmp/cc5QMZ95.s:4404   .rodata.__compound_literal.73:00000000 $d
     /tmp/cc5QMZ95.s:4410   .rodata.__compound_literal.72:00000000 $d
     /tmp/cc5QMZ95.s:4416   .rodata.nl_13_output_array_intq:00000000 $d
     /tmp/cc5QMZ95.s:4427   .rodata.__compound_literal.71:00000000 __compound_literal.71
     /tmp/cc5QMZ95.s:4424   .rodata.__compound_literal.71:00000000 $d
ARM GAS  /tmp/cc5QMZ95.s 			page 132


     /tmp/cc5QMZ95.s:4440   .rodata.__compound_literal.69:00000000 __compound_literal.69
     /tmp/cc5QMZ95.s:4434   .rodata.__compound_literal.70:00000000 __compound_literal.70
     /tmp/cc5QMZ95.s:4431   .rodata.__compound_literal.70:00000000 $d
     /tmp/cc5QMZ95.s:4437   .rodata.__compound_literal.69:00000000 $d
     /tmp/cc5QMZ95.s:4443   .rodata.gemm_9_weights_array_intq:00000000 $d
     /tmp/cc5QMZ95.s:4454   .rodata.__compound_literal.68:00000000 __compound_literal.68
     /tmp/cc5QMZ95.s:4451   .rodata.__compound_literal.68:00000000 $d
     /tmp/cc5QMZ95.s:4467   .rodata.__compound_literal.66:00000000 __compound_literal.66
     /tmp/cc5QMZ95.s:4461   .rodata.__compound_literal.67:00000000 __compound_literal.67
     /tmp/cc5QMZ95.s:4458   .rodata.__compound_literal.67:00000000 $d
     /tmp/cc5QMZ95.s:4464   .rodata.__compound_literal.66:00000000 $d
     /tmp/cc5QMZ95.s:4501   .rodata.gemm_9_output_array_intq:00000000 $d
     /tmp/cc5QMZ95.s:4512   .rodata.__compound_literal.65:00000000 __compound_literal.65
     /tmp/cc5QMZ95.s:4509   .rodata.__compound_literal.65:00000000 $d
     /tmp/cc5QMZ95.s:4525   .rodata.__compound_literal.63:00000000 __compound_literal.63
     /tmp/cc5QMZ95.s:4519   .rodata.__compound_literal.64:00000000 __compound_literal.64
     /tmp/cc5QMZ95.s:4516   .rodata.__compound_literal.64:00000000 $d
     /tmp/cc5QMZ95.s:4522   .rodata.__compound_literal.63:00000000 $d
     /tmp/cc5QMZ95.s:4528   .rodata.gemm_8_weights_array_intq:00000000 $d
     /tmp/cc5QMZ95.s:4539   .rodata.__compound_literal.62:00000000 __compound_literal.62
     /tmp/cc5QMZ95.s:4536   .rodata.__compound_literal.62:00000000 $d
     /tmp/cc5QMZ95.s:4552   .rodata.__compound_literal.60:00000000 __compound_literal.60
     /tmp/cc5QMZ95.s:4546   .rodata.__compound_literal.61:00000000 __compound_literal.61
     /tmp/cc5QMZ95.s:4543   .rodata.__compound_literal.61:00000000 $d
     /tmp/cc5QMZ95.s:4549   .rodata.__compound_literal.60:00000000 $d
     /tmp/cc5QMZ95.s:4586   .rodata.gemm_8_output_array_intq:00000000 $d
     /tmp/cc5QMZ95.s:4597   .rodata.__compound_literal.59:00000000 __compound_literal.59
     /tmp/cc5QMZ95.s:4594   .rodata.__compound_literal.59:00000000 $d
     /tmp/cc5QMZ95.s:4610   .rodata.__compound_literal.57:00000000 __compound_literal.57
     /tmp/cc5QMZ95.s:4604   .rodata.__compound_literal.58:00000000 __compound_literal.58
     /tmp/cc5QMZ95.s:4601   .rodata.__compound_literal.58:00000000 $d
     /tmp/cc5QMZ95.s:4607   .rodata.__compound_literal.57:00000000 $d
     /tmp/cc5QMZ95.s:4613   .rodata.gemm_6_weights_array_intq:00000000 $d
     /tmp/cc5QMZ95.s:4624   .rodata.__compound_literal.56:00000000 __compound_literal.56
     /tmp/cc5QMZ95.s:4621   .rodata.__compound_literal.56:00000000 $d
     /tmp/cc5QMZ95.s:4637   .rodata.__compound_literal.54:00000000 __compound_literal.54
     /tmp/cc5QMZ95.s:4631   .rodata.__compound_literal.55:00000000 __compound_literal.55
     /tmp/cc5QMZ95.s:4628   .rodata.__compound_literal.55:00000000 $d
     /tmp/cc5QMZ95.s:4634   .rodata.__compound_literal.54:00000000 $d
     /tmp/cc5QMZ95.s:4687   .rodata.gemm_6_output_array_intq:00000000 $d
     /tmp/cc5QMZ95.s:4698   .rodata.__compound_literal.53:00000000 __compound_literal.53
     /tmp/cc5QMZ95.s:4695   .rodata.__compound_literal.53:00000000 $d
     /tmp/cc5QMZ95.s:4711   .rodata.__compound_literal.51:00000000 __compound_literal.51
     /tmp/cc5QMZ95.s:4705   .rodata.__compound_literal.52:00000000 __compound_literal.52
     /tmp/cc5QMZ95.s:4702   .rodata.__compound_literal.52:00000000 $d
     /tmp/cc5QMZ95.s:4708   .rodata.__compound_literal.51:00000000 $d
     /tmp/cc5QMZ95.s:4714   .rodata.gemm_5_weights_array_intq:00000000 $d
     /tmp/cc5QMZ95.s:4725   .rodata.__compound_literal.50:00000000 __compound_literal.50
     /tmp/cc5QMZ95.s:4722   .rodata.__compound_literal.50:00000000 $d
     /tmp/cc5QMZ95.s:4738   .rodata.__compound_literal.48:00000000 __compound_literal.48
     /tmp/cc5QMZ95.s:4732   .rodata.__compound_literal.49:00000000 __compound_literal.49
     /tmp/cc5QMZ95.s:4729   .rodata.__compound_literal.49:00000000 $d
     /tmp/cc5QMZ95.s:4735   .rodata.__compound_literal.48:00000000 $d
     /tmp/cc5QMZ95.s:4788   .rodata.gemm_5_output_array_intq:00000000 $d
     /tmp/cc5QMZ95.s:4799   .rodata.__compound_literal.47:00000000 __compound_literal.47
     /tmp/cc5QMZ95.s:4796   .rodata.__compound_literal.47:00000000 $d
     /tmp/cc5QMZ95.s:4812   .rodata.__compound_literal.45:00000000 __compound_literal.45
ARM GAS  /tmp/cc5QMZ95.s 			page 133


     /tmp/cc5QMZ95.s:4806   .rodata.__compound_literal.46:00000000 __compound_literal.46
     /tmp/cc5QMZ95.s:4803   .rodata.__compound_literal.46:00000000 $d
     /tmp/cc5QMZ95.s:4809   .rodata.__compound_literal.45:00000000 $d
     /tmp/cc5QMZ95.s:4815   .rodata.gemm_4_weights_array_intq:00000000 $d
     /tmp/cc5QMZ95.s:4826   .rodata.__compound_literal.44:00000000 __compound_literal.44
     /tmp/cc5QMZ95.s:4823   .rodata.__compound_literal.44:00000000 $d
     /tmp/cc5QMZ95.s:4839   .rodata.__compound_literal.42:00000000 __compound_literal.42
     /tmp/cc5QMZ95.s:4833   .rodata.__compound_literal.43:00000000 __compound_literal.43
     /tmp/cc5QMZ95.s:4830   .rodata.__compound_literal.43:00000000 $d
     /tmp/cc5QMZ95.s:4836   .rodata.__compound_literal.42:00000000 $d
     /tmp/cc5QMZ95.s:4889   .rodata.gemm_4_output_array_intq:00000000 $d
     /tmp/cc5QMZ95.s:4900   .rodata.__compound_literal.41:00000000 __compound_literal.41
     /tmp/cc5QMZ95.s:4897   .rodata.__compound_literal.41:00000000 $d
     /tmp/cc5QMZ95.s:4913   .rodata.__compound_literal.39:00000000 __compound_literal.39
     /tmp/cc5QMZ95.s:4907   .rodata.__compound_literal.40:00000000 __compound_literal.40
     /tmp/cc5QMZ95.s:4904   .rodata.__compound_literal.40:00000000 $d
     /tmp/cc5QMZ95.s:4910   .rodata.__compound_literal.39:00000000 $d
     /tmp/cc5QMZ95.s:4916   .rodata.gemm_2_weights_array_intq:00000000 $d
     /tmp/cc5QMZ95.s:4927   .rodata.__compound_literal.38:00000000 __compound_literal.38
     /tmp/cc5QMZ95.s:4924   .rodata.__compound_literal.38:00000000 $d
     /tmp/cc5QMZ95.s:4940   .rodata.__compound_literal.36:00000000 __compound_literal.36
     /tmp/cc5QMZ95.s:4934   .rodata.__compound_literal.37:00000000 __compound_literal.37
     /tmp/cc5QMZ95.s:4931   .rodata.__compound_literal.37:00000000 $d
     /tmp/cc5QMZ95.s:4937   .rodata.__compound_literal.36:00000000 $d
     /tmp/cc5QMZ95.s:5006   .rodata.gemm_2_output_array_intq:00000000 $d
     /tmp/cc5QMZ95.s:5017   .rodata.__compound_literal.35:00000000 __compound_literal.35
     /tmp/cc5QMZ95.s:5014   .rodata.__compound_literal.35:00000000 $d
     /tmp/cc5QMZ95.s:5030   .rodata.__compound_literal.33:00000000 __compound_literal.33
     /tmp/cc5QMZ95.s:5024   .rodata.__compound_literal.34:00000000 __compound_literal.34
     /tmp/cc5QMZ95.s:5021   .rodata.__compound_literal.34:00000000 $d
     /tmp/cc5QMZ95.s:5027   .rodata.__compound_literal.33:00000000 $d
     /tmp/cc5QMZ95.s:5033   .rodata.gemm_1_weights_array_intq:00000000 $d
     /tmp/cc5QMZ95.s:5044   .rodata.__compound_literal.32:00000000 __compound_literal.32
     /tmp/cc5QMZ95.s:5041   .rodata.__compound_literal.32:00000000 $d
     /tmp/cc5QMZ95.s:5057   .rodata.__compound_literal.30:00000000 __compound_literal.30
     /tmp/cc5QMZ95.s:5051   .rodata.__compound_literal.31:00000000 __compound_literal.31
     /tmp/cc5QMZ95.s:5048   .rodata.__compound_literal.31:00000000 $d
     /tmp/cc5QMZ95.s:5054   .rodata.__compound_literal.30:00000000 $d
     /tmp/cc5QMZ95.s:5123   .rodata.gemm_1_output_array_intq:00000000 $d
     /tmp/cc5QMZ95.s:5134   .rodata.__compound_literal.29:00000000 __compound_literal.29
     /tmp/cc5QMZ95.s:5131   .rodata.__compound_literal.29:00000000 $d
     /tmp/cc5QMZ95.s:5147   .rodata.__compound_literal.27:00000000 __compound_literal.27
     /tmp/cc5QMZ95.s:5141   .rodata.__compound_literal.28:00000000 __compound_literal.28
     /tmp/cc5QMZ95.s:5138   .rodata.__compound_literal.28:00000000 $d
     /tmp/cc5QMZ95.s:5144   .rodata.__compound_literal.27:00000000 $d
     /tmp/cc5QMZ95.s:5150   .rodata.gemm_12_weights_array_intq:00000000 $d
     /tmp/cc5QMZ95.s:5161   .rodata.__compound_literal.26:00000000 __compound_literal.26
     /tmp/cc5QMZ95.s:5158   .rodata.__compound_literal.26:00000000 $d
     /tmp/cc5QMZ95.s:5174   .rodata.__compound_literal.24:00000000 __compound_literal.24
     /tmp/cc5QMZ95.s:5168   .rodata.__compound_literal.25:00000000 __compound_literal.25
     /tmp/cc5QMZ95.s:5165   .rodata.__compound_literal.25:00000000 $d
     /tmp/cc5QMZ95.s:5171   .rodata.__compound_literal.24:00000000 $d
     /tmp/cc5QMZ95.s:5185   .rodata.gemm_12_output_array_intq:00000000 $d
     /tmp/cc5QMZ95.s:5196   .rodata.__compound_literal.23:00000000 __compound_literal.23
     /tmp/cc5QMZ95.s:5193   .rodata.__compound_literal.23:00000000 $d
     /tmp/cc5QMZ95.s:5209   .rodata.__compound_literal.21:00000000 __compound_literal.21
     /tmp/cc5QMZ95.s:5203   .rodata.__compound_literal.22:00000000 __compound_literal.22
ARM GAS  /tmp/cc5QMZ95.s 			page 134


     /tmp/cc5QMZ95.s:5200   .rodata.__compound_literal.22:00000000 $d
     /tmp/cc5QMZ95.s:5206   .rodata.__compound_literal.21:00000000 $d
     /tmp/cc5QMZ95.s:5212   .rodata.gemm_10_weights_array_intq:00000000 $d
     /tmp/cc5QMZ95.s:5223   .rodata.__compound_literal.20:00000000 __compound_literal.20
     /tmp/cc5QMZ95.s:5220   .rodata.__compound_literal.20:00000000 $d
     /tmp/cc5QMZ95.s:5236   .rodata.__compound_literal.18:00000000 __compound_literal.18
     /tmp/cc5QMZ95.s:5230   .rodata.__compound_literal.19:00000000 __compound_literal.19
     /tmp/cc5QMZ95.s:5227   .rodata.__compound_literal.19:00000000 $d
     /tmp/cc5QMZ95.s:5233   .rodata.__compound_literal.18:00000000 $d
     /tmp/cc5QMZ95.s:5270   .rodata.gemm_10_output_array_intq:00000000 $d
     /tmp/cc5QMZ95.s:5281   .rodata.__compound_literal.17:00000000 __compound_literal.17
     /tmp/cc5QMZ95.s:5278   .rodata.__compound_literal.17:00000000 $d
     /tmp/cc5QMZ95.s:5294   .rodata.__compound_literal.15:00000000 __compound_literal.15
     /tmp/cc5QMZ95.s:5288   .rodata.__compound_literal.16:00000000 __compound_literal.16
     /tmp/cc5QMZ95.s:5285   .rodata.__compound_literal.16:00000000 $d
     /tmp/cc5QMZ95.s:5291   .rodata.__compound_literal.15:00000000 $d
     /tmp/cc5QMZ95.s:5297   .rodata.gemm_0_weights_array_intq:00000000 $d
     /tmp/cc5QMZ95.s:5308   .rodata.__compound_literal.14:00000000 __compound_literal.14
     /tmp/cc5QMZ95.s:5305   .rodata.__compound_literal.14:00000000 $d
     /tmp/cc5QMZ95.s:5321   .rodata.__compound_literal.12:00000000 __compound_literal.12
     /tmp/cc5QMZ95.s:5315   .rodata.__compound_literal.13:00000000 __compound_literal.13
     /tmp/cc5QMZ95.s:5312   .rodata.__compound_literal.13:00000000 $d
     /tmp/cc5QMZ95.s:5318   .rodata.__compound_literal.12:00000000 $d
     /tmp/cc5QMZ95.s:5387   .rodata.gemm_0_output_array_intq:00000000 $d
     /tmp/cc5QMZ95.s:5398   .rodata.__compound_literal.11:00000000 __compound_literal.11
     /tmp/cc5QMZ95.s:5395   .rodata.__compound_literal.11:00000000 $d
     /tmp/cc5QMZ95.s:5411   .rodata.__compound_literal.9:00000000 __compound_literal.9
     /tmp/cc5QMZ95.s:5405   .rodata.__compound_literal.10:00000000 __compound_literal.10
     /tmp/cc5QMZ95.s:5402   .rodata.__compound_literal.10:00000000 $d
     /tmp/cc5QMZ95.s:5408   .rodata.__compound_literal.9:00000000 $d
     /tmp/cc5QMZ95.s:5414   .rodata.eltwise_7_output_array_intq:00000000 $d
     /tmp/cc5QMZ95.s:5425   .rodata.__compound_literal.8:00000000 __compound_literal.8
     /tmp/cc5QMZ95.s:5422   .rodata.__compound_literal.8:00000000 $d
     /tmp/cc5QMZ95.s:5438   .rodata.__compound_literal.6:00000000 __compound_literal.6
     /tmp/cc5QMZ95.s:5432   .rodata.__compound_literal.7:00000000 __compound_literal.7
     /tmp/cc5QMZ95.s:5429   .rodata.__compound_literal.7:00000000 $d
     /tmp/cc5QMZ95.s:5435   .rodata.__compound_literal.6:00000000 $d
     /tmp/cc5QMZ95.s:5441   .rodata.eltwise_3_output_array_intq:00000000 $d
     /tmp/cc5QMZ95.s:5452   .rodata.__compound_literal.5:00000000 __compound_literal.5
     /tmp/cc5QMZ95.s:5449   .rodata.__compound_literal.5:00000000 $d
     /tmp/cc5QMZ95.s:5465   .rodata.__compound_literal.3:00000000 __compound_literal.3
     /tmp/cc5QMZ95.s:5459   .rodata.__compound_literal.4:00000000 __compound_literal.4
     /tmp/cc5QMZ95.s:5456   .rodata.__compound_literal.4:00000000 $d
     /tmp/cc5QMZ95.s:5462   .rodata.__compound_literal.3:00000000 $d
     /tmp/cc5QMZ95.s:5468   .rodata.eltwise_11_output_array_intq:00000000 $d
     /tmp/cc5QMZ95.s:5479   .rodata.__compound_literal.2:00000000 __compound_literal.2
     /tmp/cc5QMZ95.s:5476   .rodata.__compound_literal.2:00000000 $d
     /tmp/cc5QMZ95.s:5492   .rodata.__compound_literal.0:00000000 __compound_literal.0
     /tmp/cc5QMZ95.s:5486   .rodata.__compound_literal.1:00000000 __compound_literal.1
     /tmp/cc5QMZ95.s:5483   .rodata.__compound_literal.1:00000000 $d
     /tmp/cc5QMZ95.s:5489   .rodata.__compound_literal.0:00000000 $d
     /tmp/cc5QMZ95.s:5495   .data.nl_13_scratch0_array:00000000 $d
     /tmp/cc5QMZ95.s:5504   .data.gemm_12_scratch0_array:00000000 $d
     /tmp/cc5QMZ95.s:5513   .data.gemm_10_scratch0_array:00000000 $d
     /tmp/cc5QMZ95.s:5522   .data.gemm_9_scratch0_array:00000000 $d
     /tmp/cc5QMZ95.s:5531   .data.gemm_8_scratch0_array:00000000 $d
     /tmp/cc5QMZ95.s:5540   .data.gemm_6_scratch0_array:00000000 $d
ARM GAS  /tmp/cc5QMZ95.s 			page 135


     /tmp/cc5QMZ95.s:5549   .data.gemm_5_scratch0_array:00000000 $d
     /tmp/cc5QMZ95.s:5558   .data.gemm_4_scratch0_array:00000000 $d
     /tmp/cc5QMZ95.s:5567   .data.gemm_2_scratch0_array:00000000 $d
     /tmp/cc5QMZ95.s:5576   .data.gemm_1_scratch0_array:00000000 $d
     /tmp/cc5QMZ95.s:5585   .data.gemm_0_scratch0_array:00000000 $d
     /tmp/cc5QMZ95.s:5594   .data.gemm_12_bias_array:00000000 $d
     /tmp/cc5QMZ95.s:5603   .data.gemm_12_weights_array:00000000 $d
     /tmp/cc5QMZ95.s:5612   .data.gemm_10_bias_array:00000000 $d
     /tmp/cc5QMZ95.s:5621   .data.gemm_10_weights_array:00000000 $d
     /tmp/cc5QMZ95.s:5630   .data.gemm_9_bias_array:00000000 $d
     /tmp/cc5QMZ95.s:5639   .data.gemm_9_weights_array:00000000 $d
     /tmp/cc5QMZ95.s:5648   .data.gemm_8_bias_array:00000000 $d
     /tmp/cc5QMZ95.s:5657   .data.gemm_8_weights_array:00000000 $d
     /tmp/cc5QMZ95.s:5666   .data.gemm_6_bias_array:00000000 $d
     /tmp/cc5QMZ95.s:5675   .data.gemm_6_weights_array:00000000 $d
     /tmp/cc5QMZ95.s:5684   .data.gemm_5_bias_array:00000000 $d
     /tmp/cc5QMZ95.s:5693   .data.gemm_5_weights_array:00000000 $d
     /tmp/cc5QMZ95.s:5702   .data.gemm_4_bias_array:00000000 $d
     /tmp/cc5QMZ95.s:5711   .data.gemm_4_weights_array:00000000 $d
     /tmp/cc5QMZ95.s:5720   .data.gemm_2_bias_array:00000000 $d
     /tmp/cc5QMZ95.s:5729   .data.gemm_2_weights_array:00000000 $d
     /tmp/cc5QMZ95.s:5738   .data.gemm_1_bias_array:00000000 $d
     /tmp/cc5QMZ95.s:5747   .data.gemm_1_weights_array:00000000 $d
     /tmp/cc5QMZ95.s:5756   .data.gemm_0_bias_array:00000000 $d
     /tmp/cc5QMZ95.s:5765   .data.gemm_0_weights_array:00000000 $d
     /tmp/cc5QMZ95.s:5774   .data.nl_13_output_array:00000000 $d
     /tmp/cc5QMZ95.s:5783   .data.gemm_12_output_array:00000000 $d
     /tmp/cc5QMZ95.s:5792   .data.eltwise_11_output_array:00000000 $d
     /tmp/cc5QMZ95.s:5801   .data.gemm_10_output_array:00000000 $d
     /tmp/cc5QMZ95.s:5810   .data.gemm_9_output_array:00000000 $d
     /tmp/cc5QMZ95.s:5819   .data.gemm_8_output_array:00000000 $d
     /tmp/cc5QMZ95.s:5828   .data.eltwise_7_output_array:00000000 $d
     /tmp/cc5QMZ95.s:5837   .data.gemm_6_output_array:00000000 $d
     /tmp/cc5QMZ95.s:5846   .data.gemm_5_output_array:00000000 $d
     /tmp/cc5QMZ95.s:5855   .data.gemm_4_output_array:00000000 $d
     /tmp/cc5QMZ95.s:5864   .data.eltwise_3_output_array:00000000 $d
     /tmp/cc5QMZ95.s:5873   .data.gemm_2_output_array:00000000 $d
     /tmp/cc5QMZ95.s:5882   .data.gemm_1_output_array:00000000 $d
     /tmp/cc5QMZ95.s:5891   .data.gemm_0_output_array:00000000 $d
     /tmp/cc5QMZ95.s:5900   .data.serving_default_sensor_input0_output_array:00000000 $d
     /tmp/cc5QMZ95.s:5909   .bss.g_network_weights_map:00000000 $d
     /tmp/cc5QMZ95.s:5915   .bss.g_network_activations_map:00000000 $d

UNDEFINED SYMBOLS
ai_platform_get_weights_map
ai_platform_network_set_error
ai_platform_get_activations_map
ai_platform_context_acquire
memset
ai_platform_runtime_get_revision
ai_platform_runtime_get_version
ai_platform_api_get_version
ai_platform_interface_api_get_version
ai_platform_api_get_network_report
memcpy
ai_platform_network_get_error
ai_platform_network_create
ARM GAS  /tmp/cc5QMZ95.s 			page 136


ai_platform_inputs_get
ai_platform_outputs_get
ai_platform_network_destroy
ai_platform_network_init
ai_platform_network_post_init
ai_network_data_params_get
ai_buffer_array_item_set_address
ai_platform_network_process
forward_dense_integer_SSSA_ch
forward_eltwise_integer_INT8
ai_sum_f32
ai_sum_buffer_INT8
forward_sm_integer
