ARM GAS  /tmp/ccnPg2e6.s 			page 1


   1              		.cpu cortex-m33
   2              		.arch armv8-m.main
   3              		.fpu fpv5-sp-d16
   4              		.arch_extension dsp
   5              		.eabi_attribute 27, 1
   6              		.eabi_attribute 28, 1
   7              		.eabi_attribute 20, 1
   8              		.eabi_attribute 21, 1
   9              		.eabi_attribute 23, 3
  10              		.eabi_attribute 24, 1
  11              		.eabi_attribute 25, 1
  12              		.eabi_attribute 26, 1
  13              		.eabi_attribute 30, 1
  14              		.eabi_attribute 34, 1
  15              		.eabi_attribute 18, 4
  16              		.file	"stts22h_reg.c"
  17              		.text
  18              	.Ltext0:
  19              		.cfi_sections	.debug_frame
  20              		.file 1 "Drivers/Sensors/STTS22H/stts22h_reg.c"
  21              		.section	.text.stts22h_read_reg,"ax",%progbits
  22              		.align	1
  23              		.weak	stts22h_read_reg
  24              		.syntax unified
  25              		.thumb
  26              		.thumb_func
  28              	stts22h_read_reg:
  29              	.LVL0:
  30              	.LFB0:
   1:Drivers/Sensors/STTS22H/stts22h_reg.c **** /**
   2:Drivers/Sensors/STTS22H/stts22h_reg.c ****   ******************************************************************************
   3:Drivers/Sensors/STTS22H/stts22h_reg.c ****   * @file    stts22h_reg.c
   4:Drivers/Sensors/STTS22H/stts22h_reg.c ****   * @author  Sensors Software Solution Team
   5:Drivers/Sensors/STTS22H/stts22h_reg.c ****   * @brief   STTS22H driver file
   6:Drivers/Sensors/STTS22H/stts22h_reg.c ****   ******************************************************************************
   7:Drivers/Sensors/STTS22H/stts22h_reg.c ****   * @attention
   8:Drivers/Sensors/STTS22H/stts22h_reg.c ****   *
   9:Drivers/Sensors/STTS22H/stts22h_reg.c ****   * Copyright (c) 2019 STMicroelectronics.
  10:Drivers/Sensors/STTS22H/stts22h_reg.c ****   * All rights reserved.
  11:Drivers/Sensors/STTS22H/stts22h_reg.c ****   *
  12:Drivers/Sensors/STTS22H/stts22h_reg.c ****   * This software is licensed under terms that can be found in the LICENSE file
  13:Drivers/Sensors/STTS22H/stts22h_reg.c ****   * in the root directory of this software component.
  14:Drivers/Sensors/STTS22H/stts22h_reg.c ****   * If no LICENSE file comes with this software, it is provided AS-IS.
  15:Drivers/Sensors/STTS22H/stts22h_reg.c ****   *
  16:Drivers/Sensors/STTS22H/stts22h_reg.c ****   ******************************************************************************
  17:Drivers/Sensors/STTS22H/stts22h_reg.c ****   */
  18:Drivers/Sensors/STTS22H/stts22h_reg.c **** 
  19:Drivers/Sensors/STTS22H/stts22h_reg.c **** #include "stts22h_reg.h"
  20:Drivers/Sensors/STTS22H/stts22h_reg.c **** 
  21:Drivers/Sensors/STTS22H/stts22h_reg.c **** /**
  22:Drivers/Sensors/STTS22H/stts22h_reg.c ****   * @defgroup    STTS22H
  23:Drivers/Sensors/STTS22H/stts22h_reg.c ****   * @brief       This file provides a set of functions needed to drive the
  24:Drivers/Sensors/STTS22H/stts22h_reg.c ****   *              stts22h enhanced inertial module.
  25:Drivers/Sensors/STTS22H/stts22h_reg.c ****   * @{
  26:Drivers/Sensors/STTS22H/stts22h_reg.c ****   *
  27:Drivers/Sensors/STTS22H/stts22h_reg.c ****   */
  28:Drivers/Sensors/STTS22H/stts22h_reg.c **** 
ARM GAS  /tmp/ccnPg2e6.s 			page 2


  29:Drivers/Sensors/STTS22H/stts22h_reg.c **** /**
  30:Drivers/Sensors/STTS22H/stts22h_reg.c ****   * @defgroup    STTS22H_Interfaces_Functions
  31:Drivers/Sensors/STTS22H/stts22h_reg.c ****   * @brief       This section provide a set of functions used to read and
  32:Drivers/Sensors/STTS22H/stts22h_reg.c ****   *              write a generic register of the device.
  33:Drivers/Sensors/STTS22H/stts22h_reg.c ****   *              MANDATORY: return 0 -> no Error.
  34:Drivers/Sensors/STTS22H/stts22h_reg.c ****   * @{
  35:Drivers/Sensors/STTS22H/stts22h_reg.c ****   *
  36:Drivers/Sensors/STTS22H/stts22h_reg.c ****   */
  37:Drivers/Sensors/STTS22H/stts22h_reg.c **** 
  38:Drivers/Sensors/STTS22H/stts22h_reg.c **** /**
  39:Drivers/Sensors/STTS22H/stts22h_reg.c ****   * @brief  Read generic device register
  40:Drivers/Sensors/STTS22H/stts22h_reg.c ****   *
  41:Drivers/Sensors/STTS22H/stts22h_reg.c ****   * @param  ctx   read / write interface definitions(ptr)
  42:Drivers/Sensors/STTS22H/stts22h_reg.c ****   * @param  reg   register to read
  43:Drivers/Sensors/STTS22H/stts22h_reg.c ****   * @param  data  pointer to buffer that store the data read(ptr)
  44:Drivers/Sensors/STTS22H/stts22h_reg.c ****   * @param  len   number of consecutive register to read
  45:Drivers/Sensors/STTS22H/stts22h_reg.c ****   * @retval       interface status (MANDATORY: return 0 -> no Error)
  46:Drivers/Sensors/STTS22H/stts22h_reg.c ****   *
  47:Drivers/Sensors/STTS22H/stts22h_reg.c ****   */
  48:Drivers/Sensors/STTS22H/stts22h_reg.c **** int32_t __weak stts22h_read_reg(stmdev_ctx_t *ctx, uint8_t reg,
  49:Drivers/Sensors/STTS22H/stts22h_reg.c ****                                 uint8_t *data,
  50:Drivers/Sensors/STTS22H/stts22h_reg.c ****                                 uint16_t len)
  51:Drivers/Sensors/STTS22H/stts22h_reg.c **** {
  31              		.loc 1 51 1 view -0
  32              		.cfi_startproc
  33              		@ args = 0, pretend = 0, frame = 0
  34              		@ frame_needed = 0, uses_anonymous_args = 0
  35              		.loc 1 51 1 is_stmt 0 view .LVU1
  36 0000 10B5     		push	{r4, lr}
  37              	.LCFI0:
  38              		.cfi_def_cfa_offset 8
  39              		.cfi_offset 4, -8
  40              		.cfi_offset 14, -4
  52:Drivers/Sensors/STTS22H/stts22h_reg.c ****   int32_t ret;
  41              		.loc 1 52 3 is_stmt 1 view .LVU2
  53:Drivers/Sensors/STTS22H/stts22h_reg.c **** 
  54:Drivers/Sensors/STTS22H/stts22h_reg.c ****   ret = ctx->read_reg(ctx->handle, reg, data, len);
  42              		.loc 1 54 3 view .LVU3
  43              		.loc 1 54 12 is_stmt 0 view .LVU4
  44 0002 4468     		ldr	r4, [r0, #4]
  45              		.loc 1 54 9 view .LVU5
  46 0004 C068     		ldr	r0, [r0, #12]
  47              	.LVL1:
  48              		.loc 1 54 9 view .LVU6
  49 0006 A047     		blx	r4
  50              	.LVL2:
  55:Drivers/Sensors/STTS22H/stts22h_reg.c **** 
  56:Drivers/Sensors/STTS22H/stts22h_reg.c ****   return ret;
  51              		.loc 1 56 3 is_stmt 1 view .LVU7
  57:Drivers/Sensors/STTS22H/stts22h_reg.c **** }
  52              		.loc 1 57 1 is_stmt 0 view .LVU8
  53 0008 10BD     		pop	{r4, pc}
  54              		.cfi_endproc
  55              	.LFE0:
  57              		.section	.text.stts22h_write_reg,"ax",%progbits
  58              		.align	1
  59              		.weak	stts22h_write_reg
ARM GAS  /tmp/ccnPg2e6.s 			page 3


  60              		.syntax unified
  61              		.thumb
  62              		.thumb_func
  64              	stts22h_write_reg:
  65              	.LVL3:
  66              	.LFB1:
  58:Drivers/Sensors/STTS22H/stts22h_reg.c **** 
  59:Drivers/Sensors/STTS22H/stts22h_reg.c **** /**
  60:Drivers/Sensors/STTS22H/stts22h_reg.c ****   * @brief  Write generic device register
  61:Drivers/Sensors/STTS22H/stts22h_reg.c ****   *
  62:Drivers/Sensors/STTS22H/stts22h_reg.c ****   * @param  ctx   read / write interface definitions(ptr)
  63:Drivers/Sensors/STTS22H/stts22h_reg.c ****   * @param  reg   register to write
  64:Drivers/Sensors/STTS22H/stts22h_reg.c ****   * @param  data  pointer to data to write in register reg(ptr)
  65:Drivers/Sensors/STTS22H/stts22h_reg.c ****   * @param  len   number of consecutive register to write
  66:Drivers/Sensors/STTS22H/stts22h_reg.c ****   * @retval       interface status (MANDATORY: return 0 -> no Error)
  67:Drivers/Sensors/STTS22H/stts22h_reg.c ****   *
  68:Drivers/Sensors/STTS22H/stts22h_reg.c ****   */
  69:Drivers/Sensors/STTS22H/stts22h_reg.c **** int32_t __weak stts22h_write_reg(stmdev_ctx_t *ctx, uint8_t reg,
  70:Drivers/Sensors/STTS22H/stts22h_reg.c ****                                  uint8_t *data,
  71:Drivers/Sensors/STTS22H/stts22h_reg.c ****                                  uint16_t len)
  72:Drivers/Sensors/STTS22H/stts22h_reg.c **** {
  67              		.loc 1 72 1 is_stmt 1 view -0
  68              		.cfi_startproc
  69              		@ args = 0, pretend = 0, frame = 0
  70              		@ frame_needed = 0, uses_anonymous_args = 0
  71              		.loc 1 72 1 is_stmt 0 view .LVU10
  72 0000 10B5     		push	{r4, lr}
  73              	.LCFI1:
  74              		.cfi_def_cfa_offset 8
  75              		.cfi_offset 4, -8
  76              		.cfi_offset 14, -4
  73:Drivers/Sensors/STTS22H/stts22h_reg.c ****   int32_t ret;
  77              		.loc 1 73 3 is_stmt 1 view .LVU11
  74:Drivers/Sensors/STTS22H/stts22h_reg.c **** 
  75:Drivers/Sensors/STTS22H/stts22h_reg.c ****   ret = ctx->write_reg(ctx->handle, reg, data, len);
  78              		.loc 1 75 3 view .LVU12
  79              		.loc 1 75 12 is_stmt 0 view .LVU13
  80 0002 0468     		ldr	r4, [r0]
  81              		.loc 1 75 9 view .LVU14
  82 0004 C068     		ldr	r0, [r0, #12]
  83              	.LVL4:
  84              		.loc 1 75 9 view .LVU15
  85 0006 A047     		blx	r4
  86              	.LVL5:
  76:Drivers/Sensors/STTS22H/stts22h_reg.c **** 
  77:Drivers/Sensors/STTS22H/stts22h_reg.c ****   return ret;
  87              		.loc 1 77 3 is_stmt 1 view .LVU16
  78:Drivers/Sensors/STTS22H/stts22h_reg.c **** }
  88              		.loc 1 78 1 is_stmt 0 view .LVU17
  89 0008 10BD     		pop	{r4, pc}
  90              		.cfi_endproc
  91              	.LFE1:
  93              		.section	.text.stts22h_from_lsb_to_celsius,"ax",%progbits
  94              		.align	1
  95              		.global	stts22h_from_lsb_to_celsius
  96              		.syntax unified
  97              		.thumb
ARM GAS  /tmp/ccnPg2e6.s 			page 4


  98              		.thumb_func
 100              	stts22h_from_lsb_to_celsius:
 101              	.LVL6:
 102              	.LFB2:
  79:Drivers/Sensors/STTS22H/stts22h_reg.c **** 
  80:Drivers/Sensors/STTS22H/stts22h_reg.c **** /**
  81:Drivers/Sensors/STTS22H/stts22h_reg.c ****   * @}
  82:Drivers/Sensors/STTS22H/stts22h_reg.c ****   *
  83:Drivers/Sensors/STTS22H/stts22h_reg.c ****   */
  84:Drivers/Sensors/STTS22H/stts22h_reg.c **** 
  85:Drivers/Sensors/STTS22H/stts22h_reg.c **** /**
  86:Drivers/Sensors/STTS22H/stts22h_reg.c ****   * @defgroup    STTS22H_Sensitivity
  87:Drivers/Sensors/STTS22H/stts22h_reg.c ****   * @brief       These functions convert raw-data into engineering units.
  88:Drivers/Sensors/STTS22H/stts22h_reg.c ****   * @{
  89:Drivers/Sensors/STTS22H/stts22h_reg.c ****   *
  90:Drivers/Sensors/STTS22H/stts22h_reg.c ****   */
  91:Drivers/Sensors/STTS22H/stts22h_reg.c **** 
  92:Drivers/Sensors/STTS22H/stts22h_reg.c **** float_t stts22h_from_lsb_to_celsius(int16_t lsb)
  93:Drivers/Sensors/STTS22H/stts22h_reg.c **** {
 103              		.loc 1 93 1 is_stmt 1 view -0
 104              		.cfi_startproc
 105              		@ args = 0, pretend = 0, frame = 0
 106              		@ frame_needed = 0, uses_anonymous_args = 0
 107              		@ link register save eliminated.
 108              		.loc 1 93 1 is_stmt 0 view .LVU19
 109 0000 07EE900A 		vmov	s15, r0	@ int
  94:Drivers/Sensors/STTS22H/stts22h_reg.c ****   return ((float_t)lsb / 100.0f);
 110              		.loc 1 94 3 is_stmt 1 view .LVU20
 111              		.loc 1 94 11 is_stmt 0 view .LVU21
 112 0004 F8EEE77A 		vcvt.f32.s32	s15, s15
  95:Drivers/Sensors/STTS22H/stts22h_reg.c **** }
 113              		.loc 1 95 1 view .LVU22
 114 0008 9FED020A 		vldr.32	s0, .L6
 115 000c 87EE800A 		vdiv.f32	s0, s15, s0
 116 0010 7047     		bx	lr
 117              	.L7:
 118 0012 00BF     		.align	2
 119              	.L6:
 120 0014 0000C842 		.word	1120403456
 121              		.cfi_endproc
 122              	.LFE2:
 124              		.section	.text.stts22h_temp_data_rate_set,"ax",%progbits
 125              		.align	1
 126              		.global	stts22h_temp_data_rate_set
 127              		.syntax unified
 128              		.thumb
 129              		.thumb_func
 131              	stts22h_temp_data_rate_set:
 132              	.LVL7:
 133              	.LFB3:
  96:Drivers/Sensors/STTS22H/stts22h_reg.c **** 
  97:Drivers/Sensors/STTS22H/stts22h_reg.c **** /**
  98:Drivers/Sensors/STTS22H/stts22h_reg.c ****   * @}
  99:Drivers/Sensors/STTS22H/stts22h_reg.c ****   *
 100:Drivers/Sensors/STTS22H/stts22h_reg.c ****   */
 101:Drivers/Sensors/STTS22H/stts22h_reg.c **** 
 102:Drivers/Sensors/STTS22H/stts22h_reg.c **** /**
ARM GAS  /tmp/ccnPg2e6.s 			page 5


 103:Drivers/Sensors/STTS22H/stts22h_reg.c ****   * @defgroup    STTS22H_Data_generation
 104:Drivers/Sensors/STTS22H/stts22h_reg.c ****   * @brief       This section groups all the functions concerning
 105:Drivers/Sensors/STTS22H/stts22h_reg.c ****   *              data generation.
 106:Drivers/Sensors/STTS22H/stts22h_reg.c ****   * @{
 107:Drivers/Sensors/STTS22H/stts22h_reg.c ****   *
 108:Drivers/Sensors/STTS22H/stts22h_reg.c ****   */
 109:Drivers/Sensors/STTS22H/stts22h_reg.c **** 
 110:Drivers/Sensors/STTS22H/stts22h_reg.c **** /**
 111:Drivers/Sensors/STTS22H/stts22h_reg.c ****   * @brief  Temperature sensor data rate selection..[set]
 112:Drivers/Sensors/STTS22H/stts22h_reg.c ****   *
 113:Drivers/Sensors/STTS22H/stts22h_reg.c ****   * @param  ctx    Read / write interface definitions.(ptr)
 114:Drivers/Sensors/STTS22H/stts22h_reg.c ****   * @param  val    Change the values of "one_shot" in reg STTS22H.
 115:Drivers/Sensors/STTS22H/stts22h_reg.c ****   * @retval        Interface status (MANDATORY: return 0 -> no Error).
 116:Drivers/Sensors/STTS22H/stts22h_reg.c ****   *
 117:Drivers/Sensors/STTS22H/stts22h_reg.c ****   */
 118:Drivers/Sensors/STTS22H/stts22h_reg.c **** int32_t stts22h_temp_data_rate_set(stmdev_ctx_t *ctx,
 119:Drivers/Sensors/STTS22H/stts22h_reg.c ****                                    stts22h_odr_temp_t val)
 120:Drivers/Sensors/STTS22H/stts22h_reg.c **** {
 134              		.loc 1 120 1 is_stmt 1 view -0
 135              		.cfi_startproc
 136              		@ args = 0, pretend = 0, frame = 8
 137              		@ frame_needed = 0, uses_anonymous_args = 0
 138              		.loc 1 120 1 is_stmt 0 view .LVU24
 139 0000 30B5     		push	{r4, r5, lr}
 140              	.LCFI2:
 141              		.cfi_def_cfa_offset 12
 142              		.cfi_offset 4, -12
 143              		.cfi_offset 5, -8
 144              		.cfi_offset 14, -4
 145 0002 83B0     		sub	sp, sp, #12
 146              	.LCFI3:
 147              		.cfi_def_cfa_offset 24
 148 0004 0546     		mov	r5, r0
 149 0006 0C46     		mov	r4, r1
 121:Drivers/Sensors/STTS22H/stts22h_reg.c ****   stts22h_software_reset_t software_reset;
 150              		.loc 1 121 3 is_stmt 1 view .LVU25
 122:Drivers/Sensors/STTS22H/stts22h_reg.c ****   stts22h_ctrl_t ctrl;
 151              		.loc 1 122 3 view .LVU26
 123:Drivers/Sensors/STTS22H/stts22h_reg.c ****   int32_t ret;
 152              		.loc 1 123 3 view .LVU27
 124:Drivers/Sensors/STTS22H/stts22h_reg.c **** 
 125:Drivers/Sensors/STTS22H/stts22h_reg.c ****   ret = stts22h_read_reg(ctx, STTS22H_CTRL, (uint8_t *)&ctrl, 1);
 153              		.loc 1 125 3 view .LVU28
 154              		.loc 1 125 9 is_stmt 0 view .LVU29
 155 0008 0123     		movs	r3, #1
 156 000a 6A46     		mov	r2, sp
 157 000c 0421     		movs	r1, #4
 158              	.LVL8:
 159              		.loc 1 125 9 view .LVU30
 160 000e FFF7FEFF 		bl	stts22h_read_reg
 161              	.LVL9:
 126:Drivers/Sensors/STTS22H/stts22h_reg.c **** 
 127:Drivers/Sensors/STTS22H/stts22h_reg.c ****   if (ret == 0)
 162              		.loc 1 127 3 is_stmt 1 view .LVU31
 163              		.loc 1 127 6 is_stmt 0 view .LVU32
 164 0012 0346     		mov	r3, r0
 165 0014 78B1     		cbz	r0, .L17
ARM GAS  /tmp/ccnPg2e6.s 			page 6


 166              	.L9:
 128:Drivers/Sensors/STTS22H/stts22h_reg.c ****   {
 129:Drivers/Sensors/STTS22H/stts22h_reg.c ****     ret = stts22h_read_reg(ctx, STTS22H_SOFTWARE_RESET,
 130:Drivers/Sensors/STTS22H/stts22h_reg.c ****                            (uint8_t *)&software_reset, 1);
 131:Drivers/Sensors/STTS22H/stts22h_reg.c ****   }
 132:Drivers/Sensors/STTS22H/stts22h_reg.c **** 
 133:Drivers/Sensors/STTS22H/stts22h_reg.c ****   if ((val == STTS22H_ONE_SHOT) && (ret == 0))
 167              		.loc 1 133 3 is_stmt 1 view .LVU33
 168              		.loc 1 133 6 is_stmt 0 view .LVU34
 169 0016 012C     		cmp	r4, #1
 170 0018 15D0     		beq	.L18
 171              	.L10:
 134:Drivers/Sensors/STTS22H/stts22h_reg.c ****   {
 135:Drivers/Sensors/STTS22H/stts22h_reg.c ****     software_reset.sw_reset = PROPERTY_ENABLE;
 136:Drivers/Sensors/STTS22H/stts22h_reg.c ****     ret = stts22h_write_reg(ctx, STTS22H_SOFTWARE_RESET,
 137:Drivers/Sensors/STTS22H/stts22h_reg.c ****                             (uint8_t *)&software_reset, 1);
 138:Drivers/Sensors/STTS22H/stts22h_reg.c **** 
 139:Drivers/Sensors/STTS22H/stts22h_reg.c ****     if (ret == 0)
 140:Drivers/Sensors/STTS22H/stts22h_reg.c ****     {
 141:Drivers/Sensors/STTS22H/stts22h_reg.c ****       software_reset.sw_reset = PROPERTY_DISABLE;
 142:Drivers/Sensors/STTS22H/stts22h_reg.c ****       ret = stts22h_write_reg(ctx, STTS22H_SOFTWARE_RESET,
 143:Drivers/Sensors/STTS22H/stts22h_reg.c ****                               (uint8_t *)&software_reset, 1);
 144:Drivers/Sensors/STTS22H/stts22h_reg.c ****     }
 145:Drivers/Sensors/STTS22H/stts22h_reg.c ****   }
 146:Drivers/Sensors/STTS22H/stts22h_reg.c **** 
 147:Drivers/Sensors/STTS22H/stts22h_reg.c ****   if (((val == STTS22H_25Hz)  || (val == STTS22H_50Hz)   ||
 172              		.loc 1 147 3 is_stmt 1 view .LVU35
 173 001a 222C     		cmp	r4, #34
 174 001c 34D0     		beq	.L11
 175              		.loc 1 147 3 is_stmt 0 view .LVU36
 176 001e 31D8     		bhi	.L12
 177 0020 022C     		cmp	r4, #2
 178 0022 31D0     		beq	.L11
 179 0024 122C     		cmp	r4, #18
 180 0026 2FD0     		beq	.L11
 181              	.L13:
 148:Drivers/Sensors/STTS22H/stts22h_reg.c ****        (val == STTS22H_100Hz) || (val == STTS22H_200Hz)) &&
 149:Drivers/Sensors/STTS22H/stts22h_reg.c ****       (ctrl.freerun == PROPERTY_DISABLE) && (ret == 0))
 150:Drivers/Sensors/STTS22H/stts22h_reg.c ****   {
 151:Drivers/Sensors/STTS22H/stts22h_reg.c ****     software_reset.sw_reset = PROPERTY_ENABLE;
 152:Drivers/Sensors/STTS22H/stts22h_reg.c ****     ret = stts22h_write_reg(ctx, STTS22H_SOFTWARE_RESET,
 153:Drivers/Sensors/STTS22H/stts22h_reg.c ****                             (uint8_t *)&software_reset, 1);
 154:Drivers/Sensors/STTS22H/stts22h_reg.c **** 
 155:Drivers/Sensors/STTS22H/stts22h_reg.c ****     if (ret == 0)
 156:Drivers/Sensors/STTS22H/stts22h_reg.c ****     {
 157:Drivers/Sensors/STTS22H/stts22h_reg.c ****       software_reset.sw_reset = PROPERTY_DISABLE;
 158:Drivers/Sensors/STTS22H/stts22h_reg.c ****       ret = stts22h_write_reg(ctx, STTS22H_SOFTWARE_RESET,
 159:Drivers/Sensors/STTS22H/stts22h_reg.c ****                               (uint8_t *)&software_reset, 1);
 160:Drivers/Sensors/STTS22H/stts22h_reg.c ****     }
 161:Drivers/Sensors/STTS22H/stts22h_reg.c ****   }
 162:Drivers/Sensors/STTS22H/stts22h_reg.c **** 
 163:Drivers/Sensors/STTS22H/stts22h_reg.c ****   if ((val == STTS22H_1Hz) && (ret == 0))
 182              		.loc 1 163 3 is_stmt 1 view .LVU37
 183              		.loc 1 163 6 is_stmt 0 view .LVU38
 184 0028 042C     		cmp	r4, #4
 185 002a 51D0     		beq	.L19
 186              	.L14:
ARM GAS  /tmp/ccnPg2e6.s 			page 7


 164:Drivers/Sensors/STTS22H/stts22h_reg.c ****   {
 165:Drivers/Sensors/STTS22H/stts22h_reg.c ****     software_reset.sw_reset = PROPERTY_ENABLE;
 166:Drivers/Sensors/STTS22H/stts22h_reg.c ****     software_reset.low_odr_enable = PROPERTY_ENABLE;
 167:Drivers/Sensors/STTS22H/stts22h_reg.c ****     ret = stts22h_write_reg(ctx, STTS22H_SOFTWARE_RESET,
 168:Drivers/Sensors/STTS22H/stts22h_reg.c ****                             (uint8_t *)&software_reset, 1);
 169:Drivers/Sensors/STTS22H/stts22h_reg.c **** 
 170:Drivers/Sensors/STTS22H/stts22h_reg.c ****     if (ret == 0)
 171:Drivers/Sensors/STTS22H/stts22h_reg.c ****     {
 172:Drivers/Sensors/STTS22H/stts22h_reg.c ****       software_reset.sw_reset = PROPERTY_DISABLE;
 173:Drivers/Sensors/STTS22H/stts22h_reg.c ****       software_reset.low_odr_enable = PROPERTY_ENABLE;
 174:Drivers/Sensors/STTS22H/stts22h_reg.c ****       ret = stts22h_write_reg(ctx, STTS22H_SOFTWARE_RESET,
 175:Drivers/Sensors/STTS22H/stts22h_reg.c ****                               (uint8_t *)&software_reset, 1);
 176:Drivers/Sensors/STTS22H/stts22h_reg.c ****     }
 177:Drivers/Sensors/STTS22H/stts22h_reg.c ****   }
 178:Drivers/Sensors/STTS22H/stts22h_reg.c **** 
 179:Drivers/Sensors/STTS22H/stts22h_reg.c ****   if (ret == 0)
 187              		.loc 1 179 3 is_stmt 1 view .LVU39
 188              		.loc 1 179 6 is_stmt 0 view .LVU40
 189 002c 002B     		cmp	r3, #0
 190 002e 78D0     		beq	.L20
 191              	.LVL10:
 192              	.L8:
 180:Drivers/Sensors/STTS22H/stts22h_reg.c ****   {
 181:Drivers/Sensors/STTS22H/stts22h_reg.c ****     ctrl.one_shot = (uint8_t)val & 0x01U;
 182:Drivers/Sensors/STTS22H/stts22h_reg.c ****     ctrl.freerun = ((uint8_t)val & 0x02U) >> 1;
 183:Drivers/Sensors/STTS22H/stts22h_reg.c ****     ctrl.low_odr_start = ((uint8_t)val & 0x04U) >> 2;
 184:Drivers/Sensors/STTS22H/stts22h_reg.c ****     ctrl.avg = ((uint8_t)val & 0x30U) >> 4;
 185:Drivers/Sensors/STTS22H/stts22h_reg.c ****     ret = stts22h_write_reg(ctx, STTS22H_CTRL, (uint8_t *)&ctrl, 1);
 186:Drivers/Sensors/STTS22H/stts22h_reg.c ****   }
 187:Drivers/Sensors/STTS22H/stts22h_reg.c **** 
 188:Drivers/Sensors/STTS22H/stts22h_reg.c ****   return ret;
 189:Drivers/Sensors/STTS22H/stts22h_reg.c **** }
 193              		.loc 1 189 1 view .LVU41
 194 0030 1846     		mov	r0, r3
 195              	.LVL11:
 196              		.loc 1 189 1 view .LVU42
 197 0032 03B0     		add	sp, sp, #12
 198              	.LCFI4:
 199              		.cfi_remember_state
 200              		.cfi_def_cfa_offset 12
 201              		@ sp needed
 202 0034 30BD     		pop	{r4, r5, pc}
 203              	.LVL12:
 204              	.L17:
 205              	.LCFI5:
 206              		.cfi_restore_state
 129:Drivers/Sensors/STTS22H/stts22h_reg.c ****                            (uint8_t *)&software_reset, 1);
 207              		.loc 1 129 5 is_stmt 1 view .LVU43
 129:Drivers/Sensors/STTS22H/stts22h_reg.c ****                            (uint8_t *)&software_reset, 1);
 208              		.loc 1 129 11 is_stmt 0 view .LVU44
 209 0036 0123     		movs	r3, #1
 210 0038 01AA     		add	r2, sp, #4
 211 003a 0C21     		movs	r1, #12
 212 003c 2846     		mov	r0, r5
 213              	.LVL13:
 129:Drivers/Sensors/STTS22H/stts22h_reg.c ****                            (uint8_t *)&software_reset, 1);
 214              		.loc 1 129 11 view .LVU45
ARM GAS  /tmp/ccnPg2e6.s 			page 8


 215 003e FFF7FEFF 		bl	stts22h_read_reg
 216              	.LVL14:
 217 0042 0346     		mov	r3, r0
 218              	.LVL15:
 129:Drivers/Sensors/STTS22H/stts22h_reg.c ****                            (uint8_t *)&software_reset, 1);
 219              		.loc 1 129 11 view .LVU46
 220 0044 E7E7     		b	.L9
 221              	.L18:
 133:Drivers/Sensors/STTS22H/stts22h_reg.c ****   {
 222              		.loc 1 133 33 discriminator 1 view .LVU47
 223 0046 002B     		cmp	r3, #0
 224 0048 E7D1     		bne	.L10
 135:Drivers/Sensors/STTS22H/stts22h_reg.c ****     ret = stts22h_write_reg(ctx, STTS22H_SOFTWARE_RESET,
 225              		.loc 1 135 5 is_stmt 1 view .LVU48
 135:Drivers/Sensors/STTS22H/stts22h_reg.c ****     ret = stts22h_write_reg(ctx, STTS22H_SOFTWARE_RESET,
 226              		.loc 1 135 29 is_stmt 0 view .LVU49
 227 004a 9DF80430 		ldrb	r3, [sp, #4]	@ zero_extendqisi2
 228 004e 43F00203 		orr	r3, r3, #2
 229 0052 8DF80430 		strb	r3, [sp, #4]
 136:Drivers/Sensors/STTS22H/stts22h_reg.c ****                             (uint8_t *)&software_reset, 1);
 230              		.loc 1 136 5 is_stmt 1 view .LVU50
 136:Drivers/Sensors/STTS22H/stts22h_reg.c ****                             (uint8_t *)&software_reset, 1);
 231              		.loc 1 136 11 is_stmt 0 view .LVU51
 232 0056 0123     		movs	r3, #1
 233 0058 01AA     		add	r2, sp, #4
 234 005a 0C21     		movs	r1, #12
 235 005c 2846     		mov	r0, r5
 236              	.LVL16:
 136:Drivers/Sensors/STTS22H/stts22h_reg.c ****                             (uint8_t *)&software_reset, 1);
 237              		.loc 1 136 11 view .LVU52
 238 005e FFF7FEFF 		bl	stts22h_write_reg
 239              	.LVL17:
 139:Drivers/Sensors/STTS22H/stts22h_reg.c ****     {
 240              		.loc 1 139 5 is_stmt 1 view .LVU53
 139:Drivers/Sensors/STTS22H/stts22h_reg.c ****     {
 241              		.loc 1 139 8 is_stmt 0 view .LVU54
 242 0062 0346     		mov	r3, r0
 243 0064 0028     		cmp	r0, #0
 244 0066 D8D1     		bne	.L10
 141:Drivers/Sensors/STTS22H/stts22h_reg.c ****       ret = stts22h_write_reg(ctx, STTS22H_SOFTWARE_RESET,
 245              		.loc 1 141 7 is_stmt 1 view .LVU55
 141:Drivers/Sensors/STTS22H/stts22h_reg.c ****       ret = stts22h_write_reg(ctx, STTS22H_SOFTWARE_RESET,
 246              		.loc 1 141 31 is_stmt 0 view .LVU56
 247 0068 9DF80430 		ldrb	r3, [sp, #4]	@ zero_extendqisi2
 248 006c 23F00203 		bic	r3, r3, #2
 249 0070 8DF80430 		strb	r3, [sp, #4]
 142:Drivers/Sensors/STTS22H/stts22h_reg.c ****                               (uint8_t *)&software_reset, 1);
 250              		.loc 1 142 7 is_stmt 1 view .LVU57
 142:Drivers/Sensors/STTS22H/stts22h_reg.c ****                               (uint8_t *)&software_reset, 1);
 251              		.loc 1 142 13 is_stmt 0 view .LVU58
 252 0074 0123     		movs	r3, #1
 253 0076 01AA     		add	r2, sp, #4
 254 0078 0C21     		movs	r1, #12
 255 007a 2846     		mov	r0, r5
 256              	.LVL18:
 142:Drivers/Sensors/STTS22H/stts22h_reg.c ****                               (uint8_t *)&software_reset, 1);
 257              		.loc 1 142 13 view .LVU59
ARM GAS  /tmp/ccnPg2e6.s 			page 9


 258 007c FFF7FEFF 		bl	stts22h_write_reg
 259              	.LVL19:
 260 0080 0346     		mov	r3, r0
 261              	.LVL20:
 142:Drivers/Sensors/STTS22H/stts22h_reg.c ****                               (uint8_t *)&software_reset, 1);
 262              		.loc 1 142 13 view .LVU60
 263 0082 CAE7     		b	.L10
 264              	.L12:
 142:Drivers/Sensors/STTS22H/stts22h_reg.c ****                               (uint8_t *)&software_reset, 1);
 265              		.loc 1 142 13 view .LVU61
 266 0084 322C     		cmp	r4, #50
 267 0086 CFD1     		bne	.L13
 268              	.L11:
 149:Drivers/Sensors/STTS22H/stts22h_reg.c ****   {
 269              		.loc 1 149 21 view .LVU62
 270 0088 9DF80020 		ldrb	r2, [sp]	@ zero_extendqisi2
 148:Drivers/Sensors/STTS22H/stts22h_reg.c ****       (ctrl.freerun == PROPERTY_DISABLE) && (ret == 0))
 271              		.loc 1 148 58 discriminator 1 view .LVU63
 272 008c 12F0040F 		tst	r2, #4
 273 0090 CAD1     		bne	.L13
 149:Drivers/Sensors/STTS22H/stts22h_reg.c ****   {
 274              		.loc 1 149 42 view .LVU64
 275 0092 002B     		cmp	r3, #0
 276 0094 C8D1     		bne	.L13
 151:Drivers/Sensors/STTS22H/stts22h_reg.c ****     ret = stts22h_write_reg(ctx, STTS22H_SOFTWARE_RESET,
 277              		.loc 1 151 5 is_stmt 1 view .LVU65
 151:Drivers/Sensors/STTS22H/stts22h_reg.c ****     ret = stts22h_write_reg(ctx, STTS22H_SOFTWARE_RESET,
 278              		.loc 1 151 29 is_stmt 0 view .LVU66
 279 0096 9DF80430 		ldrb	r3, [sp, #4]	@ zero_extendqisi2
 280 009a 43F00203 		orr	r3, r3, #2
 281 009e 8DF80430 		strb	r3, [sp, #4]
 152:Drivers/Sensors/STTS22H/stts22h_reg.c ****                             (uint8_t *)&software_reset, 1);
 282              		.loc 1 152 5 is_stmt 1 view .LVU67
 152:Drivers/Sensors/STTS22H/stts22h_reg.c ****                             (uint8_t *)&software_reset, 1);
 283              		.loc 1 152 11 is_stmt 0 view .LVU68
 284 00a2 0123     		movs	r3, #1
 285 00a4 01AA     		add	r2, sp, #4
 286 00a6 0C21     		movs	r1, #12
 287 00a8 2846     		mov	r0, r5
 288              	.LVL21:
 152:Drivers/Sensors/STTS22H/stts22h_reg.c ****                             (uint8_t *)&software_reset, 1);
 289              		.loc 1 152 11 view .LVU69
 290 00aa FFF7FEFF 		bl	stts22h_write_reg
 291              	.LVL22:
 155:Drivers/Sensors/STTS22H/stts22h_reg.c ****     {
 292              		.loc 1 155 5 is_stmt 1 view .LVU70
 155:Drivers/Sensors/STTS22H/stts22h_reg.c ****     {
 293              		.loc 1 155 8 is_stmt 0 view .LVU71
 294 00ae 0346     		mov	r3, r0
 295 00b0 0028     		cmp	r0, #0
 296 00b2 B9D1     		bne	.L13
 157:Drivers/Sensors/STTS22H/stts22h_reg.c ****       ret = stts22h_write_reg(ctx, STTS22H_SOFTWARE_RESET,
 297              		.loc 1 157 7 is_stmt 1 view .LVU72
 157:Drivers/Sensors/STTS22H/stts22h_reg.c ****       ret = stts22h_write_reg(ctx, STTS22H_SOFTWARE_RESET,
 298              		.loc 1 157 31 is_stmt 0 view .LVU73
 299 00b4 9DF80430 		ldrb	r3, [sp, #4]	@ zero_extendqisi2
 300 00b8 23F00203 		bic	r3, r3, #2
ARM GAS  /tmp/ccnPg2e6.s 			page 10


 301 00bc 8DF80430 		strb	r3, [sp, #4]
 158:Drivers/Sensors/STTS22H/stts22h_reg.c ****                               (uint8_t *)&software_reset, 1);
 302              		.loc 1 158 7 is_stmt 1 view .LVU74
 158:Drivers/Sensors/STTS22H/stts22h_reg.c ****                               (uint8_t *)&software_reset, 1);
 303              		.loc 1 158 13 is_stmt 0 view .LVU75
 304 00c0 0123     		movs	r3, #1
 305 00c2 01AA     		add	r2, sp, #4
 306 00c4 0C21     		movs	r1, #12
 307 00c6 2846     		mov	r0, r5
 308              	.LVL23:
 158:Drivers/Sensors/STTS22H/stts22h_reg.c ****                               (uint8_t *)&software_reset, 1);
 309              		.loc 1 158 13 view .LVU76
 310 00c8 FFF7FEFF 		bl	stts22h_write_reg
 311              	.LVL24:
 312 00cc 0346     		mov	r3, r0
 313              	.LVL25:
 158:Drivers/Sensors/STTS22H/stts22h_reg.c ****                               (uint8_t *)&software_reset, 1);
 314              		.loc 1 158 13 view .LVU77
 315 00ce ABE7     		b	.L13
 316              	.L19:
 163:Drivers/Sensors/STTS22H/stts22h_reg.c ****   {
 317              		.loc 1 163 28 discriminator 1 view .LVU78
 318 00d0 002B     		cmp	r3, #0
 319 00d2 ADD1     		bne	.L8
 165:Drivers/Sensors/STTS22H/stts22h_reg.c ****     software_reset.low_odr_enable = PROPERTY_ENABLE;
 320              		.loc 1 165 5 is_stmt 1 view .LVU79
 165:Drivers/Sensors/STTS22H/stts22h_reg.c ****     software_reset.low_odr_enable = PROPERTY_ENABLE;
 321              		.loc 1 165 29 is_stmt 0 view .LVU80
 322 00d4 9DF80430 		ldrb	r3, [sp, #4]	@ zero_extendqisi2
 323 00d8 43F00203 		orr	r3, r3, #2
 324 00dc 8DF80430 		strb	r3, [sp, #4]
 166:Drivers/Sensors/STTS22H/stts22h_reg.c ****     ret = stts22h_write_reg(ctx, STTS22H_SOFTWARE_RESET,
 325              		.loc 1 166 5 is_stmt 1 view .LVU81
 166:Drivers/Sensors/STTS22H/stts22h_reg.c ****     ret = stts22h_write_reg(ctx, STTS22H_SOFTWARE_RESET,
 326              		.loc 1 166 35 is_stmt 0 view .LVU82
 327 00e0 DBB2     		uxtb	r3, r3
 328 00e2 43F04003 		orr	r3, r3, #64
 329 00e6 8DF80430 		strb	r3, [sp, #4]
 167:Drivers/Sensors/STTS22H/stts22h_reg.c ****                             (uint8_t *)&software_reset, 1);
 330              		.loc 1 167 5 is_stmt 1 view .LVU83
 167:Drivers/Sensors/STTS22H/stts22h_reg.c ****                             (uint8_t *)&software_reset, 1);
 331              		.loc 1 167 11 is_stmt 0 view .LVU84
 332 00ea 0123     		movs	r3, #1
 333 00ec 01AA     		add	r2, sp, #4
 334 00ee 0C21     		movs	r1, #12
 335 00f0 2846     		mov	r0, r5
 336              	.LVL26:
 167:Drivers/Sensors/STTS22H/stts22h_reg.c ****                             (uint8_t *)&software_reset, 1);
 337              		.loc 1 167 11 view .LVU85
 338 00f2 FFF7FEFF 		bl	stts22h_write_reg
 339              	.LVL27:
 170:Drivers/Sensors/STTS22H/stts22h_reg.c ****     {
 340              		.loc 1 170 5 is_stmt 1 view .LVU86
 170:Drivers/Sensors/STTS22H/stts22h_reg.c ****     {
 341              		.loc 1 170 8 is_stmt 0 view .LVU87
 342 00f6 0346     		mov	r3, r0
 343 00f8 0028     		cmp	r0, #0
ARM GAS  /tmp/ccnPg2e6.s 			page 11


 344 00fa 99D1     		bne	.L8
 172:Drivers/Sensors/STTS22H/stts22h_reg.c ****       software_reset.low_odr_enable = PROPERTY_ENABLE;
 345              		.loc 1 172 7 is_stmt 1 view .LVU88
 172:Drivers/Sensors/STTS22H/stts22h_reg.c ****       software_reset.low_odr_enable = PROPERTY_ENABLE;
 346              		.loc 1 172 31 is_stmt 0 view .LVU89
 347 00fc 9DF80430 		ldrb	r3, [sp, #4]	@ zero_extendqisi2
 348 0100 23F00203 		bic	r3, r3, #2
 349 0104 8DF80430 		strb	r3, [sp, #4]
 173:Drivers/Sensors/STTS22H/stts22h_reg.c ****       ret = stts22h_write_reg(ctx, STTS22H_SOFTWARE_RESET,
 350              		.loc 1 173 7 is_stmt 1 view .LVU90
 173:Drivers/Sensors/STTS22H/stts22h_reg.c ****       ret = stts22h_write_reg(ctx, STTS22H_SOFTWARE_RESET,
 351              		.loc 1 173 37 is_stmt 0 view .LVU91
 352 0108 DBB2     		uxtb	r3, r3
 353 010a 43F04003 		orr	r3, r3, #64
 354 010e 8DF80430 		strb	r3, [sp, #4]
 174:Drivers/Sensors/STTS22H/stts22h_reg.c ****                               (uint8_t *)&software_reset, 1);
 355              		.loc 1 174 7 is_stmt 1 view .LVU92
 174:Drivers/Sensors/STTS22H/stts22h_reg.c ****                               (uint8_t *)&software_reset, 1);
 356              		.loc 1 174 13 is_stmt 0 view .LVU93
 357 0112 0123     		movs	r3, #1
 358 0114 01AA     		add	r2, sp, #4
 359 0116 0C21     		movs	r1, #12
 360 0118 2846     		mov	r0, r5
 361              	.LVL28:
 174:Drivers/Sensors/STTS22H/stts22h_reg.c ****                               (uint8_t *)&software_reset, 1);
 362              		.loc 1 174 13 view .LVU94
 363 011a FFF7FEFF 		bl	stts22h_write_reg
 364              	.LVL29:
 365 011e 0346     		mov	r3, r0
 366              	.LVL30:
 174:Drivers/Sensors/STTS22H/stts22h_reg.c ****                               (uint8_t *)&software_reset, 1);
 367              		.loc 1 174 13 view .LVU95
 368 0120 84E7     		b	.L14
 369              	.L20:
 181:Drivers/Sensors/STTS22H/stts22h_reg.c ****     ctrl.freerun = ((uint8_t)val & 0x02U) >> 1;
 370              		.loc 1 181 5 is_stmt 1 view .LVU96
 181:Drivers/Sensors/STTS22H/stts22h_reg.c ****     ctrl.freerun = ((uint8_t)val & 0x02U) >> 1;
 371              		.loc 1 181 19 is_stmt 0 view .LVU97
 372 0122 9DF80030 		ldrb	r3, [sp]	@ zero_extendqisi2
 373 0126 64F30003 		bfi	r3, r4, #0, #1
 374 012a 8DF80030 		strb	r3, [sp]
 182:Drivers/Sensors/STTS22H/stts22h_reg.c ****     ctrl.low_odr_start = ((uint8_t)val & 0x04U) >> 2;
 375              		.loc 1 182 5 is_stmt 1 view .LVU98
 182:Drivers/Sensors/STTS22H/stts22h_reg.c ****     ctrl.low_odr_start = ((uint8_t)val & 0x04U) >> 2;
 376              		.loc 1 182 43 is_stmt 0 view .LVU99
 377 012e C4F34002 		ubfx	r2, r4, #1, #1
 182:Drivers/Sensors/STTS22H/stts22h_reg.c ****     ctrl.low_odr_start = ((uint8_t)val & 0x04U) >> 2;
 378              		.loc 1 182 18 view .LVU100
 379 0132 DBB2     		uxtb	r3, r3
 380 0134 62F38203 		bfi	r3, r2, #2, #1
 381 0138 8DF80030 		strb	r3, [sp]
 183:Drivers/Sensors/STTS22H/stts22h_reg.c ****     ctrl.avg = ((uint8_t)val & 0x30U) >> 4;
 382              		.loc 1 183 5 is_stmt 1 view .LVU101
 183:Drivers/Sensors/STTS22H/stts22h_reg.c ****     ctrl.avg = ((uint8_t)val & 0x30U) >> 4;
 383              		.loc 1 183 49 is_stmt 0 view .LVU102
 384 013c C4F38002 		ubfx	r2, r4, #2, #1
 183:Drivers/Sensors/STTS22H/stts22h_reg.c ****     ctrl.avg = ((uint8_t)val & 0x30U) >> 4;
ARM GAS  /tmp/ccnPg2e6.s 			page 12


 385              		.loc 1 183 24 view .LVU103
 386 0140 DBB2     		uxtb	r3, r3
 387 0142 62F3C713 		bfi	r3, r2, #7, #1
 388 0146 8DF80030 		strb	r3, [sp]
 184:Drivers/Sensors/STTS22H/stts22h_reg.c ****     ret = stts22h_write_reg(ctx, STTS22H_CTRL, (uint8_t *)&ctrl, 1);
 389              		.loc 1 184 5 is_stmt 1 view .LVU104
 184:Drivers/Sensors/STTS22H/stts22h_reg.c ****     ret = stts22h_write_reg(ctx, STTS22H_CTRL, (uint8_t *)&ctrl, 1);
 390              		.loc 1 184 39 is_stmt 0 view .LVU105
 391 014a C4F30114 		ubfx	r4, r4, #4, #2
 184:Drivers/Sensors/STTS22H/stts22h_reg.c ****     ret = stts22h_write_reg(ctx, STTS22H_CTRL, (uint8_t *)&ctrl, 1);
 392              		.loc 1 184 14 view .LVU106
 393 014e DBB2     		uxtb	r3, r3
 394 0150 64F30513 		bfi	r3, r4, #4, #2
 395 0154 8DF80030 		strb	r3, [sp]
 185:Drivers/Sensors/STTS22H/stts22h_reg.c ****   }
 396              		.loc 1 185 5 is_stmt 1 view .LVU107
 185:Drivers/Sensors/STTS22H/stts22h_reg.c ****   }
 397              		.loc 1 185 11 is_stmt 0 view .LVU108
 398 0158 0123     		movs	r3, #1
 399 015a 6A46     		mov	r2, sp
 400 015c 0421     		movs	r1, #4
 401 015e 2846     		mov	r0, r5
 402              	.LVL31:
 185:Drivers/Sensors/STTS22H/stts22h_reg.c ****   }
 403              		.loc 1 185 11 view .LVU109
 404 0160 FFF7FEFF 		bl	stts22h_write_reg
 405              	.LVL32:
 406 0164 0346     		mov	r3, r0
 407              	.LVL33:
 188:Drivers/Sensors/STTS22H/stts22h_reg.c **** }
 408              		.loc 1 188 3 is_stmt 1 view .LVU110
 188:Drivers/Sensors/STTS22H/stts22h_reg.c **** }
 409              		.loc 1 188 10 is_stmt 0 view .LVU111
 410 0166 63E7     		b	.L8
 411              		.cfi_endproc
 412              	.LFE3:
 414              		.section	.text.stts22h_temp_data_rate_get,"ax",%progbits
 415              		.align	1
 416              		.global	stts22h_temp_data_rate_get
 417              		.syntax unified
 418              		.thumb
 419              		.thumb_func
 421              	stts22h_temp_data_rate_get:
 422              	.LVL34:
 423              	.LFB4:
 190:Drivers/Sensors/STTS22H/stts22h_reg.c **** 
 191:Drivers/Sensors/STTS22H/stts22h_reg.c **** /**
 192:Drivers/Sensors/STTS22H/stts22h_reg.c ****   * @brief  Temperature sensor data rate selection..[get]
 193:Drivers/Sensors/STTS22H/stts22h_reg.c ****   *
 194:Drivers/Sensors/STTS22H/stts22h_reg.c ****   * @param  ctx    Read / write interface definitions.(ptr)
 195:Drivers/Sensors/STTS22H/stts22h_reg.c ****   * @param  val    Get the values of one_shot in reg CTRL.(ptr)
 196:Drivers/Sensors/STTS22H/stts22h_reg.c ****   * @retval        Interface status (MANDATORY: return 0 -> no Error).
 197:Drivers/Sensors/STTS22H/stts22h_reg.c ****   *
 198:Drivers/Sensors/STTS22H/stts22h_reg.c ****   */
 199:Drivers/Sensors/STTS22H/stts22h_reg.c **** int32_t stts22h_temp_data_rate_get(stmdev_ctx_t *ctx,
 200:Drivers/Sensors/STTS22H/stts22h_reg.c ****                                    stts22h_odr_temp_t *val)
 201:Drivers/Sensors/STTS22H/stts22h_reg.c **** {
ARM GAS  /tmp/ccnPg2e6.s 			page 13


 424              		.loc 1 201 1 is_stmt 1 view -0
 425              		.cfi_startproc
 426              		@ args = 0, pretend = 0, frame = 8
 427              		@ frame_needed = 0, uses_anonymous_args = 0
 428              		.loc 1 201 1 is_stmt 0 view .LVU113
 429 0000 10B5     		push	{r4, lr}
 430              	.LCFI6:
 431              		.cfi_def_cfa_offset 8
 432              		.cfi_offset 4, -8
 433              		.cfi_offset 14, -4
 434 0002 82B0     		sub	sp, sp, #8
 435              	.LCFI7:
 436              		.cfi_def_cfa_offset 16
 437 0004 0C46     		mov	r4, r1
 202:Drivers/Sensors/STTS22H/stts22h_reg.c ****   stts22h_ctrl_t ctrl;
 438              		.loc 1 202 3 is_stmt 1 view .LVU114
 203:Drivers/Sensors/STTS22H/stts22h_reg.c ****   int32_t ret;
 439              		.loc 1 203 3 view .LVU115
 204:Drivers/Sensors/STTS22H/stts22h_reg.c **** 
 205:Drivers/Sensors/STTS22H/stts22h_reg.c ****   ret = stts22h_read_reg(ctx, STTS22H_CTRL,
 440              		.loc 1 205 3 view .LVU116
 441              		.loc 1 205 9 is_stmt 0 view .LVU117
 442 0006 0123     		movs	r3, #1
 443 0008 01AA     		add	r2, sp, #4
 444 000a 0421     		movs	r1, #4
 445              	.LVL35:
 446              		.loc 1 205 9 view .LVU118
 447 000c FFF7FEFF 		bl	stts22h_read_reg
 448              	.LVL36:
 206:Drivers/Sensors/STTS22H/stts22h_reg.c ****                          (uint8_t *)&ctrl, 1);
 207:Drivers/Sensors/STTS22H/stts22h_reg.c **** 
 208:Drivers/Sensors/STTS22H/stts22h_reg.c ****   switch (ctrl.one_shot | (ctrl.freerun << 1) | (ctrl.low_odr_start <<
 449              		.loc 1 208 3 is_stmt 1 view .LVU119
 450              		.loc 1 208 15 is_stmt 0 view .LVU120
 451 0010 9DF80420 		ldrb	r2, [sp, #4]	@ zero_extendqisi2
 452 0014 02F00103 		and	r3, r2, #1
 453              		.loc 1 208 32 view .LVU121
 454 0018 C2F38001 		ubfx	r1, r2, #2, #1
 455              		.loc 1 208 25 view .LVU122
 456 001c 43EA4103 		orr	r3, r3, r1, lsl #1
 457              		.loc 1 208 54 view .LVU123
 458 0020 D109     		lsrs	r1, r2, #7
 459              		.loc 1 208 47 view .LVU124
 460 0022 43EA8103 		orr	r3, r3, r1, lsl #2
 209:Drivers/Sensors/STTS22H/stts22h_reg.c ****                                                  2) |
 210:Drivers/Sensors/STTS22H/stts22h_reg.c ****           (ctrl.avg << 4))
 461              		.loc 1 210 21 view .LVU125
 462 0026 02F03002 		and	r2, r2, #48
 209:Drivers/Sensors/STTS22H/stts22h_reg.c ****                                                  2) |
 463              		.loc 1 209 53 view .LVU126
 464 002a 1343     		orrs	r3, r3, r2
 208:Drivers/Sensors/STTS22H/stts22h_reg.c ****                                                  2) |
 465              		.loc 1 208 3 view .LVU127
 466 002c 322B     		cmp	r3, #50
 467 002e 31D8     		bhi	.L22
 468 0030 DFE803F0 		tbb	[pc, r3]
 469              	.L24:
ARM GAS  /tmp/ccnPg2e6.s 			page 14


 470 0034 1A       		.byte	(.L30-.L24)/2
 471 0035 1E       		.byte	(.L29-.L24)/2
 472 0036 24       		.byte	(.L28-.L24)/2
 473 0037 30       		.byte	(.L22-.L24)/2
 474 0038 21       		.byte	(.L27-.L24)/2
 475 0039 30       		.byte	(.L22-.L24)/2
 476 003a 30       		.byte	(.L22-.L24)/2
 477 003b 30       		.byte	(.L22-.L24)/2
 478 003c 30       		.byte	(.L22-.L24)/2
 479 003d 30       		.byte	(.L22-.L24)/2
 480 003e 30       		.byte	(.L22-.L24)/2
 481 003f 30       		.byte	(.L22-.L24)/2
 482 0040 30       		.byte	(.L22-.L24)/2
 483 0041 30       		.byte	(.L22-.L24)/2
 484 0042 30       		.byte	(.L22-.L24)/2
 485 0043 30       		.byte	(.L22-.L24)/2
 486 0044 30       		.byte	(.L22-.L24)/2
 487 0045 30       		.byte	(.L22-.L24)/2
 488 0046 27       		.byte	(.L26-.L24)/2
 489 0047 30       		.byte	(.L22-.L24)/2
 490 0048 30       		.byte	(.L22-.L24)/2
 491 0049 30       		.byte	(.L22-.L24)/2
 492 004a 30       		.byte	(.L22-.L24)/2
 493 004b 30       		.byte	(.L22-.L24)/2
 494 004c 30       		.byte	(.L22-.L24)/2
 495 004d 30       		.byte	(.L22-.L24)/2
 496 004e 30       		.byte	(.L22-.L24)/2
 497 004f 30       		.byte	(.L22-.L24)/2
 498 0050 30       		.byte	(.L22-.L24)/2
 499 0051 30       		.byte	(.L22-.L24)/2
 500 0052 30       		.byte	(.L22-.L24)/2
 501 0053 30       		.byte	(.L22-.L24)/2
 502 0054 30       		.byte	(.L22-.L24)/2
 503 0055 30       		.byte	(.L22-.L24)/2
 504 0056 2A       		.byte	(.L25-.L24)/2
 505 0057 30       		.byte	(.L22-.L24)/2
 506 0058 30       		.byte	(.L22-.L24)/2
 507 0059 30       		.byte	(.L22-.L24)/2
 508 005a 30       		.byte	(.L22-.L24)/2
 509 005b 30       		.byte	(.L22-.L24)/2
 510 005c 30       		.byte	(.L22-.L24)/2
 511 005d 30       		.byte	(.L22-.L24)/2
 512 005e 30       		.byte	(.L22-.L24)/2
 513 005f 30       		.byte	(.L22-.L24)/2
 514 0060 30       		.byte	(.L22-.L24)/2
 515 0061 30       		.byte	(.L22-.L24)/2
 516 0062 30       		.byte	(.L22-.L24)/2
 517 0063 30       		.byte	(.L22-.L24)/2
 518 0064 30       		.byte	(.L22-.L24)/2
 519 0065 30       		.byte	(.L22-.L24)/2
 520 0066 2D       		.byte	(.L23-.L24)/2
 521 0067 00       		.p2align 1
 522              	.L30:
 211:Drivers/Sensors/STTS22H/stts22h_reg.c ****   {
 212:Drivers/Sensors/STTS22H/stts22h_reg.c ****     case STTS22H_POWER_DOWN:
 213:Drivers/Sensors/STTS22H/stts22h_reg.c ****       *val = STTS22H_POWER_DOWN;
 523              		.loc 1 213 7 is_stmt 1 view .LVU128
ARM GAS  /tmp/ccnPg2e6.s 			page 15


 524              		.loc 1 213 12 is_stmt 0 view .LVU129
 525 0068 0023     		movs	r3, #0
 526 006a 2370     		strb	r3, [r4]
 214:Drivers/Sensors/STTS22H/stts22h_reg.c ****       break;
 527              		.loc 1 214 7 is_stmt 1 view .LVU130
 528              	.L21:
 215:Drivers/Sensors/STTS22H/stts22h_reg.c **** 
 216:Drivers/Sensors/STTS22H/stts22h_reg.c ****     case STTS22H_ONE_SHOT:
 217:Drivers/Sensors/STTS22H/stts22h_reg.c ****       *val = STTS22H_ONE_SHOT;
 218:Drivers/Sensors/STTS22H/stts22h_reg.c ****       break;
 219:Drivers/Sensors/STTS22H/stts22h_reg.c **** 
 220:Drivers/Sensors/STTS22H/stts22h_reg.c ****     case STTS22H_1Hz:
 221:Drivers/Sensors/STTS22H/stts22h_reg.c ****       *val = STTS22H_1Hz;
 222:Drivers/Sensors/STTS22H/stts22h_reg.c ****       break;
 223:Drivers/Sensors/STTS22H/stts22h_reg.c **** 
 224:Drivers/Sensors/STTS22H/stts22h_reg.c ****     case STTS22H_25Hz:
 225:Drivers/Sensors/STTS22H/stts22h_reg.c ****       *val = STTS22H_25Hz;
 226:Drivers/Sensors/STTS22H/stts22h_reg.c ****       break;
 227:Drivers/Sensors/STTS22H/stts22h_reg.c **** 
 228:Drivers/Sensors/STTS22H/stts22h_reg.c ****     case STTS22H_50Hz:
 229:Drivers/Sensors/STTS22H/stts22h_reg.c ****       *val = STTS22H_50Hz;
 230:Drivers/Sensors/STTS22H/stts22h_reg.c ****       break;
 231:Drivers/Sensors/STTS22H/stts22h_reg.c **** 
 232:Drivers/Sensors/STTS22H/stts22h_reg.c ****     case STTS22H_100Hz:
 233:Drivers/Sensors/STTS22H/stts22h_reg.c ****       *val = STTS22H_100Hz;
 234:Drivers/Sensors/STTS22H/stts22h_reg.c ****       break;
 235:Drivers/Sensors/STTS22H/stts22h_reg.c **** 
 236:Drivers/Sensors/STTS22H/stts22h_reg.c ****     case STTS22H_200Hz:
 237:Drivers/Sensors/STTS22H/stts22h_reg.c ****       *val = STTS22H_200Hz;
 238:Drivers/Sensors/STTS22H/stts22h_reg.c ****       break;
 239:Drivers/Sensors/STTS22H/stts22h_reg.c **** 
 240:Drivers/Sensors/STTS22H/stts22h_reg.c ****     default:
 241:Drivers/Sensors/STTS22H/stts22h_reg.c ****       *val = STTS22H_POWER_DOWN;
 242:Drivers/Sensors/STTS22H/stts22h_reg.c ****       break;
 243:Drivers/Sensors/STTS22H/stts22h_reg.c ****   }
 244:Drivers/Sensors/STTS22H/stts22h_reg.c **** 
 245:Drivers/Sensors/STTS22H/stts22h_reg.c ****   return ret;
 246:Drivers/Sensors/STTS22H/stts22h_reg.c **** }
 529              		.loc 1 246 1 is_stmt 0 view .LVU131
 530 006c 02B0     		add	sp, sp, #8
 531              	.LCFI8:
 532              		.cfi_remember_state
 533              		.cfi_def_cfa_offset 8
 534              		@ sp needed
 535 006e 10BD     		pop	{r4, pc}
 536              	.LVL37:
 537              	.L29:
 538              	.LCFI9:
 539              		.cfi_restore_state
 217:Drivers/Sensors/STTS22H/stts22h_reg.c ****       break;
 540              		.loc 1 217 7 is_stmt 1 view .LVU132
 217:Drivers/Sensors/STTS22H/stts22h_reg.c ****       break;
 541              		.loc 1 217 12 is_stmt 0 view .LVU133
 542 0070 0123     		movs	r3, #1
 543 0072 2370     		strb	r3, [r4]
 218:Drivers/Sensors/STTS22H/stts22h_reg.c **** 
 544              		.loc 1 218 7 is_stmt 1 view .LVU134
ARM GAS  /tmp/ccnPg2e6.s 			page 16


 545 0074 FAE7     		b	.L21
 546              	.L27:
 221:Drivers/Sensors/STTS22H/stts22h_reg.c ****       break;
 547              		.loc 1 221 7 view .LVU135
 221:Drivers/Sensors/STTS22H/stts22h_reg.c ****       break;
 548              		.loc 1 221 12 is_stmt 0 view .LVU136
 549 0076 0423     		movs	r3, #4
 550 0078 2370     		strb	r3, [r4]
 222:Drivers/Sensors/STTS22H/stts22h_reg.c **** 
 551              		.loc 1 222 7 is_stmt 1 view .LVU137
 552 007a F7E7     		b	.L21
 553              	.L28:
 225:Drivers/Sensors/STTS22H/stts22h_reg.c ****       break;
 554              		.loc 1 225 7 view .LVU138
 225:Drivers/Sensors/STTS22H/stts22h_reg.c ****       break;
 555              		.loc 1 225 12 is_stmt 0 view .LVU139
 556 007c 0223     		movs	r3, #2
 557 007e 2370     		strb	r3, [r4]
 226:Drivers/Sensors/STTS22H/stts22h_reg.c **** 
 558              		.loc 1 226 7 is_stmt 1 view .LVU140
 559 0080 F4E7     		b	.L21
 560              	.L26:
 229:Drivers/Sensors/STTS22H/stts22h_reg.c ****       break;
 561              		.loc 1 229 7 view .LVU141
 229:Drivers/Sensors/STTS22H/stts22h_reg.c ****       break;
 562              		.loc 1 229 12 is_stmt 0 view .LVU142
 563 0082 1223     		movs	r3, #18
 564 0084 2370     		strb	r3, [r4]
 230:Drivers/Sensors/STTS22H/stts22h_reg.c **** 
 565              		.loc 1 230 7 is_stmt 1 view .LVU143
 566 0086 F1E7     		b	.L21
 567              	.L25:
 233:Drivers/Sensors/STTS22H/stts22h_reg.c ****       break;
 568              		.loc 1 233 7 view .LVU144
 233:Drivers/Sensors/STTS22H/stts22h_reg.c ****       break;
 569              		.loc 1 233 12 is_stmt 0 view .LVU145
 570 0088 2223     		movs	r3, #34
 571 008a 2370     		strb	r3, [r4]
 234:Drivers/Sensors/STTS22H/stts22h_reg.c **** 
 572              		.loc 1 234 7 is_stmt 1 view .LVU146
 573 008c EEE7     		b	.L21
 574              	.L23:
 237:Drivers/Sensors/STTS22H/stts22h_reg.c ****       break;
 575              		.loc 1 237 7 view .LVU147
 237:Drivers/Sensors/STTS22H/stts22h_reg.c ****       break;
 576              		.loc 1 237 12 is_stmt 0 view .LVU148
 577 008e 3223     		movs	r3, #50
 578 0090 2370     		strb	r3, [r4]
 238:Drivers/Sensors/STTS22H/stts22h_reg.c **** 
 579              		.loc 1 238 7 is_stmt 1 view .LVU149
 580 0092 EBE7     		b	.L21
 581              	.L22:
 241:Drivers/Sensors/STTS22H/stts22h_reg.c ****       break;
 582              		.loc 1 241 7 view .LVU150
 241:Drivers/Sensors/STTS22H/stts22h_reg.c ****       break;
 583              		.loc 1 241 12 is_stmt 0 view .LVU151
 584 0094 0023     		movs	r3, #0
ARM GAS  /tmp/ccnPg2e6.s 			page 17


 585 0096 2370     		strb	r3, [r4]
 242:Drivers/Sensors/STTS22H/stts22h_reg.c ****   }
 586              		.loc 1 242 7 is_stmt 1 view .LVU152
 245:Drivers/Sensors/STTS22H/stts22h_reg.c **** }
 587              		.loc 1 245 3 view .LVU153
 245:Drivers/Sensors/STTS22H/stts22h_reg.c **** }
 588              		.loc 1 245 10 is_stmt 0 view .LVU154
 589 0098 E8E7     		b	.L21
 590              		.cfi_endproc
 591              	.LFE4:
 593              		.section	.text.stts22h_block_data_update_set,"ax",%progbits
 594              		.align	1
 595              		.global	stts22h_block_data_update_set
 596              		.syntax unified
 597              		.thumb
 598              		.thumb_func
 600              	stts22h_block_data_update_set:
 601              	.LVL38:
 602              	.LFB5:
 247:Drivers/Sensors/STTS22H/stts22h_reg.c **** 
 248:Drivers/Sensors/STTS22H/stts22h_reg.c **** /**
 249:Drivers/Sensors/STTS22H/stts22h_reg.c ****   * @brief  Block data update.[set]
 250:Drivers/Sensors/STTS22H/stts22h_reg.c ****   *
 251:Drivers/Sensors/STTS22H/stts22h_reg.c ****   * @param  ctx    Read / write interface definitions.(ptr)
 252:Drivers/Sensors/STTS22H/stts22h_reg.c ****   * @param  val    Change the values of bdu in reg CTRL.
 253:Drivers/Sensors/STTS22H/stts22h_reg.c ****   * @retval        Interface status (MANDATORY: return 0 -> no Error).
 254:Drivers/Sensors/STTS22H/stts22h_reg.c ****   *
 255:Drivers/Sensors/STTS22H/stts22h_reg.c ****   */
 256:Drivers/Sensors/STTS22H/stts22h_reg.c **** int32_t stts22h_block_data_update_set(stmdev_ctx_t *ctx, uint8_t val)
 257:Drivers/Sensors/STTS22H/stts22h_reg.c **** {
 603              		.loc 1 257 1 is_stmt 1 view -0
 604              		.cfi_startproc
 605              		@ args = 0, pretend = 0, frame = 8
 606              		@ frame_needed = 0, uses_anonymous_args = 0
 607              		.loc 1 257 1 is_stmt 0 view .LVU156
 608 0000 30B5     		push	{r4, r5, lr}
 609              	.LCFI10:
 610              		.cfi_def_cfa_offset 12
 611              		.cfi_offset 4, -12
 612              		.cfi_offset 5, -8
 613              		.cfi_offset 14, -4
 614 0002 83B0     		sub	sp, sp, #12
 615              	.LCFI11:
 616              		.cfi_def_cfa_offset 24
 617 0004 0446     		mov	r4, r0
 618 0006 0D46     		mov	r5, r1
 258:Drivers/Sensors/STTS22H/stts22h_reg.c ****   stts22h_ctrl_t ctrl;
 619              		.loc 1 258 3 is_stmt 1 view .LVU157
 259:Drivers/Sensors/STTS22H/stts22h_reg.c ****   int32_t ret;
 620              		.loc 1 259 3 view .LVU158
 260:Drivers/Sensors/STTS22H/stts22h_reg.c **** 
 261:Drivers/Sensors/STTS22H/stts22h_reg.c ****   ret = stts22h_read_reg(ctx, STTS22H_CTRL, (uint8_t *)&ctrl, 1);
 621              		.loc 1 261 3 view .LVU159
 622              		.loc 1 261 9 is_stmt 0 view .LVU160
 623 0008 0123     		movs	r3, #1
 624 000a 01AA     		add	r2, sp, #4
 625 000c 0421     		movs	r1, #4
ARM GAS  /tmp/ccnPg2e6.s 			page 18


 626              	.LVL39:
 627              		.loc 1 261 9 view .LVU161
 628 000e FFF7FEFF 		bl	stts22h_read_reg
 629              	.LVL40:
 262:Drivers/Sensors/STTS22H/stts22h_reg.c **** 
 263:Drivers/Sensors/STTS22H/stts22h_reg.c ****   if (ret == 0)
 630              		.loc 1 263 3 is_stmt 1 view .LVU162
 631              		.loc 1 263 6 is_stmt 0 view .LVU163
 632 0012 08B1     		cbz	r0, .L36
 633              	.LVL41:
 634              	.L33:
 264:Drivers/Sensors/STTS22H/stts22h_reg.c ****   {
 265:Drivers/Sensors/STTS22H/stts22h_reg.c ****     ctrl.bdu = val;
 266:Drivers/Sensors/STTS22H/stts22h_reg.c ****     ret = stts22h_write_reg(ctx, STTS22H_CTRL, (uint8_t *)&ctrl, 1);
 267:Drivers/Sensors/STTS22H/stts22h_reg.c ****   }
 268:Drivers/Sensors/STTS22H/stts22h_reg.c **** 
 269:Drivers/Sensors/STTS22H/stts22h_reg.c ****   return ret;
 270:Drivers/Sensors/STTS22H/stts22h_reg.c **** }
 635              		.loc 1 270 1 view .LVU164
 636 0014 03B0     		add	sp, sp, #12
 637              	.LCFI12:
 638              		.cfi_remember_state
 639              		.cfi_def_cfa_offset 12
 640              		@ sp needed
 641 0016 30BD     		pop	{r4, r5, pc}
 642              	.LVL42:
 643              	.L36:
 644              	.LCFI13:
 645              		.cfi_restore_state
 265:Drivers/Sensors/STTS22H/stts22h_reg.c ****     ret = stts22h_write_reg(ctx, STTS22H_CTRL, (uint8_t *)&ctrl, 1);
 646              		.loc 1 265 5 is_stmt 1 view .LVU165
 265:Drivers/Sensors/STTS22H/stts22h_reg.c ****     ret = stts22h_write_reg(ctx, STTS22H_CTRL, (uint8_t *)&ctrl, 1);
 647              		.loc 1 265 14 is_stmt 0 view .LVU166
 648 0018 9DF80430 		ldrb	r3, [sp, #4]	@ zero_extendqisi2
 649 001c 65F38613 		bfi	r3, r5, #6, #1
 650 0020 8DF80430 		strb	r3, [sp, #4]
 266:Drivers/Sensors/STTS22H/stts22h_reg.c ****   }
 651              		.loc 1 266 5 is_stmt 1 view .LVU167
 266:Drivers/Sensors/STTS22H/stts22h_reg.c ****   }
 652              		.loc 1 266 11 is_stmt 0 view .LVU168
 653 0024 0123     		movs	r3, #1
 654              	.LVL43:
 266:Drivers/Sensors/STTS22H/stts22h_reg.c ****   }
 655              		.loc 1 266 11 view .LVU169
 656 0026 01AA     		add	r2, sp, #4
 657 0028 0421     		movs	r1, #4
 658 002a 2046     		mov	r0, r4
 659 002c FFF7FEFF 		bl	stts22h_write_reg
 660              	.LVL44:
 269:Drivers/Sensors/STTS22H/stts22h_reg.c **** }
 661              		.loc 1 269 3 is_stmt 1 view .LVU170
 269:Drivers/Sensors/STTS22H/stts22h_reg.c **** }
 662              		.loc 1 269 10 is_stmt 0 view .LVU171
 663 0030 F0E7     		b	.L33
 664              		.cfi_endproc
 665              	.LFE5:
 667              		.section	.text.stts22h_block_data_update_get,"ax",%progbits
ARM GAS  /tmp/ccnPg2e6.s 			page 19


 668              		.align	1
 669              		.global	stts22h_block_data_update_get
 670              		.syntax unified
 671              		.thumb
 672              		.thumb_func
 674              	stts22h_block_data_update_get:
 675              	.LVL45:
 676              	.LFB6:
 271:Drivers/Sensors/STTS22H/stts22h_reg.c **** 
 272:Drivers/Sensors/STTS22H/stts22h_reg.c **** /**
 273:Drivers/Sensors/STTS22H/stts22h_reg.c ****   * @brief  Block data update.[get]
 274:Drivers/Sensors/STTS22H/stts22h_reg.c ****   *
 275:Drivers/Sensors/STTS22H/stts22h_reg.c ****   * @param  ctx    Read / write interface definitions.(ptr)
 276:Drivers/Sensors/STTS22H/stts22h_reg.c ****   * @param  val    Get the values of bdu in reg CTRL.(ptr)
 277:Drivers/Sensors/STTS22H/stts22h_reg.c ****   * @retval        Interface status (MANDATORY: return 0 -> no Error).
 278:Drivers/Sensors/STTS22H/stts22h_reg.c ****   *
 279:Drivers/Sensors/STTS22H/stts22h_reg.c ****   */
 280:Drivers/Sensors/STTS22H/stts22h_reg.c **** int32_t stts22h_block_data_update_get(stmdev_ctx_t *ctx, uint8_t *val)
 281:Drivers/Sensors/STTS22H/stts22h_reg.c **** {
 677              		.loc 1 281 1 is_stmt 1 view -0
 678              		.cfi_startproc
 679              		@ args = 0, pretend = 0, frame = 0
 680              		@ frame_needed = 0, uses_anonymous_args = 0
 681              		.loc 1 281 1 is_stmt 0 view .LVU173
 682 0000 08B5     		push	{r3, lr}
 683              	.LCFI14:
 684              		.cfi_def_cfa_offset 8
 685              		.cfi_offset 3, -8
 686              		.cfi_offset 14, -4
 687 0002 0A46     		mov	r2, r1
 282:Drivers/Sensors/STTS22H/stts22h_reg.c ****   int32_t ret;
 688              		.loc 1 282 3 is_stmt 1 view .LVU174
 283:Drivers/Sensors/STTS22H/stts22h_reg.c **** 
 284:Drivers/Sensors/STTS22H/stts22h_reg.c ****   ret = stts22h_read_reg(ctx, STTS22H_CTRL, (uint8_t *)val, 1);
 689              		.loc 1 284 3 view .LVU175
 690              		.loc 1 284 9 is_stmt 0 view .LVU176
 691 0004 0123     		movs	r3, #1
 692 0006 0421     		movs	r1, #4
 693              	.LVL46:
 694              		.loc 1 284 9 view .LVU177
 695 0008 FFF7FEFF 		bl	stts22h_read_reg
 696              	.LVL47:
 285:Drivers/Sensors/STTS22H/stts22h_reg.c **** 
 286:Drivers/Sensors/STTS22H/stts22h_reg.c ****   return ret;
 697              		.loc 1 286 3 is_stmt 1 view .LVU178
 287:Drivers/Sensors/STTS22H/stts22h_reg.c **** }
 698              		.loc 1 287 1 is_stmt 0 view .LVU179
 699 000c 08BD     		pop	{r3, pc}
 700              		.cfi_endproc
 701              	.LFE6:
 703              		.section	.text.stts22h_temp_flag_data_ready_get,"ax",%progbits
 704              		.align	1
 705              		.global	stts22h_temp_flag_data_ready_get
 706              		.syntax unified
 707              		.thumb
 708              		.thumb_func
 710              	stts22h_temp_flag_data_ready_get:
ARM GAS  /tmp/ccnPg2e6.s 			page 20


 711              	.LVL48:
 712              	.LFB7:
 288:Drivers/Sensors/STTS22H/stts22h_reg.c **** 
 289:Drivers/Sensors/STTS22H/stts22h_reg.c **** /**
 290:Drivers/Sensors/STTS22H/stts22h_reg.c ****   * @brief    New data available from temperature sensor..[get]
 291:Drivers/Sensors/STTS22H/stts22h_reg.c ****   *
 292:Drivers/Sensors/STTS22H/stts22h_reg.c ****   * @param  ctx    Read / write interface definitions.(ptr)
 293:Drivers/Sensors/STTS22H/stts22h_reg.c ****   * @param  val    Return an option of "stts22h_uint8_t".(ptr)
 294:Drivers/Sensors/STTS22H/stts22h_reg.c ****   * @retval        Interface status (MANDATORY: return 0 -> no Error).
 295:Drivers/Sensors/STTS22H/stts22h_reg.c ****   *
 296:Drivers/Sensors/STTS22H/stts22h_reg.c ****   */
 297:Drivers/Sensors/STTS22H/stts22h_reg.c **** int32_t stts22h_temp_flag_data_ready_get(stmdev_ctx_t *ctx,
 298:Drivers/Sensors/STTS22H/stts22h_reg.c ****                                          uint8_t *val)
 299:Drivers/Sensors/STTS22H/stts22h_reg.c **** {
 713              		.loc 1 299 1 is_stmt 1 view -0
 714              		.cfi_startproc
 715              		@ args = 0, pretend = 0, frame = 8
 716              		@ frame_needed = 0, uses_anonymous_args = 0
 717              		.loc 1 299 1 is_stmt 0 view .LVU181
 718 0000 10B5     		push	{r4, lr}
 719              	.LCFI15:
 720              		.cfi_def_cfa_offset 8
 721              		.cfi_offset 4, -8
 722              		.cfi_offset 14, -4
 723 0002 82B0     		sub	sp, sp, #8
 724              	.LCFI16:
 725              		.cfi_def_cfa_offset 16
 726 0004 0C46     		mov	r4, r1
 300:Drivers/Sensors/STTS22H/stts22h_reg.c ****   stts22h_status_t status;
 727              		.loc 1 300 3 is_stmt 1 view .LVU182
 301:Drivers/Sensors/STTS22H/stts22h_reg.c ****   int32_t ret;
 728              		.loc 1 301 3 view .LVU183
 302:Drivers/Sensors/STTS22H/stts22h_reg.c **** 
 303:Drivers/Sensors/STTS22H/stts22h_reg.c ****   ret = stts22h_read_reg(ctx, STTS22H_STATUS, (uint8_t *)&status, 1);
 729              		.loc 1 303 3 view .LVU184
 730              		.loc 1 303 9 is_stmt 0 view .LVU185
 731 0006 0123     		movs	r3, #1
 732 0008 01AA     		add	r2, sp, #4
 733 000a 0521     		movs	r1, #5
 734              	.LVL49:
 735              		.loc 1 303 9 view .LVU186
 736 000c FFF7FEFF 		bl	stts22h_read_reg
 737              	.LVL50:
 304:Drivers/Sensors/STTS22H/stts22h_reg.c **** 
 305:Drivers/Sensors/STTS22H/stts22h_reg.c ****   if (status.busy == PROPERTY_DISABLE)
 738              		.loc 1 305 3 is_stmt 1 view .LVU187
 739              		.loc 1 305 19 is_stmt 0 view .LVU188
 740 0010 9DF80430 		ldrb	r3, [sp, #4]	@ zero_extendqisi2
 741              		.loc 1 305 6 view .LVU189
 742 0014 13F0010F 		tst	r3, #1
 743 0018 03D1     		bne	.L40
 306:Drivers/Sensors/STTS22H/stts22h_reg.c ****   {
 307:Drivers/Sensors/STTS22H/stts22h_reg.c ****     *val = PROPERTY_ENABLE;
 744              		.loc 1 307 5 is_stmt 1 view .LVU190
 745              		.loc 1 307 10 is_stmt 0 view .LVU191
 746 001a 0123     		movs	r3, #1
 747 001c 2370     		strb	r3, [r4]
ARM GAS  /tmp/ccnPg2e6.s 			page 21


 748              	.L39:
 308:Drivers/Sensors/STTS22H/stts22h_reg.c ****   }
 309:Drivers/Sensors/STTS22H/stts22h_reg.c **** 
 310:Drivers/Sensors/STTS22H/stts22h_reg.c ****   else
 311:Drivers/Sensors/STTS22H/stts22h_reg.c ****   {
 312:Drivers/Sensors/STTS22H/stts22h_reg.c ****     *val = PROPERTY_DISABLE;
 313:Drivers/Sensors/STTS22H/stts22h_reg.c ****   }
 314:Drivers/Sensors/STTS22H/stts22h_reg.c **** 
 315:Drivers/Sensors/STTS22H/stts22h_reg.c ****   return ret;
 316:Drivers/Sensors/STTS22H/stts22h_reg.c **** }
 749              		.loc 1 316 1 view .LVU192
 750 001e 02B0     		add	sp, sp, #8
 751              	.LCFI17:
 752              		.cfi_remember_state
 753              		.cfi_def_cfa_offset 8
 754              		@ sp needed
 755 0020 10BD     		pop	{r4, pc}
 756              	.LVL51:
 757              	.L40:
 758              	.LCFI18:
 759              		.cfi_restore_state
 312:Drivers/Sensors/STTS22H/stts22h_reg.c ****   }
 760              		.loc 1 312 5 is_stmt 1 view .LVU193
 312:Drivers/Sensors/STTS22H/stts22h_reg.c ****   }
 761              		.loc 1 312 10 is_stmt 0 view .LVU194
 762 0022 0023     		movs	r3, #0
 763 0024 2370     		strb	r3, [r4]
 315:Drivers/Sensors/STTS22H/stts22h_reg.c **** }
 764              		.loc 1 315 3 is_stmt 1 view .LVU195
 315:Drivers/Sensors/STTS22H/stts22h_reg.c **** }
 765              		.loc 1 315 10 is_stmt 0 view .LVU196
 766 0026 FAE7     		b	.L39
 767              		.cfi_endproc
 768              	.LFE7:
 770              		.section	.text.stts22h_temperature_raw_get,"ax",%progbits
 771              		.align	1
 772              		.global	stts22h_temperature_raw_get
 773              		.syntax unified
 774              		.thumb
 775              		.thumb_func
 777              	stts22h_temperature_raw_get:
 778              	.LVL52:
 779              	.LFB8:
 317:Drivers/Sensors/STTS22H/stts22h_reg.c **** 
 318:Drivers/Sensors/STTS22H/stts22h_reg.c **** /**
 319:Drivers/Sensors/STTS22H/stts22h_reg.c ****   * @}
 320:Drivers/Sensors/STTS22H/stts22h_reg.c ****   *
 321:Drivers/Sensors/STTS22H/stts22h_reg.c ****   */
 322:Drivers/Sensors/STTS22H/stts22h_reg.c **** 
 323:Drivers/Sensors/STTS22H/stts22h_reg.c **** /**
 324:Drivers/Sensors/STTS22H/stts22h_reg.c ****   * @defgroup    STTS22H_Dataoutput
 325:Drivers/Sensors/STTS22H/stts22h_reg.c ****   * @brief       This section groups all the data output functions.
 326:Drivers/Sensors/STTS22H/stts22h_reg.c ****   * @{
 327:Drivers/Sensors/STTS22H/stts22h_reg.c ****   *
 328:Drivers/Sensors/STTS22H/stts22h_reg.c ****   */
 329:Drivers/Sensors/STTS22H/stts22h_reg.c **** 
 330:Drivers/Sensors/STTS22H/stts22h_reg.c **** /**
ARM GAS  /tmp/ccnPg2e6.s 			page 22


 331:Drivers/Sensors/STTS22H/stts22h_reg.c ****   * @brief   Temperature data output register(r). L and H registers
 332:Drivers/Sensors/STTS22H/stts22h_reg.c ****   *          together express a 16-bit word in two's complement..[get]
 333:Drivers/Sensors/STTS22H/stts22h_reg.c ****   *
 334:Drivers/Sensors/STTS22H/stts22h_reg.c ****   * @param  ctx    Read / write interface definitions.(ptr)
 335:Drivers/Sensors/STTS22H/stts22h_reg.c ****   * @param  buff   Buffer that stores the data read.(ptr)
 336:Drivers/Sensors/STTS22H/stts22h_reg.c ****   * @retval        Interface status (MANDATORY: return 0 -> no Error).
 337:Drivers/Sensors/STTS22H/stts22h_reg.c ****   *
 338:Drivers/Sensors/STTS22H/stts22h_reg.c ****   */
 339:Drivers/Sensors/STTS22H/stts22h_reg.c **** int32_t stts22h_temperature_raw_get(stmdev_ctx_t *ctx, int16_t *val)
 340:Drivers/Sensors/STTS22H/stts22h_reg.c **** {
 780              		.loc 1 340 1 is_stmt 1 view -0
 781              		.cfi_startproc
 782              		@ args = 0, pretend = 0, frame = 8
 783              		@ frame_needed = 0, uses_anonymous_args = 0
 784              		.loc 1 340 1 is_stmt 0 view .LVU198
 785 0000 10B5     		push	{r4, lr}
 786              	.LCFI19:
 787              		.cfi_def_cfa_offset 8
 788              		.cfi_offset 4, -8
 789              		.cfi_offset 14, -4
 790 0002 82B0     		sub	sp, sp, #8
 791              	.LCFI20:
 792              		.cfi_def_cfa_offset 16
 793 0004 0C46     		mov	r4, r1
 341:Drivers/Sensors/STTS22H/stts22h_reg.c ****   uint8_t buff[2];
 794              		.loc 1 341 3 is_stmt 1 view .LVU199
 342:Drivers/Sensors/STTS22H/stts22h_reg.c ****   int32_t ret;
 795              		.loc 1 342 3 view .LVU200
 343:Drivers/Sensors/STTS22H/stts22h_reg.c **** 
 344:Drivers/Sensors/STTS22H/stts22h_reg.c ****   ret = stts22h_read_reg(ctx, STTS22H_TEMP_L_OUT, buff, 2);
 796              		.loc 1 344 3 view .LVU201
 797              		.loc 1 344 9 is_stmt 0 view .LVU202
 798 0006 0223     		movs	r3, #2
 799 0008 01AA     		add	r2, sp, #4
 800 000a 0621     		movs	r1, #6
 801              	.LVL53:
 802              		.loc 1 344 9 view .LVU203
 803 000c FFF7FEFF 		bl	stts22h_read_reg
 804              	.LVL54:
 345:Drivers/Sensors/STTS22H/stts22h_reg.c ****   *val = (int16_t)buff[1];
 805              		.loc 1 345 3 is_stmt 1 view .LVU204
 806              		.loc 1 345 23 is_stmt 0 view .LVU205
 807 0010 9DF80520 		ldrb	r2, [sp, #5]	@ zero_extendqisi2
 808              		.loc 1 345 8 view .LVU206
 809 0014 2280     		strh	r2, [r4]	@ movhi
 346:Drivers/Sensors/STTS22H/stts22h_reg.c ****   *val = (*val * 256) + (int16_t)buff[0];
 810              		.loc 1 346 3 is_stmt 1 view .LVU207
 811              		.loc 1 346 38 is_stmt 0 view .LVU208
 812 0016 9DF80430 		ldrb	r3, [sp, #4]	@ zero_extendqisi2
 813              		.loc 1 346 23 view .LVU209
 814 001a 03EB0223 		add	r3, r3, r2, lsl #8
 815              		.loc 1 346 8 view .LVU210
 816 001e 2380     		strh	r3, [r4]	@ movhi
 347:Drivers/Sensors/STTS22H/stts22h_reg.c **** 
 348:Drivers/Sensors/STTS22H/stts22h_reg.c ****   return ret;
 817              		.loc 1 348 3 is_stmt 1 view .LVU211
 349:Drivers/Sensors/STTS22H/stts22h_reg.c **** }
ARM GAS  /tmp/ccnPg2e6.s 			page 23


 818              		.loc 1 349 1 is_stmt 0 view .LVU212
 819 0020 02B0     		add	sp, sp, #8
 820              	.LCFI21:
 821              		.cfi_def_cfa_offset 8
 822              		@ sp needed
 823 0022 10BD     		pop	{r4, pc}
 824              		.loc 1 349 1 view .LVU213
 825              		.cfi_endproc
 826              	.LFE8:
 828              		.section	.text.stts22h_dev_id_get,"ax",%progbits
 829              		.align	1
 830              		.global	stts22h_dev_id_get
 831              		.syntax unified
 832              		.thumb
 833              		.thumb_func
 835              	stts22h_dev_id_get:
 836              	.LVL55:
 837              	.LFB9:
 350:Drivers/Sensors/STTS22H/stts22h_reg.c **** 
 351:Drivers/Sensors/STTS22H/stts22h_reg.c **** /**
 352:Drivers/Sensors/STTS22H/stts22h_reg.c ****   * @}
 353:Drivers/Sensors/STTS22H/stts22h_reg.c ****   *
 354:Drivers/Sensors/STTS22H/stts22h_reg.c ****   */
 355:Drivers/Sensors/STTS22H/stts22h_reg.c **** 
 356:Drivers/Sensors/STTS22H/stts22h_reg.c **** /**
 357:Drivers/Sensors/STTS22H/stts22h_reg.c ****   * @defgroup    STTS22H_Common
 358:Drivers/Sensors/STTS22H/stts22h_reg.c ****   * @brief       This section groups common useful functions.
 359:Drivers/Sensors/STTS22H/stts22h_reg.c ****   * @{
 360:Drivers/Sensors/STTS22H/stts22h_reg.c ****   *
 361:Drivers/Sensors/STTS22H/stts22h_reg.c ****   */
 362:Drivers/Sensors/STTS22H/stts22h_reg.c **** 
 363:Drivers/Sensors/STTS22H/stts22h_reg.c **** /**
 364:Drivers/Sensors/STTS22H/stts22h_reg.c ****   * @brief  Device Who am I..[get]
 365:Drivers/Sensors/STTS22H/stts22h_reg.c ****   *
 366:Drivers/Sensors/STTS22H/stts22h_reg.c ****   * @param  ctx    Read / write interface definitions.(ptr)
 367:Drivers/Sensors/STTS22H/stts22h_reg.c ****   * @param  buff   Buffer that stores the data read.(ptr)
 368:Drivers/Sensors/STTS22H/stts22h_reg.c ****   * @retval        Interface status (MANDATORY: return 0 -> no Error).
 369:Drivers/Sensors/STTS22H/stts22h_reg.c ****   *
 370:Drivers/Sensors/STTS22H/stts22h_reg.c ****   */
 371:Drivers/Sensors/STTS22H/stts22h_reg.c **** int32_t stts22h_dev_id_get(stmdev_ctx_t *ctx, uint8_t *buff)
 372:Drivers/Sensors/STTS22H/stts22h_reg.c **** {
 838              		.loc 1 372 1 is_stmt 1 view -0
 839              		.cfi_startproc
 840              		@ args = 0, pretend = 0, frame = 0
 841              		@ frame_needed = 0, uses_anonymous_args = 0
 842              		.loc 1 372 1 is_stmt 0 view .LVU215
 843 0000 08B5     		push	{r3, lr}
 844              	.LCFI22:
 845              		.cfi_def_cfa_offset 8
 846              		.cfi_offset 3, -8
 847              		.cfi_offset 14, -4
 848 0002 0A46     		mov	r2, r1
 373:Drivers/Sensors/STTS22H/stts22h_reg.c ****   int32_t ret;
 849              		.loc 1 373 3 is_stmt 1 view .LVU216
 374:Drivers/Sensors/STTS22H/stts22h_reg.c **** 
 375:Drivers/Sensors/STTS22H/stts22h_reg.c ****   ret = stts22h_read_reg(ctx, STTS22H_WHOAMI, buff, 1);
 850              		.loc 1 375 3 view .LVU217
ARM GAS  /tmp/ccnPg2e6.s 			page 24


 851              		.loc 1 375 9 is_stmt 0 view .LVU218
 852 0004 0123     		movs	r3, #1
 853 0006 1946     		mov	r1, r3
 854              	.LVL56:
 855              		.loc 1 375 9 view .LVU219
 856 0008 FFF7FEFF 		bl	stts22h_read_reg
 857              	.LVL57:
 376:Drivers/Sensors/STTS22H/stts22h_reg.c **** 
 377:Drivers/Sensors/STTS22H/stts22h_reg.c ****   return ret;
 858              		.loc 1 377 3 is_stmt 1 view .LVU220
 378:Drivers/Sensors/STTS22H/stts22h_reg.c **** }
 859              		.loc 1 378 1 is_stmt 0 view .LVU221
 860 000c 08BD     		pop	{r3, pc}
 861              		.cfi_endproc
 862              	.LFE9:
 864              		.section	.text.stts22h_dev_status_get,"ax",%progbits
 865              		.align	1
 866              		.global	stts22h_dev_status_get
 867              		.syntax unified
 868              		.thumb
 869              		.thumb_func
 871              	stts22h_dev_status_get:
 872              	.LVL58:
 873              	.LFB10:
 379:Drivers/Sensors/STTS22H/stts22h_reg.c **** /**
 380:Drivers/Sensors/STTS22H/stts22h_reg.c ****   * @brief   Device status register.[get]
 381:Drivers/Sensors/STTS22H/stts22h_reg.c ****   *
 382:Drivers/Sensors/STTS22H/stts22h_reg.c ****   * @param  ctx    Read / write interface definitions.(ptr)
 383:Drivers/Sensors/STTS22H/stts22h_reg.c ****   * @param  val    In one-shot mode this bit is high when the
 384:Drivers/Sensors/STTS22H/stts22h_reg.c ****   *                conversion is in progress..(ptr)
 385:Drivers/Sensors/STTS22H/stts22h_reg.c ****   * @retval        Interface status (MANDATORY: return 0 -> no Error).
 386:Drivers/Sensors/STTS22H/stts22h_reg.c ****   *
 387:Drivers/Sensors/STTS22H/stts22h_reg.c ****   */
 388:Drivers/Sensors/STTS22H/stts22h_reg.c **** int32_t stts22h_dev_status_get(stmdev_ctx_t *ctx,
 389:Drivers/Sensors/STTS22H/stts22h_reg.c ****                                stts22h_dev_status_t *val)
 390:Drivers/Sensors/STTS22H/stts22h_reg.c **** {
 874              		.loc 1 390 1 is_stmt 1 view -0
 875              		.cfi_startproc
 876              		@ args = 0, pretend = 0, frame = 8
 877              		@ frame_needed = 0, uses_anonymous_args = 0
 878              		.loc 1 390 1 is_stmt 0 view .LVU223
 879 0000 10B5     		push	{r4, lr}
 880              	.LCFI23:
 881              		.cfi_def_cfa_offset 8
 882              		.cfi_offset 4, -8
 883              		.cfi_offset 14, -4
 884 0002 82B0     		sub	sp, sp, #8
 885              	.LCFI24:
 886              		.cfi_def_cfa_offset 16
 887 0004 0C46     		mov	r4, r1
 391:Drivers/Sensors/STTS22H/stts22h_reg.c ****   stts22h_status_t status;
 888              		.loc 1 391 3 is_stmt 1 view .LVU224
 392:Drivers/Sensors/STTS22H/stts22h_reg.c ****   int32_t ret;
 889              		.loc 1 392 3 view .LVU225
 393:Drivers/Sensors/STTS22H/stts22h_reg.c **** 
 394:Drivers/Sensors/STTS22H/stts22h_reg.c ****   ret = stts22h_read_reg(ctx, STTS22H_STATUS, (uint8_t *)&status, 1);
 890              		.loc 1 394 3 view .LVU226
ARM GAS  /tmp/ccnPg2e6.s 			page 25


 891              		.loc 1 394 9 is_stmt 0 view .LVU227
 892 0006 0123     		movs	r3, #1
 893 0008 01AA     		add	r2, sp, #4
 894 000a 0521     		movs	r1, #5
 895              	.LVL59:
 896              		.loc 1 394 9 view .LVU228
 897 000c FFF7FEFF 		bl	stts22h_read_reg
 898              	.LVL60:
 395:Drivers/Sensors/STTS22H/stts22h_reg.c ****   val->busy = status.busy;
 899              		.loc 1 395 3 is_stmt 1 view .LVU229
 900              		.loc 1 395 21 is_stmt 0 view .LVU230
 901 0010 9DF80420 		ldrb	r2, [sp, #4]	@ zero_extendqisi2
 902              		.loc 1 395 13 view .LVU231
 903 0014 2378     		ldrb	r3, [r4]	@ zero_extendqisi2
 904 0016 62F30003 		bfi	r3, r2, #0, #1
 905 001a 2370     		strb	r3, [r4]
 396:Drivers/Sensors/STTS22H/stts22h_reg.c **** 
 397:Drivers/Sensors/STTS22H/stts22h_reg.c ****   return ret;
 906              		.loc 1 397 3 is_stmt 1 view .LVU232
 398:Drivers/Sensors/STTS22H/stts22h_reg.c **** }
 907              		.loc 1 398 1 is_stmt 0 view .LVU233
 908 001c 02B0     		add	sp, sp, #8
 909              	.LCFI25:
 910              		.cfi_def_cfa_offset 8
 911              		@ sp needed
 912 001e 10BD     		pop	{r4, pc}
 913              		.loc 1 398 1 view .LVU234
 914              		.cfi_endproc
 915              	.LFE10:
 917              		.section	.text.stts22h_smbus_interface_set,"ax",%progbits
 918              		.align	1
 919              		.global	stts22h_smbus_interface_set
 920              		.syntax unified
 921              		.thumb
 922              		.thumb_func
 924              	stts22h_smbus_interface_set:
 925              	.LVL61:
 926              	.LFB11:
 399:Drivers/Sensors/STTS22H/stts22h_reg.c **** 
 400:Drivers/Sensors/STTS22H/stts22h_reg.c **** /**
 401:Drivers/Sensors/STTS22H/stts22h_reg.c ****   * @}
 402:Drivers/Sensors/STTS22H/stts22h_reg.c ****   *
 403:Drivers/Sensors/STTS22H/stts22h_reg.c ****   */
 404:Drivers/Sensors/STTS22H/stts22h_reg.c **** 
 405:Drivers/Sensors/STTS22H/stts22h_reg.c **** /**
 406:Drivers/Sensors/STTS22H/stts22h_reg.c ****   * @defgroup    STTS22H_Serial_interface
 407:Drivers/Sensors/STTS22H/stts22h_reg.c ****   * @brief       This section groups all the functions concerning main
 408:Drivers/Sensors/STTS22H/stts22h_reg.c ****   *              serial interface management.
 409:Drivers/Sensors/STTS22H/stts22h_reg.c ****   * @{
 410:Drivers/Sensors/STTS22H/stts22h_reg.c ****   *
 411:Drivers/Sensors/STTS22H/stts22h_reg.c ****   */
 412:Drivers/Sensors/STTS22H/stts22h_reg.c **** 
 413:Drivers/Sensors/STTS22H/stts22h_reg.c **** /**
 414:Drivers/Sensors/STTS22H/stts22h_reg.c ****   * @brief  SMBus mode..[set]
 415:Drivers/Sensors/STTS22H/stts22h_reg.c ****   *
 416:Drivers/Sensors/STTS22H/stts22h_reg.c ****   * @param  ctx    Read / write interface definitions.(ptr)
 417:Drivers/Sensors/STTS22H/stts22h_reg.c ****   * @param  val    Change the values of "time_out_dis" in reg STTS22H.
ARM GAS  /tmp/ccnPg2e6.s 			page 26


 418:Drivers/Sensors/STTS22H/stts22h_reg.c ****   * @retval        Interface status (MANDATORY: return 0 -> no Error).
 419:Drivers/Sensors/STTS22H/stts22h_reg.c ****   *
 420:Drivers/Sensors/STTS22H/stts22h_reg.c ****   */
 421:Drivers/Sensors/STTS22H/stts22h_reg.c **** int32_t stts22h_smbus_interface_set(stmdev_ctx_t *ctx,
 422:Drivers/Sensors/STTS22H/stts22h_reg.c ****                                     stts22h_smbus_md_t val)
 423:Drivers/Sensors/STTS22H/stts22h_reg.c **** {
 927              		.loc 1 423 1 is_stmt 1 view -0
 928              		.cfi_startproc
 929              		@ args = 0, pretend = 0, frame = 8
 930              		@ frame_needed = 0, uses_anonymous_args = 0
 931              		.loc 1 423 1 is_stmt 0 view .LVU236
 932 0000 30B5     		push	{r4, r5, lr}
 933              	.LCFI26:
 934              		.cfi_def_cfa_offset 12
 935              		.cfi_offset 4, -12
 936              		.cfi_offset 5, -8
 937              		.cfi_offset 14, -4
 938 0002 83B0     		sub	sp, sp, #12
 939              	.LCFI27:
 940              		.cfi_def_cfa_offset 24
 941 0004 0446     		mov	r4, r0
 942 0006 0D46     		mov	r5, r1
 424:Drivers/Sensors/STTS22H/stts22h_reg.c ****   stts22h_ctrl_t ctrl;
 943              		.loc 1 424 3 is_stmt 1 view .LVU237
 425:Drivers/Sensors/STTS22H/stts22h_reg.c ****   int32_t ret;
 944              		.loc 1 425 3 view .LVU238
 426:Drivers/Sensors/STTS22H/stts22h_reg.c **** 
 427:Drivers/Sensors/STTS22H/stts22h_reg.c ****   ret = stts22h_read_reg(ctx, STTS22H_CTRL, (uint8_t *)&ctrl, 1);
 945              		.loc 1 427 3 view .LVU239
 946              		.loc 1 427 9 is_stmt 0 view .LVU240
 947 0008 0123     		movs	r3, #1
 948 000a 01AA     		add	r2, sp, #4
 949 000c 0421     		movs	r1, #4
 950              	.LVL62:
 951              		.loc 1 427 9 view .LVU241
 952 000e FFF7FEFF 		bl	stts22h_read_reg
 953              	.LVL63:
 428:Drivers/Sensors/STTS22H/stts22h_reg.c **** 
 429:Drivers/Sensors/STTS22H/stts22h_reg.c ****   if (ret == 0)
 954              		.loc 1 429 3 is_stmt 1 view .LVU242
 955              		.loc 1 429 6 is_stmt 0 view .LVU243
 956 0012 08B1     		cbz	r0, .L52
 957              	.LVL64:
 958              	.L49:
 430:Drivers/Sensors/STTS22H/stts22h_reg.c ****   {
 431:Drivers/Sensors/STTS22H/stts22h_reg.c ****     ctrl.time_out_dis = (uint8_t)val;
 432:Drivers/Sensors/STTS22H/stts22h_reg.c ****     ret = stts22h_write_reg(ctx, STTS22H_CTRL, (uint8_t *)&ctrl, 1);
 433:Drivers/Sensors/STTS22H/stts22h_reg.c ****   }
 434:Drivers/Sensors/STTS22H/stts22h_reg.c **** 
 435:Drivers/Sensors/STTS22H/stts22h_reg.c ****   return ret;
 436:Drivers/Sensors/STTS22H/stts22h_reg.c **** }
 959              		.loc 1 436 1 view .LVU244
 960 0014 03B0     		add	sp, sp, #12
 961              	.LCFI28:
 962              		.cfi_remember_state
 963              		.cfi_def_cfa_offset 12
 964              		@ sp needed
ARM GAS  /tmp/ccnPg2e6.s 			page 27


 965 0016 30BD     		pop	{r4, r5, pc}
 966              	.LVL65:
 967              	.L52:
 968              	.LCFI29:
 969              		.cfi_restore_state
 431:Drivers/Sensors/STTS22H/stts22h_reg.c ****     ret = stts22h_write_reg(ctx, STTS22H_CTRL, (uint8_t *)&ctrl, 1);
 970              		.loc 1 431 5 is_stmt 1 view .LVU245
 431:Drivers/Sensors/STTS22H/stts22h_reg.c ****     ret = stts22h_write_reg(ctx, STTS22H_CTRL, (uint8_t *)&ctrl, 1);
 971              		.loc 1 431 23 is_stmt 0 view .LVU246
 972 0018 9DF80430 		ldrb	r3, [sp, #4]	@ zero_extendqisi2
 973 001c 65F34103 		bfi	r3, r5, #1, #1
 974 0020 8DF80430 		strb	r3, [sp, #4]
 432:Drivers/Sensors/STTS22H/stts22h_reg.c ****   }
 975              		.loc 1 432 5 is_stmt 1 view .LVU247
 432:Drivers/Sensors/STTS22H/stts22h_reg.c ****   }
 976              		.loc 1 432 11 is_stmt 0 view .LVU248
 977 0024 0123     		movs	r3, #1
 978              	.LVL66:
 432:Drivers/Sensors/STTS22H/stts22h_reg.c ****   }
 979              		.loc 1 432 11 view .LVU249
 980 0026 01AA     		add	r2, sp, #4
 981 0028 0421     		movs	r1, #4
 982 002a 2046     		mov	r0, r4
 983 002c FFF7FEFF 		bl	stts22h_write_reg
 984              	.LVL67:
 435:Drivers/Sensors/STTS22H/stts22h_reg.c **** }
 985              		.loc 1 435 3 is_stmt 1 view .LVU250
 435:Drivers/Sensors/STTS22H/stts22h_reg.c **** }
 986              		.loc 1 435 10 is_stmt 0 view .LVU251
 987 0030 F0E7     		b	.L49
 988              		.cfi_endproc
 989              	.LFE11:
 991              		.section	.text.stts22h_smbus_interface_get,"ax",%progbits
 992              		.align	1
 993              		.global	stts22h_smbus_interface_get
 994              		.syntax unified
 995              		.thumb
 996              		.thumb_func
 998              	stts22h_smbus_interface_get:
 999              	.LVL68:
 1000              	.LFB12:
 437:Drivers/Sensors/STTS22H/stts22h_reg.c **** 
 438:Drivers/Sensors/STTS22H/stts22h_reg.c **** /**
 439:Drivers/Sensors/STTS22H/stts22h_reg.c ****   * @brief  SMBus mode..[get]
 440:Drivers/Sensors/STTS22H/stts22h_reg.c ****   *
 441:Drivers/Sensors/STTS22H/stts22h_reg.c ****   * @param  ctx    Read / write interface definitions.(ptr)
 442:Drivers/Sensors/STTS22H/stts22h_reg.c ****   * @param  val    Get the values of time_out_dis in reg CTRL.(ptr)
 443:Drivers/Sensors/STTS22H/stts22h_reg.c ****   * @retval        Interface status (MANDATORY: return 0 -> no Error).
 444:Drivers/Sensors/STTS22H/stts22h_reg.c ****   *
 445:Drivers/Sensors/STTS22H/stts22h_reg.c ****   */
 446:Drivers/Sensors/STTS22H/stts22h_reg.c **** int32_t stts22h_smbus_interface_get(stmdev_ctx_t *ctx,
 447:Drivers/Sensors/STTS22H/stts22h_reg.c ****                                     stts22h_smbus_md_t *val)
 448:Drivers/Sensors/STTS22H/stts22h_reg.c **** {
 1001              		.loc 1 448 1 is_stmt 1 view -0
 1002              		.cfi_startproc
 1003              		@ args = 0, pretend = 0, frame = 8
 1004              		@ frame_needed = 0, uses_anonymous_args = 0
ARM GAS  /tmp/ccnPg2e6.s 			page 28


 1005              		.loc 1 448 1 is_stmt 0 view .LVU253
 1006 0000 10B5     		push	{r4, lr}
 1007              	.LCFI30:
 1008              		.cfi_def_cfa_offset 8
 1009              		.cfi_offset 4, -8
 1010              		.cfi_offset 14, -4
 1011 0002 82B0     		sub	sp, sp, #8
 1012              	.LCFI31:
 1013              		.cfi_def_cfa_offset 16
 1014 0004 0C46     		mov	r4, r1
 449:Drivers/Sensors/STTS22H/stts22h_reg.c ****   stts22h_ctrl_t ctrl;
 1015              		.loc 1 449 3 is_stmt 1 view .LVU254
 450:Drivers/Sensors/STTS22H/stts22h_reg.c ****   int32_t ret;
 1016              		.loc 1 450 3 view .LVU255
 451:Drivers/Sensors/STTS22H/stts22h_reg.c **** 
 452:Drivers/Sensors/STTS22H/stts22h_reg.c ****   ret = stts22h_read_reg(ctx, STTS22H_CTRL,
 1017              		.loc 1 452 3 view .LVU256
 1018              		.loc 1 452 9 is_stmt 0 view .LVU257
 1019 0006 0123     		movs	r3, #1
 1020 0008 01AA     		add	r2, sp, #4
 1021 000a 0421     		movs	r1, #4
 1022              	.LVL69:
 1023              		.loc 1 452 9 view .LVU258
 1024 000c FFF7FEFF 		bl	stts22h_read_reg
 1025              	.LVL70:
 453:Drivers/Sensors/STTS22H/stts22h_reg.c ****                          (uint8_t *)&ctrl, 1);
 454:Drivers/Sensors/STTS22H/stts22h_reg.c **** 
 455:Drivers/Sensors/STTS22H/stts22h_reg.c ****   switch (ctrl.time_out_dis)
 1026              		.loc 1 455 3 is_stmt 1 view .LVU259
 1027              		.loc 1 455 15 is_stmt 0 view .LVU260
 1028 0010 9DF80430 		ldrb	r3, [sp, #4]	@ zero_extendqisi2
 1029 0014 C3F34002 		ubfx	r2, r3, #1, #1
 1030              		.loc 1 455 3 view .LVU261
 1031 0018 13F0020F 		tst	r3, #2
 1032 001c 03D0     		beq	.L54
 1033 001e 32B9     		cbnz	r2, .L55
 456:Drivers/Sensors/STTS22H/stts22h_reg.c ****   {
 457:Drivers/Sensors/STTS22H/stts22h_reg.c ****     case STTS22H_SMBUS_TIMEOUT_ENABLE:
 458:Drivers/Sensors/STTS22H/stts22h_reg.c ****       *val = STTS22H_SMBUS_TIMEOUT_ENABLE;
 459:Drivers/Sensors/STTS22H/stts22h_reg.c ****       break;
 460:Drivers/Sensors/STTS22H/stts22h_reg.c **** 
 461:Drivers/Sensors/STTS22H/stts22h_reg.c ****     case STTS22H_SMBUS_TIMEOUT_DISABLE:
 462:Drivers/Sensors/STTS22H/stts22h_reg.c ****       *val = STTS22H_SMBUS_TIMEOUT_DISABLE;
 463:Drivers/Sensors/STTS22H/stts22h_reg.c ****       break;
 464:Drivers/Sensors/STTS22H/stts22h_reg.c **** 
 465:Drivers/Sensors/STTS22H/stts22h_reg.c ****     default:
 466:Drivers/Sensors/STTS22H/stts22h_reg.c ****       *val = STTS22H_SMBUS_TIMEOUT_ENABLE;
 1034              		.loc 1 466 7 is_stmt 1 view .LVU262
 1035              		.loc 1 466 12 is_stmt 0 view .LVU263
 1036 0020 0023     		movs	r3, #0
 1037 0022 2370     		strb	r3, [r4]
 467:Drivers/Sensors/STTS22H/stts22h_reg.c ****       break;
 1038              		.loc 1 467 7 is_stmt 1 view .LVU264
 468:Drivers/Sensors/STTS22H/stts22h_reg.c ****   }
 469:Drivers/Sensors/STTS22H/stts22h_reg.c **** 
 470:Drivers/Sensors/STTS22H/stts22h_reg.c ****   return ret;
 1039              		.loc 1 470 3 view .LVU265
ARM GAS  /tmp/ccnPg2e6.s 			page 29


 1040              		.loc 1 470 10 is_stmt 0 view .LVU266
 1041 0024 01E0     		b	.L53
 1042              	.L54:
 458:Drivers/Sensors/STTS22H/stts22h_reg.c ****       break;
 1043              		.loc 1 458 7 is_stmt 1 view .LVU267
 458:Drivers/Sensors/STTS22H/stts22h_reg.c ****       break;
 1044              		.loc 1 458 12 is_stmt 0 view .LVU268
 1045 0026 0023     		movs	r3, #0
 1046 0028 2370     		strb	r3, [r4]
 459:Drivers/Sensors/STTS22H/stts22h_reg.c **** 
 1047              		.loc 1 459 7 is_stmt 1 view .LVU269
 1048              	.L53:
 471:Drivers/Sensors/STTS22H/stts22h_reg.c **** }
 1049              		.loc 1 471 1 is_stmt 0 view .LVU270
 1050 002a 02B0     		add	sp, sp, #8
 1051              	.LCFI32:
 1052              		.cfi_remember_state
 1053              		.cfi_def_cfa_offset 8
 1054              		@ sp needed
 1055 002c 10BD     		pop	{r4, pc}
 1056              	.LVL71:
 1057              	.L55:
 1058              	.LCFI33:
 1059              		.cfi_restore_state
 462:Drivers/Sensors/STTS22H/stts22h_reg.c ****       break;
 1060              		.loc 1 462 7 is_stmt 1 view .LVU271
 462:Drivers/Sensors/STTS22H/stts22h_reg.c ****       break;
 1061              		.loc 1 462 12 is_stmt 0 view .LVU272
 1062 002e 0123     		movs	r3, #1
 1063 0030 2370     		strb	r3, [r4]
 463:Drivers/Sensors/STTS22H/stts22h_reg.c **** 
 1064              		.loc 1 463 7 is_stmt 1 view .LVU273
 1065 0032 FAE7     		b	.L53
 1066              		.cfi_endproc
 1067              	.LFE12:
 1069              		.section	.text.stts22h_auto_increment_set,"ax",%progbits
 1070              		.align	1
 1071              		.global	stts22h_auto_increment_set
 1072              		.syntax unified
 1073              		.thumb
 1074              		.thumb_func
 1076              	stts22h_auto_increment_set:
 1077              	.LVL72:
 1078              	.LFB13:
 472:Drivers/Sensors/STTS22H/stts22h_reg.c **** 
 473:Drivers/Sensors/STTS22H/stts22h_reg.c **** /**
 474:Drivers/Sensors/STTS22H/stts22h_reg.c ****   * @brief  Register address automatically incremented during a multiple
 475:Drivers/Sensors/STTS22H/stts22h_reg.c ****   *         byte access with a serial interface.[set]
 476:Drivers/Sensors/STTS22H/stts22h_reg.c ****   *
 477:Drivers/Sensors/STTS22H/stts22h_reg.c ****   * @param  ctx    Read / write interface definitions.(ptr)
 478:Drivers/Sensors/STTS22H/stts22h_reg.c ****   * @param  val    Change the values of "if_add_inc" in reg STTS22H.
 479:Drivers/Sensors/STTS22H/stts22h_reg.c ****   * @retval        Interface status (MANDATORY: return 0 -> no Error).
 480:Drivers/Sensors/STTS22H/stts22h_reg.c ****   *
 481:Drivers/Sensors/STTS22H/stts22h_reg.c ****   */
 482:Drivers/Sensors/STTS22H/stts22h_reg.c **** int32_t stts22h_auto_increment_set(stmdev_ctx_t *ctx, uint8_t val)
 483:Drivers/Sensors/STTS22H/stts22h_reg.c **** {
 1079              		.loc 1 483 1 view -0
ARM GAS  /tmp/ccnPg2e6.s 			page 30


 1080              		.cfi_startproc
 1081              		@ args = 0, pretend = 0, frame = 8
 1082              		@ frame_needed = 0, uses_anonymous_args = 0
 1083              		.loc 1 483 1 is_stmt 0 view .LVU275
 1084 0000 30B5     		push	{r4, r5, lr}
 1085              	.LCFI34:
 1086              		.cfi_def_cfa_offset 12
 1087              		.cfi_offset 4, -12
 1088              		.cfi_offset 5, -8
 1089              		.cfi_offset 14, -4
 1090 0002 83B0     		sub	sp, sp, #12
 1091              	.LCFI35:
 1092              		.cfi_def_cfa_offset 24
 1093 0004 0446     		mov	r4, r0
 1094 0006 0D46     		mov	r5, r1
 484:Drivers/Sensors/STTS22H/stts22h_reg.c ****   stts22h_ctrl_t ctrl;
 1095              		.loc 1 484 3 is_stmt 1 view .LVU276
 485:Drivers/Sensors/STTS22H/stts22h_reg.c ****   int32_t ret;
 1096              		.loc 1 485 3 view .LVU277
 486:Drivers/Sensors/STTS22H/stts22h_reg.c **** 
 487:Drivers/Sensors/STTS22H/stts22h_reg.c ****   ret = stts22h_read_reg(ctx, STTS22H_CTRL, (uint8_t *)&ctrl, 1);
 1097              		.loc 1 487 3 view .LVU278
 1098              		.loc 1 487 9 is_stmt 0 view .LVU279
 1099 0008 0123     		movs	r3, #1
 1100 000a 01AA     		add	r2, sp, #4
 1101 000c 0421     		movs	r1, #4
 1102              	.LVL73:
 1103              		.loc 1 487 9 view .LVU280
 1104 000e FFF7FEFF 		bl	stts22h_read_reg
 1105              	.LVL74:
 488:Drivers/Sensors/STTS22H/stts22h_reg.c **** 
 489:Drivers/Sensors/STTS22H/stts22h_reg.c ****   if (ret == 0)
 1106              		.loc 1 489 3 is_stmt 1 view .LVU281
 1107              		.loc 1 489 6 is_stmt 0 view .LVU282
 1108 0012 08B1     		cbz	r0, .L63
 1109              	.LVL75:
 1110              	.L60:
 490:Drivers/Sensors/STTS22H/stts22h_reg.c ****   {
 491:Drivers/Sensors/STTS22H/stts22h_reg.c ****     ctrl.if_add_inc = (uint8_t)val;
 492:Drivers/Sensors/STTS22H/stts22h_reg.c ****     ret = stts22h_write_reg(ctx, STTS22H_CTRL, (uint8_t *)&ctrl, 1);
 493:Drivers/Sensors/STTS22H/stts22h_reg.c ****   }
 494:Drivers/Sensors/STTS22H/stts22h_reg.c **** 
 495:Drivers/Sensors/STTS22H/stts22h_reg.c ****   return ret;
 496:Drivers/Sensors/STTS22H/stts22h_reg.c **** }
 1111              		.loc 1 496 1 view .LVU283
 1112 0014 03B0     		add	sp, sp, #12
 1113              	.LCFI36:
 1114              		.cfi_remember_state
 1115              		.cfi_def_cfa_offset 12
 1116              		@ sp needed
 1117 0016 30BD     		pop	{r4, r5, pc}
 1118              	.LVL76:
 1119              	.L63:
 1120              	.LCFI37:
 1121              		.cfi_restore_state
 491:Drivers/Sensors/STTS22H/stts22h_reg.c ****     ret = stts22h_write_reg(ctx, STTS22H_CTRL, (uint8_t *)&ctrl, 1);
 1122              		.loc 1 491 5 is_stmt 1 view .LVU284
ARM GAS  /tmp/ccnPg2e6.s 			page 31


 491:Drivers/Sensors/STTS22H/stts22h_reg.c ****     ret = stts22h_write_reg(ctx, STTS22H_CTRL, (uint8_t *)&ctrl, 1);
 1123              		.loc 1 491 21 is_stmt 0 view .LVU285
 1124 0018 9DF80430 		ldrb	r3, [sp, #4]	@ zero_extendqisi2
 1125 001c 65F3C303 		bfi	r3, r5, #3, #1
 1126 0020 8DF80430 		strb	r3, [sp, #4]
 492:Drivers/Sensors/STTS22H/stts22h_reg.c ****   }
 1127              		.loc 1 492 5 is_stmt 1 view .LVU286
 492:Drivers/Sensors/STTS22H/stts22h_reg.c ****   }
 1128              		.loc 1 492 11 is_stmt 0 view .LVU287
 1129 0024 0123     		movs	r3, #1
 1130              	.LVL77:
 492:Drivers/Sensors/STTS22H/stts22h_reg.c ****   }
 1131              		.loc 1 492 11 view .LVU288
 1132 0026 01AA     		add	r2, sp, #4
 1133 0028 0421     		movs	r1, #4
 1134 002a 2046     		mov	r0, r4
 1135 002c FFF7FEFF 		bl	stts22h_write_reg
 1136              	.LVL78:
 495:Drivers/Sensors/STTS22H/stts22h_reg.c **** }
 1137              		.loc 1 495 3 is_stmt 1 view .LVU289
 495:Drivers/Sensors/STTS22H/stts22h_reg.c **** }
 1138              		.loc 1 495 10 is_stmt 0 view .LVU290
 1139 0030 F0E7     		b	.L60
 1140              		.cfi_endproc
 1141              	.LFE13:
 1143              		.section	.text.stts22h_auto_increment_get,"ax",%progbits
 1144              		.align	1
 1145              		.global	stts22h_auto_increment_get
 1146              		.syntax unified
 1147              		.thumb
 1148              		.thumb_func
 1150              	stts22h_auto_increment_get:
 1151              	.LVL79:
 1152              	.LFB14:
 497:Drivers/Sensors/STTS22H/stts22h_reg.c **** 
 498:Drivers/Sensors/STTS22H/stts22h_reg.c **** /**
 499:Drivers/Sensors/STTS22H/stts22h_reg.c ****   * @brief   Register address automatically incremented during a multiple
 500:Drivers/Sensors/STTS22H/stts22h_reg.c ****   *          byte access with a serial interface.[get]
 501:Drivers/Sensors/STTS22H/stts22h_reg.c ****   *
 502:Drivers/Sensors/STTS22H/stts22h_reg.c ****   * @param  ctx    Read / write interface definitions.(ptr)
 503:Drivers/Sensors/STTS22H/stts22h_reg.c ****   * @param  val    Get the values of if_add_inc in reg CTRL.(ptr)
 504:Drivers/Sensors/STTS22H/stts22h_reg.c ****   * @retval        Interface status (MANDATORY: return 0 -> no Error).
 505:Drivers/Sensors/STTS22H/stts22h_reg.c ****   *
 506:Drivers/Sensors/STTS22H/stts22h_reg.c ****   */
 507:Drivers/Sensors/STTS22H/stts22h_reg.c **** int32_t stts22h_auto_increment_get(stmdev_ctx_t *ctx, uint8_t *val)
 508:Drivers/Sensors/STTS22H/stts22h_reg.c **** {
 1153              		.loc 1 508 1 is_stmt 1 view -0
 1154              		.cfi_startproc
 1155              		@ args = 0, pretend = 0, frame = 8
 1156              		@ frame_needed = 0, uses_anonymous_args = 0
 1157              		.loc 1 508 1 is_stmt 0 view .LVU292
 1158 0000 00B5     		push	{lr}
 1159              	.LCFI38:
 1160              		.cfi_def_cfa_offset 4
 1161              		.cfi_offset 14, -4
 1162 0002 83B0     		sub	sp, sp, #12
 1163              	.LCFI39:
ARM GAS  /tmp/ccnPg2e6.s 			page 32


 1164              		.cfi_def_cfa_offset 16
 1165 0004 0191     		str	r1, [sp, #4]
 509:Drivers/Sensors/STTS22H/stts22h_reg.c ****   int32_t ret;
 1166              		.loc 1 509 3 is_stmt 1 view .LVU293
 510:Drivers/Sensors/STTS22H/stts22h_reg.c **** 
 511:Drivers/Sensors/STTS22H/stts22h_reg.c ****   ret = stts22h_read_reg(ctx, STTS22H_CTRL, (uint8_t *)&val, 1);
 1167              		.loc 1 511 3 view .LVU294
 1168              		.loc 1 511 9 is_stmt 0 view .LVU295
 1169 0006 0123     		movs	r3, #1
 1170 0008 01AA     		add	r2, sp, #4
 1171 000a 0421     		movs	r1, #4
 1172              	.LVL80:
 1173              		.loc 1 511 9 view .LVU296
 1174 000c FFF7FEFF 		bl	stts22h_read_reg
 1175              	.LVL81:
 512:Drivers/Sensors/STTS22H/stts22h_reg.c **** 
 513:Drivers/Sensors/STTS22H/stts22h_reg.c ****   return ret;
 1176              		.loc 1 513 3 is_stmt 1 view .LVU297
 514:Drivers/Sensors/STTS22H/stts22h_reg.c **** }
 1177              		.loc 1 514 1 is_stmt 0 view .LVU298
 1178 0010 03B0     		add	sp, sp, #12
 1179              	.LCFI40:
 1180              		.cfi_def_cfa_offset 4
 1181              		@ sp needed
 1182 0012 5DF804FB 		ldr	pc, [sp], #4
 1183              		.cfi_endproc
 1184              	.LFE14:
 1186              		.section	.text.stts22h_temp_trshld_high_set,"ax",%progbits
 1187              		.align	1
 1188              		.global	stts22h_temp_trshld_high_set
 1189              		.syntax unified
 1190              		.thumb
 1191              		.thumb_func
 1193              	stts22h_temp_trshld_high_set:
 1194              	.LVL82:
 1195              	.LFB15:
 515:Drivers/Sensors/STTS22H/stts22h_reg.c **** 
 516:Drivers/Sensors/STTS22H/stts22h_reg.c **** /**
 517:Drivers/Sensors/STTS22H/stts22h_reg.c ****   * @}
 518:Drivers/Sensors/STTS22H/stts22h_reg.c ****   *
 519:Drivers/Sensors/STTS22H/stts22h_reg.c ****   */
 520:Drivers/Sensors/STTS22H/stts22h_reg.c **** 
 521:Drivers/Sensors/STTS22H/stts22h_reg.c **** /**
 522:Drivers/Sensors/STTS22H/stts22h_reg.c ****   * @defgroup    STTS22H_ Interrupt_on_threshold
 523:Drivers/Sensors/STTS22H/stts22h_reg.c ****   * @brief       This section group all the functions concerning the
 524:Drivers/Sensors/STTS22H/stts22h_reg.c ****   *              interrupt on threshold configuration.
 525:Drivers/Sensors/STTS22H/stts22h_reg.c ****   * @{
 526:Drivers/Sensors/STTS22H/stts22h_reg.c ****   *
 527:Drivers/Sensors/STTS22H/stts22h_reg.c ****   */
 528:Drivers/Sensors/STTS22H/stts22h_reg.c **** 
 529:Drivers/Sensors/STTS22H/stts22h_reg.c **** /**
 530:Drivers/Sensors/STTS22H/stts22h_reg.c ****   * @brief  Over temperature interrupt value. ( degC / 0.64 ) + 63.[set]
 531:Drivers/Sensors/STTS22H/stts22h_reg.c ****   *
 532:Drivers/Sensors/STTS22H/stts22h_reg.c ****   * @param  ctx    Read / write interface definitions.(ptr)
 533:Drivers/Sensors/STTS22H/stts22h_reg.c ****   * @param  val    Change the values of thl in reg TEMP_H_LIMIT.
 534:Drivers/Sensors/STTS22H/stts22h_reg.c ****   * @retval        Interface status (MANDATORY: return 0 -> no Error).
 535:Drivers/Sensors/STTS22H/stts22h_reg.c ****   *
ARM GAS  /tmp/ccnPg2e6.s 			page 33


 536:Drivers/Sensors/STTS22H/stts22h_reg.c ****   */
 537:Drivers/Sensors/STTS22H/stts22h_reg.c **** int32_t stts22h_temp_trshld_high_set(stmdev_ctx_t *ctx, uint8_t val)
 538:Drivers/Sensors/STTS22H/stts22h_reg.c **** {
 1196              		.loc 1 538 1 is_stmt 1 view -0
 1197              		.cfi_startproc
 1198              		@ args = 0, pretend = 0, frame = 8
 1199              		@ frame_needed = 0, uses_anonymous_args = 0
 1200              		.loc 1 538 1 is_stmt 0 view .LVU300
 1201 0000 30B5     		push	{r4, r5, lr}
 1202              	.LCFI41:
 1203              		.cfi_def_cfa_offset 12
 1204              		.cfi_offset 4, -12
 1205              		.cfi_offset 5, -8
 1206              		.cfi_offset 14, -4
 1207 0002 83B0     		sub	sp, sp, #12
 1208              	.LCFI42:
 1209              		.cfi_def_cfa_offset 24
 1210 0004 0446     		mov	r4, r0
 1211 0006 0D46     		mov	r5, r1
 539:Drivers/Sensors/STTS22H/stts22h_reg.c ****   stts22h_temp_h_limit_t temp_h_limit;
 1212              		.loc 1 539 3 is_stmt 1 view .LVU301
 540:Drivers/Sensors/STTS22H/stts22h_reg.c ****   int32_t ret;
 1213              		.loc 1 540 3 view .LVU302
 541:Drivers/Sensors/STTS22H/stts22h_reg.c **** 
 542:Drivers/Sensors/STTS22H/stts22h_reg.c ****   ret = stts22h_read_reg(ctx, STTS22H_TEMP_H_LIMIT,
 1214              		.loc 1 542 3 view .LVU303
 1215              		.loc 1 542 9 is_stmt 0 view .LVU304
 1216 0008 0123     		movs	r3, #1
 1217 000a 01AA     		add	r2, sp, #4
 1218 000c 0221     		movs	r1, #2
 1219              	.LVL83:
 1220              		.loc 1 542 9 view .LVU305
 1221 000e FFF7FEFF 		bl	stts22h_read_reg
 1222              	.LVL84:
 543:Drivers/Sensors/STTS22H/stts22h_reg.c ****                          (uint8_t *)&temp_h_limit, 1);
 544:Drivers/Sensors/STTS22H/stts22h_reg.c **** 
 545:Drivers/Sensors/STTS22H/stts22h_reg.c ****   if (ret == 0)
 1223              		.loc 1 545 3 is_stmt 1 view .LVU306
 1224              		.loc 1 545 6 is_stmt 0 view .LVU307
 1225 0012 08B1     		cbz	r0, .L69
 1226              	.LVL85:
 1227              	.L66:
 546:Drivers/Sensors/STTS22H/stts22h_reg.c ****   {
 547:Drivers/Sensors/STTS22H/stts22h_reg.c ****     temp_h_limit.thl = val;
 548:Drivers/Sensors/STTS22H/stts22h_reg.c ****     ret = stts22h_write_reg(ctx, STTS22H_TEMP_H_LIMIT,
 549:Drivers/Sensors/STTS22H/stts22h_reg.c ****                             (uint8_t *)&temp_h_limit, 1);
 550:Drivers/Sensors/STTS22H/stts22h_reg.c ****   }
 551:Drivers/Sensors/STTS22H/stts22h_reg.c **** 
 552:Drivers/Sensors/STTS22H/stts22h_reg.c ****   return ret;
 553:Drivers/Sensors/STTS22H/stts22h_reg.c **** }
 1228              		.loc 1 553 1 view .LVU308
 1229 0014 03B0     		add	sp, sp, #12
 1230              	.LCFI43:
 1231              		.cfi_remember_state
 1232              		.cfi_def_cfa_offset 12
 1233              		@ sp needed
 1234 0016 30BD     		pop	{r4, r5, pc}
ARM GAS  /tmp/ccnPg2e6.s 			page 34


 1235              	.LVL86:
 1236              	.L69:
 1237              	.LCFI44:
 1238              		.cfi_restore_state
 547:Drivers/Sensors/STTS22H/stts22h_reg.c ****     ret = stts22h_write_reg(ctx, STTS22H_TEMP_H_LIMIT,
 1239              		.loc 1 547 5 is_stmt 1 view .LVU309
 547:Drivers/Sensors/STTS22H/stts22h_reg.c ****     ret = stts22h_write_reg(ctx, STTS22H_TEMP_H_LIMIT,
 1240              		.loc 1 547 22 is_stmt 0 view .LVU310
 1241 0018 8DF80450 		strb	r5, [sp, #4]
 548:Drivers/Sensors/STTS22H/stts22h_reg.c ****                             (uint8_t *)&temp_h_limit, 1);
 1242              		.loc 1 548 5 is_stmt 1 view .LVU311
 548:Drivers/Sensors/STTS22H/stts22h_reg.c ****                             (uint8_t *)&temp_h_limit, 1);
 1243              		.loc 1 548 11 is_stmt 0 view .LVU312
 1244 001c 0123     		movs	r3, #1
 1245              	.LVL87:
 548:Drivers/Sensors/STTS22H/stts22h_reg.c ****                             (uint8_t *)&temp_h_limit, 1);
 1246              		.loc 1 548 11 view .LVU313
 1247 001e 01AA     		add	r2, sp, #4
 1248 0020 0221     		movs	r1, #2
 1249 0022 2046     		mov	r0, r4
 1250 0024 FFF7FEFF 		bl	stts22h_write_reg
 1251              	.LVL88:
 552:Drivers/Sensors/STTS22H/stts22h_reg.c **** }
 1252              		.loc 1 552 3 is_stmt 1 view .LVU314
 552:Drivers/Sensors/STTS22H/stts22h_reg.c **** }
 1253              		.loc 1 552 10 is_stmt 0 view .LVU315
 1254 0028 F4E7     		b	.L66
 1255              		.cfi_endproc
 1256              	.LFE15:
 1258              		.section	.text.stts22h_temp_trshld_high_get,"ax",%progbits
 1259              		.align	1
 1260              		.global	stts22h_temp_trshld_high_get
 1261              		.syntax unified
 1262              		.thumb
 1263              		.thumb_func
 1265              	stts22h_temp_trshld_high_get:
 1266              	.LVL89:
 1267              	.LFB16:
 554:Drivers/Sensors/STTS22H/stts22h_reg.c **** 
 555:Drivers/Sensors/STTS22H/stts22h_reg.c **** /**
 556:Drivers/Sensors/STTS22H/stts22h_reg.c ****   * @brief  Over temperature interrupt value. ( degC / 0.64 ) + 63.[get]
 557:Drivers/Sensors/STTS22H/stts22h_reg.c ****   *
 558:Drivers/Sensors/STTS22H/stts22h_reg.c ****   * @param  ctx    Read / write interface definitions.(ptr)
 559:Drivers/Sensors/STTS22H/stts22h_reg.c ****   * @param  val    Get the values of thl in reg TEMP_H_LIMIT.(ptr)
 560:Drivers/Sensors/STTS22H/stts22h_reg.c ****   * @retval        Interface status (MANDATORY: return 0 -> no Error).
 561:Drivers/Sensors/STTS22H/stts22h_reg.c ****   *
 562:Drivers/Sensors/STTS22H/stts22h_reg.c ****   */
 563:Drivers/Sensors/STTS22H/stts22h_reg.c **** int32_t stts22h_temp_trshld_high_get(stmdev_ctx_t *ctx, uint8_t *val)
 564:Drivers/Sensors/STTS22H/stts22h_reg.c **** {
 1268              		.loc 1 564 1 is_stmt 1 view -0
 1269              		.cfi_startproc
 1270              		@ args = 0, pretend = 0, frame = 8
 1271              		@ frame_needed = 0, uses_anonymous_args = 0
 1272              		.loc 1 564 1 is_stmt 0 view .LVU317
 1273 0000 10B5     		push	{r4, lr}
 1274              	.LCFI45:
 1275              		.cfi_def_cfa_offset 8
ARM GAS  /tmp/ccnPg2e6.s 			page 35


 1276              		.cfi_offset 4, -8
 1277              		.cfi_offset 14, -4
 1278 0002 82B0     		sub	sp, sp, #8
 1279              	.LCFI46:
 1280              		.cfi_def_cfa_offset 16
 1281 0004 0C46     		mov	r4, r1
 565:Drivers/Sensors/STTS22H/stts22h_reg.c ****   stts22h_temp_h_limit_t temp_h_limit;
 1282              		.loc 1 565 3 is_stmt 1 view .LVU318
 566:Drivers/Sensors/STTS22H/stts22h_reg.c ****   int32_t ret;
 1283              		.loc 1 566 3 view .LVU319
 567:Drivers/Sensors/STTS22H/stts22h_reg.c **** 
 568:Drivers/Sensors/STTS22H/stts22h_reg.c ****   ret = stts22h_read_reg(ctx, STTS22H_TEMP_H_LIMIT,
 1284              		.loc 1 568 3 view .LVU320
 1285              		.loc 1 568 9 is_stmt 0 view .LVU321
 1286 0006 0123     		movs	r3, #1
 1287 0008 01AA     		add	r2, sp, #4
 1288 000a 0221     		movs	r1, #2
 1289              	.LVL90:
 1290              		.loc 1 568 9 view .LVU322
 1291 000c FFF7FEFF 		bl	stts22h_read_reg
 1292              	.LVL91:
 569:Drivers/Sensors/STTS22H/stts22h_reg.c ****                          (uint8_t *)&temp_h_limit, 1);
 570:Drivers/Sensors/STTS22H/stts22h_reg.c ****   *val = temp_h_limit.thl;
 1293              		.loc 1 570 3 is_stmt 1 view .LVU323
 1294              		.loc 1 570 22 is_stmt 0 view .LVU324
 1295 0010 9DF80430 		ldrb	r3, [sp, #4]	@ zero_extendqisi2
 1296              		.loc 1 570 8 view .LVU325
 1297 0014 2370     		strb	r3, [r4]
 571:Drivers/Sensors/STTS22H/stts22h_reg.c **** 
 572:Drivers/Sensors/STTS22H/stts22h_reg.c ****   return ret;
 1298              		.loc 1 572 3 is_stmt 1 view .LVU326
 573:Drivers/Sensors/STTS22H/stts22h_reg.c **** }
 1299              		.loc 1 573 1 is_stmt 0 view .LVU327
 1300 0016 02B0     		add	sp, sp, #8
 1301              	.LCFI47:
 1302              		.cfi_def_cfa_offset 8
 1303              		@ sp needed
 1304 0018 10BD     		pop	{r4, pc}
 1305              		.loc 1 573 1 view .LVU328
 1306              		.cfi_endproc
 1307              	.LFE16:
 1309              		.section	.text.stts22h_temp_trshld_low_set,"ax",%progbits
 1310              		.align	1
 1311              		.global	stts22h_temp_trshld_low_set
 1312              		.syntax unified
 1313              		.thumb
 1314              		.thumb_func
 1316              	stts22h_temp_trshld_low_set:
 1317              	.LVL92:
 1318              	.LFB17:
 574:Drivers/Sensors/STTS22H/stts22h_reg.c **** 
 575:Drivers/Sensors/STTS22H/stts22h_reg.c **** /**
 576:Drivers/Sensors/STTS22H/stts22h_reg.c ****   * @brief   Under temperature interrupt value. ( degC / 0.64 ) + 63.[set]
 577:Drivers/Sensors/STTS22H/stts22h_reg.c ****   *
 578:Drivers/Sensors/STTS22H/stts22h_reg.c ****   * @param  ctx    Read / write interface definitions.(ptr)
 579:Drivers/Sensors/STTS22H/stts22h_reg.c ****   * @param  val    Change the values of tll in reg TEMP_L_LIMIT.
 580:Drivers/Sensors/STTS22H/stts22h_reg.c ****   * @retval        Interface status (MANDATORY: return 0 -> no Error).
ARM GAS  /tmp/ccnPg2e6.s 			page 36


 581:Drivers/Sensors/STTS22H/stts22h_reg.c ****   *
 582:Drivers/Sensors/STTS22H/stts22h_reg.c ****   */
 583:Drivers/Sensors/STTS22H/stts22h_reg.c **** int32_t stts22h_temp_trshld_low_set(stmdev_ctx_t *ctx, uint8_t val)
 584:Drivers/Sensors/STTS22H/stts22h_reg.c **** {
 1319              		.loc 1 584 1 is_stmt 1 view -0
 1320              		.cfi_startproc
 1321              		@ args = 0, pretend = 0, frame = 8
 1322              		@ frame_needed = 0, uses_anonymous_args = 0
 1323              		.loc 1 584 1 is_stmt 0 view .LVU330
 1324 0000 30B5     		push	{r4, r5, lr}
 1325              	.LCFI48:
 1326              		.cfi_def_cfa_offset 12
 1327              		.cfi_offset 4, -12
 1328              		.cfi_offset 5, -8
 1329              		.cfi_offset 14, -4
 1330 0002 83B0     		sub	sp, sp, #12
 1331              	.LCFI49:
 1332              		.cfi_def_cfa_offset 24
 1333 0004 0446     		mov	r4, r0
 1334 0006 0D46     		mov	r5, r1
 585:Drivers/Sensors/STTS22H/stts22h_reg.c ****   stts22h_temp_l_limit_t temp_l_limit;
 1335              		.loc 1 585 3 is_stmt 1 view .LVU331
 586:Drivers/Sensors/STTS22H/stts22h_reg.c ****   int32_t ret;
 1336              		.loc 1 586 3 view .LVU332
 587:Drivers/Sensors/STTS22H/stts22h_reg.c **** 
 588:Drivers/Sensors/STTS22H/stts22h_reg.c ****   ret = stts22h_read_reg(ctx, STTS22H_TEMP_L_LIMIT,
 1337              		.loc 1 588 3 view .LVU333
 1338              		.loc 1 588 9 is_stmt 0 view .LVU334
 1339 0008 0123     		movs	r3, #1
 1340 000a 01AA     		add	r2, sp, #4
 1341 000c 0321     		movs	r1, #3
 1342              	.LVL93:
 1343              		.loc 1 588 9 view .LVU335
 1344 000e FFF7FEFF 		bl	stts22h_read_reg
 1345              	.LVL94:
 589:Drivers/Sensors/STTS22H/stts22h_reg.c ****                          (uint8_t *)&temp_l_limit, 1);
 590:Drivers/Sensors/STTS22H/stts22h_reg.c **** 
 591:Drivers/Sensors/STTS22H/stts22h_reg.c ****   if (ret == 0)
 1346              		.loc 1 591 3 is_stmt 1 view .LVU336
 1347              		.loc 1 591 6 is_stmt 0 view .LVU337
 1348 0012 08B1     		cbz	r0, .L75
 1349              	.LVL95:
 1350              	.L72:
 592:Drivers/Sensors/STTS22H/stts22h_reg.c ****   {
 593:Drivers/Sensors/STTS22H/stts22h_reg.c ****     temp_l_limit.tll = val;
 594:Drivers/Sensors/STTS22H/stts22h_reg.c ****     ret = stts22h_write_reg(ctx, STTS22H_TEMP_L_LIMIT,
 595:Drivers/Sensors/STTS22H/stts22h_reg.c ****                             (uint8_t *)&temp_l_limit, 1);
 596:Drivers/Sensors/STTS22H/stts22h_reg.c ****   }
 597:Drivers/Sensors/STTS22H/stts22h_reg.c **** 
 598:Drivers/Sensors/STTS22H/stts22h_reg.c ****   return ret;
 599:Drivers/Sensors/STTS22H/stts22h_reg.c **** }
 1351              		.loc 1 599 1 view .LVU338
 1352 0014 03B0     		add	sp, sp, #12
 1353              	.LCFI50:
 1354              		.cfi_remember_state
 1355              		.cfi_def_cfa_offset 12
 1356              		@ sp needed
ARM GAS  /tmp/ccnPg2e6.s 			page 37


 1357 0016 30BD     		pop	{r4, r5, pc}
 1358              	.LVL96:
 1359              	.L75:
 1360              	.LCFI51:
 1361              		.cfi_restore_state
 593:Drivers/Sensors/STTS22H/stts22h_reg.c ****     ret = stts22h_write_reg(ctx, STTS22H_TEMP_L_LIMIT,
 1362              		.loc 1 593 5 is_stmt 1 view .LVU339
 593:Drivers/Sensors/STTS22H/stts22h_reg.c ****     ret = stts22h_write_reg(ctx, STTS22H_TEMP_L_LIMIT,
 1363              		.loc 1 593 22 is_stmt 0 view .LVU340
 1364 0018 8DF80450 		strb	r5, [sp, #4]
 594:Drivers/Sensors/STTS22H/stts22h_reg.c ****                             (uint8_t *)&temp_l_limit, 1);
 1365              		.loc 1 594 5 is_stmt 1 view .LVU341
 594:Drivers/Sensors/STTS22H/stts22h_reg.c ****                             (uint8_t *)&temp_l_limit, 1);
 1366              		.loc 1 594 11 is_stmt 0 view .LVU342
 1367 001c 0123     		movs	r3, #1
 1368              	.LVL97:
 594:Drivers/Sensors/STTS22H/stts22h_reg.c ****                             (uint8_t *)&temp_l_limit, 1);
 1369              		.loc 1 594 11 view .LVU343
 1370 001e 01AA     		add	r2, sp, #4
 1371 0020 0321     		movs	r1, #3
 1372 0022 2046     		mov	r0, r4
 1373 0024 FFF7FEFF 		bl	stts22h_write_reg
 1374              	.LVL98:
 598:Drivers/Sensors/STTS22H/stts22h_reg.c **** }
 1375              		.loc 1 598 3 is_stmt 1 view .LVU344
 598:Drivers/Sensors/STTS22H/stts22h_reg.c **** }
 1376              		.loc 1 598 10 is_stmt 0 view .LVU345
 1377 0028 F4E7     		b	.L72
 1378              		.cfi_endproc
 1379              	.LFE17:
 1381              		.section	.text.stts22h_temp_trshld_low_get,"ax",%progbits
 1382              		.align	1
 1383              		.global	stts22h_temp_trshld_low_get
 1384              		.syntax unified
 1385              		.thumb
 1386              		.thumb_func
 1388              	stts22h_temp_trshld_low_get:
 1389              	.LVL99:
 1390              	.LFB18:
 600:Drivers/Sensors/STTS22H/stts22h_reg.c **** 
 601:Drivers/Sensors/STTS22H/stts22h_reg.c **** /**
 602:Drivers/Sensors/STTS22H/stts22h_reg.c ****   * @brief   Under temperature interrupt value. ( degC / 0.64 ) + 63.[get]
 603:Drivers/Sensors/STTS22H/stts22h_reg.c ****   *
 604:Drivers/Sensors/STTS22H/stts22h_reg.c ****   * @param  ctx    Read / write interface definitions.(ptr)
 605:Drivers/Sensors/STTS22H/stts22h_reg.c ****   * @param  val    Get the values of tll in reg TEMP_L_LIMIT.(ptr)
 606:Drivers/Sensors/STTS22H/stts22h_reg.c ****   * @retval        Interface status (MANDATORY: return 0 -> no Error).
 607:Drivers/Sensors/STTS22H/stts22h_reg.c ****   *
 608:Drivers/Sensors/STTS22H/stts22h_reg.c ****   */
 609:Drivers/Sensors/STTS22H/stts22h_reg.c **** int32_t stts22h_temp_trshld_low_get(stmdev_ctx_t *ctx, uint8_t *val)
 610:Drivers/Sensors/STTS22H/stts22h_reg.c **** {
 1391              		.loc 1 610 1 is_stmt 1 view -0
 1392              		.cfi_startproc
 1393              		@ args = 0, pretend = 0, frame = 8
 1394              		@ frame_needed = 0, uses_anonymous_args = 0
 1395              		.loc 1 610 1 is_stmt 0 view .LVU347
 1396 0000 10B5     		push	{r4, lr}
 1397              	.LCFI52:
ARM GAS  /tmp/ccnPg2e6.s 			page 38


 1398              		.cfi_def_cfa_offset 8
 1399              		.cfi_offset 4, -8
 1400              		.cfi_offset 14, -4
 1401 0002 82B0     		sub	sp, sp, #8
 1402              	.LCFI53:
 1403              		.cfi_def_cfa_offset 16
 1404 0004 0C46     		mov	r4, r1
 611:Drivers/Sensors/STTS22H/stts22h_reg.c ****   stts22h_temp_l_limit_t temp_l_limit;
 1405              		.loc 1 611 3 is_stmt 1 view .LVU348
 612:Drivers/Sensors/STTS22H/stts22h_reg.c ****   int32_t ret;
 1406              		.loc 1 612 3 view .LVU349
 613:Drivers/Sensors/STTS22H/stts22h_reg.c **** 
 614:Drivers/Sensors/STTS22H/stts22h_reg.c ****   ret = stts22h_read_reg(ctx, STTS22H_TEMP_L_LIMIT,
 1407              		.loc 1 614 3 view .LVU350
 1408              		.loc 1 614 9 is_stmt 0 view .LVU351
 1409 0006 0123     		movs	r3, #1
 1410 0008 01AA     		add	r2, sp, #4
 1411 000a 0321     		movs	r1, #3
 1412              	.LVL100:
 1413              		.loc 1 614 9 view .LVU352
 1414 000c FFF7FEFF 		bl	stts22h_read_reg
 1415              	.LVL101:
 615:Drivers/Sensors/STTS22H/stts22h_reg.c ****                          (uint8_t *)&temp_l_limit, 1);
 616:Drivers/Sensors/STTS22H/stts22h_reg.c ****   *val = temp_l_limit.tll;
 1416              		.loc 1 616 3 is_stmt 1 view .LVU353
 1417              		.loc 1 616 22 is_stmt 0 view .LVU354
 1418 0010 9DF80430 		ldrb	r3, [sp, #4]	@ zero_extendqisi2
 1419              		.loc 1 616 8 view .LVU355
 1420 0014 2370     		strb	r3, [r4]
 617:Drivers/Sensors/STTS22H/stts22h_reg.c **** 
 618:Drivers/Sensors/STTS22H/stts22h_reg.c ****   return ret;
 1421              		.loc 1 618 3 is_stmt 1 view .LVU356
 619:Drivers/Sensors/STTS22H/stts22h_reg.c **** }
 1422              		.loc 1 619 1 is_stmt 0 view .LVU357
 1423 0016 02B0     		add	sp, sp, #8
 1424              	.LCFI54:
 1425              		.cfi_def_cfa_offset 8
 1426              		@ sp needed
 1427 0018 10BD     		pop	{r4, pc}
 1428              		.loc 1 619 1 view .LVU358
 1429              		.cfi_endproc
 1430              	.LFE18:
 1432              		.section	.text.stts22h_temp_trshld_src_get,"ax",%progbits
 1433              		.align	1
 1434              		.global	stts22h_temp_trshld_src_get
 1435              		.syntax unified
 1436              		.thumb
 1437              		.thumb_func
 1439              	stts22h_temp_trshld_src_get:
 1440              	.LVL102:
 1441              	.LFB19:
 620:Drivers/Sensors/STTS22H/stts22h_reg.c **** 
 621:Drivers/Sensors/STTS22H/stts22h_reg.c **** /**
 622:Drivers/Sensors/STTS22H/stts22h_reg.c ****   * @brief   Temperature interrupt on threshold source.[get]
 623:Drivers/Sensors/STTS22H/stts22h_reg.c ****   *
 624:Drivers/Sensors/STTS22H/stts22h_reg.c ****   * @param  ctx    Read / write interface definitions.(ptr)
 625:Drivers/Sensors/STTS22H/stts22h_reg.c ****   * @param  val     Low limit temperature exceeded..(ptr)
ARM GAS  /tmp/ccnPg2e6.s 			page 39


 626:Drivers/Sensors/STTS22H/stts22h_reg.c ****   * @retval        Interface status (MANDATORY: return 0 -> no Error).
 627:Drivers/Sensors/STTS22H/stts22h_reg.c ****   *
 628:Drivers/Sensors/STTS22H/stts22h_reg.c ****   */
 629:Drivers/Sensors/STTS22H/stts22h_reg.c **** int32_t stts22h_temp_trshld_src_get(stmdev_ctx_t *ctx,
 630:Drivers/Sensors/STTS22H/stts22h_reg.c ****                                     stts22h_temp_trlhd_src_t *val)
 631:Drivers/Sensors/STTS22H/stts22h_reg.c **** {
 1442              		.loc 1 631 1 is_stmt 1 view -0
 1443              		.cfi_startproc
 1444              		@ args = 0, pretend = 0, frame = 8
 1445              		@ frame_needed = 0, uses_anonymous_args = 0
 1446              		.loc 1 631 1 is_stmt 0 view .LVU360
 1447 0000 10B5     		push	{r4, lr}
 1448              	.LCFI55:
 1449              		.cfi_def_cfa_offset 8
 1450              		.cfi_offset 4, -8
 1451              		.cfi_offset 14, -4
 1452 0002 82B0     		sub	sp, sp, #8
 1453              	.LCFI56:
 1454              		.cfi_def_cfa_offset 16
 1455 0004 0C46     		mov	r4, r1
 632:Drivers/Sensors/STTS22H/stts22h_reg.c ****   stts22h_status_t status;
 1456              		.loc 1 632 3 is_stmt 1 view .LVU361
 633:Drivers/Sensors/STTS22H/stts22h_reg.c ****   int32_t ret;
 1457              		.loc 1 633 3 view .LVU362
 634:Drivers/Sensors/STTS22H/stts22h_reg.c **** 
 635:Drivers/Sensors/STTS22H/stts22h_reg.c ****   ret = stts22h_read_reg(ctx, STTS22H_STATUS, (uint8_t *)&status, 1);
 1458              		.loc 1 635 3 view .LVU363
 1459              		.loc 1 635 9 is_stmt 0 view .LVU364
 1460 0006 0123     		movs	r3, #1
 1461 0008 01AA     		add	r2, sp, #4
 1462 000a 0521     		movs	r1, #5
 1463              	.LVL103:
 1464              		.loc 1 635 9 view .LVU365
 1465 000c FFF7FEFF 		bl	stts22h_read_reg
 1466              	.LVL104:
 636:Drivers/Sensors/STTS22H/stts22h_reg.c ****   val->under_thl = status.under_thl;
 1467              		.loc 1 636 3 is_stmt 1 view .LVU366
 1468              		.loc 1 636 26 is_stmt 0 view .LVU367
 1469 0010 9DF80430 		ldrb	r3, [sp, #4]	@ zero_extendqisi2
 1470 0014 C3F38001 		ubfx	r1, r3, #2, #1
 1471              		.loc 1 636 18 view .LVU368
 1472 0018 2278     		ldrb	r2, [r4]	@ zero_extendqisi2
 1473 001a 61F30002 		bfi	r2, r1, #0, #1
 1474 001e 2270     		strb	r2, [r4]
 637:Drivers/Sensors/STTS22H/stts22h_reg.c ****   val->over_thh = status.over_thh;
 1475              		.loc 1 637 3 is_stmt 1 view .LVU369
 1476              		.loc 1 637 25 is_stmt 0 view .LVU370
 1477 0020 C3F34003 		ubfx	r3, r3, #1, #1
 1478              		.loc 1 637 17 view .LVU371
 1479 0024 D2B2     		uxtb	r2, r2
 1480 0026 63F34102 		bfi	r2, r3, #1, #1
 1481 002a 2270     		strb	r2, [r4]
 638:Drivers/Sensors/STTS22H/stts22h_reg.c **** 
 639:Drivers/Sensors/STTS22H/stts22h_reg.c ****   return ret;
 1482              		.loc 1 639 3 is_stmt 1 view .LVU372
 640:Drivers/Sensors/STTS22H/stts22h_reg.c **** }
 1483              		.loc 1 640 1 is_stmt 0 view .LVU373
ARM GAS  /tmp/ccnPg2e6.s 			page 40


 1484 002c 02B0     		add	sp, sp, #8
 1485              	.LCFI57:
 1486              		.cfi_def_cfa_offset 8
 1487              		@ sp needed
 1488 002e 10BD     		pop	{r4, pc}
 1489              		.loc 1 640 1 view .LVU374
 1490              		.cfi_endproc
 1491              	.LFE19:
 1493              		.text
 1494              	.Letext0:
 1495              		.file 2 "/opt/st/stm32cubeclt_1.20.0/GNU-tools-for-STM32/arm-none-eabi/include/machine/_default_ty
 1496              		.file 3 "/opt/st/stm32cubeclt_1.20.0/GNU-tools-for-STM32/arm-none-eabi/include/sys/_stdint.h"
 1497              		.file 4 "/opt/st/stm32cubeclt_1.20.0/GNU-tools-for-STM32/arm-none-eabi/include/math.h"
 1498              		.file 5 "Drivers/Sensors/STTS22H/stts22h_reg.h"
ARM GAS  /tmp/ccnPg2e6.s 			page 41


DEFINED SYMBOLS
                            *ABS*:00000000 stts22h_reg.c
     /tmp/ccnPg2e6.s:22     .text.stts22h_read_reg:00000000 $t
     /tmp/ccnPg2e6.s:28     .text.stts22h_read_reg:00000000 stts22h_read_reg
     /tmp/ccnPg2e6.s:58     .text.stts22h_write_reg:00000000 $t
     /tmp/ccnPg2e6.s:64     .text.stts22h_write_reg:00000000 stts22h_write_reg
     /tmp/ccnPg2e6.s:94     .text.stts22h_from_lsb_to_celsius:00000000 $t
     /tmp/ccnPg2e6.s:100    .text.stts22h_from_lsb_to_celsius:00000000 stts22h_from_lsb_to_celsius
     /tmp/ccnPg2e6.s:120    .text.stts22h_from_lsb_to_celsius:00000014 $d
     /tmp/ccnPg2e6.s:125    .text.stts22h_temp_data_rate_set:00000000 $t
     /tmp/ccnPg2e6.s:131    .text.stts22h_temp_data_rate_set:00000000 stts22h_temp_data_rate_set
     /tmp/ccnPg2e6.s:415    .text.stts22h_temp_data_rate_get:00000000 $t
     /tmp/ccnPg2e6.s:421    .text.stts22h_temp_data_rate_get:00000000 stts22h_temp_data_rate_get
     /tmp/ccnPg2e6.s:470    .text.stts22h_temp_data_rate_get:00000034 $d
     /tmp/ccnPg2e6.s:594    .text.stts22h_block_data_update_set:00000000 $t
     /tmp/ccnPg2e6.s:600    .text.stts22h_block_data_update_set:00000000 stts22h_block_data_update_set
     /tmp/ccnPg2e6.s:668    .text.stts22h_block_data_update_get:00000000 $t
     /tmp/ccnPg2e6.s:674    .text.stts22h_block_data_update_get:00000000 stts22h_block_data_update_get
     /tmp/ccnPg2e6.s:704    .text.stts22h_temp_flag_data_ready_get:00000000 $t
     /tmp/ccnPg2e6.s:710    .text.stts22h_temp_flag_data_ready_get:00000000 stts22h_temp_flag_data_ready_get
     /tmp/ccnPg2e6.s:771    .text.stts22h_temperature_raw_get:00000000 $t
     /tmp/ccnPg2e6.s:777    .text.stts22h_temperature_raw_get:00000000 stts22h_temperature_raw_get
     /tmp/ccnPg2e6.s:829    .text.stts22h_dev_id_get:00000000 $t
     /tmp/ccnPg2e6.s:835    .text.stts22h_dev_id_get:00000000 stts22h_dev_id_get
     /tmp/ccnPg2e6.s:865    .text.stts22h_dev_status_get:00000000 $t
     /tmp/ccnPg2e6.s:871    .text.stts22h_dev_status_get:00000000 stts22h_dev_status_get
     /tmp/ccnPg2e6.s:918    .text.stts22h_smbus_interface_set:00000000 $t
     /tmp/ccnPg2e6.s:924    .text.stts22h_smbus_interface_set:00000000 stts22h_smbus_interface_set
     /tmp/ccnPg2e6.s:992    .text.stts22h_smbus_interface_get:00000000 $t
     /tmp/ccnPg2e6.s:998    .text.stts22h_smbus_interface_get:00000000 stts22h_smbus_interface_get
     /tmp/ccnPg2e6.s:1070   .text.stts22h_auto_increment_set:00000000 $t
     /tmp/ccnPg2e6.s:1076   .text.stts22h_auto_increment_set:00000000 stts22h_auto_increment_set
     /tmp/ccnPg2e6.s:1144   .text.stts22h_auto_increment_get:00000000 $t
     /tmp/ccnPg2e6.s:1150   .text.stts22h_auto_increment_get:00000000 stts22h_auto_increment_get
     /tmp/ccnPg2e6.s:1187   .text.stts22h_temp_trshld_high_set:00000000 $t
     /tmp/ccnPg2e6.s:1193   .text.stts22h_temp_trshld_high_set:00000000 stts22h_temp_trshld_high_set
     /tmp/ccnPg2e6.s:1259   .text.stts22h_temp_trshld_high_get:00000000 $t
     /tmp/ccnPg2e6.s:1265   .text.stts22h_temp_trshld_high_get:00000000 stts22h_temp_trshld_high_get
     /tmp/ccnPg2e6.s:1310   .text.stts22h_temp_trshld_low_set:00000000 $t
     /tmp/ccnPg2e6.s:1316   .text.stts22h_temp_trshld_low_set:00000000 stts22h_temp_trshld_low_set
     /tmp/ccnPg2e6.s:1382   .text.stts22h_temp_trshld_low_get:00000000 $t
     /tmp/ccnPg2e6.s:1388   .text.stts22h_temp_trshld_low_get:00000000 stts22h_temp_trshld_low_get
     /tmp/ccnPg2e6.s:1433   .text.stts22h_temp_trshld_src_get:00000000 $t
     /tmp/ccnPg2e6.s:1439   .text.stts22h_temp_trshld_src_get:00000000 stts22h_temp_trshld_src_get
     /tmp/ccnPg2e6.s:521    .text.stts22h_temp_data_rate_get:00000067 $d
     /tmp/ccnPg2e6.s:521    .text.stts22h_temp_data_rate_get:00000068 $t

NO UNDEFINED SYMBOLS
